"Average greedy latency,",action_fraction/local,action_fraction/mec,action_fraction/v2v,policy/policy_loss_mean,policy/value_loss_mean,policy/approx_kl,policy/clip_fraction,policy/grad_norm,collapse/flag,mask/active_rate,mask/forced_rate,mask/all_invalid_rate,policy/invalid_action_rate,policy/argmax_masked_rate,policy/entropy_valid,critic/value_abs_max,inner_update_mode,PolicyExecTime,EnvExecTime,AverageDiscountedReturn,AverageReturn,NumTrajs,StdReturn,MaxReturn,MinReturn,training/objective_discounted_return,training/objective_legacy_undiscounted_sum,"Average energy,",energy/average_energy_scope,energy/requester_joules,energy/mobile_joules,energy/system_joules,energy/primary_joules,energy/primary_scope,constraint/penalty,Itr,"Average reward, ","Average latency,",split_role,seed,split_version,support_graphs_per_meta_task,support_trajectories_per_meta_task,query_graph_count,k_steps,outer_update_count,entropy_coefficient,value_clip_epsilon,ppo_batch_size_trajectories,meta_batch_size_distributions,inner_learning_rate,outer_learning_rate,outer_update_method,hyperparameter_provenance.policy,constraint/mean_violation_C_GRAPH_HARD_DEADLINE,constraint/delta_C_GRAPH_HARD_DEADLINE,constraint/mean_violation_C_HI_TASK_TARDINESS,constraint/delta_C_HI_TASK_TARDINESS,constraint/mean_violation_C_MED_TASK_TARDINESS,constraint/delta_C_MED_TASK_TARDINESS,constraint/updates,constraint/skipped,constraint/lambda_C_GRAPH_HARD_DEADLINE,constraint/lambda_C_HI_TASK_TARDINESS,constraint/lambda_C_MED_TASK_TARDINESS,validation/objective_discounted_return_k0,validation/objective_discounted_return_k3,validation/query_mean_latency_seconds_k3,validation/graph_hard_violation_rate_k3,validation/high_task_tardiness_rate_k3,validation/medium_task_tardiness_rate_k3,validation/firm_task_miss_rate_k3,validation/mode_switch_rate_k3,validation/hi_mode_rate_k3,validation/mc_policy_violation_count_k3,checkpoint_selection_metric,checkpoint_selection_rule_id,checkpoint_selection_rule_sha,checkpoint_selection_key_hash,checkpoint_selection_latency_s,checkpoint_is_best_val
0.047216424545178354,0.321,0.2655,0.4135,0.07941962778568268,0.14982227981090546,0.15652394543091458,0.5550833344459533,1.7068175713221234,0.0,0.0,0.0,0.0,0.0,0.0,1.0771586578283578,0.2579266428947449,publication,0.6789827346801758,5.38222599029541,0.28588508737503154,0.3294954160059024,200,0.5760730705855689,2.3610758036375046,-0.5977645153179765,0.28588508737503154,0.3294954172332655,196.479290266037,mobile,0.1412689400110608,0.923828455992799,9.823964468890296,9.823964468890296,system,0.0,0,0.3294954172332655,0.21262177813984479,meta_train_support,1,MARGO-SPLIT-v1,20,20,80,3,1,0.0,0.2,20,10,0.0005,0.0005,mrlco_first_order_mean_pseudogradient,fixed_literature_derived_defaults,0.06278666567448501,0.003139333283724251,0.42430694658566087,0.021215347329283044,0.025726274974828572,0.0012863137487414287,3.0,0.0,0.003139333283724251,0.021215347329283044,0.0012863137487414287,-0.14560352970697893,-0.16285121707723677,0.16285121707723677,0.1,0.5,0.05,0.0775,0.975,0.975,0.0,validation/automotive_lexicographic_v1,automotive_lexicographic_v1,a3bd00d5108237acdb706f561212b5d840bac151f48b5250a61c573d9c9ffb6c,832278315.0,0.16285121707723677,1.0
0.060555658443018634,0.25775,0.33525,0.407,0.05941123142838478,0.09866536408662796,0.12398432822277147,0.5389999975760779,1.2302771285176277,0.0,0.0,0.0,0.0,0.0,0.0,1.0753170016414593,0.25628942251205444,publication,0.616539478302002,3.603368043899536,0.3032924280073397,0.3521616182124126,200,0.46579000466970816,1.7136469520628452,-0.8455688650719821,0.3032924280073396,0.3521616141020786,390.75520117282866,mobile,0.10952275370693475,3.7271640357651954,19.537759808331458,19.537759808331458,system,0.0,1,0.3521616141020786,0.243198615862837,meta_train_support,1,MARGO-SPLIT-v1,20,20,80,3,2,0.0,0.2,20,10,0.0005,0.0005,mrlco_first_order_mean_pseudogradient,fixed_literature_derived_defaults,0.05595632566010425,0.002797816283005213,0.4165002426375202,0.02082501213187601,0.035342006212295905,0.0017671003106147951,3.0,0.0,0.005937149566729464,0.042040359461159055,0.003053414059356224,,,,,,,,,,,,,,,,
0.08007313175198316,0.2315,0.39025,0.37825,0.03830922394990921,0.29312863945961,0.07319572567939758,0.4962500015894573,1.361489044626554,0.0,0.0,0.0,0.0,0.0,0.0,1.0499075432129097,0.3224412798881531,publication,0.6841773986816406,5.27004599571228,0.6399038852034624,0.7354025545976037,200,0.6856683676646597,2.25478966278024,-0.13275556366716046,0.6399038852034623,0.7354025482991711,356.6550788021088,mobile,0.11276734563676884,0.9044084091559192,17.832753968183084,17.832753968183084,system,0.0,2,0.7354025482991711,0.2610560610491764,meta_train_support,1,MARGO-SPLIT-v1,20,20,80,3,3,0.0,0.2,20,10,0.0005,0.0005,mrlco_first_order_mean_pseudogradient,fixed_literature_derived_defaults,0.05680562463428309,0.0028402812317141557,0.43612405808407234,0.021806202904203625,0.0313462789348275,0.0015673139467413753,3.0,0.0,0.00877743079844362,0.06384656236536268,0.004620728006097599,,,,,,,,,,,,,,,,
0.062148430846508215,0.2205,0.44025,0.33925,0.022373823449015617,0.026612436398863792,0.04415996298193932,0.42483333498239517,0.8941587830583254,0.0,0.0,0.0,0.0,0.0,0.0,1.0276472267955221,0.5064083337783813,publication,0.607961893081665,5.757232904434204,-0.002168449313610523,-7.877362690123845e-05,200,0.1253809121846084,0.6655350362416357,-0.2996779684908688,-0.0021684493136105267,-7.877434021793306e-05,67.50874855041504,mobile,0.13531645294851943,0.4041943412604622,3.3754374178875883,3.3754374178875883,system,0.0,3,-7.877434021793306e-05,0.23779418946729478,meta_train_support,1,MARGO-SPLIT-v1,20,20,80,3,4,0.0,0.2,20,10,0.0005,0.0005,mrlco_first_order_mean_pseudogradient,fixed_literature_derived_defaults,0.0455683312601859,0.0022784165630092956,0.3565458343834919,0.017827291719174604,0.024280959275006328,0.0012140479637503167,3.0,0.0,0.011055847361452915,0.08167385408453728,0.005834775969847916,,,,,,,,,,,,,,,,
0.05327029757333459,0.21175,0.48575,0.3025,0.014800606295466423,0.10883381217718124,0.03147630002349615,0.3709166675806045,0.838356423874696,0.0,0.0,0.0,0.0,0.0,0.0,0.9923513420347019,0.5403792858123779,publication,0.6312930583953857,3.651793956756592,0.3708586180021595,0.4236448217867837,200,0.5153355065080094,1.6236474053002894,-0.3300264043500647,0.37085861800215947,0.4236448187590577,752.0851357078552,mobile,0.11484910588552028,1.2424447674723,37.60425638860858,37.60425638860858,system,0.0,4,0.4236448187590577,0.16286808572723457,meta_train_support,1,MARGO-SPLIT-v1,20,20,80,3,5,0.0,0.2,20,10,0.0005,0.0005,mrlco_first_order_mean_pseudogradient,fixed_literature_derived_defaults,0.038284599591600105,0.0019142299795800056,0.30914990742954274,0.015457495371477142,0.02028338917800255,0.0010141694589001276,3.0,0.0,0.01297007734103292,0.09713134945601443,0.0068489454287480435,,,,,,,,,,,,,,,,
0.06889150085977334,0.19975,0.51775,0.2825,0.0056742653250694275,0.2112393081188202,0.02576738547844191,0.31741666917999584,0.7143919999400775,0.0,0.0,0.0,0.0,0.0,0.0,0.979102912906792,0.48834162950515747,publication,0.5769100189208984,5.5166895389556885,0.3466557866197901,0.3994921618381909,200,0.7084338140438021,2.962755998596549,-0.15885958774015307,0.34665578661979,0.3994921587355202,290.8340360736847,mobile,0.11684895695742387,0.8302059799668959,14.54170187490274,14.54170187490274,system,0.0,5,0.3994921587355202,0.2484475019818963,meta_train_support,1,MARGO-SPLIT-v1,20,20,80,3,6,0.0,0.2,20,10,0.0005,0.0005,mrlco_first_order_mean_pseudogradient,fixed_literature_derived_defaults,0.03827040278712124,0.0019135201393560616,0.30944152782856654,0.015472076391428335,0.02140498617604107,0.001070249308802053,3.0,0.0,0.014883597480388982,0.11260342584744276,0.007919194737550097,,,,,,,,,,,,,,,,
0.06445712606765076,0.19175,0.54775,0.2605,0.008771438151597977,0.11939144134521484,0.035245134681463244,0.35533333122730254,0.973794364432494,0.0,0.0,0.0,0.0,0.0,0.0,0.9501089793595333,0.47503915429115295,publication,0.6569075584411621,3.622708559036255,0.3283104930949801,0.3810527536398331,200,0.39757015599087014,1.4104380349162966,-0.33273328916402534,0.32831049309498017,0.38105275607667866,773.0134068870544,mobile,0.11202768876676197,1.0708345701166677,38.650670638446826,38.650670638446826,system,0.0,6,0.38105275607667866,0.17888358064045373,meta_train_support,1,MARGO-SPLIT-v1,20,20,80,3,7,0.0,0.2,20,10,0.0005,0.0005,mrlco_first_order_mean_pseudogradient,fixed_literature_derived_defaults,0.03548236330011413,0.0017741181650057069,0.3067572916769781,0.015337864583848893,0.022151297456653823,0.0011075648728326917,3.0,0.0,0.01665771564539469,0.12794129043129165,0.009026759610382788,,,,,,,,,,,,,,,,
0.05890164175389932,0.19925,0.5485,0.25225,0.0021159553434699774,0.08665551245212555,0.020556798841183388,0.22183333287636436,0.5672637082636356,0.0,0.0,0.0,0.0,0.0,0.0,0.9423493314017486,0.456198513507843,publication,0.6466751098632812,5.6749348640441895,0.3317757792529602,0.3778757491059196,200,0.4697047950650451,1.4134252239018679,-0.6263251802884042,0.3317757792529602,0.37787575013877356,458.9416756629944,mobile,0.08080707400627192,0.9624718216062912,22.947083745067424,22.947083745067424,system,0.0,7,0.37787575013877356,0.1563791102399612,meta_train_support,1,MARGO-SPLIT-v1,20,20,80,3,8,0.0,0.2,20,10,0.0005,0.0005,mrlco_first_order_mean_pseudogradient,fixed_literature_derived_defaults,0.03198628517987437,0.0015993142589937198,0.27843239452596785,0.013921619726298406,0.01959814540424325,0.000979907270212162,3.0,0.0,0.01825702990438841,0.14186291015759006,0.01000666688059495,,,,,,,,,,,,,,,,
0.054859494387525944,0.18225,0.57975,0.238,0.0018007938051596284,0.2597508132457733,0.02104799939940373,0.2000833305219809,0.7326309377948443,0.0,0.0,0.0,0.0,0.0,0.0,0.9106280918050026,0.5040894150733948,publication,0.6870763301849365,5.62579607963562,0.6902798184497181,0.7871488065101948,200,0.7901537428531447,3.4112024046480656,-0.04255930834915489,0.6902798184497181,0.7871488138183486,731.3224441337585,mobile,0.09191839366889151,1.2908007815562434,36.566121812486934,36.566121812486934,system,0.0,8,0.7871488138183486,0.14568039305831157,meta_train_support,1,MARGO-SPLIT-v1,20,20,80,3,9,0.0,0.2,20,10,0.0005,0.0005,mrlco_first_order_mean_pseudogradient,fixed_literature_derived_defaults,0.030311538899805174,0.0015155769449902573,0.2687944572647005,0.013439722863235026,0.020458413528703007,0.001022920676435151,3.0,0.0,0.019772606849378666,0.1553026330208251,0.011029587557030101,,,,,,,,,,,,,,,,
0.06580378021238226,0.193,0.567,0.24,-0.0032861458603292704,0.20293980836868286,0.017695523177584015,0.20949999938408537,0.5303109300633271,0.0,0.0,0.0,0.0,0.0,0.0,0.9112976165648093,0.5062470436096191,publication,0.6502685546875,5.222141265869141,0.4420923787327578,0.5024813967626324,200,0.6943328091608082,2.5923576140776277,-0.2374361190595664,0.4420923787327579,0.5024813962867484,162.54008343696594,mobile,0.0770096943918964,0.35821652863573883,8.12700422560305,8.12700422560305,system,0.0,9,0.5024813962867484,0.18576106715420315,meta_train_support,1,MARGO-SPLIT-v1,20,20,80,3,10,0.0,0.2,20,10,0.0005,0.0005,mrlco_first_order_mean_pseudogradient,fixed_literature_derived_defaults,0.029777091664726335,0.0014888545832363181,0.2660913650810486,0.013304568254052435,0.022049284530890115,0.0011024642265445063,3.0,0.0,0.021261461432614984,0.16860720127487752,0.012132051783574608,,,,,,,,,,,,,,,,
0.05552862864927914,0.1515,0.61925,0.22925,-0.005785584915429354,0.13987356424331665,0.018598620345195133,0.22808333486318583,0.5234004512429238,0.0,0.0,0.0,0.0,0.0,0.0,0.879929298460901,0.632914662361145,publication,0.6429071426391602,5.533641576766968,0.34005937374878203,0.38777608402670466,200,0.6893400090077716,2.7591683883219957,-0.3583794850856066,0.340059373748782,0.38777608616277576,552.598306312561,mobile,0.07585818666133198,0.5200268758375638,27.629915610877898,27.629915610877898,system,0.0,10,0.38777608616277576,0.12910272814629345,meta_train_support,1,MARGO-SPLIT-v1,20,20,80,3,11,0.0,0.2,20,10,0.0005,0.0005,mrlco_first_order_mean_pseudogradient,fixed_literature_derived_defaults,0.028237428424567036,0.0014118714212283529,0.2559028571931593,0.012795142859657965,0.022399472496349587,0.0011199736248174788,3.0,0.0,0.022673332853843337,0.1814023441345355,0.013252025408392086,,,,,,,,,,,,,,,,
0.06053712751510122,0.17525,0.61025,0.2145,-0.0031949207186698914,0.08536837249994278,0.015229811053723097,0.18075000072518985,0.3452800787985325,0.0,0.0,0.0,0.0,0.0,0.0,0.8870509305386927,0.5811958312988281,publication,0.6580188274383545,4.814363956451416,0.21735488396987374,0.24753537878291126,200,0.5461905153012058,2.245350284036249,-0.21783676370978355,0.21735488396987374,0.24753537887183483,146.11816534996032,mobile,0.07355593601808993,0.3882107858468667,7.305908265175171,7.305908265175171,system,0.0,11,0.24753537887183483,0.15298586747684714,meta_train_support,1,MARGO-SPLIT-v1,20,20,80,3,12,0.0,0.2,20,10,0.0005,0.0005,mrlco_first_order_mean_pseudogradient,fixed_literature_derived_defaults,0.026260473912039072,0.0013130236956019545,0.23873498973459514,0.011936749486729764,0.020947851723097745,0.001047392586154888,3.0,0.0,0.02398635654944529,0.19333909362126525,0.014299417994546974,,,,,,,,,,,,,,,,
0.055850938663001226,0.15875,0.612,0.22925,-0.0032546031288802624,0.140682190656662,0.01541568636894226,0.1847499996423721,0.4487408461670081,0.0,0.0,0.0,0.0,0.0,0.0,0.8717810084316667,0.5598368644714355,publication,0.6070065498352051,3.736212730407715,0.4816439807129349,0.548089645557061,200,0.7591939626473765,2.605545622005593,-0.09431099775247276,0.4816439807129349,0.5480896468320862,278.4408176422119,mobile,0.06302534570091739,0.4874409297581475,13.922040619512698,13.922040619512698,system,0.0,12,0.5480896468320862,0.1348802826955459,meta_train_support,1,MARGO-SPLIT-v1,20,20,80,3,13,0.0,0.2,20,10,0.0005,0.0005,mrlco_first_order_mean_pseudogradient,fixed_literature_derived_defaults,0.02536731274013109,0.0012683656370065556,0.2308956284957314,0.011544781424786571,0.020857765047006916,0.001042888252350346,3.0,0.0,0.025254722186451847,0.20488387504605182,0.01534230624689732,,,,,,,,,,,,,,,,
0.07268118415421711,0.1645,0.6005,0.235,-0.003629155457019806,0.036820512264966965,0.016037719960634904,0.17683333307504653,0.3721362873911857,0.0,0.0,0.0,0.0,0.0,0.0,0.8736669294657283,0.5108460783958435,publication,0.6697041988372803,5.177896738052368,0.18540244826141802,0.2133259338945868,200,0.3625652952613191,1.3390084200073034,-0.3103681728243828,0.185402448261418,0.21332593575818465,114.2456754207611,mobile,0.07878939924882576,0.2624412714052873,5.71228377124407,5.71228377124407,system,0.0,13,0.21332593575818465,0.1754705926587298,meta_train_support,1,MARGO-SPLIT-v1,20,20,80,3,14,0.0,0.2,20,10,0.0005,0.0005,mrlco_first_order_mean_pseudogradient,fixed_literature_derived_defaults,0.02375139965508485,0.001187569982754242,0.21920179213365337,0.010960089606682655,0.019546811714962812,0.0009773405857481394,3.0,0.0,0.02644229216920609,0.21584396465273448,0.01631964683264546,,,,,,,,,,,,,,,,
0.0606158743253135,0.157,0.6425,0.2005,-0.0016154797049239278,0.05035581439733505,0.015739692871769267,0.16125000019868213,0.433185143272082,0.0,0.0,0.0,0.0,0.0,0.0,0.8390274896725605,0.5319368839263916,publication,0.591486930847168,5.442666053771973,0.3087071906285622,0.3515375910559601,200,0.4961808630910357,1.6340577430091798,-0.13981713238172233,0.3087071906285622,0.35153759237437043,360.9761939334869,mobile,0.08625421573901897,0.6232895837907945,18.048809464496074,18.048809464496074,system,0.0,14,0.35153759237437043,0.158934016630409,meta_train_support,1,MARGO-SPLIT-v1,20,20,80,3,15,0.0,0.2,20,10,0.0005,0.0005,mrlco_first_order_mean_pseudogradient,fixed_literature_derived_defaults,0.02242743641972029,0.0011213718209860148,0.20674066712015346,0.010337033356007663,0.01830697913489128,0.0009153489567445654,3.0,0.0,0.027563663990192104,0.22618099800874214,0.017234995789390025,,,,,,,,,,,,,,,,
0.07349651083794792,0.15975,0.64825,0.192,-0.005381994415074587,0.12325558811426163,0.01712200445278237,0.16716666494806606,0.4926574220259985,0.0,0.0,0.0,0.0,0.0,0.0,0.8272911070931646,0.5013405680656433,publication,0.637704610824585,5.364394903182983,0.5028994305092914,0.5726084561578864,200,0.5930834066101364,2.1317777808289975,-0.11224677704740316,0.5028994305092914,0.5726084536709822,320.57383633613586,mobile,0.06523512656790091,0.4357395838419228,16.0286918012522,16.0286918012522,system,0.0,15,0.5726084536709822,0.15721601977359975,meta_train_support,1,MARGO-SPLIT-v1,20,20,80,3,16,0.0,0.2,20,10,0.0005,0.0005,mrlco_first_order_mean_pseudogradient,fixed_literature_derived_defaults,0.021796599925742635,0.0010898299962871331,0.2031371109492105,0.010156855547460514,0.01808763055272467,0.0009043815276362326,3.0,0.0,0.028653493986479237,0.23633785355620265,0.018139377317026258,,,,,,,,,,,,,,,,
0.058278147779165165,0.1595,0.6615,0.179,-0.0012287198333069682,0.1915426105260849,0.01398099954240024,0.14216666743159295,0.5087045826017855,0.0,0.0,0.0,0.0,0.0,0.0,0.8028553557189383,0.5504569411277771,publication,0.6567926406860352,5.529613256454468,0.489660389039016,0.5558425096632595,200,0.6595916749144244,2.0448916256427765,-0.18136783712543547,0.4896603890390159,0.5558425125584472,503.84141347885134,mobile,0.06224742687410056,0.43010278905845917,25.192070987066522,25.192070987066522,system,0.0,16,0.5558425125584472,0.1582952270514045,meta_train_support,1,MARGO-SPLIT-v1,20,20,80,3,17,0.0,0.2,20,10,0.0005,0.0005,mrlco_first_order_mean_pseudogradient,fixed_literature_derived_defaults,0.0211605416106386,0.0010580270805319314,0.1972000060638474,0.009860000303192368,0.01748363098498482,0.0008741815492492415,3.0,0.0,0.02971152106701117,0.24619785385939502,0.0190135588662755,,,,,,,,,,,,,,,,
0.07342236599507615,0.16025,0.68325,0.1565,-0.005832716356962919,0.07204113900661469,0.011178973829373717,0.12591666703422866,0.35937080110112823,0.0,0.0,0.0,0.0,0.0,0.0,0.7871748553969411,0.3721609115600586,publication,0.6543326377868652,5.875006198883057,0.21633799746260254,0.24697443070961073,200,0.4773069260054476,1.5227770805358887,-0.18933234619908035,0.2163379974626026,0.246974431569688,109.41376602172852,mobile,0.07263429049011147,0.18593898457596023,5.470688340316718,5.470688340316718,system,0.0,17,0.246974431569688,0.15714442972813297,meta_train_support,1,MARGO-SPLIT-v1,20,20,80,3,18,0.0,0.2,20,10,0.0005,0.0005,mrlco_first_order_mean_pseudogradient,fixed_literature_derived_defaults,0.020092746577914326,0.0010046373288957154,0.18866435689112693,0.009433217844556363,0.016855768783331504,0.0008427884391665752,3.0,0.0,0.030716158395906884,0.2556310717039514,0.019856347305442074,,,,,,,,,,,,,,,,
0.052367327436241506,0.1435,0.70725,0.14925,-0.002855962375178933,0.22070899605751038,0.011789811914786697,0.12075000057617824,0.5640551745891572,0.0,0.0,0.0,0.0,0.0,0.0,0.7281737792370484,0.5031449794769287,publication,0.6492106914520264,5.646026849746704,0.6231540084288162,0.7062593273729533,200,0.702710547817113,2.2918446687981486,-0.13922060810728,0.6231540084288161,0.7062593286111951,452.9917717933655,mobile,0.043472392328249496,0.46563725592019317,22.649588485177663,22.649588485177663,system,0.0,18,0.7062593286111951,0.109822033091056,meta_train_support,1,MARGO-SPLIT-v1,20,20,80,3,19,0.0,0.2,20,10,0.0005,0.0005,mrlco_first_order_mean_pseudogradient,fixed_literature_derived_defaults,0.01926159871741581,0.0009630799358707892,0.1813187840363669,0.009065939201818363,0.01630380538221746,0.0008151902691108728,3.0,0.0,0.03167923833177767,0.26469701090576975,0.020671537574552947,,,,,,,,,,,,,,,,
0.06261303121396422,0.14675,0.726,0.12725,-0.002467191545292735,0.06295008212327957,0.011747441557236015,0.11833333224058151,0.46952006320158646,0.0,0.0,0.0,0.0,0.0,0.0,0.7026186733342327,0.4450172781944275,publication,0.6792342662811279,4.78260612487793,0.36956398970810383,0.42250577518566845,200,0.5142899168120025,1.754868228919804,-0.2954821800813079,0.3695639897081038,0.4225057726853993,191.34052768707275,mobile,0.061430317008239185,0.2412685239989804,9.567026381651344,9.567026381651344,system,0.0,19,0.4225057726853993,0.13314953723468573,meta_train_support,1,MARGO-SPLIT-v1,20,20,80,3,20,0.0,0.2,20,10,0.0005,0.0005,mrlco_first_order_mean_pseudogradient,fixed_literature_derived_defaults,0.018481031253331587,0.0009240515626665821,0.1757646971566284,0.008788234857831423,0.015972422447596064,0.0007986211223798036,3.0,0.0,0.032603289894444255,0.27348524576360117,0.02147015869693275,,,,,,,,,,,,,,,,
0.06005848273951746,0.121,0.76525,0.11375,-0.0038687989581376314,0.05554002895951271,0.012026393227279187,0.10541666584710278,0.5267887823283672,0.0,0.0,0.0,0.0,0.0,0.0,0.6318380667956499,0.6720904111862183,publication,0.6325595378875732,5.447786092758179,0.41606266560393707,0.47361603152872706,200,0.5052107494120187,1.8037478500045836,-0.17526363115757704,0.416062665603937,0.47361602539662273,617.6755495643615,mobile,0.09413576204248375,0.5848512218168015,30.883777388479643,30.883777388479643,system,0.0,20,0.47361602539662273,0.11596547515536161,meta_train_support,1,MARGO-SPLIT-v1,20,20,80,3,21,0.0,0.2,20,10,0.0005,0.0005,mrlco_first_order_mean_pseudogradient,fixed_literature_derived_defaults,0.01784267410234039,0.0008921337051170167,0.16893502945650346,0.008446751472825198,0.015451307295258418,0.0007725653647629206,3.0,0.0,0.03349542359956127,0.28193199723642637,0.02224272406169567,,,,,,,,,,,,,,,,
0.05320919478415007,0.1095,0.78825,0.10225,-0.0021301170345395803,0.32469412684440613,0.012945784853460887,0.09791666716337202,0.7534830684463183,0.0,0.0,0.0,0.0,0.0,0.0,0.6006973696578052,0.6053357720375061,publication,0.6616775989532471,5.165303707122803,0.6194914630595395,0.705215796745332,200,0.6939169958444715,2.579554776661098,0.020776054123416543,0.6194914630595394,0.7052158113755286,424.20214126586916,mobile,0.0447751142751025,0.1939444963458418,21.210107061232605,21.210107061232605,system,0.0,21,0.7052158113755286,0.0928359610784506,meta_train_support,1,MARGO-SPLIT-v1,20,20,80,3,22,0.0,0.2,20,10,0.0005,0.0005,mrlco_first_order_mean_pseudogradient,fixed_literature_derived_defaults,0.017131626550805423,0.0008565813275402678,0.16414793835320166,0.008207396917660092,0.015361563185497008,0.0007680781592748522,3.0,0.0,0.03435200492710154,0.29013939415408646,0.023010802220970523,,,,,,,,,,,,,,,,
0.05665415809748829,0.12,0.791,0.089,-0.0017825091490522027,0.17376776039600372,0.011912719548369448,0.09208333318432173,0.7210271090269089,0.0,0.0,0.0,0.0,0.0,0.0,0.5555983714368679,0.6214315891265869,publication,0.6580193042755127,5.074946641921997,0.691286981959733,0.7881338540394972,200,0.7531486527008268,2.756161532830447,-0.2318090545013547,0.691286981959733,0.7881338462373242,336.3753433609009,mobile,0.045938182860158924,0.19520237101737156,16.818767178719742,16.818767178719742,system,0.0,22,0.7881338462373242,0.1275187550313456,meta_train_support,1,MARGO-SPLIT-v1,20,20,80,3,23,0.0,0.2,20,10,0.0005,0.0005,mrlco_first_order_mean_pseudogradient,fixed_literature_derived_defaults,0.016660993279193483,0.0008330496639596743,0.16026822342613245,0.008013411171306606,0.015228973221171282,0.0007614486610585634,3.0,0.0,0.035185054591061214,0.29815280532539307,0.023772250882029087,,,,,,,,,,,,,,,,
0.05853309570135744,0.09725,0.8275,0.07525,-0.004697886295616627,0.057803887873888016,0.008829833939671516,0.08758333300550777,0.5615381161371867,0.0,0.0,0.0,0.0,0.0,0.0,0.5116822326584634,0.8031936883926392,publication,0.6288266181945801,5.024670124053955,0.26379967067136467,0.2972321000457168,200,0.5005047636522592,1.7001822656020522,-0.14658610068727285,0.26379967067136467,0.2972321076056687,249.3191075229645,mobile,0.04771182663654148,0.1382822185043667,12.46595530657694,12.46595530657694,system,0.0,23,0.2972321076056687,0.09817709581144946,meta_train_support,1,MARGO-SPLIT-v1,20,20,80,3,24,0.0,0.2,20,10,0.0005,0.0005,mrlco_first_order_mean_pseudogradient,fixed_literature_derived_defaults,0.015966785225893756,0.0007983392612946894,0.153616798558315,0.007680839927915739,0.01459970888588134,0.0007299854442940658,3.0,0.0,0.035983393852355904,0.3058336452533088,0.024502236326323153,,,,,,,,,,,,,,,,
0.060981229936348066,0.0955,0.83125,0.07325,-0.0029763439670205116,0.05192974582314491,0.0075902243028394874,0.06741666675855715,0.6186397711435954,0.0,0.0,0.0,0.0,0.0,0.0,0.4652093540234403,0.9990441203117371,publication,0.6529507637023926,5.523331165313721,0.2180463980723695,0.24666630575389717,200,0.3936259453323517,1.5482471160357818,-0.05081860569771379,0.21804639807236947,0.24666630922816693,646.0470270347595,mobile,0.05187517449066948,0.12783927982565949,32.30235050868264,32.30235050868264,system,0.0,24,0.24666630922816693,0.09658746598106667,meta_train_support,1,MARGO-SPLIT-v1,20,20,80,3,25,0.0,0.2,20,10,0.0005,0.0005,mrlco_first_order_mean_pseudogradient,fixed_literature_derived_defaults,0.015328113816858004,0.0007664056908429015,0.14762337687833896,0.00738116884391693,0.014042003425706728,0.0007021001712853372,3.0,0.0,0.036749799543198805,0.31321481409722574,0.02520433649760849,,,,,,,,,,,,,,,,
0.05301531143505489,0.078,0.86,0.062,-0.001378122717142105,0.05386859551072121,0.007346022765462597,0.058583333467443786,0.7445302883783975,0.0,0.0,0.0,0.0,0.0,0.0,0.4083844383776647,1.0271188020706177,publication,0.6365997791290283,4.891051292419434,0.32793566038717004,0.3719442505156121,200,0.4447644661263399,1.2810285231098533,-0.1815933424513787,0.32793566038717,0.3719442473980598,597.6659819698334,mobile,0.04377090056439213,0.15064175135226757,29.883299211616226,29.883299211616226,system,0.0,25,0.3719442473980598,0.08686242964600488,meta_train_support,1,MARGO-SPLIT-v1,20,20,80,3,26,0.0,0.2,20,10,0.0005,0.0005,mrlco_first_order_mean_pseudogradient,fixed_literature_derived_defaults,0.014751603569913388,0.0007375801784956712,0.14249214098039623,0.007124607049019793,0.013646638899847302,0.0006823319449923634,3.0,0.0,0.037487379721694476,0.32033942114624553,0.025886668442600853,,,,,,,,,,,,,,,,
0.06501655572497045,0.08575,0.8525,0.06175,0.0002706982777453959,0.2584361732006073,0.007308984384872019,0.06500000009934107,0.7869852195183435,0.0,0.0,0.0,0.0,0.0,0.0,0.4006321018248552,0.8299550414085388,publication,0.6614634990692139,5.454387664794922,0.7828373857703492,0.8886624214250515,200,0.9251404469945914,2.9463429381139576,-0.08075029775500298,0.7828373857703491,0.8886624373169616,529.9412115955353,mobile,0.028608531119154575,0.10869946200529,26.497060349076378,26.497060349076378,system,0.0,26,0.8886624373169616,0.08843239985473955,meta_train_support,1,MARGO-SPLIT-v1,20,20,80,3,27,0.0,0.2,20,10,0.0005,0.0005,mrlco_first_order_mean_pseudogradient,fixed_literature_derived_defaults,0.014218401862315346,0.0007109200931157689,0.13766051645879565,0.006883025822939759,0.013378332446269367,0.0006689166223134702,3.0,0.0,0.038198299814810245,0.3272224469691853,0.026555585064914324,,,,,,,,,,,,,,,,
0.042592864118120306,0.07425,0.87525,0.0505,-0.0016147036803886294,0.05961278825998306,0.006302351830527186,0.051583333685994145,0.7345150917768478,0.0,0.0,0.0,0.0,0.0,0.0,0.3791682739952914,0.8856474161148071,publication,0.5982370376586914,4.641954660415649,0.3424646935155657,0.3873186994825983,200,0.47074594343104176,1.6149785148445517,-0.03952556406147778,0.3424646935155658,0.3873186921398155,658.3490275001526,mobile,0.03099845080145989,0.10068787362140588,32.91745103617972,32.91745103617972,system,0.0,27,0.3873186921398155,0.06513392283371597,meta_train_support,1,MARGO-SPLIT-v1,20,20,80,3,28,0.0,0.2,20,10,0.0005,0.0005,mrlco_first_order_mean_pseudogradient,fixed_literature_derived_defaults,0.013715773170464365,0.0006857886585232217,0.1327994486265763,0.0066399724313288,0.012909050080501099,0.0006454525040250556,3.0,0.0,0.03888408847333347,0.3338624194005141,0.02720103756893938,,,,,,,,,,,,,,,,
0.06081431243954307,0.07175,0.88525,0.043,-0.0030536253470927477,0.032071176916360855,0.0051411177342136705,0.05616666699449222,0.5846956556042036,0.0,0.0,0.0,0.0,0.0,0.0,0.35834808370625826,0.8491348028182983,publication,0.6473333835601807,5.530254364013672,0.18662792781329163,0.20995542074698278,200,0.32010557168080367,1.2510999196674675,-0.03238386963494122,0.18662792781329166,0.20995542564429343,459.6585220527649,mobile,0.0343945914595612,0.09095272881514285,22.982926086529677,22.982926086529677,system,0.0,28,0.20995542564429343,0.08585837678957514,meta_train_support,1,MARGO-SPLIT-v1,20,20,80,3,29,0.0,0.2,20,10,0.0005,0.0005,mrlco_first_order_mean_pseudogradient,fixed_literature_derived_defaults,0.013242815474931112,0.0006621407737465584,0.12833813586347353,0.006416906793173693,0.012463910422552784,0.000623195521127641,3.0,0.0,0.039546229247080025,0.3402793261936878,0.02782423309006702,,,,,,,,,,,,,,,,
0.04573152417044681,0.06525,0.89175,0.043,-0.001973004313185811,0.035401538014411926,0.005828613213573893,0.05200000007947286,0.6519430716832479,0.0,0.0,0.0,0.0,0.0,0.0,0.32968173350833296,0.7962383031845093,publication,0.6402976512908936,4.930911302566528,0.23291421950691912,0.2617442549644056,200,0.25686454469354975,0.8593056711833924,-0.008706479882675922,0.2329142195069191,0.2617442585108802,893.1136584186554,mobile,0.027245731665830455,0.09067051075945215,44.65568218387103,44.65568218387103,system,0.0,29,0.2617442585108802,0.06279889839564104,meta_train_support,1,MARGO-SPLIT-v1,20,20,80,3,30,0.0,0.2,20,10,0.0005,0.0005,mrlco_first_order_mean_pseudogradient,fixed_literature_derived_defaults,0.012801388292433408,0.0006400694146216704,0.12406019800135774,0.006203009900067891,0.012048446741801024,0.0006024223370900521,3.0,0.0,0.040186298661701696,0.34648233609375567,0.028426655427157072,,,,,,,,,,,,,,,,
0.06628158336755494,0.0645,0.8995,0.036,-0.0007685707532800734,0.2455756664276123,0.006575811941487093,0.04933333347241083,0.9849721387028694,0.0,0.0,0.0,0.0,0.0,0.0,0.3009178943822,0.6910093426704407,publication,0.6284694671630859,5.193248748779297,0.5627848926420872,0.6369614511609143,200,0.7133868975971739,2.2993420211132616,-0.11586197488941252,0.5627848926420873,0.6369614533230197,674.7583914089203,mobile,0.026178523879936192,0.12969061305077806,33.73791967419261,33.73791967419261,system,0.0,30,0.6369614533230197,0.07069588537091026,meta_train_support,1,MARGO-SPLIT-v1,20,20,80,3,31,0.0,0.2,20,10,0.0005,0.0005,mrlco_first_order_mean_pseudogradient,fixed_literature_derived_defaults,0.012388440283000072,0.000619422014150002,0.12016683913749775,0.006008341956874885,0.011676974037275788,0.0005838487018637907,3.0,0.0,0.0408057206758517,0.35249067805063056,0.029010504129020863,,,,,,,,,,,,,,,,
0.05405814273838102,0.054,0.91175,0.03425,-0.0003793046053033322,0.14834944903850555,0.004453918590055157,0.040333333021650715,1.0376847530404727,0.0,0.0,0.0,0.0,0.0,0.0,0.2665568711898688,0.684351921081543,publication,0.6542248725891113,4.823213577270508,0.665434629796993,0.752540795327609,200,0.7305149901181524,2.8229909787187353,-0.07163410005159676,0.6654346297969931,0.7525408147717826,1396.4342541122437,mobile,0.026725458624975974,0.10164511182004947,69.8217115829036,69.8217115829036,system,0.0,31,0.7525408147717826,0.05888718721853035,meta_train_support,1,MARGO-SPLIT-v1,20,20,80,3,32,0.0,0.2,20,10,0.0005,0.0005,mrlco_first_order_mean_pseudogradient,fixed_literature_derived_defaults,0.01200130152415632,0.0006000650762078147,0.11642877188601514,0.005821438594300732,0.011312457236112176,0.0005656228618056078,3.0,0.0,0.04140578575205951,0.3583121166449313,0.02957612699082647,,,,,,,,,,,,,,,,
0.061910699734245775,0.04975,0.92475,0.0255,-0.0020312394481152296,0.17908701300621033,0.003505998915837457,0.03708333342025677,1.1081714103619258,0.0,0.0,0.0,0.0,0.0,0.0,0.25096688190139244,0.6979057192802429,publication,0.6461906433105469,5.541412591934204,0.6163875866820381,0.6979252514520795,200,0.9699540544617895,2.8378789671696723,-0.0634504685876891,0.616387586682038,0.6979252667818219,655.3842864322662,mobile,0.02022501063532627,0.047557024823989213,32.769214349535275,32.769214349535275,system,0.0,32,0.6979252667818219,0.06923124714477895,meta_train_support,1,MARGO-SPLIT-v1,20,20,80,3,33,0.0,0.2,20,10,0.0005,0.0005,mrlco_first_order_mean_pseudogradient,fixed_literature_derived_defaults,0.011637625720394007,0.0005818812860197004,0.11306935140180276,0.005653467570090165,0.011027047993116977,0.0005513523996558481,3.0,0.0,0.04198766703807921,0.36396558421502145,0.03012747939048232,,,,,,,,,,,,,,,,
0.048550144888511844,0.042,0.9285,0.0295,0.000869045325089246,0.17161059379577637,0.0048744720872491605,0.04074999994287888,1.0912711123625436,0.0,0.0,0.0,0.0,0.0,0.0,0.22517745144452306,0.7259365320205688,publication,0.6021127700805664,3.3380637168884277,0.8399500935203038,0.9519300268331427,200,0.929091785600992,3.2338464381173253,0.008430021232925355,0.8399500935203038,0.9519300555763767,640.0038592720032,mobile,0.01931768893508339,0.05849766520635653,32.00019300075122,32.00019300075122,system,0.0,33,0.9519300555763767,0.05824090122179473,meta_train_support,1,MARGO-SPLIT-v1,20,20,80,3,34,0.0,0.2,20,10,0.0005,0.0005,mrlco_first_order_mean_pseudogradient,fixed_literature_derived_defaults,0.011295342610970654,0.0005647671305485311,0.10988030336198942,0.0054940151680994975,0.010789724263922012,0.0005394862131961019,3.0,0.0,0.042552434168627744,0.36945959938312095,0.03066696560367842,,,,,,,,,,,,,,,,
0.038958356227071236,0.0375,0.942,0.0205,-0.0010754294926300645,0.034388329833745956,0.005175373194894443,0.04016666673123837,0.9258772810300192,0.0,0.0,0.0,0.0,0.0,0.0,0.20067165054115624,0.8346311450004578,publication,0.6326436996459961,5.199944019317627,0.267942069500194,0.301118281565623,200,0.3245882842436138,0.9417415100033395,0.032792829544632696,0.26794206950019406,0.3011182782053947,1303.6219905281066,mobile,0.01377626225470755,0.04558401935374639,65.18109843529619,65.18109843529619,system,0.0,34,0.3011182782053947,0.03967310290166881,meta_train_support,1,MARGO-SPLIT-v1,20,20,80,3,35,0.0,0.2,20,10,0.0005,0.0005,mrlco_first_order_mean_pseudogradient,fixed_literature_derived_defaults,0.010972618536371492,0.0005486309268185746,0.10674086612307544,0.005337043306153755,0.010481446427809954,0.000524072321390498,3.0,0.0,0.04310106509544632,0.3747966426892747,0.03119103792506892,,,,,,,,,,,,,,,,
0.06423829264646783,0.0315,0.9505,0.018,0.0019616633653640747,0.12234439700841904,0.003883884963579476,0.03166666639347871,1.0803461427489915,0.0,0.0,0.0,0.0,0.0,0.0,0.17565823183533263,0.870184063911438,publication,0.5614650249481201,3.4330549240112305,0.596273399481505,0.6747094545185018,200,0.6047795032421468,1.9350327927386388,0.040219346396042965,0.596273399481505,0.6747094675712287,647.5529145050049,mobile,0.0191939491456726,0.05031067061135369,32.37764551348652,32.37764551348652,system,0.0,35,0.6747094675712287,0.07318950269617179,meta_train_support,1,MARGO-SPLIT-v1,20,20,80,3,36,0.0,0.2,20,10,0.0005,0.0005,mrlco_first_order_mean_pseudogradient,fixed_literature_derived_defaults,0.010695636191332425,0.0005347818095666201,0.10399420632704102,0.005199710316352024,0.010215782016602925,0.0005107891008301439,3.0,0.0,0.04363584690501294,0.37999635300562673,0.03170182702589906,,,,,,,,,,,,,,,,
0.06686962241420488,0.02775,0.95475,0.0175,-0.002894802950322628,0.14400850236415863,0.00357688538885365,0.03158333348110318,1.156111419200897,0.0,0.0,0.0,0.0,0.0,0.0,0.17020508577469962,0.8929888606071472,publication,0.5887894630432129,4.370744466781616,0.7061900862294342,0.7976580673980516,200,0.7276415441494193,1.7904588701203465,-0.023900424013845623,0.7061900862294341,0.7976580648031085,273.02637377738955,mobile,0.012478069535805339,0.02188198243033362,13.651318852934965,13.651318852934965,system,0.0,36,0.7976580648031085,0.0662725769362213,meta_train_support,1,MARGO-SPLIT-v1,20,20,80,3,37,0.0,0.2,20,10,0.0005,0.0005,mrlco_first_order_mean_pseudogradient,fixed_literature_derived_defaults,0.010424958276396439,0.0005212479138198209,0.10154958192025688,0.00507747909601286,0.01001987383315877,0.0005009936916579374,3.0,0.0,0.04415709481883276,0.3850738321016396,0.032202820717557,,,,,,,,,,,,,,,,
0.04336763583804441,0.0255,0.9615,0.013,-0.0007664614240638912,0.22258585691452026,0.0036592686141375453,0.026833333695928253,1.192497196793556,0.0,0.0,0.0,0.0,0.0,0.0,0.16200858529398843,1.0047106742858887,publication,0.6212759017944336,5.408807277679443,0.6724621878348819,0.7605339894358076,200,1.212784309378513,4.097932292148471,0.038311511249048635,0.6724621878348817,0.7605339901894331,671.8918887519836,mobile,0.007692562833581551,0.0251818519805636,33.59459396124383,33.59459396124383,system,0.0,37,0.7605339901894331,0.04116633631119486,meta_train_support,1,MARGO-SPLIT-v1,20,20,80,3,38,0.0,0.2,20,10,0.0005,0.0005,mrlco_first_order_mean_pseudogradient,fixed_literature_derived_defaults,0.010197696674515049,0.0005098848337257503,0.09905214411374796,0.004952607205687409,0.009776586848445155,0.0004888293424222603,3.0,0.0,0.04466697965255851,0.390026439307327,0.03269165005997926,,,,,,,,,,,,,,,,
0.038887766422082345,0.0205,0.96775,0.01175,-0.00047943953541107476,0.04079918935894966,0.004051578646370521,0.021416666886458793,0.9842750738064447,0.0,0.0,0.0,0.0,0.0,0.0,0.13907552026264702,1.0523772239685059,publication,0.6266899108886719,5.526293516159058,0.2531785672442666,0.2846916940233132,200,0.28705480431839525,0.9023417653515935,-0.028731236117891967,0.2531785672442665,0.28469169275369494,1384.3894221115113,mobile,0.007940937306677977,0.028720135672538012,69.21947346538447,69.21947346538447,system,0.0,38,0.28469169275369494,0.03777355855733293,meta_train_support,1,MARGO-SPLIT-v1,20,20,80,3,39,0.0,0.2,20,10,0.0005,0.0005,mrlco_first_order_mean_pseudogradient,fixed_literature_derived_defaults,0.009936217272604407,0.0004968108636302232,0.09651234554672879,0.004825617277336436,0.00952590513438246,0.00047629525671911976,3.0,0.0,0.04516379051618873,0.39485205658466344,0.03316794531669838,,,,,,,,,,,,,,,,
0.07202023296917973,0.02175,0.96925,0.009,-0.0009210550924763083,0.08651093393564224,0.003496903334841287,0.01783333340038856,0.9229402382547658,0.0,0.0,0.0,0.0,0.0,0.0,0.13196496419456755,0.9999634623527527,publication,0.6593916416168213,5.256977558135986,0.4431223269836346,0.5005632448526558,200,0.6473682173844602,2.205990120768547,-0.015243633999489248,0.44312232698363463,0.5005632467218675,429.51207202911377,mobile,0.007098527302433073,0.012138109880250778,21.475605465314196,21.475605465314196,system,0.0,39,0.5005632467218675,0.061708344546978544,meta_train_support,1,MARGO-SPLIT-v1,20,20,80,3,40,0.0,0.2,20,10,0.0005,0.0005,mrlco_first_order_mean_pseudogradient,fixed_literature_derived_defaults,0.009687811840789295,0.00048439059203946727,0.0941375000441084,0.004706875002205402,0.009293069150837573,0.00046465345754188175,3.0,0.0,0.0456481811082282,0.39955893158686884,0.03363259877424026,,,,,,,,,,,,,,,,
0.058279778567980854,0.02325,0.96775,0.009,-0.000791262136772275,0.33071479201316833,0.001591851338162087,0.014166666582847636,1.039414283633232,0.0,0.0,0.0,0.0,0.0,0.0,0.13390892864125528,0.9478829503059387,publication,0.6504135131835938,5.610297203063965,0.5616286695726667,0.6322957138942548,200,0.8097671502958881,2.5159738110378385,0.0205069585936144,0.5616286695726666,0.6322957110404969,520.4891920471191,mobile,0.0074947460177223636,0.061078787478041414,26.024458948438266,26.024458948438266,system,0.0,40,0.6322957110404969,0.052389657116683655,meta_train_support,1,MARGO-SPLIT-v1,20,20,80,3,41,0.0,0.2,20,10,0.0005,0.0005,mrlco_first_order_mean_pseudogradient,fixed_literature_derived_defaults,0.009474958869761246,0.00047374794348806204,0.0919962455244695,0.0045998122762234694,0.009084475150353584,0.0004542237575176772,3.0,0.0,0.04612192905171626,0.4041587438630923,0.03408682253175794,,,,,,,,,,,,,,,,
0.07922784537747843,0.01725,0.97575,0.007,-0.0014024372212588787,0.3159451186656952,0.0016884741460671652,0.011750000109896064,1.2130259670317172,0.0,0.0,0.0,0.0,0.0,0.0,0.11766860971858267,0.8904430866241455,publication,0.6397559642791748,4.938406705856323,0.9709118301934103,1.098099609232322,200,1.370851939297147,4.440706865862012,0.015895743505097926,0.9709118301934101,1.0980996258556843,165.13933240890503,mobile,0.00781283597388503,0.02434126812004038,8.256966634995587,8.256966634995587,system,0.0,41,1.0980996258556843,0.0770123728526195,meta_train_support,1,MARGO-SPLIT-v1,20,20,80,3,42,0.0,0.2,20,10,0.0005,0.0005,mrlco_first_order_mean_pseudogradient,fixed_literature_derived_defaults,0.009320730152359354,0.00046603650761796456,0.09029658546544375,0.004514829273272181,0.00891916128549164,0.00044595806427458196,3.0,0.0,0.04658796555933423,0.4086735731363645,0.03453278059603252,,,,,,,,,,,,,,,,
0.04492158948773644,0.0195,0.97275,0.00775,-0.001108348136767745,0.21199271082878113,0.002993328287266195,0.015166666746760408,0.9181469296415647,0.0,0.0,0.0,0.0,0.0,0.0,0.12092234337346508,0.8190839886665344,publication,0.6645481586456299,5.020000457763672,0.5486938135112124,0.6174816209883602,200,0.8858494708936648,3.099894485902041,0.034943435981404036,0.5486938135112124,0.6174816079437733,856.6797933006287,mobile,0.013414495366086531,0.08200019695644645,42.83398882591308,42.83398882591308,system,0.0,42,0.6174816079437733,0.04597802375767945,meta_train_support,1,MARGO-SPLIT-v1,20,20,80,3,43,0.0,0.2,20,10,0.0005,0.0005,mrlco_first_order_mean_pseudogradient,fixed_literature_derived_defaults,0.009103968986025415,0.0004551984493012737,0.08820759336110685,0.004410379668055353,0.008712223313799344,0.00043561116568996416,3.0,0.0,0.0470431640086355,0.41308395280441984,0.034968391761722485,,,,,,,,,,,,,,,,
0.06462802444474826,0.01625,0.977,0.00675,-0.0012582542840391397,0.13154490292072296,0.001954783048131503,0.012583333269382518,1.0586569190025332,0.0,0.0,0.0,0.0,0.0,0.0,0.11217372235515602,0.8032624125480652,publication,0.6595809459686279,4.760639905929565,0.6627184577253652,0.7481662837954627,200,0.8479380782938742,2.3052016594447196,0.017942182636033976,0.6627184577253653,0.7481662803236395,229.0962693119049,mobile,0.007590377181206647,0.01153732670962183,11.4548133432195,11.4548133432195,system,0.0,43,0.7481662803236395,0.061360927856703655,meta_train_support,1,MARGO-SPLIT-v1,20,20,80,3,44,0.0,0.2,20,10,0.0005,0.0005,mrlco_first_order_mean_pseudogradient,fixed_literature_derived_defaults,0.008931483185039703,0.0004465741592519848,0.0863849902796137,0.004319249513980661,0.008514218238485723,0.00042571091192428884,3.0,0.0,0.047489738167887485,0.4174032023184005,0.035394102673646774,,,,,,,,,,,,,,,,
0.043876594443519906,0.0135,0.98,0.0065,-0.0007807204965502024,0.06664732098579407,0.0015237933184835128,0.009999999900658928,1.0471204459667205,0.0,0.0,0.0,0.0,0.0,0.0,0.10468297023594929,0.8433477878570557,publication,0.6867721080780029,5.198660850524902,0.5814301111826767,0.6528838860459837,200,0.4654516665680141,1.3635366664384492,0.02939198096646578,0.5814301111826766,0.6528838901687414,962.3194047164917,mobile,0.005001419556818244,0.01823602489073198,48.115969613272085,48.115969613272085,system,0.0,44,0.6528838901687414,0.03299140930948459,meta_train_support,1,MARGO-SPLIT-v1,20,20,80,3,45,0.0,0.2,20,10,0.0005,0.0005,mrlco_first_order_mean_pseudogradient,fixed_literature_derived_defaults,0.008733005780927708,0.00043665028904638775,0.08446532382895562,0.004223266191447805,0.008325013388741595,0.0004162506694370821,3.0,0.0,0.04792638845693387,0.4216264685098483,0.035810353343083856,,,,,,,,,,,,,,,,
0.07285525080320263,0.01075,0.985,0.00425,-0.00022218041704036295,0.2603238821029663,0.0010302976899159452,0.007166666584089399,1.3802030940850576,0.0,0.0,0.0,0.0,0.0,0.0,0.09307746818235275,0.8572874069213867,publication,0.6227312088012695,5.065410137176514,0.9155906720519337,1.0294029535984737,200,0.9114807509956054,2.294094814453274,0.04288000240921974,0.9155906720519337,1.0294029471650719,550.5721959114074,mobile,0.0031018191059911156,0.007823635202459234,27.52861169480533,27.52861169480533,system,0.0,45,1.0294029471650719,0.05482694516731104,meta_train_support,1,MARGO-SPLIT-v1,20,20,80,3,46,0.0,0.2,20,10,0.0005,0.0005,mrlco_first_order_mean_pseudogradient,fixed_literature_derived_defaults,0.00855482488980029,0.0004277412444900139,0.0827329169904223,0.0041366458495211145,0.008148134134390608,0.00040740670671952917,3.0,0.0,0.04835412970142389,0.4257631143593694,0.036217760049803385,,,,,,,,,,,,,,,,
0.05551002532633227,0.01275,0.98275,0.0045,-0.0001426523958798498,0.16389408707618713,0.000839424844404372,0.00774999987334013,1.152285522222519,0.0,0.0,0.0,0.0,0.0,0.0,0.09043065544496963,0.8954542875289917,publication,0.6806812286376953,5.4758782386779785,0.5111206818718115,0.5732887845951337,200,0.8455947497082008,2.9391880612820387,0.0006228906568139791,0.5111206818718115,0.5732887605580618,642.562459154129,mobile,0.003635863930153303,0.036009791273930676,32.12812048351836,32.12812048351836,system,0.0,46,0.5732887605580618,0.049294629679736135,meta_train_support,1,MARGO-SPLIT-v1,20,20,80,3,47,0.0,0.2,20,10,0.0005,0.0005,mrlco_first_order_mean_pseudogradient,fixed_literature_derived_defaults,0.008372807338953476,0.00041864036694767154,0.08097264216083885,0.004048632108041961,0.007974769578339744,0.0003987384789169851,3.0,0.0,0.04877277006837156,0.4298117464674114,0.03661649852872037,,,,,,,,,,,,,,,,
0.06366597668201054,0.01,0.98575,0.00425,-0.000140226780786179,0.1368790566921234,0.0011122266512150721,0.007333333231508731,1.1641604721546173,0.0,0.0,0.0,0.0,0.0,0.0,0.078088944935863,1.0011200904846191,publication,0.5953230857849121,5.021869659423828,0.9055990809739908,1.0210694913975384,200,0.9737483843804345,2.7219633960630745,0.023856590676587075,0.9055990809739904,1.0210695032961667,842.0540810966492,mobile,0.0020200637457365683,0.02016210689985293,42.10270398736004,42.10270398736004,system,0.0,47,1.0210695032961667,0.05130620494754939,meta_train_support,1,MARGO-SPLIT-v1,20,20,80,3,48,0.0,0.2,20,10,0.0005,0.0005,mrlco_first_order_mean_pseudogradient,fixed_literature_derived_defaults,0.008211043747441674,0.00041055218737208465,0.07935841454277207,0.003967920727138585,0.007816952142737622,0.00039084760713688216,3.0,0.0,0.04918332225574364,0.43377966719454997,0.03700734613585725,,,,,,,,,,,,,,,,
0.046583376901484806,0.005,0.99075,0.00425,-0.0018558488227427006,0.20736178755760193,0.0005703636114049005,0.004333333283041915,1.172031671802203,0.0,0.0,0.0,0.0,0.0,0.0,0.07145411644488932,1.0916221141815186,publication,0.6357243061065674,4.546107530593872,0.8482144327904794,0.9533277564554737,200,0.8205068775758744,2.7535681356675923,0.08830289074103348,0.8482144327904795,0.9533277382329106,1013.4793470573426,mobile,0.014106136528120618,0.04445852994422526,50.67396903134416,50.67396903134416,system,0.0,48,0.9533277382329106,0.03779524253489839,meta_train_support,1,MARGO-SPLIT-v1,20,20,80,3,49,0.0,0.2,20,10,0.0005,0.0005,mrlco_first_order_mean_pseudogradient,fixed_literature_derived_defaults,0.008043471426065313,0.0004021735713032673,0.07780542199546332,0.0038902710997731904,0.0076674307575563564,0.0003833715378778191,3.0,0.0,0.04958549582704691,0.43766993829432316,0.03739071767373507,,,,,,,,,,,,,,,,
0.06667009110702864,0.00975,0.98625,0.004,-0.0007690154598094523,0.08923140913248062,0.0010402607450184103,0.006833333304772775,1.0637710769971211,0.0,0.0,0.0,0.0,0.0,0.0,0.06957576460143568,1.202194094657898,publication,0.6599636077880859,4.535589694976807,0.6849524901232342,0.7733715730209315,200,0.8302522807081635,2.7391383722424507,0.033547640283359215,0.6849524901232342,0.773371578399092,558.4294169807434,mobile,0.004129007349767008,0.0146858710148548,27.921472325026272,27.921472325026272,system,0.0,49,0.773371578399092,0.05257818365819032,meta_train_support,1,MARGO-SPLIT-v1,20,20,80,3,50,0.0,0.2,20,10,0.0005,0.0005,mrlco_first_order_mean_pseudogradient,fixed_literature_derived_defaults,0.007905226583968366,0.00039526132919841944,0.0764071231495997,0.0038203561574799982,0.007540429460460253,0.0003770214730230148,3.0,0.0,0.04998075715624533,0.44149029445180316,0.037767739146758086,,,,,,,,,,,,,,,,
0.07708893790355995,0.00625,0.99025,0.0035,-0.0009322250843979418,0.18357791006565094,0.002506297305459763,0.005249999975785612,1.2888607164223989,0.0,0.0,0.0,0.0,0.0,0.0,0.061243278693099555,1.2216905355453491,publication,0.6603925228118896,4.9980528354644775,0.9637399621211997,1.08581479417051,200,0.7990377205550023,2.362113702110946,0.028283976949751377,0.9637399621212002,1.0858148078713565,628.6146870040893,mobile,0.002813554657333997,0.0067330475169314575,31.430735829754,31.430735829754,system,0.0,50,1.0858148078713565,0.05606494107190032,meta_train_support,1,MARGO-SPLIT-v1,20,20,80,3,51,0.0,0.2,20,10,0.0005,0.0005,mrlco_first_order_mean_pseudogradient,fixed_literature_derived_defaults,0.007750222141145457,0.0003875111070572729,0.07490894426431344,0.00374544721321568,0.007392577902412012,0.0003696288951205995,3.0,0.0,0.0503682682633026,0.44523574166501884,0.038137368041878686,-0.15473506706984122,-0.15421713021684086,0.15421713021684086,0.175,0.35,0.05,0.065,0.975,0.975,0.0,validation/automotive_lexicographic_v1,automotive_lexicographic_v1,a3bd00d5108237acdb706f561212b5d840bac151f48b5250a61c573d9c9ffb6c,186389428.0,0.15421713021684086,1.0
0.046005156154395564,0.007,0.98925,0.00375,-0.0010302537120878696,0.08483215421438217,0.000805352132980867,0.004666666577880582,1.050772980848948,0.0,0.0,0.0,0.0,0.0,0.0,0.06479111011309717,1.1762624979019165,publication,0.6782915592193604,5.193061113357544,0.46924975613557396,0.5281972745835083,200,0.6742972647349182,2.2331301188096404,0.029366757786192466,0.4692497561355739,0.5281972646620124,732.9336727905273,mobile,0.0017078607677471097,0.029855859609347335,36.64668428935466,36.64668428935466,system,0.0,51,0.5281972646620124,0.04054961761344341,meta_train_support,1,MARGO-SPLIT-v1,20,20,80,3,52,0.0,0.2,20,10,0.0005,0.0005,mrlco_first_order_mean_pseudogradient,fixed_literature_derived_defaults,0.00760117940766189,0.0003800589703830959,0.07349553480676814,0.0036747767403383924,0.007252088256853956,0.0003626044128427,3.0,0.0,0.0507483272336857,0.44891051840535723,0.038499972454721386,,,,,,,,,,,,,,,,
0.05898280128348184,0.00775,0.988,0.00425,-0.0008651040261611342,0.06527984142303467,0.0017544002597787768,0.0057499999490876995,1.1053265144427618,0.0,0.0,0.0,0.0,0.0,0.0,0.059266339922291134,1.086909294128418,publication,0.6651005744934082,4.612231492996216,0.7295034299902536,0.8233978701168962,200,0.6459722029316365,1.8865835759788752,0.05490413139341399,0.7295034299902536,0.8233978729881346,720.2686145019532,mobile,0.0026351794377067715,0.0056742673172512515,36.01343057094949,36.01343057094949,system,0.0,52,0.8233978729881346,0.04920234861552036,meta_train_support,1,MARGO-SPLIT-v1,20,20,80,3,53,0.0,0.2,20,10,0.0005,0.0005,mrlco_first_order_mean_pseudogradient,fixed_literature_derived_defaults,0.007457760928272043,0.0003728880464136039,0.07210900893661301,0.003605450446830638,0.007115256402951051,0.0003557628201475496,3.0,0.0,0.0511212152800993,0.45251596885218787,0.038855735274868936,,,,,,,,,,,,,,,,
0.07352204337809663,0.0055,0.9925,0.002,-0.00026333844289183617,0.1333075612783432,0.0022302207526081474,0.004083333242063721,1.2817684670289355,0.0,0.0,0.0,0.0,0.0,0.0,0.0529940383990307,0.9694503545761108,publication,0.5803077220916748,4.9034583568573,0.9500597523516086,1.0731619961376238,200,0.8380674475570954,2.1645692633464932,0.052982924156822264,0.9500597523516084,1.0731620213203132,540.1821525001526,mobile,0.0021218281396232926,0.005655424086768433,27.009108762981587,27.009108762981587,system,0.0,53,1.0731620213203132,0.05806075863996424,meta_train_support,1,MARGO-SPLIT-v1,20,20,80,3,54,0.0,0.2,20,10,0.0005,0.0005,mrlco_first_order_mean_pseudogradient,fixed_literature_derived_defaults,0.007319654244415153,0.0003659827122207554,0.07077365691926833,0.0035386828459634256,0.006983492395488995,0.00034917461977444775,3.0,0.0,0.05148719799232006,0.4560546516981513,0.03920490989464338,,,,,,,,,,,,,,,,
0.07016277084581225,0.005,0.9915,0.0035,-0.0005080588744021952,0.06471586227416992,0.0013657546620531016,0.004999999981373548,1.1674176712830864,0.0,0.0,0.0,0.0,0.0,0.0,0.052467161624933784,0.9044955968856812,publication,0.6471631526947021,5.364217519760132,0.7503222468677078,0.8458001888202671,200,0.7944468142209096,1.854473179206252,0.027187414118088782,0.750322246867708,0.8458002015016973,356.8383626937866,mobile,0.0020295248756082842,0.011198066844524396,17.841917785208118,17.841917785208118,system,0.0,54,0.8458002015016973,0.05069328280893401,meta_train_support,1,MARGO-SPLIT-v1,20,20,80,3,55,0.0,0.2,20,10,0.0005,0.0005,mrlco_first_order_mean_pseudogradient,fixed_literature_derived_defaults,0.007186569621789423,0.00035932848108947285,0.06948812991449965,0.003474406495725002,0.006856519806480104,0.0003428259903240083,3.0,0.0,0.05184652647340953,0.4595290581938763,0.03954773588496739,,,,,,,,,,,,,,,,
0.07860705107877795,0.006,0.99075,0.00325,-0.00048664360656403005,0.18929162621498108,0.0010138219081757898,0.004583333277453978,1.3766722731292247,0.0,0.0,0.0,0.0,0.0,0.0,0.043650974311665654,0.8929405808448792,publication,0.7008094787597656,4.652686595916748,1.0293239299209487,1.1598017436745978,200,1.000746886517286,3.2373639531433582,-0.040813371480908245,1.0293239299209485,1.1598017482366414,844.6380596542358,mobile,0.002487110054662617,0.011245572986147496,42.2319041663082,42.2319041663082,system,0.0,55,1.1598017482366414,0.06268054164720499,meta_train_support,1,MARGO-SPLIT-v1,20,20,80,3,56,0.0,0.2,20,10,0.0005,0.0005,mrlco_first_order_mean_pseudogradient,fixed_literature_derived_defaults,0.0070611532635917965,0.0003530576631795915,0.06830670163947324,0.0034153350819736694,0.006734081952792959,0.00033670409763964654,3.0,0.0,0.05219958413658912,0.46294439327584996,0.03988443998260704,,,,,,,,,,,,,,,,
0.05766267003969237,0.00575,0.9915,0.00275,-0.0002594772377051413,0.05138326808810234,0.0016026975725253578,0.004749999924873312,1.2467936371763548,0.0,0.0,0.0,0.0,0.0,0.0,0.04016537156777221,0.8968555331230164,publication,0.6787281036376953,4.404653787612915,0.46578307876661385,0.5252965682276499,200,0.6023501728565682,1.697267041541636,0.01738196413498372,0.465783078766614,0.5252965605352073,467.13036865234375,mobile,0.0011724508559196854,0.036132393567569705,23.356519849899247,23.356519849899247,system,0.0,56,0.5252965605352073,0.04535883428943692,meta_train_support,1,MARGO-SPLIT-v1,20,20,80,3,57,0.0,0.2,20,10,0.0005,0.0005,mrlco_first_order_mean_pseudogradient,fixed_literature_derived_defaults,0.006937273381774397,0.0003468636690887178,0.06710833845281582,0.003355416922640797,0.006615940164147469,0.000330797008207373,3.0,0.0,0.05254644780567784,0.46629981019849076,0.04021523699081441,,,,,,,,,,,,,,,,
0.05412533441102043,0.00575,0.99175,0.0025,0.00019281328422948718,0.0576130710542202,0.002079844304110641,0.004083333273107807,1.2122382958730062,0.0,0.0,0.0,0.0,0.0,0.0,0.036718312779925676,0.875698983669281,publication,0.6689786911010742,5.377644062042236,0.49595275104684916,0.5574680970445479,200,0.7115198585501786,1.7788780890987255,0.057636050652945414,0.4959527510468492,0.5574681282415986,346.2761089324951,mobile,0.0016433495220813023,0.00526987917630736,17.313806094674472,17.313806094674472,system,0.0,57,0.5574681282415986,0.042585735250995675,meta_train_support,1,MARGO-SPLIT-v1,20,20,80,3,58,0.0,0.2,20,10,0.0005,0.0005,mrlco_first_order_mean_pseudogradient,fixed_literature_derived_defaults,0.006817665220019665,0.00034088326100098487,0.06595129813466381,0.0032975649067331636,0.006501872230282858,0.0003250936115141434,3.0,0.0,0.052887331066678825,0.4695973751052239,0.040540330602328555,,,,,,,,,,,,,,,,
0.051066383044687316,0.00475,0.9935,0.00175,-0.000510415353346616,0.23743537068367004,0.0012188730584360504,0.0034166666213423015,1.2501239781578382,0.0,0.0,0.0,0.0,0.0,0.0,0.041028220437780705,0.8419785499572754,publication,0.6750917434692383,5.095367431640625,0.904454304061729,1.0199852746388933,200,1.114478431355309,3.722210924141109,0.02089367323787883,0.904454304061729,1.0199853258300573,650.9948920059204,mobile,0.0015877783920728364,0.00420097079017863,32.54974574043766,32.54974574043766,system,0.0,58,1.0199853258300573,0.03491478207344799,meta_train_support,1,MARGO-SPLIT-v1,20,20,80,3,59,0.0,0.2,20,10,0.0005,0.0005,mrlco_first_order_mean_pseudogradient,fixed_literature_derived_defaults,0.0067021115722227225,0.00033510557861113344,0.06483347952221188,0.0032416739761105817,0.006392021145391844,0.00031960105726959454,3.0,0.0,0.05322243664528996,0.4728390490813345,0.04085993165959815,,,,,,,,,,,,,,,,
0.061454035832923394,0.0035,0.995,0.0015,-0.0003597420873120427,0.043764758855104446,0.0013157212651312496,0.002999999932944775,0.7602946555862824,0.0,0.0,0.0,0.0,0.0,0.0,0.03656237224712192,0.8369467854499817,publication,0.6496217250823975,5.144308567047119,0.41821249050661324,0.4700116468086708,200,0.6598818070762293,1.9307667799293995,0.043082317937660264,0.41821249050661313,0.47001164304092524,181.3583311843872,mobile,0.0015981289219711365,0.0031108852911991953,9.067916959106348,9.067916959106348,system,0.0,59,0.47001164304092524,0.0436018934731576,meta_train_support,1,MARGO-SPLIT-v1,20,20,80,3,60,0.0,0.2,20,10,0.0005,0.0005,mrlco_first_order_mean_pseudogradient,fixed_literature_derived_defaults,0.006590409712685677,0.0003295204856342826,0.06375292153017502,0.0031876460765087322,0.006285487459635313,0.0003142743729817668,3.0,0.0,0.05355195713092424,0.47602669515784324,0.041174206032579916,,,,,,,,,,,,,,,,
0.05539541312825148,0.00375,0.99275,0.0035,-0.00032809528056532145,0.0993427187204361,0.0005389468121696458,0.003083333264415463,1.3302206208308536,0.0,0.0,0.0,0.0,0.0,0.0,0.03564221299709177,0.8321499228477478,publication,0.6342277526855469,4.784130573272705,1.1423249718493014,1.2911761238898907,200,0.7115682652223548,2.529236641479656,0.14384378492832184,1.1423249718493014,1.291176110431552,1445.2241062164308,mobile,0.0006930984765336017,0.02090234223240932,72.26120459101004,72.26120459101004,system,0.0,60,1.291176110431552,0.037643201151623916,meta_train_support,1,MARGO-SPLIT-v1,20,20,80,3,61,0.0,0.2,20,10,0.0005,0.0005,mrlco_first_order_mean_pseudogradient,fixed_literature_derived_defaults,0.0064823702091990265,0.0003241185104599503,0.06270779166902461,0.00313538958345122,0.006182446681608504,0.000309122334080425,3.0,0.0,0.05387607564138419,0.47916208474129446,0.04148332836666034,,,,,,,,,,,,,,,,
0.06365945974076538,0.00275,0.9945,0.00275,2.009927629842423e-05,0.025982100516557693,0.0020974590739323653,0.0034999999217689036,0.801401357849439,0.0,0.0,0.0,0.0,0.0,0.0,0.032987554891417845,0.9015281796455383,publication,0.6766831874847412,5.159977197647095,0.3447317828992377,0.38727523605921305,200,0.40362418612734524,1.351951970718801,0.05234038544585928,0.34473178289923767,0.3872752519696951,625.4649091339111,mobile,0.0017773492347341584,0.010847098321818405,31.273244676628,31.273244676628,system,0.0,61,0.3872752519696951,0.055829910701155026,meta_train_support,1,MARGO-SPLIT-v1,20,20,80,3,62,0.0,0.2,20,10,0.0005,0.0005,mrlco_first_order_mean_pseudogradient,fixed_literature_derived_defaults,0.0063778158509861385,0.0003188907925493062,0.06170846871411181,0.0030854234357056143,0.006082729799647077,0.00030413648998235676,3.0,0.0,0.0541949664339335,0.4822475081770001,0.0417874648566427,,,,,,,,,,,,,,,,
0.052902745259160756,0.003,0.99625,0.00075,-8.967005123849958e-05,0.07395907491445541,0.00026141935045226696,0.0015833332979430753,1.309532457590103,0.0,0.0,0.0,0.0,0.0,0.0,0.03180298008393666,0.9724471569061279,publication,0.6387317180633545,5.064258575439453,0.5758338770624986,0.6478481046395609,200,0.6640146020706061,1.8385648038238287,0.03060228013782762,0.5758338770624984,0.6478481152933091,997.2036319160461,mobile,0.0006765934699381613,0.0025340334163718265,49.860179218161505,49.860179218161505,system,0.0,62,0.6478481152933091,0.040685231527393645,meta_train_support,1,MARGO-SPLIT-v1,20,20,80,3,63,0.0,0.2,20,10,0.0005,0.0005,mrlco_first_order_mean_pseudogradient,fixed_literature_derived_defaults,0.006276580678748264,0.00031382903393741,0.060728969210713205,0.0030364484605356346,0.005986178532986012,0.00029930892664930403,3.0,0.0,0.05450879546787091,0.4852839566375357,0.042086773783292,,,,,,,,,,,,,,,,
0.08214644217773417,0.0025,0.99625,0.00125,-0.0003110075485892594,0.22485749423503876,0.00029191502682692774,0.00183333329235514,1.5337294846773146,0.0,0.0,0.0,0.0,0.0,0.0,0.031574020304735426,1.0132824182510376,publication,0.647599458694458,4.836536884307861,1.1936230306294844,1.349326904112786,200,1.3042429680894965,4.407997698523104,0.026600936260365415,1.1936230306294842,1.3493268765043467,429.16300985336306,mobile,0.001539126351064882,0.0034853423361656437,21.45815033569807,21.45815033569807,system,0.0,63,1.3493268765043467,0.057701335424067676,meta_train_support,1,MARGO-SPLIT-v1,20,20,80,3,64,0.0,0.2,20,10,0.0005,0.0005,mrlco_first_order_mean_pseudogradient,fixed_literature_derived_defaults,0.006190390225263024,0.000309519511263151,0.05986238184498491,0.0029931190922492523,0.00589544173601033,0.00029477208680051686,3.0,0.0,0.05481831497913406,0.48827707572978496,0.04238154587009252,,,,,,,,,,,,,,,,
0.07326262841461839,0.00275,0.99625,0.001,-0.0005710001569241285,0.08750615268945694,0.00044948324897783697,0.00183333329235514,1.2936962368587654,0.0,0.0,0.0,0.0,0.0,0.0,0.030675091302837413,1.1822867393493652,publication,0.679577112197876,5.185180187225342,0.7728420841787853,0.8682061024376526,200,0.8743261700106646,2.765770147787407,0.035818679481963045,0.7728420841787853,0.8682061045244336,217.89090227127076,mobile,0.0017288118385354522,0.003973389068191977,10.894545140309196,10.894545140309196,system,0.0,64,0.8682061045244336,0.05611899598274407,meta_train_support,1,MARGO-SPLIT-v1,20,20,80,3,65,0.0,0.2,20,10,0.0005,0.0005,mrlco_first_order_mean_pseudogradient,fixed_literature_derived_defaults,0.00609515345256667,0.00030475767262833076,0.058951600055263884,0.0029475800027631838,0.005804742632379402,0.0002902371316189714,3.0,0.0,0.05512307265176239,0.49122465573254814,0.04267178300171149,,,,,,,,,,,,,,,,
0.06909611915314415,0.0035,0.9955,0.001,7.99179106252268e-05,0.09819751232862473,0.0005744799988140889,0.0023333333122233547,1.2505715797344845,0.0,0.0,0.0,0.0,0.0,0.0,0.03014691105126835,1.3309352397918701,publication,0.6930067539215088,5.36053991317749,0.5732407613124428,0.6439574706498012,200,0.7712474347246414,2.242979890666902,0.05280918237986043,0.5732407613124428,0.6439574391581118,291.0210438728333,mobile,0.0023364640844712754,0.008357290831925629,14.551051496720088,14.551051496720088,system,0.0,65,0.6439574391581118,0.057645876715341125,meta_train_support,1,MARGO-SPLIT-v1,20,20,80,3,66,0.0,0.2,20,10,0.0005,0.0005,mrlco_first_order_mean_pseudogradient,fixed_literature_derived_defaults,0.006002802642679296,0.0003001401321339678,0.05806973152778382,0.0029034865763891693,0.00571679198643426,0.0002858395993217133,3.0,0.0,0.05542321278389636,0.4941281423089373,0.0429576226010332,,,,,,,,,,,,,,,,
0.05631240294314471,0.00475,0.99325,0.002,-0.000474561849841848,0.04541219770908356,0.001192758040148571,0.0035833332532395922,1.1385936285058658,0.0,0.0,0.0,0.0,0.0,0.0,0.033367227292240675,1.4732561111450195,publication,0.6901519298553467,5.633687973022461,0.5022515770825202,0.5656765720240492,200,0.7484911371269888,1.8939009197056293,-0.012644363101571798,0.5022515770825202,0.5656765881367027,261.9130420780182,mobile,0.0023416098072639915,0.005556380049675775,13.095651622495438,13.095651622495438,system,0.0,66,0.5656765881367027,0.04594140802461797,meta_train_support,1,MARGO-SPLIT-v1,20,20,80,3,67,0.0,0.2,20,10,0.0005,0.0005,mrlco_first_order_mean_pseudogradient,fixed_literature_derived_defaults,0.005913208573385575,0.00029566042866927683,0.057211221221556086,0.002860561061077793,0.005631466732905391,0.00028157333664526746,3.0,0.0,0.055718873212565634,0.4969887033700151,0.04323919593767847,,,,,,,,,,,,,,,,
0.054943117331614666,0.00325,0.9955,0.00125,-0.0016167608555406332,0.039536502212285995,0.0010510059846031558,0.004499999883895119,0.9864509999752042,0.0,0.0,0.0,0.0,0.0,0.0,0.03633094997047545,1.5500725507736206,publication,0.6661427021026611,5.404980659484863,0.5285429809761558,0.5954994229493968,200,0.619103687265853,1.8515144968405366,0.0180520244903164,0.5285429809761558,0.5954994185455144,477.5863356208801,mobile,0.004235634772992927,0.009718304640224102,23.879316516041577,23.879316516041577,system,0.0,67,0.5954994185455144,0.03942623837125572,meta_train_support,1,MARGO-SPLIT-v1,20,20,80,3,68,0.0,0.2,20,10,0.0005,0.0005,mrlco_first_order_mean_pseudogradient,fixed_literature_derived_defaults,0.005830355611419816,0.00029151778057098787,0.056428730946014,0.0028214365473007152,0.005561374225939244,0.00027806871129696514,3.0,0.0,0.05601039099313662,0.4998101399173158,0.043517264648975436,,,,,,,,,,,,,,,,
0.052624663293702745,0.00225,0.9955,0.00225,-0.0012519948650151491,0.05314217507839203,0.001296259092562953,0.0025833332755913338,0.8555826216936111,0.0,0.0,0.0,0.0,0.0,0.0,0.04135276410229564,1.5311833620071411,publication,0.5161025524139404,4.230059623718262,0.42615235537295626,0.4792633971258442,200,0.8553392712212683,2.652395825833082,-0.05380527477245778,0.4261523553729563,0.47926339419558645,243.48287600517273,mobile,0.002092701972409263,0.005081322305739075,12.174144386113696,12.174144386113696,system,0.0,68,0.47926339419558645,0.0378537887783427,meta_train_support,1,MARGO-SPLIT-v1,20,20,80,3,69,0.0,0.2,20,10,0.0005,0.0005,mrlco_first_order_mean_pseudogradient,fixed_literature_derived_defaults,0.0057458577040079345,0.00028729288520039364,0.05561092325114424,0.002780546162557185,0.0054807745994763565,0.0002740387299738148,3.0,0.0,0.056297683878337015,0.502590686079873,0.04379130337894925,,,,,,,,,,,,,,,,
0.0765869766410755,0.0055,0.99175,0.00275,-0.0010209190659224987,0.062149956822395325,0.0007095376998734082,0.003416666621342302,0.8544452431301277,0.0,0.0,0.0,0.0,0.0,0.0,0.04403922966848522,1.4940567016601562,publication,0.4927091598510742,4.947059154510498,0.5059705579635108,0.5714518310187304,200,0.5367192128375223,1.6713909143581986,0.021387146785855293,0.5059705579635108,0.5714518215321004,1032.2428524780273,mobile,0.008492915595401716,0.01563690710794375,51.61214355422608,51.61214355422608,system,0.0,69,0.5714518215321004,0.056316970168558224,meta_train_support,1,MARGO-SPLIT-v1,20,20,80,3,70,0.0,0.2,20,10,0.0005,0.0005,mrlco_first_order_mean_pseudogradient,fixed_literature_derived_defaults,0.005663774022522107,0.0002831887011261053,0.05481822412646832,0.002740911206323471,0.0054051061724609715,0.00027025530862304775,3.0,0.0,0.05658087257946312,0.5053315972861965,0.0440615586875723,,,,,,,,,,,,,,,,
0.06530335497766186,0.00525,0.9905,0.00425,-0.0013232671190053225,0.10161007940769196,0.0014806217261745286,0.005166666613270839,1.0442417408029239,0.0,0.0,0.0,0.0,0.0,0.0,0.052791519116214713,1.3615723848342896,publication,0.4326200485229492,4.85641622543335,0.6513179202199243,0.733337930913076,200,0.7004594505609825,2.018822267651558,-0.042689179885201156,0.6513179202199243,0.7333379254885949,472.92429721832275,mobile,0.0036741453395302106,0.01503460275734852,23.64621450123956,23.64621450123956,system,0.0,70,0.7333379254885949,0.04647022707532877,meta_train_support,1,MARGO-SPLIT-v1,20,20,80,3,71,0.0,0.2,20,10,0.0005,0.0005,mrlco_first_order_mean_pseudogradient,fixed_literature_derived_defaults,0.005584002557416162,0.00027920012787081144,0.05404613646271524,0.0027023068231357694,0.005331114464937621,0.0002665557232468807,3.0,0.0,0.05686007270733393,0.5080339041093322,0.04432811441081918,,,,,,,,,,,,,,,,
0.05878054748909558,0.0055,0.9895,0.005,-0.0013980779331177473,0.03378518670797348,0.0023267712443688048,0.006499999978890021,1.0221595833698909,0.0,0.0,0.0,0.0,0.0,0.0,0.05610474455786527,1.2069562673568726,publication,0.6644418239593506,4.76686692237854,0.4600681004419285,0.5174707199426485,200,0.5417906421072967,1.6950171664357185,0.049247324001044035,0.46006810044192853,0.5174707026965916,829.8524620914459,mobile,0.0024023402775435777,0.00788502352926604,41.492620973522,41.492620973522,system,0.0,71,0.5174707026965916,0.04421035945805059,meta_train_support,1,MARGO-SPLIT-v1,20,20,80,3,72,0.0,0.2,20,10,0.0005,0.0005,mrlco_first_order_mean_pseudogradient,fixed_literature_derived_defaults,0.005506446966340938,0.00027532234831705027,0.053295495678510864,0.002664774783925572,0.0052570712084801545,0.0002628535604240062,3.0,0.0,0.05713539505565098,0.5106986788932578,0.044590967971243185,,,,,,,,,,,,,,,,
0.06363931254251566,0.0075,0.9885,0.004,-0.001276256749406457,0.07018430531024933,0.0015922169220478582,0.006499999901279807,1.0929682542880375,0.0,0.0,0.0,0.0,0.0,0.0,0.06106541659523294,1.1146975755691528,publication,0.42438411712646484,4.744799375534058,0.5249170546446651,0.5900453212758293,200,0.6668211432796985,1.667323276400566,0.0037166692782193422,0.5249170546446653,0.5900453169073444,529.1861047458649,mobile,0.0042794788122175065,0.023104561340663996,26.45930638542321,26.45930638542321,system,0.0,72,0.5900453169073444,0.052769581342194824,meta_train_support,1,MARGO-SPLIT-v1,20,20,80,3,73,0.0,0.2,20,10,0.0005,0.0005,mrlco_first_order_mean_pseudogradient,fixed_literature_derived_defaults,0.005431016185980103,0.00027155080929900516,0.05256838072367881,0.0026284190361839377,0.005187624044216977,0.00025938120221084826,3.0,0.0,0.05740694586494999,0.5133270979294418,0.044850349173454034,,,,,,,,,,,,,,,,
0.07277665524016161,0.00675,0.99,0.00325,-0.0008730696281418204,0.14060412347316742,0.0015673722797752512,0.0055833332395801944,0.8214172856261334,0.0,0.0,0.0,0.0,0.0,0.0,0.06177995336227356,1.0854178667068481,publication,0.43469810485839844,5.269240617752075,0.6084382980426889,0.6852065517953634,200,1.0113350090471456,3.3844811506569386,0.047678450238890946,0.608438298042689,0.6852065682411194,539.9487181282043,mobile,0.007870620414922373,0.013810681288237772,26.997433866169175,26.997433866169175,system,0.0,73,0.6852065682411194,0.05917648641309908,meta_train_support,1,MARGO-SPLIT-v1,20,20,80,3,74,0.0,0.2,20,10,0.0005,0.0005,mrlco_first_order_mean_pseudogradient,fixed_literature_derived_defaults,0.005371364340371317,0.0002685682170185666,0.051906687690089014,0.002595334384504433,0.005119839018020272,0.00025599195090101473,3.0,0.0,0.057675514081968554,0.5159224323139462,0.04510634112435505,,,,,,,,,,,,,,,,
0.06688543290739273,0.00925,0.987,0.00375,-0.0004482581571210176,0.14320339262485504,0.00231988313535112,0.008166666654869913,0.9003025601307553,0.0,0.0,0.0,0.0,0.0,0.0,0.06058879135879795,1.062835454940796,publication,0.6371066570281982,4.923368215560913,0.6915085483330097,0.7777119705779478,200,1.086773946870505,3.5324468929320574,-0.03543924493715167,0.6915085483330097,0.777711977250874,299.1393759059906,mobile,0.0017372952141395234,0.014447565877315618,14.95696942878333,14.95696942878333,system,0.0,74,0.777711977250874,0.055336700845659836,meta_train_support,1,MARGO-SPLIT-v1,20,20,80,3,75,0.0,0.2,20,10,0.0005,0.0005,mrlco_first_order_mean_pseudogradient,fixed_literature_derived_defaults,0.005299746149166366,0.000264987307458317,0.05121459852088783,0.0025607299260443916,0.005051574497780002,0.00025257872488899935,3.0,0.0,0.05794050138942687,0.5184831622399906,0.04535891984924405,,,,,,,,,,,,,,,,
0.06848095922127509,0.0085,0.98925,0.00225,-0.0003083581104874611,0.11422218382358551,0.002824907776569792,0.0071666665375232684,0.8176440725723904,0.0,0.0,0.0,0.0,0.0,0.0,0.059425340256143676,1.0828453302383423,publication,0.6086831092834473,4.940066576004028,0.7978234227118718,0.8966214939429483,200,0.9999203532333684,3.3077380433678627,0.0026982962153851986,0.7978234227118719,0.8966214739624411,452.88973015785217,mobile,0.0036795720181143302,0.008920599422206864,22.64448632125042,22.64448632125042,system,0.0,75,0.8966214739624411,0.052112435592170554,meta_train_support,1,MARGO-SPLIT-v1,20,20,80,3,76,0.0,0.2,20,10,0.0005,0.0005,mrlco_first_order_mean_pseudogradient,fixed_literature_derived_defaults,0.005230012647203651,0.0002615006323601829,0.05055911601596961,0.0025279558007984537,0.004987213062929046,0.00024936065314645067,3.0,0.0,0.058202002021787054,0.521011118040789,0.0456082805023905,,,,,,,,,,,,,,,,
0.06770582852198086,0.00625,0.9915,0.00225,-0.0009883444290608168,0.07256343960762024,0.001769685007457156,0.005083333235234022,0.8664172286788622,0.0,0.0,0.0,0.0,0.0,0.0,0.05611892506630915,1.1326043605804443,publication,0.4694814682006836,4.880124092102051,0.6591308949079422,0.7436970254391781,200,0.7325342074698752,2.14655636344105,0.03278754441998899,0.6591308949079422,0.7436970411427319,611.0859121894837,mobile,0.001084708599848054,0.0035110423601777286,30.55429385867886,30.55429385867886,system,0.0,76,0.7436970411427319,0.05316785525355077,meta_train_support,1,MARGO-SPLIT-v1,20,20,80,3,77,0.0,0.2,20,10,0.0005,0.0005,mrlco_first_order_mean_pseudogradient,fixed_literature_derived_defaults,0.005162090405032175,0.00025810452025160774,0.04990250411965831,0.00249512520598294,0.004922444062111786,0.0002461222031055893,3.0,0.0,0.05846010654203866,0.523506243246772,0.04585440270549609,,,,,,,,,,,,,,,,
0.06940923414790687,0.00475,0.99325,0.002,-0.0013644419377669692,0.021186955273151398,0.0019722067913486778,0.0042499999360491834,0.7601483047008515,0.0,0.0,0.0,0.0,0.0,0.0,0.04603937346666155,1.1852478981018066,publication,0.6824843883514404,5.107899188995361,0.38937373181693785,0.43794808959682996,200,0.566835645135102,1.6921811942011118,0.045145149022573605,0.38937373181693796,0.437948101516813,195.98628273010254,mobile,0.0011718392445494157,0.002823744085758628,9.799314578752337,9.799314578752337,system,0.0,77,0.437948101516813,0.05219629060830911,meta_train_support,1,MARGO-SPLIT-v1,20,20,80,3,78,0.0,0.2,20,10,0.0005,0.0005,mrlco_first_order_mean_pseudogradient,fixed_literature_derived_defaults,0.005095909758813814,0.00025479548794068996,0.049264592634297624,0.0024632296317148583,0.004859335804905224,0.0002429667902452623,3.0,0.0,0.05871490202997935,0.5259694728784868,0.04609736949574135,,,,,,,,,,,,,,,,
0.06613965023176485,0.00425,0.99475,0.001,-0.0008763954392634332,0.05055355653166771,0.0013548968875814655,0.002999999932944775,0.9530156140526136,0.0,0.0,0.0,0.0,0.0,0.0,0.037002511505651786,1.2513246536254883,publication,0.6528351306915283,4.942068099975586,0.5416640421255279,0.610653805689908,200,0.8409392040729614,2.3255300070159137,0.028287677254411392,0.541664042125528,0.6106538010947407,151.2320592880249,mobile,0.00046385676407278775,0.0025962110543775053,7.561603153014404,7.561603153014404,system,0.0,78,0.6106538010947407,0.04791628104442543,meta_train_support,1,MARGO-SPLIT-v1,20,20,80,3,79,0.0,0.2,20,10,0.0005,0.0005,mrlco_first_order_mean_pseudogradient,fixed_literature_derived_defaults,0.0050314045719933856,0.00025157022859966655,0.04864099019588879,0.002432049509794476,0.004797825225096298,0.0002398912612548154,3.0,0.0,0.05896647225857902,0.5284015223882813,0.046337260756996165,,,,,,,,,,,,,,,,
0.06172544034238139,0.00175,0.997,0.00125,-0.0007852310664020479,0.09333683550357819,0.0002934681830993213,0.0012499999720603228,1.1451248680551847,0.0,0.0,0.0,0.0,0.0,0.0,0.030600695525844466,1.322222352027893,publication,0.6644861698150635,5.357874155044556,0.6442154938405121,0.7246545914146918,200,0.7401044382176571,2.019275113940239,0.04435326880775392,0.6442154938405121,0.7246545912511647,510.80570985794066,mobile,0.0011589925740730408,0.004448231139522265,25.54028749481387,25.54028749481387,system,0.0,79,0.7246545912511647,0.044533875137909046,meta_train_support,1,MARGO-SPLIT-v1,20,20,80,3,80,0.0,0.2,20,10,0.0005,0.0005,mrlco_first_order_mean_pseudogradient,fixed_literature_derived_defaults,0.004968512014843468,0.0002484256007421748,0.04803997471671505,0.0024019987358357975,0.004737852409782594,0.0002368926204891278,3.0,0.0,0.05921489785932119,0.5308035211241171,0.04657415337748529,,,,,,,,,,,,,,,,
0.04877037961500002,0.0015,0.9975,0.001,-0.0006908202776685357,0.061893392354249954,9.372013843934232e-05,0.0009166666461775701,1.108016374707222,0.0,0.0,0.0,0.0,0.0,0.0,0.02601020038284443,1.3683226108551025,publication,0.6600685119628906,5.003574371337891,0.8083283693402202,0.9087511004722728,200,1.0014847321637956,3.07479786046315,0.03317787224659696,0.8083283693402205,0.9087510972470045,661.8360228347779,mobile,0.0011753746571107758,0.0038161657925542647,33.09180089261206,33.09180089261206,system,0.0,80,0.9087510972470045,0.039400188725921985,meta_train_support,1,MARGO-SPLIT-v1,20,20,80,3,81,0.0,0.2,20,10,0.0005,0.0005,mrlco_first_order_mean_pseudogradient,fixed_literature_derived_defaults,0.004907172360339228,0.00024535861801695813,0.04744690330937887,0.0023723451654689143,0.004679360404723549,0.0002339680202361749,3.0,0.0,0.05946025647733815,0.533175866289586,0.04680812139772147,,,,,,,,,,,,,,,,
0.07756526475194776,0.00225,0.99725,0.0005,-0.0010831861291080713,0.06590370088815689,0.0002963445807533086,0.0013333333035310108,1.048134782910347,0.0,0.0,0.0,0.0,0.0,0.0,0.023889198665203285,1.3820209503173828,publication,0.5882878303527832,3.371155261993408,0.7744267735184408,0.8732514180740191,200,0.6961783783028412,1.7219099351204932,0.009611011919332668,0.774426773518441,0.8732513963244856,349.97663543701174,mobile,0.0029576477690538548,0.006938926534986314,17.49883300588583,17.49883300588583,system,0.0,81,0.8732513963244856,0.06209164432414952,meta_train_support,1,MARGO-SPLIT-v1,20,20,80,3,82,0.0,0.2,20,10,0.0005,0.0005,mrlco_first_order_mean_pseudogradient,fixed_literature_derived_defaults,0.004847761216552686,0.0002423880608276377,0.04688027976994675,0.002344013988497373,0.004626519030541855,0.00023132595152709073,3.0,0.0,0.05970264453816579,0.5355198802780834,0.04703944734924856,,,,,,,,,,,,,,,,
0.06160617490104471,0.00125,0.9985,0.00025,-0.0009993014391511679,0.035917703062295914,0.00014601102311881202,0.0004999999888241291,0.8503896662344534,0.0,0.0,0.0,0.0,0.0,0.0,0.02273011695417128,1.3953346014022827,publication,0.6475763320922852,3.401273012161255,0.6593320602446283,0.742134068816813,200,0.8319234020203388,2.719955211505294,-0.037495130905881524,0.6593320602446282,0.7421340723522007,258.45119099617006,mobile,0.002831916011080848,0.005661731417144695,12.922559322317717,12.922559322317717,system,0.0,82,0.7421340723522007,0.050474764735908124,meta_train_support,1,MARGO-SPLIT-v1,20,20,80,3,83,0.0,0.2,20,10,0.0005,0.0005,mrlco_first_order_mean_pseudogradient,fixed_literature_derived_defaults,0.004789354454907473,0.00023946772274537065,0.0463521036406595,0.0023176051820329446,0.004580965527301124,0.00022904827636505837,3.0,0.0,0.05994211226091116,0.5378374854601163,0.04726849562561362,,,,,,,,,,,,,,,,
0.05528829607083038,0.001,0.99825,0.00075,-0.0009246700210496783,0.019780831411480904,0.0002554846278627565,0.0009999999776482583,0.7180701326578856,0.0,0.0,0.0,0.0,0.0,0.0,0.02218346964490262,1.3532947301864624,publication,0.6139752864837646,5.054706335067749,0.2527799636107871,0.2848100119124865,200,0.4722506761796965,1.6320394854992628,0.03395887720398605,0.2527799636107871,0.2848100178316236,348.5779379463196,mobile,0.0010365262076150283,0.0015999684415545672,17.428897647684018,17.428897647684018,system,0.0,83,0.2848100178316236,0.04574679931297705,meta_train_support,1,MARGO-SPLIT-v1,20,20,80,3,84,0.0,0.2,20,10,0.0005,0.0005,mrlco_first_order_mean_pseudogradient,fixed_literature_derived_defaults,0.004732338330444289,0.00023661691652221428,0.045800292883032605,0.0022900146441516833,0.0045264302234046825,0.0002263215111702327,3.0,0.0,0.060178729177433374,0.540127500104268,0.04749481713678385,,,,,,,,,,,,,,,,
0.06567000621962787,0.00125,0.997,0.00175,-0.0006895684055052698,0.05330081284046173,0.000612873372476012,0.0017499999608844518,1.1245154837767284,0.0,0.0,0.0,0.0,0.0,0.0,0.02434193974169951,1.2663990259170532,publication,0.6872415542602539,5.169204473495483,1.006755286478723,1.1348011222926289,200,0.7618905993389201,2.222750527318567,0.07224890153156593,1.006755286478723,1.1348010939359665,671.356552734375,mobile,0.0012032274204802178,0.012405016642527711,33.567826316541876,33.567826316541876,system,0.0,84,1.1348010939359665,0.048952368375450826,meta_train_support,1,MARGO-SPLIT-v1,20,20,80,3,85,0.0,0.2,20,10,0.0005,0.0005,mrlco_first_order_mean_pseudogradient,fixed_literature_derived_defaults,0.0046766637618508265,0.00023383318809254428,0.04526146590793811,0.002263073295396878,0.004473178103129333,0.00022365890515646525,3.0,0.0,0.06041256236552592,0.5423905733996649,0.047718476041940315,,,,,,,,,,,,,,,,
0.0762145223354351,0.002,0.99625,0.00175,-0.0004707934276666492,0.22048898041248322,0.0005498368795998705,0.0019999999552965165,1.2723180050651233,0.0,0.0,0.0,0.0,0.0,0.0,0.025396837936044532,1.1994353532791138,publication,0.6247706413269043,5.292111158370972,0.8443884484397886,0.955358312980934,200,1.0139994121777132,3.2329394072294235,0.03250584579654969,0.8443884484397886,0.9553583269193768,652.2767087554931,mobile,0.0016907115362890235,0.0056377518748277474,32.6138351057991,32.6138351057991,system,0.0,85,0.9553583269193768,0.057731143761304414,meta_train_support,1,MARGO-SPLIT-v1,20,20,80,3,86,0.0,0.2,20,10,0.0005,0.0005,mrlco_first_order_mean_pseudogradient,fixed_literature_derived_defaults,0.004622283950666515,0.00023111419753332751,0.04474181322489158,0.0022370906612445562,0.004422152778515507,0.0002211076389257785,3.0,0.0,0.060643676563059246,0.5446276640609095,0.047939583680866094,,,,,,,,,,,,,,,,
0.04256852179726398,0.00075,0.99825,0.001,-0.0003992858692072332,0.05162505432963371,0.00014273360552010672,0.0006666666517655055,1.061067103346189,0.0,0.0,0.0,0.0,0.0,0.0,0.027829146455590068,1.1637407541275024,publication,0.6728208065032959,5.405963659286499,0.36381921088142394,0.40841441021348146,200,0.5051856724735005,1.6352101445954759,0.0076768448343500495,0.3638192108814239,0.4084144110046327,954.8465802669525,mobile,0.002279604246997398,0.005097560514824613,47.74232582454117,47.74232582454117,system,0.0,86,0.4084144110046327,0.03332848964974709,meta_train_support,1,MARGO-SPLIT-v1,20,20,80,3,87,0.0,0.2,20,10,0.0005,0.0005,mrlco_first_order_mean_pseudogradient,fixed_literature_derived_defaults,0.0045691542500841415,0.00022845771250420976,0.04422753950966294,0.002211376975483126,0.004371323436233719,0.0002185661718116863,3.0,0.0,0.060872134275563455,0.5468390410363926,0.04815814985267778,,,,,,,,,,,,,,,,
0.061148988384113964,0.003,0.99525,0.00175,-0.0005203409236855805,0.062131501734256744,0.0007066381078656055,0.0029999999639888607,1.1318568661808968,0.0,0.0,0.0,0.0,0.0,0.0,0.03010405500635465,1.135196328163147,publication,0.5496349334716797,5.017977237701416,0.7671248627017405,0.8639228182254738,200,0.7702506228488278,2.427853954490274,0.0514626523363404,0.7671248627017406,0.863922840859741,539.2018132400513,mobile,0.00224405609786366,0.00621998374547053,26.960089234845924,26.960089234845924,system,0.0,87,0.863922840859741,0.04639131489338182,meta_train_support,1,MARGO-SPLIT-v1,20,20,80,3,88,0.0,0.2,20,10,0.0005,0.0005,mrlco_first_order_mean_pseudogradient,fixed_literature_derived_defaults,0.004517232042696821,0.0002258616021348428,0.043727249979725734,0.002186362498986294,0.0043216493062765175,0.00021608246531382852,3.0,0.0,0.0610979958776983,0.5490254035353789,0.04837423231799161,,,,,,,,,,,,,,,,
0.07796803839108243,0.00275,0.99575,0.0015,-0.0006220160867087543,0.12731045484542847,0.0008674341194819137,0.0024999999596426884,1.2895662804444632,0.0,0.0,0.0,0.0,0.0,0.0,0.032030798653808354,1.1406104564666748,publication,0.6504113674163818,5.198340654373169,1.0539646776074545,1.1869182873529645,200,1.0188004302981069,3.0398457320407033,0.06866891903337091,1.0539646776074547,1.1869182439520956,237.15632403373718,mobile,0.001421428216893242,0.001980186575955894,11.857816245708884,11.857816245708884,system,0.0,88,1.1869182439520956,0.06042343334136949,meta_train_support,1,MARGO-SPLIT-v1,20,20,80,3,89,0.0,0.2,20,10,0.0005,0.0005,mrlco_first_order_mean_pseudogradient,fixed_literature_derived_defaults,0.0044692632033691716,0.00022346316016846196,0.04325031814331439,0.002162515907165763,0.004273091448902624,0.00021365457244513358,3.0,0.0,0.06132145903786676,0.5511879194425446,0.04858788689043674,,,,,,,,,,,,,,,,
0.055421498844864005,0.00225,0.996,0.00175,-0.00043903166078962386,0.03410255163908005,0.0008291877306684606,0.0025833332755913338,0.9194317356993753,0.0,0.0,0.0,0.0,0.0,0.0,0.030781791802655,1.1845510005950928,publication,0.4707770347595215,5.10779595375061,0.5294511841848468,0.5944509324515388,200,0.5293089831788237,1.4361066240817308,0.05730494498857297,0.5294511841848469,0.5944509447365999,434.7701783561707,mobile,0.0010532960084433146,0.0025962834580279827,21.738508963628522,21.738508963628522,system,0.0,89,0.5944509447365999,0.04209996591081435,meta_train_support,1,MARGO-SPLIT-v1,20,20,80,3,90,0.0,0.2,20,10,0.0005,0.0005,mrlco_first_order_mean_pseudogradient,fixed_literature_derived_defaults,0.004419604723331736,0.00022098023616658885,0.04276975905283312,0.00213848795264171,0.004225612655025929,0.000211280632751297,3.0,0.0,0.06154243927403335,0.5533264073951863,0.04879916752318804,,,,,,,,,,,,,,,,
0.058574371529309235,0.0035,0.995,0.0015,-0.0006456626579165459,0.10997658222913742,0.0008101986219268536,0.003083333264415463,0.9523634149382512,0.0,0.0,0.0,0.0,0.0,0.0,0.03141746421869583,1.2311053276062012,publication,0.4345395565032959,3.457007646560669,0.6011606226615677,0.6759671009549493,200,0.9435628124929195,2.706441121175885,0.027386987174395472,0.6011606226615678,0.6759670908749104,232.34059752464293,mobile,0.0006642144686918017,0.001539632957351823,11.617029170460071,11.617029170460071,system,0.0,90,0.6759670908749104,0.044742824028502035,meta_train_support,1,MARGO-SPLIT-v1,20,20,80,3,91,0.0,0.2,20,10,0.0005,0.0005,mrlco_first_order_mean_pseudogradient,fixed_literature_derived_defaults,0.004371037638459959,0.0002185518819229973,0.042299761700604184,0.0021149880850301894,0.0041791773511245444,0.0002089588675562304,3.0,0.0,0.061760991155956346,0.5554413954802165,0.04900812639074427,,,,,,,,,,,,,,,,
0.04980473499762876,0.00325,0.99575,0.001,-0.0005956547684036195,0.027828631922602654,0.0008383832342948002,0.0020833332867672047,0.8057595898707708,0.0,0.0,0.0,0.0,0.0,0.0,0.02849755483604871,1.3349385261535645,publication,0.45372629165649414,4.558557748794556,0.46732840048344954,0.525208332225011,200,0.6310231514861206,1.7590286114718765,0.0034894453710876405,0.4673284004834494,0.5252083479776047,613.2987978935241,mobile,0.0009904098574373026,0.0017953112130350806,30.664937819281004,30.664937819281004,system,0.0,91,0.5252083479776047,0.042617839796890294,meta_train_support,1,MARGO-SPLIT-v1,20,20,80,3,92,0.0,0.2,20,10,0.0005,0.0005,mrlco_first_order_mean_pseudogradient,fixed_literature_derived_defaults,0.004323526359781046,0.00021617631798905024,0.04183998168211935,0.0020919990841059555,0.004133751510351452,0.0002066875755175751,3.0,0.0,0.061977167473945396,0.5575333945643225,0.049214813966261844,,,,,,,,,,,,,,,,
0.06573136848565875,0.0035,0.99575,0.00075,-0.0002443123667035252,0.021883023902773857,0.0010719634554277491,0.0025833332755913338,0.8781859916945299,0.0,0.0,0.0,0.0,0.0,0.0,0.025636895482090204,1.4213730096817017,publication,0.44715380668640137,4.244156360626221,0.4946718632100542,0.5561821877864986,200,0.7114959410956955,1.72449457552284,0.04470941572799347,0.49467186321005413,0.5561822027340532,133.03108289718628,mobile,0.0006815319646474069,0.003685251944431755,6.651554181116068,6.651554181116068,system,0.0,92,0.5561822027340532,0.048077409240986094,meta_train_support,1,MARGO-SPLIT-v1,20,20,80,3,93,0.0,0.2,20,10,0.0005,0.0005,mrlco_first_order_mean_pseudogradient,fixed_literature_derived_defaults,0.004277036829030713,0.00021385184145153446,0.041390089405967535,0.002069504470298411,0.004089302569379931,0.00020446512846899328,3.0,0.0,0.06219101931539693,0.5596028990346209,0.04941927909473084,,,,,,,,,,,,,,,,
0.06006603932019976,0.00175,0.9975,0.00075,-0.0007600776152685285,0.03902570158243179,0.000270762760411003,0.001249999972060323,1.1331951489051184,0.0,0.0,0.0,0.0,0.0,0.0,0.022356736459930252,1.4876397848129272,publication,0.43740177154541016,3.5067546367645264,0.45853683541309226,0.5168283270856773,200,0.6330113688889256,1.8104398208670318,0.04373157175723463,0.45853683541309226,0.5168283355794847,599.2634852409362,mobile,0.0026555752275843857,0.00571055739541747,29.963174770889374,29.963174770889374,system,0.0,93,0.5168283355794847,0.044435323257969055,meta_train_support,1,MARGO-SPLIT-v1,20,20,80,3,94,0.0,0.2,20,10,0.0005,0.0005,mrlco_first_order_mean_pseudogradient,fixed_literature_derived_defaults,0.004231536437232513,0.0002115768218616254,0.04099492312072775,0.0020497461560363694,0.004052221940584744,0.00020261109702923719,3.0,0.0,0.062402596137258556,0.5616526451906573,0.049621890191760075,,,,,,,,,,,,,,,,
0.06401143072234804,0.00175,0.9975,0.00075,-0.0005674702697433531,0.08755042403936386,0.00044092781852214105,0.0011666666405896345,1.2439787646134695,0.0,0.0,0.0,0.0,0.0,0.0,0.018213087010560392,1.52678382396698,publication,0.4649088382720947,5.128932476043701,0.5892210573047333,0.6626101251406362,200,0.9327907222894541,3.0188834657892585,0.027419036778155714,0.5892210573047333,0.6626101216953247,434.60995429992676,mobile,0.000808799933105581,0.0036423026992630585,21.730495905859435,21.730495905859435,system,0.0,94,0.6626101216953247,0.04709220207583985,meta_train_support,1,MARGO-SPLIT-v1,20,20,80,3,95,0.0,0.2,20,10,0.0005,0.0005,mrlco_first_order_mean_pseudogradient,fixed_literature_derived_defaults,0.00418699394841954,0.00020934969742097964,0.04056999091446958,0.0020284995457234833,0.004009566972789115,0.00020047834863945457,3.0,0.0,0.06261194583467954,0.5636811447363808,0.04982236854039953,,,,,,,,,,,,,,,,
0.06049121634419354,0.0015,0.9975,0.001,-0.0004144003614783287,0.04392427206039429,0.0005261629293568622,0.0015833332979430753,1.1118585551778477,0.0,0.0,0.0,0.0,0.0,0.0,0.016505364024785477,1.535449504852295,publication,0.4420945644378662,5.184772253036499,0.6994273398965141,0.7871882445224037,200,0.7095366798967239,1.84297053841874,0.028730783611536026,0.6994273398965138,0.7871882432419807,795.6881827163696,mobile,0.0005872138378179455,0.005733196239976514,39.784409375576,39.784409375576,system,0.0,95,0.7871882432419807,0.04661197028621223,meta_train_support,1,MARGO-SPLIT-v1,20,20,80,3,96,0.0,0.2,20,10,0.0005,0.0005,mrlco_first_order_mean_pseudogradient,fixed_literature_derived_defaults,0.004143379428123503,0.0002071689714061714,0.04014738684244385,0.0020073693421222005,0.003967800650155895,0.00019839003250779474,3.0,0.0,0.06281911480608571,0.565688514078503,0.050020758572907324,,,,,,,,,,,,,,,,
0.06634162621390512,0.00275,0.9965,0.00075,-0.00045453605707734823,0.08839569985866547,0.00033256569135051703,0.0015833332979430757,1.0717281738917033,0.0,0.0,0.0,0.0,0.0,0.0,0.01574773866752226,1.4835745096206665,publication,0.6669595241546631,5.1861045360565186,0.8020168384231273,0.9031414019991644,200,0.8362897257984213,2.9388614604249597,0.04217135801445693,0.8020168384231274,0.9031413734704256,792.4746493148804,mobile,0.0005863285604700481,0.0042355109981198616,39.623731660846175,39.623731660846175,system,0.0,96,0.9031413734704256,0.04416434700819738,meta_train_support,1,MARGO-SPLIT-v1,20,20,80,3,97,0.0,0.2,20,10,0.0005,0.0005,mrlco_first_order_mean_pseudogradient,fixed_literature_derived_defaults,0.004100664176287178,0.00020503320881436193,0.03973790165456757,0.0019868950827284237,0.003926895488814082,0.00019634477444070708,3.0,0.0,0.06302414801490007,0.5676754091612314,0.05021710334734803,,,,,,,,,,,,,,,,
0.06103698854549418,0.0025,0.99675,0.00075,-0.0006580691551789641,0.1381053328514099,0.000511235792525137,0.0016666666294137638,1.130227049936851,0.0,0.0,0.0,0.0,0.0,0.0,0.015490057537709044,1.3751755952835083,publication,0.6860640048980713,5.105452060699463,0.7575741173160212,0.8533372822471574,200,0.9563091606068657,3.2910068733617663,0.04716012300923467,0.7575741173160211,0.8533372651040554,344.30594108581545,mobile,0.0011394347514750746,0.0030252343537500964,17.215297471740882,17.215297471740882,system,0.0,97,0.8533372651040554,0.0402593358971723,meta_train_support,1,MARGO-SPLIT-v1,20,20,80,3,98,0.0,0.2,20,10,0.0005,0.0005,mrlco_first_order_mean_pseudogradient,fixed_literature_derived_defaults,0.004058820664284248,0.0002029410332142073,0.039332961817733866,0.001966648090886647,0.0038868251266833257,0.00019434125633416288,3.0,0.0,0.06322708904811428,0.569642057252118,0.050411444603682194,,,,,,,,,,,,,,,,
0.06432848751942963,0.00075,0.9985,0.00075,-0.0004045369860250503,0.0451541543006897,6.178503644980183e-05,0.0006666666517655054,1.1478380180895331,0.0,0.0,0.0,0.0,0.0,0.0,0.0119971956379819,1.2759164571762085,publication,0.6927196979522705,5.31679892539978,0.5551098751346287,0.6241550421193096,200,0.6906151088573025,2.031693775439635,0.046645037189591676,0.5551098751346288,0.624155034981668,361.1195886039734,mobile,0.0006430813887765492,0.000987630959667002,18.055979163328747,18.055979163328747,system,0.0,98,0.624155034981668,0.04982251282567395,meta_train_support,1,MARGO-SPLIT-v1,20,20,80,3,99,0.0,0.2,20,10,0.0005,0.0005,mrlco_first_order_mean_pseudogradient,fixed_literature_derived_defaults,0.0040178224757561245,0.00020089112378780805,0.038935659173110294,0.0019467829586554686,0.0038475642668178373,0.00019237821334089356,3.0,0.0,0.06342798017190208,0.5715888402107735,0.05060382281702309,,,,,,,,,,,,,,,,
0.047060738531258764,0.00075,0.99875,0.0005,-0.00021643236686941236,0.07805081456899643,0.0002932621820217325,0.0005833333202948174,1.3455245653788248,0.0,0.0,0.0,0.0,0.0,0.0,0.012850494098321284,1.1624884605407715,publication,0.6388218402862549,5.0695881843566895,0.5908859379040685,0.6636045067521263,200,0.7458504080594364,2.2386694476008415,0.062177509658795316,0.5908859379040685,0.663604501709342,380.03826023101806,mobile,0.00022553457059096906,0.00031834053892170367,19.00191410199584,19.00191410199584,system,0.0,99,0.663604501709342,0.03545226159611371,meta_train_support,1,MARGO-SPLIT-v1,20,20,80,3,100,0.0,0.2,20,10,0.0005,0.0005,mrlco_first_order_mean_pseudogradient,fixed_literature_derived_defaults,0.003977644250998563,0.00019888221254993343,0.038547825167281946,0.001927391258364053,0.0038100144495245942,0.00019050072247622785,3.0,0.0,0.06362686238445202,0.5735162314691375,0.050794323539499316,,,,,,,,,,,,,,,,
0.04966258146042198,0.0005,0.99925,0.00025,-0.0002578587445896119,0.1514962613582611,0.00012720379262288383,0.0004999999888241291,1.338995419939359,0.0,0.0,0.0,0.0,0.0,0.0,0.012636156407286565,1.0964415073394775,publication,0.6585800647735596,5.183069944381714,0.7978820338345488,0.8990367792057077,200,1.1513791516464924,3.9910422107204795,0.02934798765636515,0.7978820338345491,0.8990368109196425,778.8991444778443,mobile,0.00032421357047810975,0.0020158278728470342,38.94495527038266,38.94495527038266,system,0.0,100,0.8990368109196425,0.03908321679464766,meta_train_support,1,MARGO-SPLIT-v1,20,20,80,3,101,0.0,0.2,20,10,0.0005,0.0005,mrlco_first_order_mean_pseudogradient,fixed_literature_derived_defaults,0.003938261634652042,0.0001969130817325998,0.038166163531962324,0.0019083081765981502,0.0037722915341827667,0.00018861457670913545,3.0,0.0,0.06382377546618462,0.5754245396457357,0.05098293811620845,-0.15127294566645144,-0.11729950203652698,0.11729950203652698,0.075,0.25,0.025,0.03875,0.975,0.975,0.0,validation/automotive_lexicographic_v1,automotive_lexicographic_v1,a3bd00d5108237acdb706f561212b5d840bac151f48b5250a61c573d9c9ffb6c,94976268.0,0.11729950203652698,1.0
0.06332125366676318,0.00075,0.9985,0.00075,-0.00018552503024693578,0.06561929732561111,0.00013295358834331715,0.0009999999776482583,1.1345012083960078,0.0,0.0,0.0,0.0,0.0,0.0,0.012992225290504913,1.0892058610916138,publication,0.6239023208618164,5.125188827514648,0.7165521987854941,0.8052102430158539,200,0.7209052194303472,1.904522417113185,0.015390326967462897,0.7165521987854943,0.8052102512912824,668.8673054504394,mobile,0.001123589851879097,0.08174676983804295,33.443366454242245,33.443366454242245,system,0.0,101,0.8052102512912824,0.045299289180416,meta_train_support,1,MARGO-SPLIT-v1,20,20,80,3,102,0.0,0.2,20,10,0.0005,0.0005,mrlco_first_order_mean_pseudogradient,fixed_literature_derived_defaults,0.0038996512264691794,0.00019498256132345626,0.037791985458119556,0.0018895992729059952,0.0037353082838476413,0.00018676541419238024,3.0,0.0,0.06401875802750807,0.5773141389186417,0.05116970353040083,,,,,,,,,,,,,,,,
0.06044823040465173,0.001,0.99875,0.00025,-0.0001228177425218746,0.05066634342074394,0.0004170118753775634,0.0008333333147068819,0.9491183618704475,0.0,0.0,0.0,0.0,0.0,0.0,0.01277758094841253,1.0557808876037598,publication,0.6491999626159668,4.975281476974487,0.8187981919980578,0.9224477045783714,200,0.9117282397591147,2.571664090268314,0.07260475169459824,0.8187981919980578,0.9224477131664753,543.3255711364747,mobile,0.00024855815001090036,0.001761963399747237,27.16628002075505,27.16628002075505,system,0.0,102,0.9224477131664753,0.045583338983338155,meta_train_support,1,MARGO-SPLIT-v1,20,20,80,3,103,0.0,0.2,20,10,0.0005,0.0005,mrlco_first_order_mean_pseudogradient,fixed_literature_derived_defaults,0.003861790534950061,0.00019308952674750024,0.03742507297794364,0.0018712536488971754,0.003699043154878247,0.00018495215774391033,3.0,0.0,0.06421184755425557,0.5791853925675389,0.05135465568814474,,,,,,,,,,,,,,,,
0.04126830359254548,0.001,0.9985,0.0005,-0.0003079109301324934,0.07907111197710037,0.0001309591199427492,0.00041666665735344094,1.087167882670959,0.0,0.0,0.0,0.0,0.0,0.0,0.01439372677894966,1.0113500356674194,publication,0.678497314453125,5.059484958648682,0.5617811820007187,0.6334014469376416,200,0.8381576899643828,2.896808241494,0.021974517119815573,0.5617811820007189,0.6334014500398188,756.6245560455322,mobile,0.000527864420633521,0.002869845226611212,37.83122698587353,37.83122698587353,system,0.0,103,0.6334014500398188,0.0329952123546901,meta_train_support,1,MARGO-SPLIT-v1,20,20,80,3,104,0.0,0.2,20,10,0.0005,0.0005,mrlco_first_order_mean_pseudogradient,fixed_literature_derived_defaults,0.0038246579336524643,0.00019123289668261656,0.03706521650700187,0.0018532608253500893,0.0036634754322351867,0.00018317377161176235,3.0,0.0,0.06440308045093819,0.581038653392889,0.051537829459756504,,,,,,,,,,,,,,,,
0.06056945485514228,0.00075,0.99925,0.0,-0.0001915725733852014,0.07684113830327988,2.0237480111381007e-05,0.00024999999441206456,1.12223522712787,0.0,0.0,0.0,0.0,0.0,0.0,0.014031462985476187,1.0656486749649048,publication,0.6518924236297607,4.886452913284302,0.7863283052855362,0.8879600351690897,200,0.957834620502418,3.1349792724940926,0.04597503205877729,0.786328305285536,0.88796002632007,876.9207472610474,mobile,0.00017547580561873112,0.0008312481709700385,43.846037673479984,43.846037673479984,system,0.0,104,0.88796002632007,0.04823415216147719,meta_train_support,1,MARGO-SPLIT-v1,20,20,80,3,105,0.0,0.2,20,10,0.0005,0.0005,mrlco_first_order_mean_pseudogradient,fixed_literature_derived_defaults,0.0037882326199986313,0.0001894116309999333,0.03671221444503042,0.0018356107222514684,0.003628585190023423,0.00018142925950117433,3.0,0.0,0.06459249208193812,0.5828742641151404,0.05171925871925768,,,,,,,,,,,,,,,,
0.06320605879069088,0.00075,0.9985,0.00075,-0.0001792356779333204,0.09842823445796967,0.0002376379974284267,0.0007499999832361937,1.0054880412916343,0.0,0.0,0.0,0.0,0.0,0.0,0.014088613146702768,1.0539849996566772,publication,0.6258547306060791,3.28625750541687,0.9001535106745764,1.014334409662115,200,0.7547796667225604,2.328413336072117,0.025940954859834164,0.9001535106745763,1.0143343935348093,803.9336682510376,mobile,0.00043958476538944705,0.001505713761363546,40.19668318768753,40.19668318768753,system,0.0,105,1.0143343935348093,0.0481619326454562,meta_train_support,1,MARGO-SPLIT-v1,20,20,80,3,106,0.0,0.2,20,10,0.0005,0.0005,mrlco_first_order_mean_pseudogradient,fixed_literature_derived_defaults,0.0037524945764137387,0.0001876247288206817,0.03636587279932259,0.0018182936399661065,0.003594353254268485,0.0001797176627134217,3.0,0.0,0.0647801168107588,0.5846925577551065,0.0518989763819711,,,,,,,,,,,,,,,,
0.05324565414569125,0.00175,0.9975,0.00075,-0.00025995910982601345,0.026471765711903572,0.00015455206976895398,0.0010833333091189463,1.0299624770879743,0.0,0.0,0.0,0.0,0.0,0.0,0.013307308747866722,1.0758562088012695,publication,0.6788477897644043,5.176695823669434,0.4709095561652314,0.52760176804004,200,0.5724806524428524,1.6688324487186037,0.04467849843786098,0.47090955616523145,0.5276017547398806,354.1778867721558,mobile,0.0009591865852083969,0.0058670112372149795,17.708893816554237,17.708893816554237,system,0.0,106,0.5276017547398806,0.04106478190389962,meta_train_support,1,MARGO-SPLIT-v1,20,20,80,3,107,0.0,0.2,20,10,0.0005,0.0005,mrlco_first_order_mean_pseudogradient,fixed_literature_derived_defaults,0.0037174245336435165,0.00018587122668217715,0.036026004829235465,0.0018013002414617452,0.0035607611677799947,0.0001780380583890004,3.0,0.0,0.06496598803744098,0.5864938579965683,0.0520770144403601,,,,,,,,,,,,,,,,
0.06375200312215111,0.0015,0.99825,0.00025,-0.00016933625738602132,0.04940348491072655,0.00019688067830022266,0.0008333333147068819,1.020092355708281,0.0,0.0,0.0,0.0,0.0,0.0,0.012854367454320495,1.138646125793457,publication,0.6108946800231934,5.275667905807495,0.5380931665609328,0.6041171372458485,200,0.7238119694423821,1.943291923031211,0.03434777780785225,0.5380931665609329,0.6041171311587096,484.4254632759094,mobile,0.0004832598302499028,0.004826345643384959,24.221273621383215,24.221273621383215,system,0.0,107,0.6041171311587096,0.045020885532909866,meta_train_support,1,MARGO-SPLIT-v1,20,20,80,3,108,0.0,0.2,20,10,0.0005,0.0005,mrlco_first_order_mean_pseudogradient,fixed_literature_derived_defaults,0.00368300393610978,0.0001841501968054826,0.03569243071044625,0.0017846215355222794,0.0035277911569672167,0.00017638955784836374,3.0,0.0,0.06515013823424647,0.5882784795320906,0.052253403998208464,,,,,,,,,,,,,,,,
0.06816214378169413,0.00075,0.9975,0.00175,-0.0002896740334108472,0.32702234387397766,0.0003354959836542548,0.0012499999720603228,1.3457599634925526,0.0,0.0,0.0,0.0,0.0,0.0,0.014147615324476193,1.2293992042541504,publication,0.666715145111084,5.151424884796143,1.0014596867360088,1.1269090528208472,200,0.9420620560987853,3.356420167721808,0.0931882026779931,1.0014596867360088,1.1269090205803514,400.72836387634277,mobile,0.0001400987240394545,0.002700930397075637,20.03641810313411,20.03641810313411,system,0.0,108,1.1269090205803514,0.050401593569490644,meta_train_support,1,MARGO-SPLIT-v1,20,20,80,3,109,0.0,0.2,20,10,0.0005,0.0005,mrlco_first_order_mean_pseudogradient,fixed_literature_derived_defaults,0.0036502362230518607,0.00018251181115259973,0.03537636935663349,0.0017688184678317231,0.003495426100481279,0.00017477130502406568,3.0,0.0,0.06533265004539907,0.5900472979999223,0.05242817530323253,,,,,,,,,,,,,,,,
0.07593390044632933,0.00075,0.99875,0.0005,-0.00028951099375262856,0.048032063990831375,0.00010998994155618411,0.0007499999832361936,0.9973273186633984,0.0,0.0,0.0,0.0,0.0,0.0,0.01268451629851391,1.293900489807129,publication,0.6853227615356445,3.99499249458313,1.0339834738156288,1.1662258793992806,200,0.9440750468539727,2.89980471204035,0.050284364086110145,1.0339834738156286,1.1662259160354733,529.7464719200134,mobile,0.00044138078223466393,0.0007769621882894208,26.487324320789735,26.487324320789735,system,0.0,109,1.1662259160354733,0.060450531414935414,meta_train_support,1,MARGO-SPLIT-v1,20,20,80,3,110,0.0,0.2,20,10,0.0005,0.0005,mrlco_first_order_mean_pseudogradient,fixed_literature_derived_defaults,0.003617052257387753,0.00018085261286938936,0.03505476599884592,0.0017527382999422692,0.003463649499567813,0.00017318247497839084,3.0,0.0,0.06551350265826845,0.5918000362998646,0.05260135777821092,,,,,,,,,,,,,,,,
0.05092531727765696,0.00075,0.99875,0.0005,-0.00036951820948161185,0.2600260376930237,0.00010288903389673955,0.0005833333202948174,1.1536155994360646,0.0,0.0,0.0,0.0,0.0,0.0,0.013513796088966643,1.3287653923034668,publication,0.6202578544616699,5.0852952003479,0.48533372933678975,0.5436375904854873,200,0.8630053955801299,2.9441578155383468,0.003672827733680606,0.48533372933678987,0.5436375693697483,603.1523249721527,mobile,0.0004139988489664135,0.001543949300654152,30.15761569520444,30.15761569520444,system,0.0,110,0.5436375693697483,0.03655154443688801,meta_train_support,1,MARGO-SPLIT-v1,20,20,80,3,111,0.0,0.2,20,10,0.0005,0.0005,mrlco_first_order_mean_pseudogradient,fixed_literature_derived_defaults,0.00358446620101489,0.00017922331005074121,0.03473895729615361,0.0017369478648077141,0.003432445450022157,0.00017162227250110823,3.0,0.0,0.0656927259683192,0.5935369841646723,0.05277298005071203,,,,,,,,,,,,,,,,
0.05140403494499568,0.0,0.9995,0.0005,-0.00044668660848401487,0.028067704290151596,1.9895330738961546e-05,0.00016666666294137638,0.7529871056477229,0.0,0.0,0.0,0.0,0.0,0.0,0.014185530890462157,1.3637187480926514,publication,0.6897721290588379,5.018220901489258,0.5796623373680685,0.65258137340531,200,0.607698480220749,1.969065135344863,0.057384291947528254,0.5796623373680684,0.6525813870690763,801.1112814712525,mobile,0.0008725298942905714,0.006902901947185431,40.05556264387826,40.05556264387826,system,0.0,111,0.6525813870690763,0.040640373469383206,meta_train_support,1,MARGO-SPLIT-v1,20,20,80,3,112,0.0,0.2,20,10,0.0005,0.0005,mrlco_first_order_mean_pseudogradient,fixed_literature_derived_defaults,0.003552462038505829,0.0001776231019252894,0.03442878803458081,0.0017214394017290857,0.0034017986156469593,0.0001700899307823453,3.0,0.0,0.06587034907024449,0.5952584235664014,0.052943069981494374,,,,,,,,,,,,,,,,
0.044732316523695824,0.001,0.99775,0.00125,-0.0004232102946843952,0.2376897633075714,0.0007672359192004781,0.001333333303531011,1.1156134204007686,0.0,0.0,0.0,0.0,0.0,0.0,0.015251118101542158,1.270539402961731,publication,0.6572315692901611,5.3077099323272705,0.8064621101937671,0.9078135802789415,200,1.247234217931259,4.064038440585136,0.01945311389863491,0.8064621101937675,0.9078135786112398,760.6500218963623,mobile,0.0006733841497261603,0.0015328664949293773,38.0324995537795,38.0324995537795,system,0.0,112,0.9078135786112398,0.03531943914065628,meta_train_support,1,MARGO-SPLIT-v1,20,20,80,3,113,0.0,0.2,20,10,0.0005,0.0005,mrlco_first_order_mean_pseudogradient,fixed_literature_derived_defaults,0.00352102432135091,0.00017605121606754925,0.03412410849445178,0.001706205424722551,0.00337169420311911,0.00016858471015595428,3.0,0.0,0.06604640028631203,0.5969646289911239,0.05311165469165033,,,,,,,,,,,,,,,,
0.08527618862515399,0.0015,0.99825,0.00025,-0.00028163802926428616,0.12044648081064224,0.000347680429976549,0.0010833333091189465,1.0937668227901063,0.0,0.0,0.0,0.0,0.0,0.0,0.014475977237206103,1.2476913928985596,publication,0.6519908905029297,5.259400844573975,1.2604720098878386,1.4231720032232988,200,1.33242287017313,4.201746174134314,0.05924257368315011,1.2604720098878388,1.4231719839572907,234.2656706237793,mobile,0.0006737564007953895,0.0025655733413976023,11.713282871019636,11.713282871019636,system,0.0,113,1.4231719839572907,0.06548297512366993,meta_train_support,1,MARGO-SPLIT-v1,20,20,80,3,114,0.0,0.2,20,10,0.0005,0.0005,mrlco_first_order_mean_pseudogradient,fixed_literature_derived_defaults,0.0034901381430934458,0.00017450690715467565,0.033824774209412725,0.0016912387104706106,0.0033421179381794685,0.00016710589690897143,3.0,0.0,0.06622090719346671,0.5986558677015945,0.0532787605885593,,,,,,,,,,,,,,,,
0.061277899140277495,0.00125,0.99775,0.001,-0.00035555276554077864,0.03173570707440376,0.0005709490831350196,0.0010833333091189465,0.7923439937022825,0.0,0.0,0.0,0.0,0.0,0.0,0.016238368001424378,1.254224181175232,publication,0.6277627944946289,4.961772680282593,0.5431052497848186,0.6106390522054244,200,0.6928730654866049,2.4380387140554376,0.07429974686237983,0.5431052497848186,0.6106390552222729,659.8034382915497,mobile,0.0003196757488218065,0.009144198659831283,32.99017364456691,32.99017364456691,system,0.0,114,0.6106390552222729,0.04580362981530353,meta_train_support,1,MARGO-SPLIT-v1,20,20,80,3,115,0.0,0.2,20,10,0.0005,0.0005,mrlco_first_order_mean_pseudogradient,fixed_literature_derived_defaults,0.0034597891157621984,0.00017298945578811398,0.03353064573802653,0.0016765322869013444,0.0033130560430648646,0.0001656528021532419,3.0,0.0,0.06639389664925482,0.6003323999884959,0.05344441339071254,,,,,,,,,,,,,,,,
0.06496677067448337,0.0005,0.9975,0.002,-0.0003720572276506573,0.027559693902730942,0.0005782041057178351,0.0014166666350016988,0.8698151700198651,0.0,0.0,0.0,0.0,0.0,0.0,0.01805766212722194,1.2428345680236816,publication,0.5865764617919922,5.15596604347229,0.6677055518646959,0.7548014779034565,200,0.6548106909515902,2.1104654278606176,0.0073200693586841226,0.667705551864696,0.7548014805745333,994.1683068084717,mobile,0.0014908912287971239,0.0033665945910192553,49.708417982566196,49.708417982566196,system,0.0,115,0.7548014805745333,0.047038073884751605,meta_train_support,1,MARGO-SPLIT-v1,20,20,80,3,116,0.0,0.2,20,10,0.0005,0.0005,mrlco_first_order_mean_pseudogradient,fixed_literature_derived_defaults,0.0034299633475228693,0.00017149816737614676,0.033241588447181475,0.0016620794223590751,0.003284495215107409,0.0001642247607553729,3.0,0.0,0.06656539481663097,0.6019944794108549,0.053608638151467915,,,,,,,,,,,,,,,,
0.061707071439310555,0.00225,0.997,0.00075,-0.0001515257899882272,0.2837849259376526,0.00032301877767556186,0.0014166666350016992,1.2142220656077067,0.0,0.0,0.0,0.0,0.0,0.0,0.020634483908636772,1.1996796131134033,publication,0.5703287124633789,5.271559715270996,0.9265775336881203,1.0432091657735874,200,1.0494674391270373,3.307738035917282,0.033793421171139926,0.9265775336881203,1.0432091032341122,229.88891357421875,mobile,0.0006138167215126139,0.002805262708050321,11.494445870898891,11.494445870898891,system,0.0,116,1.0432091032341122,0.04274362939655796,meta_train_support,1,MARGO-SPLIT-v1,20,20,80,3,117,0.0,0.2,20,10,0.0005,0.0005,mrlco_first_order_mean_pseudogradient,fixed_literature_derived_defaults,0.0034006474214756653,0.00017003237107378333,0.03295747230660727,0.0016478736153303641,0.0032564226064312773,0.00016282113032156653,3.0,0.0,0.06673542718770475,0.6036423530261853,0.05377145928178948,,,,,,,,,,,,,,,,
0.06391761328980179,0.001,0.998,0.001,-0.0005404202966019511,0.05447777733206749,0.00015690567636283959,0.0008333333147068819,0.8465714525431395,0.0,0.0,0.0,0.0,0.0,0.0,0.021598576851555876,1.2128831148147583,publication,0.6347899436950684,5.257230997085571,0.7489483601480071,0.8433526491742305,200,0.8025922907242072,2.4532376090064645,0.03309549725236138,0.7489483601480073,0.8433526637405158,706.3932903671265,mobile,0.0002822218714862542,0.0017467063488518855,35.31966053192841,35.31966053192841,system,0.0,117,0.8433526637405158,0.043279467413661406,meta_train_support,1,MARGO-SPLIT-v1,20,20,80,3,118,0.0,0.2,20,10,0.0005,0.0005,mrlco_first_order_mean_pseudogradient,fixed_literature_derived_defaults,0.003371828375530956,0.00016859141877655082,0.032678171693839415,0.0016339085846919232,0.0032288258046818596,0.00016144129023409198,3.0,0.0,0.0669040186064813,0.6052762616108772,0.05393290057202357,,,,,,,,,,,,,,,,
0.06847122581550677,0.0025,0.99625,0.00125,-0.00017485697753727436,0.09190366417169571,0.001162147357893654,0.0018333332923551402,0.9824099581688642,0.0,0.0,0.0,0.0,0.0,0.0,0.022353556577825534,1.2063101530075073,publication,0.6740577220916748,5.451537370681763,0.778662139890419,0.8779821187827838,200,1.2444515685221074,4.0593127640895545,0.009302052203565836,0.7786621398904191,0.8779821118013933,230.95811672210692,mobile,0.0006276850945373878,0.0018359171929599512,11.547905969366793,11.547905969366793,system,0.0,118,0.8779821118013933,0.05520494292592904,meta_train_support,1,MARGO-SPLIT-v1,20,20,80,3,119,0.0,0.2,20,10,0.0005,0.0005,mrlco_first_order_mean_pseudogradient,fixed_literature_derived_defaults,0.0033434936832996034,0.00016717468416498071,0.032403565209017236,0.0016201782604509107,0.0032016928147265496,0.00016008464073632989,3.0,0.0,0.06707119329064629,0.6068964398713281,0.0540929852127599,,,,,,,,,,,,,,,,
0.06568688085338173,0.003,0.9955,0.0015,-0.0008787209517322481,0.17900489270687103,0.0007804651893157673,0.0026666666381061073,0.9898230933894713,0.0,0.0,0.0,0.0,0.0,0.0,0.021319869108722835,1.2412347793579102,publication,0.663815975189209,5.0123584270477295,0.7242538003513849,0.8157830500407727,200,0.7709471041359086,2.4488743226975203,0.1078334987978451,0.7242538003513849,0.8157830147445202,512.3976631164551,mobile,5.2656918445996284e-05,0.0001365402110631927,25.619880916155047,25.619880916155047,system,0.0,119,0.8157830147445202,0.050082608704233554,meta_train_support,1,MARGO-SPLIT-v1,20,20,80,3,120,0.0,0.2,20,10,0.0005,0.0005,mrlco_first_order_mean_pseudogradient,fixed_literature_derived_defaults,0.0033156312359387736,0.00016578156179693215,0.03213353549894209,0.00160667677494708,0.0031750120412704953,0.0001587506020635232,3.0,0.0,0.06723697485244322,0.6085031166462752,0.054251735814823426,,,,,,,,,,,,,,,,
0.052084777253149084,0.00275,0.9945,0.00275,-0.00011686152720358223,0.048207759857177734,0.0008452211406014007,0.002833333270003398,0.8838393419981003,0.0,0.0,0.0,0.0,0.0,0.0,0.02374494392771693,1.2499970197677612,publication,0.6429078578948975,4.755671739578247,0.6999222457903627,0.7885442654715007,200,0.8200552783313351,2.400894081685692,0.057538852910511196,0.6999222457903626,0.788544296156615,477.39627061843873,mobile,0.0005396859593704474,0.003934614852209109,23.86981402205407,23.86981402205407,system,0.0,120,0.788544296156615,0.0414394316210949,meta_train_support,1,MARGO-SPLIT-v1,20,20,80,3,121,0.0,0.2,20,10,0.0005,0.0005,mrlco_first_order_mean_pseudogradient,fixed_literature_derived_defaults,0.003288229324897957,0.0001644114662448931,0.0318699331802398,0.0015934966590119837,0.0031487722723343753,0.0001574386136167158,3.0,0.0,0.06740138631868811,0.6100966133052872,0.05440917442844014,,,,,,,,,,,,,,,,
0.07293535373381724,0.002,0.9975,0.0005,-0.0005093757063150406,0.025574129074811935,0.00034075137594982154,0.0014999999664723873,0.890402888506651,0.0,0.0,0.0,0.0,0.0,0.0,0.01964149080911474,1.3823282718658447,publication,0.5328471660614014,5.126434803009033,0.7124526313013161,0.8015621416440263,200,0.8161523545699365,2.1391792045906186,0.0319967151444871,0.7124526313013162,0.8015621466375887,198.94800813674928,mobile,0.0007362856224824302,0.002910221710030785,9.947399771676677,9.947399771676677,system,0.0,121,0.8015621466375887,0.05478501961654871,meta_train_support,1,MARGO-SPLIT-v1,20,20,80,3,122,0.0,0.2,20,10,0.0005,0.0005,mrlco_first_order_mean_pseudogradient,fixed_literature_derived_defaults,0.003262004739638966,0.0001631002369819473,0.03161849601301025,0.0015809248006505294,0.0031229626635447495,0.00015614813317723492,3.0,0.0,0.06756448655567006,0.6116775381059377,0.05456532256161738,,,,,,,,,,,,,,,,
0.0641936336293491,0.002,0.99775,0.00025,-0.0003222610102966428,0.031887102872133255,0.000175964897489204,0.0009999999776482583,0.8859284808238348,0.0,0.0,0.0,0.0,0.0,0.0,0.0208737111134639,1.4140764474868774,publication,0.6054625511169434,5.386042594909668,0.5722731663175589,0.6441982631799419,200,0.7438200811941404,2.386654562316835,0.04644645715598017,0.5722731663175588,0.6441982635483146,673.7757673549652,mobile,0.000812872517216649,0.003008753637887206,33.68878730118617,33.68878730118617,system,0.0,122,0.6441982635483146,0.05170050693208232,meta_train_support,1,MARGO-SPLIT-v1,20,20,80,3,123,0.0,0.2,20,10,0.0005,0.0005,mrlco_first_order_mean_pseudogradient,fixed_literature_derived_defaults,0.003235484375902064,0.00016177421879509657,0.03136143506981505,0.0015680717534907185,0.003097572723190727,0.0001548786361595389,3.0,0.0,0.06772626077446516,0.6132456098594284,0.054720201197776916,,,,,,,,,,,,,,,,
0.05451457932056738,0.00075,0.99875,0.0005,-0.0003864893806166947,0.10000384598970413,0.00030619701356802883,0.0008333333147068819,0.9527948472648861,0.0,0.0,0.0,0.0,0.0,0.0,0.02069005781229122,1.4125971794128418,publication,0.6667249202728271,5.178456783294678,0.7552248539849612,0.8486850901320576,200,0.973483820808224,3.395768228918314,0.07239755161572248,0.7552248539849612,0.8486850684881211,408.2798260116577,mobile,0.00040808927881740703,0.008398641067117695,20.41399082933633,20.41399082933633,system,0.0,123,0.8486850684881211,0.04165516056190511,meta_train_support,1,MARGO-SPLIT-v1,20,20,80,3,124,0.0,0.2,20,10,0.0005,0.0005,mrlco_first_order_mean_pseudogradient,fixed_literature_derived_defaults,0.00320939175996737,0.00016046958799836863,0.031108520270864925,0.001555426013543193,0.003072592298003705,0.00015362961490018867,3.0,0.0,0.06788673036246352,0.6148010358729716,0.054873830812677105,,,,,,,,,,,,,,,,
0.06760465485075587,0.00275,0.996,0.00125,-0.0002750862913671881,0.040933482348918915,0.0006212086524091849,0.0024999999441206455,0.9767018593847754,0.0,0.0,0.0,0.0,0.0,0.0,0.019833238977944617,1.4010671377182007,publication,0.6025524139404297,3.3223845958709717,0.9536263077571431,1.0732228539176867,200,0.9052058481247807,2.5743449390865862,0.06550107686780393,0.953626307757143,1.0732228460535407,275.1505137825012,mobile,0.0013923277773992542,0.0026749227492680124,13.757525400373463,13.757525400373463,system,0.0,124,1.0732228460535407,0.04868301088956306,meta_train_support,1,MARGO-SPLIT-v1,20,20,80,3,125,0.0,0.2,20,10,0.0005,0.0005,mrlco_first_order_mean_pseudogradient,fixed_literature_derived_defaults,0.0031837166258876313,0.00015918583129438668,0.030859652108698007,0.0015429826054349505,0.0030480115596196755,0.00015240057798098644,3.0,0.0,0.06804591619375791,0.6163440184784066,0.05502623139065809,,,,,,,,,,,,,,,,
0.06581289828232054,0.00175,0.99725,0.001,-0.0004423341015353799,0.02247590385377407,0.0007149860082895051,0.00183333329235514,0.8573273902138073,0.0,0.0,0.0,0.0,0.0,0.0,0.018140161369967395,1.329284906387329,publication,0.6380903720855713,5.3725502490997314,0.4537065751656034,0.5099749564909507,200,0.7002566642434427,2.1058474499732256,0.06996861007064581,0.45370657516560364,0.5099749489501119,171.9673353290558,mobile,0.0007935196289332785,0.004115324106985157,8.59836650588023,8.59836650588023,system,0.0,125,0.5099749489501119,0.05262999103068085,meta_train_support,1,MARGO-SPLIT-v1,20,20,80,3,126,0.0,0.2,20,10,0.0005,0.0005,mrlco_first_order_mean_pseudogradient,fixed_literature_derived_defaults,0.003158449033618682,0.00015792245168093355,0.03061473423481945,0.0015307367117409765,0.003023820991686186,0.0001511910495843108,3.0,0.0,0.06820383864543884,0.6178747551901476,0.0551774224402424,,,,,,,,,,,,,,,,
0.06428339862526172,0.0025,0.9965,0.001,-0.00044726673513650894,0.057464003562927246,0.0005431859824566842,0.00183333329235514,0.9590004493792852,0.0,0.0,0.0,0.0,0.0,0.0,0.018101385233213578,1.323132038116455,publication,0.666675329208374,4.632594347000122,0.875352738244752,0.9843924774484185,200,0.9440439688896012,2.7645999072119594,0.040128078777343035,0.8753527382447521,0.9843925009295345,1106.3237048339843,mobile,0.0005954201196999088,0.0045312188785538755,55.31618164512311,55.31618164512311,system,0.0,126,0.9843925009295345,0.04414914474048687,meta_train_support,1,MARGO-SPLIT-v1,20,20,80,3,127,0.0,0.2,20,10,0.0005,0.0005,mrlco_first_order_mean_pseudogradient,fixed_literature_derived_defaults,0.0031335793561886134,0.00015667896780943713,0.030373673335332682,0.0015186836667666626,0.0030000113775784207,0.0001500005688789205,3.0,0.0,0.06836051761324828,0.6193934388569142,0.05532742300912132,,,,,,,,,,,,,,,,
0.06911040073425684,0.002,0.9975,0.0005,-0.0003347670135553926,0.10772331804037094,0.00035952735744390434,0.0012499999720603228,1.1808679386973382,0.0,0.0,0.0,0.0,0.0,0.0,0.01842341572928475,1.3392102718353271,publication,0.6621427536010742,5.035877704620361,1.016150918096755,1.1440731360689824,200,1.0553270465761566,3.0227814707905054,0.0468893552897498,1.0161509180967552,1.1440731410309672,719.3371131515503,mobile,0.0002252483303114267,0.0003977884234688664,35.96685804614893,35.96685804614893,system,0.0,127,1.1440731410309672,0.05332797465328683,meta_train_support,1,MARGO-SPLIT-v1,20,20,80,3,128,0.0,0.2,20,10,0.0005,0.0005,mrlco_first_order_mean_pseudogradient,fixed_literature_derived_defaults,0.0031090982674683897,0.00015545491337341788,0.030136379012400395,0.0015068189506199925,0.002976573788691089,0.00014882868943455474,3.0,0.0,0.0685159725266217,0.6209002578075342,0.05547625169855588,,,,,,,,,,,,,,,,
0.068963158869109,0.001,0.998,0.001,-0.0004718185227829963,0.03180491551756859,0.0006281146661973955,0.0011666666405896347,1.0511339281996093,0.0,0.0,0.0,0.0,0.0,0.0,0.017878632983946152,1.3291137218475342,publication,0.6046352386474609,5.166008949279785,0.4088286818987463,0.45974831387371523,200,0.6306092192155852,2.0527426516637206,0.05479319710866548,0.4088286818987464,0.45974832721054554,493.5644841575623,mobile,0.00012602785415678482,0.00012602785415678482,24.678223856663813,24.678223856663813,system,0.0,128,0.45974832721054554,0.05368601521113623,meta_train_support,1,MARGO-SPLIT-v1,20,20,80,3,129,0.0,0.2,20,10,0.0005,0.0005,mrlco_first_order_mean_pseudogradient,fixed_literature_derived_defaults,0.0030849967305112704,0.00015424983652556623,0.029902763671218996,0.0014951381835609512,0.0029534995732748794,0.00014767497866374074,3.0,0.0,0.06867022236314727,0.6223953959910952,0.05562392667721962,,,,,,,,,,,,,,,,
0.06559832360409637,0.00175,0.99775,0.0005,-0.00025142187951132655,0.12575845420360565,0.0003886803958078685,0.0009166666461775701,1.2231081967552506,0.0,0.0,0.0,0.0,0.0,0.0,0.01708444154979059,1.3063470125198364,publication,0.6118969917297363,4.251389741897583,0.6819266414835031,0.7657601226989027,200,1.0451381559244413,3.1753193968907,0.025842163478955626,0.681926641483503,0.7657601473387331,402.7653623008728,mobile,0.0004972573397676524,0.020215350345656406,20.138266118931963,20.138266118931963,system,0.0,129,0.7657601473387331,0.050191899889928226,meta_train_support,1,MARGO-SPLIT-v1,20,20,80,3,130,0.0,0.2,20,10,0.0005,0.0005,mrlco_first_order_mean_pseudogradient,fixed_literature_derived_defaults,0.0030612659864304144,0.00015306329932152085,0.02967274241220962,0.0014836371206105037,0.0029307803457881494,0.0001465390172894071,3.0,0.0,0.06882328566246879,0.6238790331117057,0.055770465694509025,,,,,,,,,,,,,,,,
0.06475095299025656,0.001,0.9985,0.0005,-0.0003636525943875313,0.018896471709012985,0.00039083219918865095,0.0006666666517655055,0.766240926583608,0.0,0.0,0.0,0.0,0.0,0.0,0.016389711364632926,1.2773044109344482,publication,0.6454000473022461,5.3631837368011475,0.25001535835613814,0.2798991517396657,200,0.4457238619978794,1.5393303986638784,0.039275876435567625,0.2500153583561381,0.2798991572670639,307.3200863647461,mobile,0.0016843270102641001,0.0029165217206098197,15.366004999554937,15.366004999554937,system,0.0,130,0.2798991572670639,0.052118654658113446,meta_train_support,1,MARGO-SPLIT-v1,20,20,80,3,131,0.0,0.2,20,10,0.0005,0.0005,mrlco_first_order_mean_pseudogradient,fixed_literature_derived_defaults,0.0030378975437859077,0.00015189487718929306,0.02944623292814695,0.001472311646407376,0.0029084079767363316,0.000145420398836818,3.0,0.0,0.06897518053965808,0.625351344758113,0.05591588609334584,,,,,,,,,,,,,,,,
0.06253160624644286,0.0005,0.99825,0.00125,-0.00034949436667375267,0.05259399861097336,0.0002434543140509504,0.00091666664617757,0.822458196307222,0.0,0.0,0.0,0.0,0.0,0.0,0.01725572158730804,1.4445463418960571,publication,0.676527738571167,5.048082113265991,0.968230122172713,1.09237488459803,200,0.8446998711139367,3.1135241147130728,0.10236784090011497,0.968230122172713,1.0923748798295856,468.6226016712189,mobile,0.00021131996288135607,0.0011962931700836977,23.43113110786445,23.43113110786445,system,0.0,131,1.0923748798295856,0.04725037752507722,meta_train_support,1,MARGO-SPLIT-v1,20,20,80,3,132,0.0,0.2,20,10,0.0005,0.0005,mrlco_first_order_mean_pseudogradient,fixed_literature_derived_defaults,0.0030148831684541962,0.00015074415842271371,0.02922315540596402,0.0014611577702982048,0.0028863745829731773,0.00014431872914865557,3.0,0.0,0.06912592469808079,0.6268125025284113,0.0560602048224945,,,,,,,,,,,,,,,,
0.05154166248553489,0.001,0.99775,0.00125,-0.0002297284809174016,0.02037724107503891,0.00024093058495395782,0.0011666666405896345,0.8904914011557896,0.0,0.0,0.0,0.0,0.0,0.0,0.017496826164838542,1.495324969291687,publication,0.613318681716919,5.135284423828125,0.5320026682171026,0.5987941495635005,200,0.622189111782704,1.881579326465726,0.04829006109503098,0.5320026682171028,0.5987941440753639,704.2546082687378,mobile,0.00034723972432526876,0.0010088670169098109,35.21272853470153,35.21272853470153,system,0.0,132,0.5987941440753639,0.04081563115615339,meta_train_support,1,MARGO-SPLIT-v1,20,20,80,3,133,0.0,0.2,20,10,0.0005,0.0005,mrlco_first_order_mean_pseudogradient,fixed_literature_derived_defaults,0.0029922148739545407,0.00014961074369772287,0.029003432432986847,0.0014501716216492877,0.0028646725184395447,0.00014323362592198047,3.0,0.0,0.06927553544177852,0.6282626741500605,0.05620343844841648,,,,,,,,,,,,,,,,
0.06892638236941435,0.0005,0.99875,0.00075,-0.0003722646797541529,0.026828583329916,0.0003561363123509409,0.0007499999832361937,0.8004793996612231,0.0,0.0,0.0,0.0,0.0,0.0,0.015700702496414608,1.525307536125183,publication,0.6592092514038086,5.174890518188477,0.9050378959087979,1.0185874720270658,200,0.8443247928370968,2.7503677289932966,0.04961562930839136,0.9050378959087977,1.018587453905493,513.4281267166137,mobile,0.00036121303605547424,0.0030942002910004313,25.67140705049639,25.67140705049639,system,0.0,133,1.018587453905493,0.05306309889159194,meta_train_support,1,MARGO-SPLIT-v1,20,20,80,3,134,0.0,0.2,20,10,0.0005,0.0005,mrlco_first_order_mean_pseudogradient,fixed_literature_derived_defaults,0.002973967764792328,0.0001486983882396098,0.02880818652272173,0.001440409326136094,0.0028432943653168615,0.00014216471826584282,3.0,0.0,0.06942423383001813,0.6297030834761966,0.05634560316668232,,,,,,,,,,,,,,,,
0.052886776943723034,0.00125,0.998,0.00075,-0.0002602954627946019,0.028685230761766434,0.0004421302357191811,0.0011666666405896347,0.9861831004420918,0.0,0.0,0.0,0.0,0.0,0.0,0.014508241398303475,1.5734460353851318,publication,0.6797444820404053,5.025775671005249,0.4047990103296886,0.4553448720639062,200,0.4809968908020919,1.4519850807264447,0.05148136580828577,0.4047990103296886,0.45534488385543226,971.3713006305694,mobile,0.001231217835859895,0.0022836901711095173,48.568563828166724,48.568563828166724,system,0.0,134,0.45534488385543226,0.042629004421528886,meta_train_support,1,MARGO-SPLIT-v1,20,20,80,3,135,0.0,0.2,20,10,0.0005,0.0005,mrlco_first_order_mean_pseudogradient,fixed_literature_derived_defaults,0.0029519383739420144,0.00014759691869710434,0.028602726061430803,0.0014301363030715386,0.0028222329255737735,0.0001411116462786896,3.0,0.0,0.06957183074871523,0.6311332197792682,0.05648671481296101,,,,,,,,,,,,,,,,
0.07082102585592465,0.001,0.99875,0.00025,-0.0004593743069563061,0.030398258939385414,0.00033083845882610305,0.0006666666517655055,0.8648817868282398,0.0,0.0,0.0,0.0,0.0,0.0,0.01644353158229826,1.5649213790893555,publication,0.667712926864624,4.974352121353149,0.8013003695451647,0.9037557773135085,200,0.6321614666444161,2.011940204538405,0.050219812324939994,0.8013003695451648,0.9037557829171419,361.93689865112304,mobile,0.0005584205467007266,0.0009131690359633203,18.096843968474005,18.096843968474005,system,0.0,135,0.9037557829171419,0.049736513548661154,meta_train_support,1,MARGO-SPLIT-v1,20,20,80,3,136,0.0,0.2,20,10,0.0005,0.0005,mrlco_first_order_mean_pseudogradient,fixed_literature_derived_defaults,0.002930232944721853,0.00014651164723608612,0.0283924118992144,0.0014196205949607021,0.002801481212885731,0.00014007406064428518,3.0,0.0,0.06971834239595132,0.6325528403742289,0.0566267888736053,,,,,,,,,,,,,,,,
0.0656168908587252,0.00175,0.9975,0.00075,-0.00035666246549226344,0.01828150264918804,0.0003724169951614915,0.001333333303531011,0.7624007541686296,0.0,0.0,0.0,0.0,0.0,0.0,0.01574696043549789,1.4877678155899048,publication,0.6741442680358887,5.192213535308838,0.5047089472274578,0.5683215914854373,200,0.6807608280792431,1.7579165436327457,0.03991326375398785,0.5047089472274578,0.5683215913176537,349.796206407547,mobile,0.0002964692256666599,0.0014105610666432385,17.489810027267875,17.489810027267875,system,0.0,136,0.5683215913176537,0.05199979808040675,meta_train_support,1,MARGO-SPLIT-v1,20,20,80,3,137,0.0,0.2,20,10,0.0005,0.0005,mrlco_first_order_mean_pseudogradient,fixed_literature_derived_defaults,0.0029088443830815472,0.0001454422191540794,0.028185168016738385,0.0014092584008369435,0.002781032444908463,0.000139051622245423,3.0,0.0,0.0698637846151054,0.6339620987750658,0.05676584049585072,,,,,,,,,,,,,,,,
0.06705306891588188,0.00125,0.998,0.00075,-0.0002973233931697905,0.031806930899620056,0.0004213514702570365,0.0008333333147068819,0.8305889698366323,0.0,0.0,0.0,0.0,0.0,0.0,0.01753989356421271,1.3734804391860962,publication,0.6088223457336426,4.820940256118774,0.7394418163331524,0.8319929133331061,200,0.7671969017512352,1.906991135329008,0.03841206000652164,0.7394418163331524,0.8319928966090083,558.9087863254547,mobile,0.0010236737455539143,0.0016828095202611143,27.94543978420237,27.94543978420237,system,0.0,137,0.8319928966090083,0.047584489812301366,meta_train_support,1,MARGO-SPLIT-v1,20,20,80,3,138,0.0,0.2,20,10,0.0005,0.0005,mrlco_first_order_mean_pseudogradient,fixed_literature_derived_defaults,0.002887765800595449,0.00014438829002977327,0.027980927668791004,0.0013990463834395728,0.002760880035887387,0.0001380440017943671,3.0,0.0,0.07000817290513517,0.6353611451585054,0.05690388449764509,,,,,,,,,,,,,,,,
0.06403833345783026,0.003,0.9955,0.0015,-0.00051013013580814,0.04465783014893532,0.0009401567963209345,0.0024999999441206455,0.8899535203973452,0.0,0.0,0.0,0.0,0.0,0.0,0.02017486138094945,1.264268159866333,publication,0.6725962162017822,4.404572010040283,0.8513023152965209,0.9607833757203843,200,0.5882949678258339,1.7673499081283808,0.10023608475603396,0.8513023152965211,0.9607834130525589,892.3060883140564,mobile,0.00020862934732941097,0.0006359205294441964,44.61530283290645,44.61530283290645,system,0.0,138,0.9607834130525589,0.04534890504705165,meta_train_support,1,MARGO-SPLIT-v1,20,20,80,3,139,0.0,0.2,20,10,0.0005,0.0005,mrlco_first_order_mean_pseudogradient,fixed_literature_derived_defaults,0.0028669905070659854,0.00014334952535330348,0.02777962603088603,0.0013889813015443009,0.0027412322399675976,0.00013706161199838335,3.0,0.0,0.07015152243048847,0.6367501264600497,0.05704094610964347,,,,,,,,,,,,,,,,
0.056310930559595775,0.00175,0.99775,0.0005,-0.000460457697045058,0.019022464752197266,0.0005018237896441254,0.0012499999720603228,0.7972547354797521,0.0,0.0,0.0,0.0,0.0,0.0,0.020275065166625368,1.1564651727676392,publication,0.5953042507171631,3.416066884994507,0.48196480008373505,0.5413058119597326,200,0.6669849998109151,1.760654384153895,-0.0489146996060299,0.48196480008373505,0.5413058093655855,540.5469109535218,mobile,0.0015110851195106573,0.0027932060652734415,27.027347930007487,27.027347930007487,system,0.0,139,0.5413058093655855,0.04461131380761315,meta_train_support,1,MARGO-SPLIT-v1,20,20,80,3,140,0.0,0.2,20,10,0.0005,0.0005,mrlco_first_order_mean_pseudogradient,fixed_literature_derived_defaults,0.0028465120034440856,0.0001423256001722023,0.02758120013066542,0.001379060006533317,0.0027216520096821147,0.0001360826004841026,3.0,0.0,0.07029384803066067,0.638129186466583,0.05717702871012757,,,,,,,,,,,,,,,,
0.058522279284718426,0.00025,0.9995,0.00025,-0.00021537237626034766,0.05444144457578659,0.000301853030890283,0.00033333332588275275,0.9393069344262281,0.0,0.0,0.0,0.0,0.0,0.0,0.017455429256655663,1.218691349029541,publication,0.6792235374450684,5.148918628692627,0.6771252310126846,0.7612937154524115,200,0.7228559355273696,1.773276200518012,0.07166698429500684,0.6771252310126843,0.7612937380373478,605.0111304473877,mobile,0.0003800963092579736,0.006973080626546368,30.250558349882375,30.250558349882375,system,0.0,140,0.7612937380373478,0.04278647402908767,meta_train_support,1,MARGO-SPLIT-v1,20,20,80,3,141,0.0,0.2,20,10,0.0005,0.0005,mrlco_first_order_mean_pseudogradient,fixed_literature_derived_defaults,0.002826323975050865,0.00014131619875254464,0.02738558878222098,0.0013692794391110263,0.0027023495131595463,0.00013511747565797538,3.0,0.0,0.07043516422941322,0.639498465905694,0.05731214618578555,,,,,,,,,,,,,,,,
0.05561767181177,0.00175,0.997,0.00125,-0.0006505681667476892,0.09414315223693848,0.0008492543063998899,0.001999999955296517,1.0076205117007098,0.0,0.0,0.0,0.0,0.0,0.0,0.020203791104546964,1.238448143005371,publication,0.6529397964477539,5.469462156295776,0.5246511084490701,0.5889276207938746,200,0.9545243820651992,3.1528010708279908,0.04648407598142512,0.5246511084490703,0.5889276269450784,454.429265460968,mobile,0.0006816203055352541,0.0016222532275844996,22.721460895069335,22.721460895069335,system,0.0,141,0.5889276269450784,0.03994664998724769,meta_train_support,1,MARGO-SPLIT-v1,20,20,80,3,142,0.0,0.2,20,10,0.0005,0.0005,mrlco_first_order_mean_pseudogradient,fixed_literature_derived_defaults,0.002806420285085718,0.000140321014254291,0.027193472534894753,0.0013596736267447174,0.002683318882785183,0.00013416594413925842,3.0,0.0,0.07057548524366751,0.6408581395324388,0.057446312129924806,,,,,,,,,,,,,,,,
0.07253829178814383,0.00125,0.99775,0.001,-0.0003543021739460528,0.05980343744158745,0.00030607723046690205,0.0010833333091189465,0.8833087948461374,0.0,0.0,0.0,0.0,0.0,0.0,0.018539921518516755,1.313657522201538,publication,0.6847765445709229,4.665557146072388,1.024005654912953,1.1544848646734318,200,0.8917254141247968,2.5594540117308497,0.03761342476354912,1.0240056549129535,1.1544849001988768,383.8413996887207,mobile,0.0006797314834245148,0.002077993008929513,19.192069883902285,19.192069883902285,system,0.0,142,1.1544849001988768,0.048550417652078154,meta_train_support,1,MARGO-SPLIT-v1,20,20,80,3,143,0.0,0.2,20,10,0.0005,0.0005,mrlco_first_order_mean_pseudogradient,fixed_literature_derived_defaults,0.002786794968406797,0.0001393397484203418,0.02700330839129409,0.001350165419564675,0.002664554415073399,0.00013322772075367167,3.0,0.0,0.07071482499208785,0.6422083049520034,0.05757953985067848,,,,,,,,,,,,,,,,
0.05730448245503698,0.0015,0.998,0.0005,-0.0003247061977162957,0.014796721749007702,7.201449936455144e-05,0.0006666666517655054,0.7882425963878632,0.0,0.0,0.0,0.0,0.0,0.0,0.01730734785537037,1.3976285457611084,publication,0.6977365016937256,5.1841959953308105,0.4604796536148397,0.5188539875968127,200,0.5321262528630244,1.4523641946725547,0.050370702520012856,0.4604796536148397,0.5188539870083332,670.1372571372985,mobile,0.0006804367132595591,0.0009494716120659495,33.506863178185206,33.506863178185206,system,0.0,143,0.5188539870083332,0.04329324662267694,meta_train_support,1,MARGO-SPLIT-v1,20,20,80,3,144,0.0,0.2,20,10,0.0005,0.0005,mrlco_first_order_mean_pseudogradient,fixed_literature_derived_defaults,0.0027674422255706387,0.00013837211127852578,0.02681578541635455,0.0013407892708177105,0.0026460505649687225,0.00013230252824843886,3.0,0.0,0.07085319710336638,0.6435490942228211,0.05771184237892692,,,,,,,,,,,,,,,,
0.05149838004647546,0.0005,0.9985,0.001,-0.00034020160092040896,0.019043227657675743,0.00010803628328706811,0.0004999999888241291,0.7444512913624446,0.0,0.0,0.0,0.0,0.0,0.0,0.01808239799408835,1.2450218200683594,publication,0.6238968372344971,4.041259765625,0.3524435828610505,0.3957712833083133,200,0.7467536424903879,2.5124071897007525,0.04367783269844949,0.3524435828610505,0.3957712930999696,235.1862773132324,mobile,0.0010610044722602948,0.0016846846219173931,11.759314074056427,11.759314074056427,system,0.0,144,0.3957712930999696,0.040805083537971944,meta_train_support,1,MARGO-SPLIT-v1,20,20,80,3,145,0.0,0.2,20,10,0.0005,0.0005,mrlco_first_order_mean_pseudogradient,fixed_literature_derived_defaults,0.0027483564171184274,0.0001374178208559257,0.026630848965207277,0.0013315424482603921,0.0026278019403827312,0.00013139009701913784,3.0,0.0,0.0709906149242223,0.6448806366710815,0.057843232475946055,,,,,,,,,,,,,,,,
0.03694506510281812,0.0005,0.99825,0.00125,-0.0001735128607833758,0.02039368823170662,0.00025984733189829965,0.0009166666461775701,0.8294735098878544,0.0,0.0,0.0,0.0,0.0,0.0,0.01856711113815507,1.6153393983840942,publication,0.6663365364074707,5.422976016998291,0.3788110450405013,0.42570112702341817,200,0.6625853158856416,1.9428574089251924,0.028234363766387105,0.37881104504050145,0.42570112872868776,717.1746283721924,mobile,0.00025634254652012636,0.0008795571278117222,35.858728856414025,35.858728856414025,system,0.0,145,0.42570112872868776,0.03045602244672655,meta_train_support,1,MARGO-SPLIT-v1,20,20,80,3,146,0.0,0.2,20,10,0.0005,0.0005,mrlco_first_order_mean_pseudogradient,fixed_literature_derived_defaults,0.002729532058097068,0.00013647660290484753,0.026448445890103117,0.0013224222945051878,0.0026098032969554524,0.00013049016484777132,3.0,0.0,0.07112709152712715,0.6462030589655867,0.057973722640793826,,,,,,,,,,,,,,,,
0.0608967306209746,0.00225,0.99625,0.0015,-0.00016759686695877463,0.053244881331920624,0.0003017609471318868,0.0014999999819944301,1.0148388966917992,0.0,0.0,0.0,0.0,0.0,0.0,0.015290311115460678,1.687968134880066,publication,0.5709555149078369,4.312384843826294,0.8829176661012784,0.9935093156569382,200,0.7473274023242975,2.1391918607987463,0.003487024223431945,0.8829176661012783,0.9935093622840941,826.8651885032654,mobile,0.0005766135272663498,0.0007897439364834165,41.343259452824626,41.343259452824626,system,0.0,146,0.9935093622840941,0.04241294409638839,meta_train_support,1,MARGO-SPLIT-v1,20,20,80,3,147,0.0,0.2,20,10,0.0005,0.0005,mrlco_first_order_mean_pseudogradient,fixed_literature_derived_defaults,0.002710963812803891,0.0001355481906401973,0.026268524489490172,0.001313426224474501,0.0025920495330305853,0.00012960247665153024,3.0,0.0,0.07126263971776735,0.6475164851900612,0.058103325117445356,,,,,,,,,,,,,,,,
0.056056101001941507,0.00175,0.99775,0.0005,-0.0003365805896464735,0.02091148868203163,0.00026003867787475576,0.0011666666405896345,0.7113565544287364,0.0,0.0,0.0,0.0,0.0,0.0,0.016660347874876767,1.6666429042816162,publication,0.6171319484710693,5.0749831199646,0.6396487671734271,0.7179449850755191,200,0.5135264265654009,1.4161435884889215,0.05057880689855665,0.6396487671734271,0.7179449662938714,396.25681562423705,mobile,0.0006097049085763025,0.007310031809840459,19.81284097865389,19.81284097865389,system,0.0,147,0.7179449662938714,0.04542073493599248,meta_train_support,1,MARGO-SPLIT-v1,20,20,80,3,148,0.0,0.2,20,10,0.0005,0.0005,mrlco_first_order_mean_pseudogradient,fixed_literature_derived_defaults,0.002692646489744405,0.0001346323244872244,0.026093160475039106,0.0013046580237519034,0.002574535684834433,0.0001287267842417228,3.0,0.0,0.07139727204225457,0.6488211432138131,0.05823205190168708,,,,,,,,,,,,,,,,
0.05192704382265166,0.001,0.998,0.001,-0.00028893721173517406,0.10350460559129715,0.00016924024371078872,0.0007499999832361936,0.9393998502443235,0.0,0.0,0.0,0.0,0.0,0.0,0.017523366916608513,1.5539010763168335,publication,0.6865208148956299,5.1147096157073975,0.6617400783659986,0.743390234856779,200,0.7079614166731149,1.881489594001323,0.06472227338235825,0.6617400783659984,0.7433902391046285,975.6211041641235,mobile,0.0029122465299269472,0.0069728821785922405,48.78105613167083,48.78105613167083,system,0.0,148,0.7433902391046285,0.03776208219741321,meta_train_support,1,MARGO-SPLIT-v1,20,20,80,3,149,0.0,0.2,20,10,0.0005,0.0005,mrlco_first_order_mean_pseudogradient,fixed_literature_derived_defaults,0.002676412690370701,0.00013382063451854165,0.025925026069351507,0.001296251303467555,0.0025572569218489665,0.00012786284609244553,3.0,0.0,0.07153109267677311,0.6501173945172807,0.058359914747779525,,,,,,,,,,,,,,,,
0.048645227428598586,0.001,0.99825,0.00075,-0.0005365091492421925,0.015490510500967503,0.0004083176564963745,0.0009999999776482583,0.7648453990618387,0.0,0.0,0.0,0.0,0.0,0.0,0.02074395055162991,1.3773319721221924,publication,0.6660795211791992,5.2954185009002686,0.37766854998604193,0.42366857389837603,200,0.6280387346757061,2.0148578118532896,0.023348147718934342,0.37766854998604193,0.42366856390610336,682.9328768348694,mobile,0.000866983397285678,0.002928915439708696,34.146641657627654,34.146641657627654,system,0.0,149,0.42366856390610336,0.0381536805703592,meta_train_support,1,MARGO-SPLIT-v1,20,20,80,3,150,0.0,0.2,20,10,0.0005,0.0005,mrlco_first_order_mean_pseudogradient,fixed_literature_derived_defaults,0.0026585699391015634,0.0001329284969550787,0.025752192562222498,0.0012876096281111415,0.0025402085423699735,0.00012701042711849714,3.0,0.0,0.07166402117372819,0.6514050041453918,0.05848692517489802,,,,,,,,,,,,,,,,
0.06576412064795287,0.0015,0.9975,0.001,-0.0003086053766310215,0.013195461593568325,0.00021983175530380095,0.0009166666461775701,0.8098714550336202,0.0,0.0,0.0,0.0,0.0,0.0,0.021433223417630508,1.349206566810608,publication,0.6781723499298096,5.359139919281006,0.27271024157636053,0.3061651594195973,200,0.5678640806904922,1.9732916103675961,0.036787302524317056,0.2727102415763607,0.30616517731919884,370.46339776992795,mobile,0.00026219222441402676,0.0009767057209953316,18.523168455663665,18.523168455663665,system,0.0,150,0.30616517731919884,0.05340440160039936,meta_train_support,1,MARGO-SPLIT-v1,20,20,80,3,151,0.0,0.2,20,10,0.0005,0.0005,mrlco_first_order_mean_pseudogradient,fixed_literature_derived_defaults,0.0026409635156638047,0.00013204817578318928,0.025581648240618374,0.0012790824120308963,0.0025233859692416955,0.0001261692984620838,3.0,0.0,0.07179606934951138,0.6526840865574227,0.058613094473360106,-0.1469228123980269,-0.13264397888226748,0.13264397888226748,0.075,0.25,0.05,0.04625,0.975,0.975,0.0,validation/automotive_lexicographic_v1,automotive_lexicographic_v1,a3bd00d5108237acdb706f561212b5d840bac151f48b5250a61c573d9c9ffb6c,221755119.0,0.13264397888226748,0.0
0.051505342435478885,0.0015,0.9975,0.001,-0.0004055837925989181,0.007944625802338123,0.00043416318207126404,0.001416666635001699,0.6622353861729304,0.0,0.0,0.0,0.0,0.0,0.0,0.02506825430712059,0.12489282339811325,publication,0.6057422161102295,3.647289276123047,0.07759319735533503,0.08546009787445655,200,0.030344712427844995,0.13763429672690108,0.02320274977682857,0.07759319735533501,0.08546009698882699,133.73222936630248,mobile,0.0021829153595353938,0.007430297661615709,6.68661116321009,6.68661116321009,system,0.0,151,0.08546009698882699,0.042622187590633145,meta_train_support,1,MARGO-SPLIT-v1,20,20,80,3,152,0.0,0.2,20,10,0.0005,0.0005,mrlco_first_order_mean_pseudogradient,fixed_literature_derived_defaults,0.002623588755692332,0.00013117943778462315,0.025413347923245885,0.0012706673961623283,0.0025067847457598425,0.00012533923728798996,3.0,0.0,0.071927248787296,0.653954753953585,0.058738433710648096,,,,,,,,,,,,,,,,
0.05089381272230957,0.001,0.99725,0.00175,-0.0004396417352836579,0.08178690820932388,0.0008244389877142785,0.0017499999608844518,0.9387105916937193,0.0,0.0,0.0,0.0,0.0,0.0,0.023999832670240213,1.1796306371688843,publication,0.6248021125793457,5.182604074478149,0.6673478967787103,0.7534818863526925,200,0.9400006559387931,3.100920065306127,0.02782123620272614,0.6673478967787104,0.7534818904194981,836.5596347236633,mobile,0.0010349427787672743,0.0025505348411751392,41.82798226653237,41.82798226653237,system,0.0,152,0.7534818904194981,0.03684598484238395,meta_train_support,1,MARGO-SPLIT-v1,20,20,80,3,153,0.0,0.2,20,10,0.0005,0.0005,mrlco_first_order_mean_pseudogradient,fixed_literature_derived_defaults,0.0026064411167662383,0.00013032205583830836,0.025247247610022058,0.0012623623805011475,0.002490400531735268,0.00012452002658676353,3.0,0.0,0.07205757084313431,0.6552171163340862,0.05886295373723486,,,,,,,,,,,,,,,,
0.05434611423580025,0.001,0.998,0.001,-0.0005198789876885712,0.048654668033123016,0.0002079113563733396,0.0011666666405896345,0.753216391056776,0.0,0.0,0.0,0.0,0.0,0.0,0.026715841420124398,1.1527613401412964,publication,0.6677343845367432,5.224728584289551,0.5748712727620986,0.6463949142590445,200,0.5662813801467288,1.6744366586208344,0.03411318711005151,0.5748712727620987,0.646394896414131,598.2178554916381,mobile,0.00044892323869976763,0.0008368968581190477,29.910894677698938,29.910894677698938,system,0.0,153,0.646394896414131,0.04021913982319792,meta_train_support,1,MARGO-SPLIT-v1,20,20,80,3,154,0.0,0.2,20,10,0.0005,0.0005,mrlco_first_order_mean_pseudogradient,fixed_literature_derived_defaults,0.0025895161744495746,0.00012947580872248177,0.02508330444372321,0.0012541652221861321,0.0024742290997110134,0.0001237114549855478,3.0,0.0,0.0721870466518568,0.6564712815562723,0.05898666519222041,,,,,,,,,,,,,,,,
0.07306920652529723,0.00325,0.9945,0.00225,-0.0005662546609528363,0.15358731150627136,0.0006911272304156075,0.0027499999385327102,0.9574930369853973,0.0,0.0,0.0,0.0,0.0,0.0,0.026935948747013234,1.1993931531906128,publication,0.65450119972229,4.783525228500366,0.9877390728492645,1.110436722208724,200,1.0081439902032794,2.803416932700202,0.05493633961305022,0.9877390728492645,1.1104367403686046,633.4084024143219,mobile,0.0008427561336020187,0.0031908267657979688,31.670423509960692,31.670423509960692,system,0.0,154,1.1104367403686046,0.0561157347963252,meta_train_support,1,MARGO-SPLIT-v1,20,20,80,3,155,0.0,0.2,20,10,0.0005,0.0005,mrlco_first_order_mean_pseudogradient,fixed_literature_derived_defaults,0.0025728096184853837,0.00012864048092427194,0.024921476673118545,0.0012460738336559363,0.002458266331325781,0.00012291331656628934,3.0,0.0,0.07231568713278107,0.6577173553899283,0.059109578508786696,,,,,,,,,,,,,,,,
0.05941132307627386,0.00225,0.9955,0.00225,-0.0006831912905909121,0.015321454033255577,0.0003870588351977252,0.0023333332811792695,0.6170630914469559,0.0,0.0,0.0,0.0,0.0,0.0,0.030591699480773393,1.2746987342834473,publication,0.6281166076660156,4.676634788513184,0.5971520891053309,0.6715805986756823,200,0.5769378966818279,1.5478457482531667,0.033945370523724705,0.5971520891053309,0.6715805968269706,803.6073079490661,mobile,0.0007860245836731442,0.001548725520746346,40.18036699970813,40.18036699970813,system,0.0,155,0.6715805968269706,0.040928290635941736,meta_train_support,1,MARGO-SPLIT-v1,20,20,80,3,156,0.0,0.2,20,10,0.0005,0.0005,mrlco_first_order_mean_pseudogradient,fixed_literature_derived_defaults,0.0025563172491361186,0.00012781586245680376,0.024761723617521634,0.0012380861808760635,0.0024425082138172824,0.00012212541069086397,3.0,0.0,0.07244350299523787,0.6589554415708043,0.05923170391947756,,,,,,,,,,,,,,,,
0.0631747075284024,0.003,0.99475,0.00225,-0.0006648796261288226,0.04901910573244095,0.0008405749759778777,0.002916666616996129,0.6607918856044609,0.0,0.0,0.0,0.0,0.0,0.0,0.03658766132245553,1.2892816066741943,publication,0.6732008457183838,5.288837671279907,0.5469817991415443,0.6161167712642418,200,0.8633421808448021,2.8537439547362737,-0.022630643215961754,0.5469817991415444,0.6161167942173779,480.0575725364685,mobile,0.0018433803818504028,0.035543048975338554,24.002878233686197,24.002878233686197,system,0.0,156,0.6161167942173779,0.045761055437780786,meta_train_support,1,MARGO-SPLIT-v1,20,20,80,3,157,0.0,0.2,20,10,0.0005,0.0005,mrlco_first_order_mean_pseudogradient,fixed_literature_derived_defaults,0.002540034973663914,0.00012700174868320036,0.024604005632696654,0.0012302002816347857,0.0024269508366592104,0.00012134754183296126,3.0,0.0,0.07257050474392107,0.6601856418524391,0.05935305146131052,,,,,,,,,,,,,,,,
0.04985883697654696,0.00275,0.995,0.00225,-0.0011286096414551139,0.017675872892141342,0.0008367166910071925,0.0028333332700033985,0.49062058801452324,0.0,0.0,0.0,0.0,0.0,0.0,0.04095515422195116,1.1982260942459106,publication,0.651869535446167,5.3161327838897705,0.5714180429399792,0.6412430632358155,200,0.7133107619856296,2.19226914527826,0.04030366480583325,0.5714180429399793,0.6412431020848453,526.0608847618103,mobile,0.0015620417925354597,0.00848502172545209,26.303043508542927,26.303043508542927,system,0.0,157,0.6412431020848453,0.03999731793481169,meta_train_support,1,MARGO-SPLIT-v1,20,20,80,3,158,0.0,0.2,20,10,0.0005,0.0005,mrlco_first_order_mean_pseudogradient,fixed_literature_derived_defaults,0.0025239588029445223,0.0001261979401472324,0.024448284078059334,0.0012224142039030106,0.0024115903883259243,0.0001205795194162973,3.0,0.0,0.0726967026840683,0.6614080560563421,0.05947363098072682,,,,,,,,,,,,,,,,
0.07924849023473629,0.003,0.9945,0.0025,-0.0003392675134819001,0.12909109890460968,0.0001898809332487872,0.0019999999552965165,0.9955867012341818,0.0,0.0,0.0,0.0,0.0,0.0,0.03585324756819834,1.4593689441680908,publication,0.6793289184570312,4.7217278480529785,0.9582492998759892,1.079929115933628,200,1.067549380462818,3.472944252192974,0.040535826003178954,0.9582492998759893,1.0799290943332016,292.17532344818113,mobile,0.0011513759478046016,0.0014658981277222071,14.60876540703818,14.60876540703818,system,0.0,158,1.0799290943332016,0.053993176681811784,meta_train_support,1,MARGO-SPLIT-v1,20,20,80,3,159,0.0,0.2,20,10,0.0005,0.0005,mrlco_first_order_mean_pseudogradient,fixed_literature_derived_defaults,0.002508084848209022,0.00012540424241044845,0.024294521285115563,0.0012147260642557667,0.00239642315317922,0.0001198211576589614,3.0,0.0,0.07282210692647875,0.6626227821205979,0.05959345213838578,,,,,,,,,,,,,,,,
0.05354335956483754,0.0045,0.99225,0.00325,-0.0005109130870550871,0.0194320660084486,0.0013429699325039717,0.004166666573534409,0.5536748201896746,0.0,0.0,0.0,0.0,0.0,0.0,0.0461267940880832,1.5099711418151855,publication,0.5881373882293701,5.0606958866119385,0.4328277805946135,0.48674282626304377,200,0.5662362243859984,1.7614750806242228,0.04987447086023167,0.43282778059461346,0.4867428248003125,243.58487570762634,mobile,0.0013585817244102891,0.005162577880162651,12.179244025732542,12.179244025732542,system,0.0,159,0.4867428248003125,0.04050551278406935,meta_train_support,1,MARGO-SPLIT-v1,20,20,80,3,160,0.0,0.2,20,10,0.0005,0.0005,mrlco_first_order_mean_pseudogradient,fixed_literature_derived_defaults,0.0024924093179077155,0.00012462046589538367,0.024142680527083592,0.0012071340263541952,0.0023814455084718504,0.0001190722754235915,3.0,0.0,0.07294672739237414,0.6638299161469521,0.05971252441380937,,,,,,,,,,,,,,,,
0.06975199499641771,0.00375,0.99325,0.003,-0.00037854741094633937,0.09433114528656006,0.0009187077209806679,0.0038333332476516565,0.8348918010791145,0.0,0.0,0.0,0.0,0.0,0.0,0.038676674187893265,1.5261019468307495,publication,0.6717476844787598,5.216051340103149,1.1303283672760032,1.273119376566101,200,1.0820906735142117,3.6205063546076417,0.04408367280848324,1.1303283672760032,1.2731193548440933,795.2294497680664,mobile,0.000887491153758799,0.00821327436284808,39.76147357688625,39.76147357688625,system,0.0,160,1.2731193548440933,0.05252434968477024,meta_train_support,1,MARGO-SPLIT-v1,20,20,80,3,161,0.0,0.2,20,10,0.0005,0.0005,mrlco_first_order_mean_pseudogradient,fixed_literature_derived_defaults,0.0024769285146908973,0.00012384642573454174,0.023992727337982796,0.0011996363668991261,0.0023666539214627085,0.0001183326960731354,3.0,0.0,0.07307057381810868,0.6650295525138512,0.05983085710988251,,,,,,,,,,,,,,,,
0.04875408663210843,0.00725,0.98875,0.004,0.00040203548269346356,0.01145884394645691,0.0024172293781703044,0.00658333326379458,0.4868464956680933,0.0,0.0,0.0,0.0,0.0,0.0,0.05042826047366261,1.5638622045516968,publication,0.6741878986358643,5.164855003356934,0.40519919440264046,0.4556508226393908,200,0.6587811724217665,1.8176507921889424,0.03953821220784448,0.40519919440264046,0.4556508325226605,398.2364951133728,mobile,0.0011494397083120632,0.0038325467837310185,19.911823388676034,19.911823388676034,system,0.0,161,0.4556508325226605,0.03782963267411197,meta_train_support,1,MARGO-SPLIT-v1,20,20,80,3,162,0.0,0.2,20,10,0.0005,0.0005,mrlco_first_order_mean_pseudogradient,fixed_literature_derived_defaults,0.0024616388325014475,0.0001230819416250667,0.023844624082810063,0.0011922312041404703,0.0023520449466388643,0.00011760224733194102,3.0,0.0,0.07319365575973374,0.6662217837179917,0.05994845935721445,,,,,,,,,,,,,,,,
0.049980363643796336,0.00575,0.99125,0.003,-0.00025673804339021444,0.00834541954100132,0.002013620142042782,0.005166666582226752,0.39582940166195235,0.0,0.0,0.0,0.0,0.0,0.0,0.04893871049086666,1.3570083379745483,publication,0.6394736766815186,4.825244665145874,0.36702033258312783,0.4120056916809699,200,0.518076434303748,1.45344812318217,0.04428749223006889,0.36702033258312794,0.41200569055974484,549.2767917251587,mobile,0.0015542912195103298,0.003225846526412017,27.463838408084488,27.463838408084488,system,0.0,162,0.41200569055974484,0.04352658378137578,meta_train_support,1,MARGO-SPLIT-v1,20,20,80,3,163,0.0,0.2,20,10,0.0005,0.0005,mrlco_first_order_mean_pseudogradient,fixed_literature_derived_defaults,0.002446536753774445,0.000122326837688716,0.02369833804549221,0.0011849169022746242,0.002337615223039853,0.00011688076115199536,3.0,0.0,0.07331598259742246,0.6674067006202663,0.06006534011836644,,,,,,,,,,,,,,,,
0.05893482734073058,0.004,0.99325,0.00275,-0.0006715126219205558,0.07162163406610489,0.0006527292979853882,0.0031666666114081943,0.7324145431319872,0.0,0.0,0.0,0.0,0.0,0.0,0.04316123889586573,1.5523757934570312,publication,0.5914850234985352,4.620114088058472,0.9580711097565471,1.0814729852529126,200,0.9524553073865503,2.724350916891126,0.0636354728412698,0.9580711097565471,1.0814730071648955,592.8955069732666,mobile,0.0010476950131050019,0.006956734482940816,29.64477414472311,29.64477414472311,system,0.0,163,1.0814730071648955,0.05013965247975061,meta_train_support,1,MARGO-SPLIT-v1,20,20,80,3,164,0.0,0.2,20,10,0.0005,0.0005,mrlco_first_order_mean_pseudogradient,fixed_literature_derived_defaults,0.0024316188467392347,0.00012158094233696848,0.02355383598423921,0.0011776917992120106,0.002323361471679854,0.00011616807358399289,3.0,0.0,0.07343756353975943,0.6685843924194783,0.060181508191950436,,,,,,,,,,,,,,,,
0.06755359588213292,0.0035,0.9955,0.001,-0.0010971794836223125,0.04386729374527931,0.0004989198082474407,0.0024999999441206455,0.6484623762468498,0.0,0.0,0.0,0.0,0.0,0.0,0.037792418492891014,1.4274553060531616,publication,0.6729638576507568,4.927238941192627,0.7292675664683003,0.8207036687672917,200,0.6369491378508121,2.1658054450526834,0.05148006440140307,0.7292675664683004,0.820703671015799,535.548634109497,mobile,0.000723026631507388,0.00677559282412037,26.777430371716786,26.777430371716786,system,0.0,164,0.820703671015799,0.04603066809552885,meta_train_support,1,MARGO-SPLIT-v1,20,20,80,3,165,0.0,0.2,20,10,0.0005,0.0005,mrlco_first_order_mean_pseudogradient,fixed_literature_derived_defaults,0.002416881762819603,0.00012084408814097558,0.023411085463122608,0.0011705542731561547,0.0023092804930636124,0.00011546402465317795,3.0,0.0,0.0735584076279004,0.6697549466926345,0.060296972216603614,,,,,,,,,,,,,,,,
0.06618739295280492,0.00425,0.99275,0.003,-0.0011275644646957517,0.029471518471837044,0.0013034897646131566,0.004083333273107807,0.6582525437076886,0.0,0.0,0.0,0.0,0.0,0.0,0.04371874182305779,1.3366767168045044,publication,0.594832181930542,5.202677249908447,0.7455098593777791,0.8413380312390837,200,1.0271713662512199,2.8859769757837057,-0.008850155190884834,0.7455098593777791,0.8413380560977385,243.0823256778717,mobile,0.0012599647978039203,0.009535458841320408,12.154116396868572,12.154116396868572,system,0.0,165,0.8413380560977385,0.054014111704140576,meta_train_support,1,MARGO-SPLIT-v1,20,20,80,3,166,0.0,0.2,20,10,0.0005,0.0005,mrlco_first_order_mean_pseudogradient,fixed_literature_derived_defaults,0.0024023222341279186,0.00012011611170639758,0.023279099003787978,0.0011639549501893942,0.0022953691647921446,0.00011476845823960719,3.0,0.0,0.0736785237396068,0.6709189016428239,0.06041174067484322,,,,,,,,,,,,,,,,
0.07828032513577704,0.003,0.9955,0.0015,-0.0011766123352572322,0.07029266655445099,0.0005666750752235809,0.0025833332911133766,0.7407475153605143,0.0,0.0,0.0,0.0,0.0,0.0,0.03688244162284821,1.2489591836929321,publication,0.6599698066711426,5.346240520477295,0.6627806852855822,0.745865422772913,200,0.6909096947052676,2.1011530687101185,0.06139998546859715,0.6627806852855822,0.7458654164150357,116.8223703956604,mobile,0.000735067671373994,0.002522824551780848,5.841118418784052,5.841118418784052,system,0.0,166,0.7458654164150357,0.05591638656899322,meta_train_support,1,MARGO-SPLIT-v1,20,20,80,3,167,0.0,0.2,20,10,0.0005,0.0005,mrlco_first_order_mean_pseudogradient,fixed_literature_derived_defaults,0.0023879370710493085,0.00011939685355245866,0.02313970320137009,0.0011569851600684578,0.0022816244392544673,0.00011408122196272102,3.0,0.0,0.07379792059315926,0.6720758868028923,0.06052582189680594,,,,,,,,,,,,,,,,
0.09508238335583716,0.005,0.99325,0.00175,-0.0005941654671914876,0.034772515296936035,0.0013701478712012736,0.003999999910593033,0.7521382878224055,0.0,0.0,0.0,0.0,0.0,0.0,0.0330793063987705,1.2092646360397339,publication,0.5978105068206787,5.148525953292847,0.6643139043107861,0.7488355743965076,200,0.6842725248158484,1.7146084494888783,0.05126105545787141,0.6643139043107861,0.7488355836458505,93.36775318145752,mobile,0.00089599365571817,0.004544269067506827,4.668387669573282,4.668387669573282,system,0.0,167,0.7488355836458505,0.06714295383823493,meta_train_support,1,MARGO-SPLIT-v1,20,20,80,3,168,0.0,0.2,20,10,0.0005,0.0005,mrlco_first_order_mean_pseudogradient,fixed_literature_derived_defaults,0.0023749562610061287,0.00011874781305031001,0.023013542553133644,0.0011506771276567074,0.0022680433414017623,0.00011340216707008549,3.0,0.0,0.07391666840620957,0.673226563930549,0.06063922406387603,,,,,,,,,,,,,,,,
0.05099272316942277,0.0025,0.9965,0.001,-0.0004446388629730791,0.05399606004357338,0.0002765670053979837,0.0015833332979430757,0.8626369819045067,0.0,0.0,0.0,0.0,0.0,0.0,0.028388206576520424,1.2230685949325562,publication,0.6506204605102539,4.554374933242798,0.781653949279876,0.8804929136578237,200,0.9006119857122598,2.333189068827778,0.07425643259193748,0.7816539492798761,0.8804929329082369,1138.3671569633484,mobile,0.00043798622296519575,0.00532546887501518,56.918359450802726,56.918359450802726,system,0.0,168,0.8804929329082369,0.04289147528126055,meta_train_support,1,MARGO-SPLIT-v1,20,20,80,3,169,0.0,0.2,20,10,0.0005,0.0005,mrlco_first_order_mean_pseudogradient,fixed_literature_derived_defaults,0.0023609032653788735,0.00011804516326893721,0.02287736774512694,0.0011438683872563304,0.002254622966600568,0.00011273114833002668,3.0,0.0,0.07403471356947851,0.6743704323178054,0.060751955212206055,,,,,,,,,,,,,,,,
0.08012006714070646,0.00275,0.99675,0.0005,-0.0006785552832297981,0.010078170336782932,0.0006773689293434396,0.0019166666238258287,0.511724695811669,0.0,0.0,0.0,0.0,0.0,0.0,0.025468964083948244,1.2768646478652954,publication,0.6734316349029541,5.240860223770142,0.5492842641131357,0.6199360936282755,200,0.866132886638431,2.4173982366919518,0.041231588285882026,0.5492842641131357,0.6199360957741737,104.01030962944031,mobile,0.0015095848594041553,0.002803348064385272,5.200515561592624,5.200515561592624,system,0.0,169,0.6199360957741737,0.0673264988643682,meta_train_support,1,MARGO-SPLIT-v1,20,20,80,3,170,0.0,0.2,20,10,0.0005,0.0005,mrlco_first_order_mean_pseudogradient,fixed_literature_derived_defaults,0.0023470155991119394,0.00011735077995560228,0.022744711966931844,0.0011372355983465532,0.0022413604785617414,0.00011206802392808857,3.0,0.0,0.07415206434943411,0.6755076679161519,0.06086402323613414,,,,,,,,,,,,,,,,
0.07004769517356513,0.00325,0.9965,0.00025,-0.0005939832772128284,0.04596463590860367,0.0006999430741482607,0.0017499999608844518,0.7590150949855645,0.0,0.0,0.0,0.0,0.0,0.0,0.02128461018435697,1.2767034769058228,publication,0.6800873279571533,5.282500743865967,0.7688078875514401,0.8676214949576752,200,0.890301145629376,2.456949293613434,0.09110081847757101,0.7688078875514399,0.8676215078309178,554.26695728302,mobile,0.0008611078968461998,0.0013072290414709814,27.713349585383774,27.713349585383774,system,0.0,170,0.8676215078309178,0.05701591116119417,meta_train_support,1,MARGO-SPLIT-v1,20,20,80,3,171,0.0,0.2,20,10,0.0005,0.0005,mrlco_first_order_mean_pseudogradient,fixed_literature_derived_defaults,0.0023382605726991316,0.00011691302863495179,0.022638447761740416,0.0011319223880870144,0.002228253107342082,0.00011141265536710604,3.0,0.0,0.07426897737806906,0.6766395903042389,0.06097543589150125,,,,,,,,,,,,,,,,
0.07938556018696921,0.00125,0.99825,0.0005,-0.0009166369563899934,0.04423070698976517,0.00019419080080638194,0.0009999999776482583,0.8389271294077236,0.0,0.0,0.0,0.0,0.0,0.0,0.02025617019014234,1.3783563375473022,publication,0.6769592761993408,5.535364627838135,0.5803982677172377,0.6527994421475524,200,0.944579057286387,3.024102927185595,0.013193222577683628,0.5803982677172377,0.6527994129341096,103.008030128479,mobile,0.0016959531914338898,0.002999944332281108,5.150401469379602,5.150401469379602,system,0.0,171,0.6527994129341096,0.06471650231629512,meta_train_support,1,MARGO-SPLIT-v1,20,20,80,3,172,0.0,0.2,20,10,0.0005,0.0005,mrlco_first_order_mean_pseudogradient,fixed_literature_derived_defaults,0.0023246660344857645,0.0001162333017242917,0.02250682887940472,0.0011253414439702514,0.002215298147415675,0.00011076490737078198,3.0,0.0,0.07438521067979335,0.6777649317482092,0.06108620079887203,,,,,,,,,,,,,,,,
0.07846556753772234,0.0025,0.997,0.0005,-0.00032362155616283417,0.17849746346473694,0.0003949934875961958,0.0015833332979430757,1.102492941853901,0.0,0.0,0.0,0.0,0.0,0.0,0.020170297045844044,1.5309311151504517,publication,0.586226224899292,5.014836072921753,0.9356173387556911,1.0535902643041481,200,0.9917313599024491,3.247545470483601,0.03521862387424335,0.9356173387556911,1.0535902669280768,209.95583530426026,mobile,0.0012914532908475272,0.004226493096278367,10.497791598362744,10.497791598362744,system,0.0,172,1.0535902669280768,0.05582484525802168,meta_train_support,1,MARGO-SPLIT-v1,20,20,80,3,173,0.0,0.2,20,10,0.0005,0.0005,mrlco_first_order_mean_pseudogradient,fixed_literature_derived_defaults,0.0023112286585638816,0.00011556143292819343,0.022378164370526803,0.0011189082185263377,0.002202492955812116,0.00011012464779060899,3.0,0.0,0.07450077211272155,0.6788838399667355,0.06119632544666264,,,,,,,,,,,,,,,,
0.060869342306058186,0.00275,0.9965,0.00075,-0.00044569477904587984,0.054560866206884384,0.0005271049328693304,0.0023333332811792695,0.8466819179554781,0.0,0.0,0.0,0.0,0.0,0.0,0.021164161218368355,1.6514877080917358,publication,0.6794483661651611,4.768181800842285,0.8396078833805043,0.9444497679829874,200,0.8171995845733543,2.530363420024514,0.06466765276854858,0.8396078833805044,0.9444497951120138,345.288585767746,mobile,0.0003301943363088081,0.0011146287183555412,17.264428293594385,17.264428293594385,system,0.0,173,0.9444497951120138,0.04105854040158678,meta_train_support,1,MARGO-SPLIT-v1,20,20,80,3,174,0.0,0.2,20,10,0.0005,0.0005,mrlco_first_order_mean_pseudogradient,fixed_literature_derived_defaults,0.0022979457352388017,0.00011489728676193633,0.022249554230466304,0.0011124777115233409,0.0021898349503189428,0.0001094917475159482,3.0,0.0,0.07461566939948348,0.6799963176782589,0.06130581719417859,,,,,,,,,,,,,,,,
0.04309283388761877,0.00275,0.9965,0.00075,-0.00033027693280018866,0.015597566962242126,0.0006504819674593894,0.0017499999608844518,0.7278328488270441,0.0,0.0,0.0,0.0,0.0,0.0,0.021558178503151906,1.6926085948944092,publication,0.6912863254547119,5.2407591342926025,0.4613167529302198,0.5176737851312464,200,0.5111382464887887,1.358885136898607,0.03483498537389096,0.46131675293021973,0.5176737838983536,771.5318717575074,mobile,0.0003410530098929839,0.0007565684392861729,38.57659399710421,38.57659399710421,system,0.0,174,0.5176737838983536,0.02938540560617204,meta_train_support,1,MARGO-SPLIT-v1,20,20,80,3,175,0.0,0.2,20,10,0.0005,0.0005,mrlco_first_order_mean_pseudogradient,fixed_literature_derived_defaults,0.0022848146167517226,0.00011424073083758646,0.022122413920577923,0.0011061206960288894,0.0021773216077456917,0.00010886608038728623,3.0,0.0,0.07472991013032107,0.6811024383742877,0.061414683274565875,,,,,,,,,,,,,,,,
0.07976487470215357,0.001,0.99875,0.00025,-0.0001350816455669701,0.043346960097551346,0.00013760078301506458,0.0006666666517655055,0.8842448513954878,0.0,0.0,0.0,0.0,0.0,0.0,0.015592294498511381,1.6952273845672607,publication,0.6179685592651367,4.695230484008789,0.8732637427073471,0.9829309678026584,200,0.5869209907222854,1.9254794779699296,0.12432760000228882,0.8732637427073469,0.982930969260633,637.4280813884735,mobile,0.00017295304258102732,0.0007109940303129175,31.87140467591686,31.87140467591686,system,0.0,175,0.982930969260633,0.055762023225611405,meta_train_support,1,MARGO-SPLIT-v1,20,20,80,3,176,0.0,0.2,20,10,0.0005,0.0005,mrlco_first_order_mean_pseudogradient,fixed_literature_derived_defaults,0.002271832715520179,0.00011359163577601139,0.021996718386938275,0.0010998359193469254,0.0021649504622471365,0.0001082475231123578,3.0,0.0,0.07484350176609708,0.6822022742936347,0.06152293079767823,,,,,,,,,,,,,,,,
0.05679141930945314,0.0015,0.99825,0.00025,-0.00021254875173326582,0.01897359825670719,0.0003155691331770072,0.0009166666461775701,0.6986624115457137,0.0,0.0,0.0,0.0,0.0,0.0,0.018028374658154215,1.6647602319717407,publication,0.6799502372741699,5.1857359409332275,0.8747144652903444,0.9865646434769769,200,1.0221523230734408,3.2098135463893414,0.024048413120908663,0.8747144652903446,0.9865646658279001,616.2350413131713,mobile,0.0006997209127434191,0.002528463076696832,30.811752102842846,30.811752102842846,system,0.0,176,0.9865646658279001,0.04406096315520636,meta_train_support,1,MARGO-SPLIT-v1,20,20,80,3,177,0.0,0.2,20,10,0.0005,0.0005,mrlco_first_order_mean_pseudogradient,fixed_literature_derived_defaults,0.002258997502438144,0.00011294987512190657,0.021872443141814333,0.0010936221570907456,0.0021527191037033675,0.00010763595518516883,3.0,0.0,0.07495645164121899,0.6832958964507254,0.0616305667528634,,,,,,,,,,,,,,,,
0.05348939383613065,0.00175,0.99725,0.001,-0.00041075426270253956,0.017095232382416725,0.0008939879491009605,0.0017499999608844522,0.5449330620467663,0.0,0.0,0.0,0.0,0.0,0.0,0.017568572946425824,1.5546956062316895,publication,0.6725554466247559,5.485433578491211,0.7388384506967849,0.8336988509513321,200,0.6904964902876681,1.8282756265252829,0.04394638336088974,0.7388384506967849,0.8336988759599626,593.4601747894287,mobile,0.00036315198000739504,0.001486513304413993,29.673010650152346,29.673010650152346,system,0.0,177,0.8336988759599626,0.04430143923679883,meta_train_support,1,MARGO-SPLIT-v1,20,20,80,3,178,0.0,0.2,20,10,0.0005,0.0005,mrlco_first_order_mean_pseudogradient,fixed_literature_derived_defaults,0.0022463065052334354,0.00011231532526166654,0.021749564247759194,0.0010874782123879712,0.0021406251761544723,0.00010703125880772574,3.0,0.0,0.07506876696648065,0.6843833746631134,0.06173759801167113,,,,,,,,,,,,,,,,
0.07878909417907137,0.001,0.9985,0.0005,-0.0003889039799105376,0.14695197343826294,0.0002615831968900769,0.00091666664617757,1.1248412234087783,0.0,0.0,0.0,0.0,0.0,0.0,0.015428558170662292,1.392850637435913,publication,0.684971809387207,5.199990749359131,1.0030192241232143,1.129864887159638,200,1.1234422085844353,3.1152403317391872,0.04074440768454224,1.0030192241232148,1.1298649139516055,156.87163928985595,mobile,0.0003942973535899344,0.0003942973535899344,7.843582115880557,7.843582115880557,system,0.0,178,1.1298649139516055,0.055145580983601165,meta_train_support,1,MARGO-SPLIT-v1,20,20,80,3,179,0.0,0.2,20,10,0.0005,0.0005,mrlco_first_order_mean_pseudogradient,fixed_literature_derived_defaults,0.002237110949748742,0.00011185554748743831,0.021640360742131153,0.0010820180371065025,0.002128666376287687,0.00010643331881438761,3.0,0.0,0.07518062251396809,0.6854653927002199,0.061844031330485515,,,,,,,,,,,,,,,,
0.056374182342412815,0.002,0.996,0.002,-0.0004021122877020389,0.010865120217204094,0.0007960356137214576,0.002249999949708581,0.6666531349221865,0.0,0.0,0.0,0.0,0.0,0.0,0.0160661808897605,1.0593290328979492,publication,0.653588056564331,4.7020673751831055,0.3123963443848798,0.350722759637647,200,0.41162503406673007,1.0715776276774704,0.04090955248102546,0.31239634438487973,0.3507227524369955,455.90461107254026,mobile,0.0006077731801135477,0.0009603652391564953,22.795230559092555,22.795230559092555,system,0.0,179,0.3507227524369955,0.04884555614352488,meta_train_support,1,MARGO-SPLIT-v1,20,20,80,3,180,0.0,0.2,20,10,0.0005,0.0005,mrlco_first_order_mean_pseudogradient,fixed_literature_derived_defaults,0.002224682555583471,0.00011123412777917785,0.02152013651578598,0.001076006825789344,0.002116840451974978,0.00010584202259875108,3.0,0.0,0.07529185664174727,0.6865413995260092,0.061949873353084266,,,,,,,,,,,,,,,,
0.056161228747253135,0.00175,0.998,0.00025,-0.0002976949035655707,0.012714854441583157,0.00027141757477484597,0.0011666666405896347,0.744102618098259,0.0,0.0,0.0,0.0,0.0,0.0,0.016251104752808474,1.0540961027145386,publication,0.6919779777526855,5.050933122634888,0.21221657979763886,0.2371520297769166,200,0.3861563362664252,1.369415363529697,0.036779157526325434,0.21221657979763892,0.2371520315296948,245.32148248672485,mobile,0.0006297787690413034,0.0010659440908394786,12.26607447140875,12.26607447140875,system,0.0,180,0.2371520315296948,0.04579118555534573,meta_train_support,1,MARGO-SPLIT-v1,20,20,80,3,181,0.0,0.2,20,10,0.0005,0.0005,mrlco_first_order_mean_pseudogradient,fixed_literature_derived_defaults,0.0022123914917404684,0.0001106195745870231,0.02140124073393081,0.001070062036696573,0.0021051452008590942,0.00010525726004295688,3.0,0.0,0.0754024762163343,0.6876114615627058,0.06205513061312722,,,,,,,,,,,,,,,,
0.047729723740723824,0.0015,0.998,0.0005,-0.00040245617856271565,0.04758915677666664,0.00030844455353455186,0.0010833333091189465,0.7441828700403372,0.0,0.0,0.0,0.0,0.0,0.0,0.01917764704739176,1.2509976625442505,publication,0.6872439384460449,5.349063396453857,0.6017661106103912,0.6781213852390084,200,0.850647321754643,2.868485029786825,0.03813932211778592,0.601766110610391,0.6781213774904609,691.0346794509887,mobile,0.0008913414513253559,0.003354046919954501,34.55173557987292,34.55173557987292,system,0.0,181,0.6781213774904609,0.031918457938519496,meta_train_support,1,MARGO-SPLIT-v1,20,20,80,3,182,0.0,0.2,20,10,0.0005,0.0005,mrlco_first_order_mean_pseudogradient,fixed_literature_derived_defaults,0.0022002354945331033,0.00011001177472665102,0.021283651499128992,0.0010641825749564404,0.002093578468986242,0.00010467892344931395,3.0,0.0,0.07551248799106094,0.6886756441376622,0.06215980953657654,,,,,,,,,,,,,,,,
0.07286617944967258,0.002,0.99725,0.00075,-0.0004268466727808118,0.0917535275220871,0.0005409725945654031,0.0014999999664723873,1.0027519283195336,0.0,0.0,0.0,0.0,0.0,0.0,0.014930605973045179,1.2509316205978394,publication,0.6669189929962158,4.91938042640686,0.7221992573993424,0.8124365094883979,200,1.0013425010736967,3.457602707501792,0.0530782236601226,0.7221992573993425,0.8124365075305104,755.3821527290344,mobile,0.0008029011731899019,0.0016165877327351536,37.76910776005061,37.76910776005061,system,0.0,182,0.8124365075305104,0.05704511558355307,meta_train_support,1,MARGO-SPLIT-v1,20,20,80,3,183,0.0,0.2,20,10,0.0005,0.0005,mrlco_first_order_mean_pseudogradient,fixed_literature_derived_defaults,0.002188212349754234,0.00010941061748771796,0.021167347392576374,0.001058367369628832,0.002082138149483585,0.00010410690747417878,3.0,0.0,0.07562189860854866,0.6897340115072911,0.062263916444050715,,,,,,,,,,,,,,,,
0.0816299292750307,0.001,0.9985,0.0005,-0.0004237111716065556,0.10553576052188873,0.0002154433309845179,0.0008333333147068819,0.9991243243217468,0.0,0.0,0.0,0.0,0.0,0.0,0.015350888188309549,1.2792975902557373,publication,0.6954679489135742,4.823733806610107,1.002426782465792,1.1302039938344388,200,0.6345666354335062,2.093434880953282,0.0870443531894125,1.0024267824657922,1.1302040031924845,270.3227847671509,mobile,0.0006064942451142828,0.0008544724620085911,13.516138036485271,13.516138036485271,system,0.0,183,1.1302040031924845,0.05794158781743182,meta_train_support,1,MARGO-SPLIT-v1,20,20,80,3,184,0.0,0.2,20,10,0.0005,0.0005,mrlco_first_order_mean_pseudogradient,fixed_literature_derived_defaults,0.0021763198913316564,0.00010881599456658009,0.02105230746109498,0.0010526153730547883,0.00207082218127987,0.00010354110906399261,3.0,0.0,0.07573071460311524,0.6907866268803459,0.06236745755311471,,,,,,,,,,,,,,,,
0.04312839134563747,0.0015,0.99725,0.00125,-0.0005594553658738732,0.024321531876921654,0.0005721843837854716,0.0014999999819944303,0.6450512590507667,0.0,0.0,0.0,0.0,0.0,0.0,0.020745239931021623,1.2356233596801758,publication,0.6566145420074463,5.332522869110107,0.48143720999498923,0.5410724440175909,200,0.739135866760959,2.574682341888547,0.03463975077829673,0.48143720999498923,0.5410724319517612,917.6135491847992,mobile,0.0005679281463534891,0.003265336417112355,45.8806774728371,45.8806774728371,system,0.0,184,0.5410724319517612,0.03550316554092616,meta_train_support,1,MARGO-SPLIT-v1,20,20,80,3,185,0.0,0.2,20,10,0.0005,0.0005,mrlco_first_order_mean_pseudogradient,fixed_literature_derived_defaults,0.002164556000027161,0.00010822780000135923,0.02093851120454852,0.0010469255602274519,0.002059628547867546,0.00010298142739337962,3.0,0.0,0.0758389424031166,0.6918335524405733,0.06247043898050809,,,,,,,,,,,,,,,,
0.06593105543700392,0.0005,0.9985,0.001,-0.00039930938510224223,0.015866441652178764,0.00022449248509749014,0.0008333333147068819,0.6322388167182604,0.0,0.0,0.0,0.0,0.0,0.0,0.016486528262494977,1.3783947229385376,publication,0.6914970874786377,4.85400128364563,0.6275914806878484,0.7067162748993724,200,0.6274253246328424,1.7134271217510104,0.057785265482380055,0.6275914806878483,0.7067162939161062,692.5646763038635,mobile,0.00017134250314331355,0.004933917163865701,34.62823630044792,34.62823630044792,system,0.0,185,0.7067162939161062,0.05103145341362223,meta_train_support,1,MARGO-SPLIT-v1,20,20,80,3,186,0.0,0.2,20,10,0.0005,0.0005,mrlco_first_order_mean_pseudogradient,fixed_literature_derived_defaults,0.002152918602177553,0.00010764593010888224,0.02082593856366385,0.0010412969281832218,0.0020485552761048175,0.0001024277638052365,3.0,0.0,0.07594658833322548,0.6928748493687565,0.06257286674431332,,,,,,,,,,,,,,,,
0.06632420785468915,0.00225,0.99675,0.001,-0.0006566780502907932,0.052102699875831604,0.0004199396544189918,0.0019999999552965165,0.7405267844597498,0.0,0.0,0.0,0.0,0.0,0.0,0.019970626246534267,1.4277055263519287,publication,0.6495401859283447,3.361276865005493,0.699532537657743,0.7897882818664858,200,1.2004795834454802,4.072091085836291,0.019152279885020107,0.699532537657743,0.7897882785089314,630.9082581710816,mobile,0.001126497418327569,0.0023976544163752983,31.54540998850348,31.54540998850348,system,0.0,186,0.7897882785089314,0.05228600810083008,meta_train_support,1,MARGO-SPLIT-v1,20,20,80,3,187,0.0,0.2,20,10,0.0005,0.0005,mrlco_first_order_mean_pseudogradient,fixed_literature_derived_defaults,0.0021414056684760686,0.0001070702834237991,0.020714569908243188,0.0010357284954121138,0.0020376004350561284,0.00010188002175280653,3.0,0.0,0.07605365861664928,0.6939105778641687,0.06267474676606613,,,,,,,,,,,,,,,,
0.060387723846840304,0.00225,0.99725,0.0005,-0.0005730144330300391,0.011410198174417019,0.0003918844821763894,0.0017499999608844518,0.6612815449635188,0.0,0.0,0.0,0.0,0.0,0.0,0.01964569899477004,1.4539997577667236,publication,0.6722781658172607,5.543206691741943,0.4953326026778646,0.5580608840122658,200,0.7011276470521306,2.1064444854855537,0.05217468156479299,0.49533260267786455,0.5580609101243317,694.9524619293213,mobile,0.00041589193833188766,0.0014775879368448654,34.7476222588912,34.7476222588912,system,0.0,187,0.5580609101243317,0.05233681993692883,meta_train_support,1,MARGO-SPLIT-v1,20,20,80,3,188,0.0,0.2,20,10,0.0005,0.0005,mrlco_first_order_mean_pseudogradient,fixed_literature_derived_defaults,0.0021300152127926852,0.0001065007606396301,0.020604386025752534,0.0010302193012876604,0.00202676213486966,0.00010133810674348154,3.0,0.0,0.07616015937728891,0.6949407971654563,0.06277608487280961,,,,,,,,,,,,,,,,
0.049996897265320604,0.00175,0.99725,0.001,-0.00044353160774335265,0.015482127666473389,0.00077075589935968,0.0010833333091189465,0.7344729695469141,0.0,0.0,0.0,0.0,0.0,0.0,0.01812128795074497,1.5628234148025513,publication,0.679008960723877,5.09937596321106,0.9393894071711294,1.058338273831214,200,0.6549936344787002,2.0370731774601154,0.05272135028826597,0.9393894071711296,1.0583382768183947,991.2898667144775,mobile,0.00021972685810722737,0.00955154265237034,49.56449446378689,49.56449446378689,system,0.0,188,1.0583382768183947,0.038151761232938834,meta_train_support,1,MARGO-SPLIT-v1,20,20,80,3,189,0.0,0.2,20,10,0.0005,0.0005,mrlco_first_order_mean_pseudogradient,fixed_literature_derived_defaults,0.0021187452910318774,0.00010593726455158936,0.02049536811027236,0.0010247684055135764,0.002016038525690455,0.0001008019262845189,3.0,0.0,0.0762660966418405,0.6959655655709699,0.06287688679909413,,,,,,,,,,,,,,,,
0.07158867661297644,0.00175,0.99725,0.001,-0.00035998542443849146,0.10327483713626862,0.0006471608327338174,0.0016666666294137638,1.0035052172839642,0.0,0.0,0.0,0.0,0.0,0.0,0.017508086261176902,1.5742862224578857,publication,0.6708207130432129,5.310517311096191,0.9996344157611287,1.1251570478799113,200,1.0581680465911523,3.2890426805242896,0.03388446233293507,0.9996344157611287,1.1251570638641715,626.2547415542602,mobile,0.001228087899500714,0.0038382186043695128,31.312735346830262,31.312735346830262,system,0.0,189,1.1251570638641715,0.054072917188165114,meta_train_support,1,MARGO-SPLIT-v1,20,20,80,3,190,0.0,0.2,20,10,0.0005,0.0005,mrlco_first_order_mean_pseudogradient,fixed_literature_derived_defaults,0.0021075940000264463,0.00010537970000132346,0.020387497751797243,0.0010193748875898523,0.002005427796607874,0.00010027138983038919,3.0,0.0,0.07637147634184183,0.6969849404585597,0.06297715818892452,,,,,,,,,,,,,,,,
0.0689061825412787,0.0015,0.99825,0.00025,-0.00028815766563639045,0.027242766693234444,0.0001495907625188882,0.0007499999832361937,0.6470698665827512,0.0,0.0,0.0,0.0,0.0,0.0,0.016356483208216054,1.6866663694381714,publication,0.5880043506622314,4.213540077209473,0.8403333046147335,0.9462162804893159,200,0.7690478259889234,2.51587183366064,0.10645709419623017,0.8403333046147337,0.9462163039296866,448.20824242591857,mobile,0.0007279017136955631,0.0010545154474085037,22.410412069432923,22.410412069432923,system,0.0,190,0.9462163039296866,0.056064301677509996,meta_train_support,1,MARGO-SPLIT-v1,20,20,80,3,191,0.0,0.2,20,10,0.0005,0.0005,mrlco_first_order_mean_pseudogradient,fixed_literature_derived_defaults,0.0020965594764660984,0.00010482797382330156,0.02028076707904032,0.0010140383539519737,0.001994928174636105,9.974640873181007e-05,3.0,0.0,0.07647630431566513,0.6979989788125117,0.06307690459765633,,,,,,,,,,,,,,,,
0.07961690267621298,0.0015,0.99775,0.00075,-0.0004067533591296524,0.09081746637821198,0.0002022027631729391,0.0010833333091189465,0.7999058740834396,0.0,0.0,0.0,0.0,0.0,0.0,0.01597457852594363,1.7454310655593872,publication,0.6735875606536865,4.915324926376343,0.9841387704946798,1.11092611962129,200,1.0818910001103483,3.5205085622146726,0.04297292308183387,0.98413877049468,1.110926151368767,391.39460472106936,mobile,0.00012203865915098554,0.0002078298284080637,19.56972983102561,19.56972983102561,system,0.0,191,1.110926151368767,0.05639125474903433,meta_train_support,1,MARGO-SPLIT-v1,20,20,80,3,192,0.0,0.2,20,10,0.0005,0.0005,mrlco_first_order_mean_pseudogradient,fixed_literature_derived_defaults,0.0020856398958595044,0.00010428199479298184,0.020175138083836988,0.0010087569041918876,0.0019845379237265416,9.922689618632741e-05,3.0,0.0,0.07658058631045811,0.6990077357167036,0.06317613149384266,,,,,,,,,,,,,,,,
0.05744300582834375,0.0025,0.9965,0.001,-9.242726810043678e-05,0.04495926573872566,0.0009098556026818491,0.00208333331781129,0.7941887774815162,0.0,0.0,0.0,0.0,0.0,0.0,0.015111396711089407,1.7236073017120361,publication,0.6271367073059082,5.115848541259766,0.668752476020233,0.7536991489508363,200,0.8177434427228737,2.6693018255755305,0.033641834786976695,0.6687524760202329,0.7536991301737725,1084.421271467209,mobile,0.0005960514321506241,0.006150046781616646,54.22106740968743,54.22106740968743,system,0.0,192,0.7536991301737725,0.04187208875760797,meta_train_support,1,MARGO-SPLIT-v1,20,20,80,3,193,0.0,0.2,20,10,0.0005,0.0005,mrlco_first_order_mean_pseudogradient,fixed_literature_derived_defaults,0.002074833471528626,0.00010374167357643516,0.020070603689620214,0.0010035301844809608,0.0019742553438108603,9.8712767190548e-05,3.0,0.0,0.07668432798403454,0.7000112659011846,0.0632748442610332,,,,,,,,,,,,,,,,
0.06795304905070912,0.00125,0.9985,0.00025,-0.00044202301069162786,0.019769007340073586,0.0006698302486090786,0.0009999999776482583,0.6367192948857943,0.0,0.0,0.0,0.0,0.0,0.0,0.017019149538475036,1.654861330986023,publication,0.6799745559692383,5.596115827560425,0.4448645299385372,0.5001556914710181,200,0.8134821796974454,2.41662508668378,0.040197878261096776,0.4448645299385373,0.5001556847430766,182.42952425956727,mobile,0.0010446994567023448,0.001647577599041411,9.121476357874403,9.121476357874403,system,0.0,193,0.5001556847430766,0.055838253970081464,meta_train_support,1,MARGO-SPLIT-v1,20,20,80,3,194,0.0,0.2,20,10,0.0005,0.0005,mrlco_first_order_mean_pseudogradient,fixed_literature_derived_defaults,0.0020641384536341486,0.0001032069226817034,0.019967146969570627,0.000998357348478529,0.001964078769873691,9.820393849369058e-05,3.0,0.0,0.07678753490671625,0.7010096232496631,0.0633730481995269,,,,,,,,,,,,,,,,
0.04961240007230879,0.00175,0.99725,0.001,-0.0004838479508180171,0.0298385601490736,0.0005036736114881535,0.0014999999664723873,0.7096635152896245,0.0,0.0,0.0,0.0,0.0,0.0,0.017382135682310725,1.5609749555587769,publication,0.6006462574005127,4.758604049682617,0.4157989526793753,0.4683668857347948,200,0.5835198375186795,1.8922351421788335,0.009938143484760076,0.4157989526793752,0.46836688010953365,839.39379322052,mobile,0.0006686476685262041,0.0017237021156604122,41.96968987442194,41.96968987442194,system,0.0,194,0.46836688010953365,0.03634346411823015,meta_train_support,1,MARGO-SPLIT-v1,20,20,80,3,195,0.0,0.2,20,10,0.0005,0.0005,mrlco_first_order_mean_pseudogradient,fixed_literature_derived_defaults,0.0020535531282308964,0.00010267765641154558,0.01986475134408565,0.0009932375672042637,0.0019540065710538256,9.770032855269117e-05,3.0,0.0,0.0768902125631278,0.7020028608168674,0.06347074852807959,,,,,,,,,,,,,,,,
0.06417017687963975,0.0015,0.998,0.0005,-0.00038895750185474753,0.04736004397273064,0.00038981811535296156,0.0012499999720603228,0.7609903723001481,0.0,0.0,0.0,0.0,0.0,0.0,0.01335559551404023,1.5666191577911377,publication,0.6898283958435059,5.560262680053711,0.6440331845938687,0.7258699824655196,200,0.9702015466802749,2.468498428352177,0.05693141173105687,0.6440331845938687,0.7258699926361442,128.9746848487854,mobile,0.00020964463915726578,0.00036501771260794187,6.448734073131257,6.448734073131257,system,0.0,195,0.7258699926361442,0.052984368672764966,meta_train_support,1,MARGO-SPLIT-v1,20,20,80,3,196,0.0,0.2,20,10,0.0005,0.0005,mrlco_first_order_mean_pseudogradient,fixed_literature_derived_defaults,0.0020430758163521674,0.00010215379081761344,0.019763400571921948,0.0009881700285960804,0.0019440371497729389,9.720185748864074e-05,3.0,0.0,0.07699236635394541,0.7029910308454634,0.06356795038556823,,,,,,,,,,,,,,,,
0.0545362576681067,0.001,0.99875,0.00025,-0.0002816299383994192,0.2092433124780655,0.0001208004752569991,0.0005833333202948174,0.9465869185825188,0.0,0.0,0.0,0.0,0.0,0.0,0.013633552611944674,1.4027680158615112,publication,0.6697227954864502,4.810033082962036,0.8746345691317049,0.9836706536317069,200,0.8265095082047196,2.8917808732949197,0.06756647938163951,0.874634569131705,0.9836706765368581,768.5266112136841,mobile,0.0001621087001620244,0.0010931234750641268,38.426332987695744,38.426332987695744,system,0.0,196,0.9836706765368581,0.03953243736250593,meta_train_support,1,MARGO-SPLIT-v1,20,20,80,3,197,0.0,0.2,20,10,0.0005,0.0005,mrlco_first_order_mean_pseudogradient,fixed_literature_derived_defaults,0.0020327048731219534,0.000101635243656098,0.019663078741607623,0.0009831539370803721,0.0019341689408908429,9.670844704454118e-05,3.0,0.0,0.0770940015976015,0.7039741847825438,0.06366465883261277,,,,,,,,,,,,,,,,
0.052311316459684766,0.0015,0.998,0.0005,-0.00026135958614759147,0.07936082035303116,0.00034190935299784905,0.0010833333091189463,0.8800558820366859,0.0,0.0,0.0,0.0,0.0,0.0,0.013449331357619783,1.4571897983551025,publication,0.6555485725402832,5.185352325439453,0.838168084862686,0.9425231287239149,200,1.2172631163424392,3.7983994465321302,0.03516776113247033,0.8381680848626857,0.942523134779185,867.4024116325378,mobile,0.0014517885939652106,0.0034219820993061268,43.370121841236006,43.370121841236006,system,0.0,197,0.942523134779185,0.04228593652149962,meta_train_support,1,MARGO-SPLIT-v1,20,20,80,3,198,0.0,0.2,20,10,0.0005,0.0005,mrlco_first_order_mean_pseudogradient,fixed_literature_derived_defaults,0.0020224386868940647,0.0001011219343447084,0.019563770263114656,0.0009781885131557866,0.0019244004108863436,9.622002054431034e-05,3.0,0.0,0.07719512353194621,0.7049523732956996,0.06376087885315708,,,,,,,,,,,,,,,,
0.06034286714232064,0.00125,0.998,0.00075,-0.0003144974762108177,0.07634582370519638,0.0004129687845818056,0.001249999972060323,0.815992408618331,0.0,0.0,0.0,0.0,0.0,0.0,0.01250378747081979,1.5276508331298828,publication,0.666100025177002,5.334946632385254,0.8820375065503637,0.9957263510806661,200,1.0125302901671116,2.7660645716823637,0.047154673738987185,0.8820375065503636,0.9957263724692166,410.8550342178345,mobile,0.0007982097228487878,0.0028805875448327644,20.54275063313087,20.54275063313087,system,0.0,198,0.9957263724692166,0.046799736016919675,meta_train_support,1,MARGO-SPLIT-v1,20,20,80,3,199,0.0,0.2,20,10,0.0005,0.0005,mrlco_first_order_mean_pseudogradient,fixed_literature_derived_defaults,0.00201227567841721,0.00010061378392085818,0.01946545985978242,0.0009732729929891049,0.001914730057062794,9.573650285313318e-05,3.0,0.0,0.07729573731586707,0.7059256462886887,0.06385661535601021,,,,,,,,,,,,,,,,
0.06679255793975089,0.00225,0.997,0.00075,-0.0003893089888151735,0.013145212084054947,0.0005081891395456969,0.0016666666294137638,0.6009820525844891,0.0,0.0,0.0,0.0,0.0,0.0,0.013241507822366192,1.564842700958252,publication,0.6274821758270264,4.988883018493652,0.3599537659207694,0.40398439163147487,200,0.4750559348829292,1.3698598035844043,0.05855967545721796,0.3599537659207695,0.40398437544703486,172.5254673194885,mobile,3.923317097206119e-05,0.00012223847294312657,8.626273404045946,8.626273404045946,system,0.0,199,0.40398437544703486,0.051275285444115255,meta_train_support,1,MARGO-SPLIT-v1,20,20,80,3,200,0.0,0.2,20,10,0.0005,0.0005,mrlco_first_order_mean_pseudogradient,fixed_literature_derived_defaults,0.002002214300025124,0.00010011071500125313,0.019368132560483507,0.000968406628024221,0.0019051564067774803,9.525782033886765e-05,3.0,0.0,0.07739584803086832,0.7068940529167129,0.06395187317634908,,,,,,,,,,,,,,,,
0.04939594344350272,0.002,0.9975,0.0005,-0.000521540641784668,0.06557683646678925,0.00037719212754362035,0.0014999999664723873,0.7279457677155733,0.0,0.0,0.0,0.0,0.0,0.0,0.01643187273039959,1.594099998474121,publication,0.6613435745239258,5.641833066940308,0.3016531329686804,0.3384175282945216,200,0.674487724022792,2.335584401465894,0.03573665095609613,0.3016531329686804,0.33841752978041767,264.1521168518066,mobile,0.00033384787064475374,0.0008530501661612738,13.20760676902177,13.20760676902177,system,0.0,200,0.33841752978041767,0.04050804031482896,meta_train_support,1,MARGO-SPLIT-v1,20,20,80,3,201,0.0,0.2,20,10,0.0005,0.0005,mrlco_first_order_mean_pseudogradient,fixed_literature_derived_defaults,0.00199225303485087,9.961265174254774e-05,0.019271773692023392,0.0009635886846012243,0.0018956780166940101,9.478390083469956e-05,3.0,0.0,0.07749546068261087,0.7078576416013141,0.06404665707718378,-0.13005317311391895,-0.13284292930400166,0.13284292930400166,0.05,0.25,0.075,0.0525,0.975,0.975,0.0,validation/automotive_lexicographic_v1,automotive_lexicographic_v1,a3bd00d5108237acdb706f561212b5d840bac151f48b5250a61c573d9c9ffb6c,80723246.0,0.13284292930400166,0.0
0.06359124013522129,0.00175,0.9975,0.00075,-0.00036630776594392955,0.17729611694812775,0.0005283443126783638,0.0010833333091189465,1.0823157938818135,0.0,0.0,0.0,0.0,0.0,0.0,0.012753402114358917,1.6433333158493042,publication,0.6488287448883057,5.284667253494263,1.0358978508164036,1.1678849497456394,200,1.24164316709772,3.981111280620098,0.02902473008725792,1.0358978508164038,1.1678849393501878,597.4757976150513,mobile,0.000267398633850001,0.0005291387438303895,29.87379261570562,29.87379261570562,system,0.0,201,1.1678849393501878,0.04559674740269926,meta_train_support,1,MARGO-SPLIT-v1,20,20,80,3,202,0.0,0.2,20,10,0.0005,0.0005,mrlco_first_order_mean_pseudogradient,fixed_literature_derived_defaults,0.001982390396064479,9.911951980322298e-05,0.01917636887176585,0.0009588184435882496,0.001886293472056911,9.431467360285217e-05,3.0,0.0,0.0775945802024141,0.7088164600449024,0.06414097175078663,,,,,,,,,,,,,,,,
0.06032869255551611,0.0,0.99925,0.00075,-0.000285593414446339,0.0508381612598896,0.00015671367315566915,0.0004999999888241291,0.7318167685220639,0.0,0.0,0.0,0.0,0.0,0.0,0.011422537552228836,1.5789657831192017,publication,0.6377582550048828,4.95314359664917,0.6315924188701164,0.7116365719121405,200,1.1126009345784442,3.3651943602599204,0.04944930530837155,0.6315924188701165,0.711636564321816,255.79165902137757,mobile,0.000193690317377573,0.0009603436178105594,12.789582292610717,12.789582292610717,system,0.0,202,0.711636564321816,0.05210146821145148,meta_train_support,1,MARGO-SPLIT-v1,20,20,80,3,203,0.0,0.2,20,10,0.0005,0.0005,mrlco_first_order_mean_pseudogradient,fixed_literature_derived_defaults,0.0019726249261331273,9.863124630665743e-05,0.019081904000476362,0.0009540952000237635,0.0018770013859876651,9.385006929937822e-05,3.0,0.0,0.07769321144872075,0.7097705552449262,0.06423482182008601,,,,,,,,,,,,,,,,
0.07140440372892151,0.00075,0.99875,0.0005,-0.0003532693663146347,0.03209063038229942,0.00041436138237969846,0.0007499999832361937,0.7772802536686261,0.0,0.0,0.0,0.0,0.0,0.0,0.009882802029947743,1.6813130378723145,publication,0.6712460517883301,4.716758966445923,0.6498293826721644,0.7316314343433623,200,0.8427676441451443,2.444348577497294,0.044559132074937224,0.6498293826721644,0.7316314166970551,177.50999099731445,mobile,0.0005920870012037943,0.001467904090788396,8.8754990670624,8.8754990670624,system,0.0,203,0.7316314166970551,0.053602497511718195,meta_train_support,1,MARGO-SPLIT-v1,20,20,80,3,204,0.0,0.2,20,10,0.0005,0.0005,mrlco_first_order_mean_pseudogradient,fixed_literature_derived_defaults,0.0019629551961030628,9.814775980515611e-05,0.018988365255375988,0.0009494182627688419,0.0018678003988014513,9.339001994007612e-05,3.0,0.0,0.07779135920852591,0.710719973507695,0.06432821184002609,,,,,,,,,,,,,,,,
0.08177185425042925,0.001,0.9985,0.0005,-0.00011836214252980426,0.022315721958875656,0.00040752062347303077,0.00091666664617757,0.9032806684573492,0.0,0.0,0.0,0.0,0.0,0.0,0.00885748736788301,1.7044076919555664,publication,0.6741180419921875,5.030841827392578,0.9630884582208579,1.0829931533755734,200,0.8438972183503441,2.301874501630664,0.050972007389646024,0.9630884582208579,1.0829931749030948,278.91611892700195,mobile,4.005186744965398e-05,4.005186744965398e-05,13.94580659097188,13.94580659097188,system,0.0,204,1.0829931749030948,0.05701418600137451,meta_train_support,1,MARGO-SPLIT-v1,20,20,80,3,205,0.0,0.2,20,10,0.0005,0.0005,mrlco_first_order_mean_pseudogradient,fixed_literature_derived_defaults,0.00195337980490256,9.766899024513109e-05,0.018895739083398543,0.000944786954169885,0.001858689177343883,9.293445886719709e-05,3.0,0.0,0.07788902819877104,0.7116647604618649,0.06442114629889328,,,,,,,,,,,,,,,,
0.054102240812019864,0.00125,0.9985,0.00025,-0.0003122150374110788,0.017416827380657196,0.00022730434834485896,0.0008333333147068819,0.7199267553786438,0.0,0.0,0.0,0.0,0.0,0.0,0.012494756577231784,1.7603873014450073,publication,0.6022672653198242,4.9529454708099365,0.562137432914433,0.6317510325171315,200,0.5139261985613188,1.5405883733183146,0.050005202647298574,0.5621374329144331,0.6317510425299406,935.1144769287109,mobile,0.0008542267837575942,0.002407752519625609,46.755725402425014,46.755725402425014,system,0.0,205,0.6317510425299406,0.038606143642263835,meta_train_support,1,MARGO-SPLIT-v1,20,20,80,3,206,0.0,0.2,20,10,0.0005,0.0005,mrlco_first_order_mean_pseudogradient,fixed_literature_derived_defaults,0.001943897378665169,9.719486893325358e-05,0.01880401219464418,0.0009402006097322113,0.0018496664143470682,9.248332071735976e-05,3.0,0.0,0.0779862230677043,0.7126049610715971,0.06451362961961064,,,,,,,,,,,,,,,,
0.06993251520145402,0.001,0.99875,0.00025,-0.00023408159904647619,0.05194069817662239,0.00015018765996662373,0.0006666666517655055,0.9950824946165084,0.0,0.0,0.0,0.0,0.0,0.0,0.010698750468909519,1.784570336341858,publication,0.6658725738525391,5.164002895355225,0.9363966086673394,1.0555402664103894,200,0.7552681238209472,2.260880531743169,0.05710676492890343,0.9363966086673395,1.0555402404814958,591.7145348358155,mobile,0.0003048233136850167,0.0003048233136850167,29.58572750613904,29.58572750613904,system,0.0,206,1.0555402404814958,0.04737847827290548,meta_train_support,1,MARGO-SPLIT-v1,20,20,80,3,207,0.0,0.2,20,10,0.0005,0.0005,mrlco_first_order_mean_pseudogradient,fixed_literature_derived_defaults,0.0019345065700725837,9.672532850363291e-05,0.018713171556022715,0.0009356585778010906,0.0018407308278043286,9.203654139021411e-05,3.0,0.0,0.07808294839620793,0.7135406196493982,0.06460566616100086,,,,,,,,,,,,,,,,
0.04992204849440174,0.0005,0.9995,0.0,-0.00023117322416510433,0.026302557438611984,0.00016990539344874375,0.00024999999441206456,0.7082758227363228,0.0,0.0,0.0,0.0,0.0,0.0,0.013367067385364865,1.70064377784729,publication,0.6233046054840088,5.18296217918396,0.5787414735597171,0.6521946401785579,200,0.596752066936533,1.631884514587,0.022806562213418147,0.578741473559717,0.652194638568908,432.5161516571045,mobile,0.0010665809276523227,0.002991774365059754,21.625808055179473,21.625808055179473,system,0.0,207,0.652194638568908,0.04094424160231675,meta_train_support,1,MARGO-SPLIT-v1,20,20,80,3,208,0.0,0.2,20,10,0.0005,0.0005,mrlco_first_order_mean_pseudogradient,fixed_literature_derived_defaults,0.0019252060577164653,9.626030288582832e-05,0.018623204385080295,0.0009311602192539903,0.0018318811603629617,9.159405801814624e-05,3.0,0.0,0.07817920869909376,0.7144717798686522,0.064697260219019,,,,,,,,,,,,,,,,
0.06454008426590863,0.001,0.99825,0.00075,-0.00032652687514200807,0.014777017757296562,0.0004009728474650605,0.0011666666405896347,0.7468748357146978,0.0,0.0,0.0,0.0,0.0,0.0,0.013414932924945302,1.5691436529159546,publication,0.6498532295227051,5.3508172035217285,0.7347997901366142,0.8289290205786437,200,0.9056184866275029,2.532304147258401,0.029187644102421473,0.7347997901366143,0.828929009931162,498.3413317489624,mobile,0.0008168878813850865,0.002102357957635768,24.91706522336428,24.91706522336428,system,0.0,208,0.828929009931162,0.04605231617728804,meta_train_support,1,MARGO-SPLIT-v1,20,20,80,3,209,0.0,0.2,20,10,0.0005,0.0005,mrlco_first_order_mean_pseudogradient,fixed_literature_derived_defaults,0.0019159945454785877,9.579972727392916e-05,0.018534098144003357,0.0009267049072001488,0.0018231161787344307,9.115580893671871e-05,3.0,0.0,0.07827500842636768,0.7153984847758523,0.06478841602795572,,,,,,,,,,,,,,,,
0.06597069350300196,0.00075,0.999,0.00025,-0.0006345890578813851,0.04949495941400528,7.144064846092608e-05,0.00041666665735344094,0.7940567923088868,0.0,0.0,0.0,0.0,0.0,0.0,0.015413719483954324,1.5091067552566528,publication,0.6634433269500732,5.48314905166626,0.5550168304567087,0.625110359587652,200,0.9668003113688173,3.1199299085419625,0.03816767380340025,0.5550168304567087,0.6251103736460208,223.10936241149903,mobile,0.0005726988797497389,0.0014103849844883398,11.15546781368925,11.15546781368925,system,0.0,209,0.6251103736460208,0.04810910797724083,meta_train_support,1,MARGO-SPLIT-v1,20,20,80,3,210,0.0,0.2,20,10,0.0005,0.0005,mrlco_first_order_mean_pseudogradient,fixed_literature_derived_defaults,0.0019068707619286896,9.534353809644014e-05,0.018445840533793816,0.0009222920266896972,0.0018144346731214097,9.072173365606839e-05,3.0,0.0,0.07837035196446412,0.716320776802542,0.06487913776161179,,,,,,,,,,,,,,,,
0.038398486083168204,0.003,0.99625,0.00075,-0.000499471731018275,0.015019598416984081,0.0008122819864169629,0.0024166666126499573,0.5823490279416242,0.0,0.0,0.0,0.0,0.0,0.0,0.01791524985520094,1.3607234954833984,publication,0.6481113433837891,5.48845362663269,0.5220018078377286,0.5858310582693957,200,0.6050302883208888,1.679701057029888,0.030889353627571836,0.5220018078377284,0.5858310504071415,794.1523086929321,mobile,0.0011798072373981284,0.003105602327365893,39.707615170218844,39.707615170218844,system,0.0,210,0.5858310504071415,0.031022169104444944,meta_train_support,1,MARGO-SPLIT-v1,20,20,80,3,211,0.0,0.2,20,10,0.0005,0.0005,mrlco_first_order_mean_pseudogradient,fixed_literature_derived_defaults,0.001897833459739454,9.489167298697143e-05,0.01835841948860996,0.0009179209744305528,0.0018058354566611186,9.029177283305378e-05,3.0,0.0,0.0784652436374511,0.7172386977769726,0.06496942953444484,,,,,,,,,,,,,,,,
0.06659533044156371,0.00325,0.9955,0.00125,-0.0003278985386714339,0.017672115936875343,0.0011356378178424126,0.0024999999441206455,0.7137788238624732,0.0,0.0,0.0,0.0,0.0,0.0,0.01692454788418361,1.374361276626587,publication,0.6666381359100342,5.262127876281738,0.6416810035659039,0.7237911641565734,200,0.7815708394668556,2.1967025995254517,0.026417854664032348,0.641681003565904,0.7237911820411682,694.0046639347077,mobile,0.0006967968356745327,0.002859030667650717,34.700235456299716,34.700235456299716,system,0.0,211,0.7237911820411682,0.04757784731528824,meta_train_support,1,MARGO-SPLIT-v1,20,20,80,3,212,0.0,0.2,20,10,0.0005,0.0005,mrlco_first_order_mean_pseudogradient,fixed_literature_derived_defaults,0.0018888814151180415,9.444407075590022e-05,0.01827182317026746,0.000913591158513416,0.0017973173648844153,8.986586824422105e-05,3.0,0.0,0.078559687708207,0.718152288935486,0.06505929540268907,,,,,,,,,,,,,,,,
0.08002443614812722,0.00075,0.998,0.00125,-0.0003588130639400333,0.27558788657188416,0.00036910939638789365,0.0009999999776482583,1.2726008584101993,0.0,0.0,0.0,0.0,0.0,0.0,0.01338205294967662,1.3258204460144043,publication,0.6826510429382324,5.16935658454895,1.2115864311370068,1.3681163535901577,200,1.349319100557226,4.309556181542575,0.05705730920453789,1.2115864311370066,1.3681163607165217,290.21023229599,mobile,0.000331543185419684,0.0004896526571104057,14.510511887897152,14.510511887897152,system,0.0,212,1.3681163607165217,0.06284632102448152,meta_train_support,1,MARGO-SPLIT-v1,20,20,80,3,213,0.0,0.2,20,10,0.0005,0.0005,mrlco_first_order_mean_pseudogradient,fixed_literature_derived_defaults,0.0018808574282299729,9.404287141150103e-05,0.018194871573646382,0.0009097435786823427,0.0017888792551901222,8.944396275950561e-05,3.0,0.0,0.0786537305796185,0.7190620325141683,0.06514873936544857,,,,,,,,,,,,,,,,
0.05391745990335867,0.00175,0.9975,0.00075,-0.00042872261838056147,0.04942067340016365,0.00024211025670505627,0.001333333303531011,0.8319060817360878,0.0,0.0,0.0,0.0,0.0,0.0,0.017127563522332412,1.339026689529419,publication,0.7058415412902832,5.216118335723877,0.5328080528184561,0.598977245633505,200,0.6333527717822384,1.9101628437638283,0.0508439134046057,0.532808052818456,0.5989772381260992,748.0608017158509,mobile,0.00020133565489541288,0.0007505837538928481,37.40303930958105,37.40303930958105,system,0.0,213,0.5989772381260992,0.040189943028342646,meta_train_support,1,MARGO-SPLIT-v1,20,20,80,3,214,0.0,0.2,20,10,0.0005,0.0005,mrlco_first_order_mean_pseudogradient,fixed_literature_derived_defaults,0.0018720683748270292,9.360341874134481e-05,0.01810984880928355,0.0009054924404642284,0.0017805200063340937,8.902600031671093e-05,3.0,0.0,0.07874733399835984,0.7199675249546326,0.06523776536576528,,,,,,,,,,,,,,,,
0.06266095383901248,0.0025,0.99725,0.00025,-0.0006795024964958429,0.018225127831101418,0.0005564248974640881,0.0016666666294137638,0.6947791419923306,0.0,0.0,0.0,0.0,0.0,0.0,0.01654881145085797,1.3996952772140503,publication,0.6608550548553467,5.283540725708008,0.7631956654420499,0.8611646994368494,200,0.761747339373211,1.8630493860691786,0.049105208716355264,0.7631956654420495,0.8611647193133831,537.3173933410644,mobile,0.00031364288402380695,0.0006258689021775918,26.865868911575923,26.865868911575923,system,0.0,214,0.8611647193133831,0.04979363053108763,meta_train_support,1,MARGO-SPLIT-v1,20,20,80,3,215,0.0,0.2,20,10,0.0005,0.0005,mrlco_first_order_mean_pseudogradient,fixed_literature_derived_defaults,0.0018633610800603917,9.316805400301498e-05,0.01802561695435665,0.0009012808477177892,0.0017722385179325397,8.861192589662559e-05,3.0,0.0,0.07884050205236286,0.7208688058023504,0.06532637729166191,,,,,,,,,,,,,,,,
0.05308646439067823,0.00075,0.997,0.00225,-0.0006402987637557089,0.0168664138764143,0.0005215318799468349,0.0017499999919285375,0.6649741210043432,0.0,0.0,0.0,0.0,0.0,0.0,0.01702475210253047,1.4422403573989868,publication,0.6629343032836914,5.1574461460113525,0.7619611946006154,0.8575780419340663,200,0.8386439488751525,2.4133800962008536,0.02707036152423825,0.7619611946006153,0.8575780414603651,570.4847654342651,mobile,0.0005202836232310416,0.0012251736388678943,28.52423752651245,28.52423752651245,system,0.0,215,0.8575780414603651,0.041656773145197015,meta_train_support,1,MARGO-SPLIT-v1,20,20,80,3,216,0.0,0.2,20,10,0.0005,0.0005,mrlco_first_order_mean_pseudogradient,fixed_literature_derived_defaults,0.0018547344083934456,9.273672041967829e-05,0.017942165024012406,0.0008971082512005957,0.0017640337099791483,8.820168549895924e-05,3.0,0.0,0.07893323877278254,0.721765914053551,0.06541457897716087,,,,,,,,,,,,,,,,
0.049826469855940206,0.0015,0.998,0.0005,-0.0004787040816154331,0.028600377961993217,0.0004401812636341874,0.0010833333091189465,0.7553998863945405,0.0,0.0,0.0,0.0,0.0,0.0,0.017411452921534103,1.5080262422561646,publication,0.6412241458892822,4.783931016921997,0.98284370838957,1.1085759420392423,200,0.829554810615044,2.844252609531395,0.04584813726978609,0.9828437083895702,1.1085759674571454,874.6061964035034,mobile,0.0013590673676902398,0.003153037561539522,43.73030996449922,43.73030996449922,system,0.0,216,1.1085759674571454,0.03852106267535228,meta_train_support,1,MARGO-SPLIT-v1,20,20,80,3,217,0.0,0.2,20,10,0.0005,0.0005,mrlco_first_order_mean_pseudogradient,fixed_literature_derived_defaults,0.0018461872452211255,9.230936226105324e-05,0.017859482235883316,0.0008929741117941203,0.0017559045223755577,8.77952261187781e-05,3.0,0.0,0.07902554813504359,0.7226588881653451,0.06550237420327965,,,,,,,,,,,,,,,,
0.056846115205041715,0.0015,0.9985,0.0,-0.000718398136086762,0.012198277749121189,0.0002758372934460832,0.0007499999832361937,0.5625262849032879,0.0,0.0,0.0,0.0,0.0,0.0,0.01670886397309511,1.541786789894104,publication,0.6681404113769531,5.5032689571380615,0.32519009610907335,0.36738917675975247,200,0.49528975257807756,1.5354191260412335,0.05623022220970597,0.32519009610907335,0.36738917257636783,189.55796463012695,mobile,0.0005746838108653634,0.0012030035412237238,9.477898370100888,9.477898370100888,system,0.0,217,0.36738917257636783,0.04265798827489462,meta_train_support,1,MARGO-SPLIT-v1,20,20,80,3,218,0.0,0.2,20,10,0.0005,0.0005,mrlco_first_order_mean_pseudogradient,fixed_literature_derived_defaults,0.0018377184963898358,9.188592481949864e-05,0.017777558005443485,0.0008888779002721447,0.0017478499144747525,8.739249572373153e-05,3.0,0.0,0.07911743405986309,0.7235477660656172,0.06558976669900338,,,,,,,,,,,,,,,,
0.05351523434188958,0.00075,0.999,0.00025,-0.0001961651141755283,0.04055454954504967,0.00020207464437615265,0.0006666666517655055,0.7830384862919649,0.0,0.0,0.0,0.0,0.0,0.0,0.014664949919825535,1.4944411516189575,publication,0.6560792922973633,5.029965400695801,0.5899744583620415,0.663273061991349,200,0.6807121690681774,1.9092384818941355,0.047327367414254695,0.5899744583620417,0.6632730663567782,699.9772539901734,mobile,0.00010050711521236616,0.00010050711521236616,34.99886170609035,34.99886170609035,system,0.0,218,0.6632730663567782,0.04270650565286012,meta_train_support,1,MARGO-SPLIT-v1,20,20,80,3,219,0.0,0.2,20,10,0.0005,0.0005,mrlco_first_order_mean_pseudogradient,fixed_literature_derived_defaults,0.0018293270877305216,9.146635438653239e-05,0.017696381941491687,0.0008848190970746073,0.0017398688646369682,8.699344323184754e-05,3.0,0.0,0.07920890041424962,0.7244325851626918,0.06567676014223522,,,,,,,,,,,,,,,,
0.04984234187174239,0.00125,0.998,0.00075,-0.0004480313800740987,0.10566668957471848,0.0003838721429682816,0.0010833333091189465,0.9625540991624195,0.0,0.0,0.0,0.0,0.0,0.0,0.01674688499794334,1.5338419675827026,publication,0.6391861438751221,5.293737888336182,0.8299107950648282,0.9317298479097371,200,1.0732675874816773,3.3181004719808698,0.033289273735135794,0.8299107950648281,0.9317298355512321,1052.507768058777,mobile,0.0005657504997420422,0.0030181485567877704,52.62538682155272,52.62538682155272,system,0.0,219,0.9317298355512321,0.032745130818767315,meta_train_support,1,MARGO-SPLIT-v1,20,20,80,3,220,0.0,0.2,20,10,0.0005,0.0005,mrlco_first_order_mean_pseudogradient,fixed_literature_derived_defaults,0.0018210119646044738,9.105059823022454e-05,0.017615943841757634,0.0008807971920878899,0.0017319603697977092,8.659801848988347e-05,3.0,0.0,0.07929995101247984,0.7253133823547797,0.06576335816072511,,,,,,,,,,,,,,,,
0.05820815438273334,0.00125,0.998,0.00075,-0.00038681228761561215,0.022089775651693344,0.00044630456004549995,0.001249999972060323,0.7045328491056958,0.0,0.0,0.0,0.0,0.0,0.0,0.015552384666384757,1.4923113584518433,publication,0.6315476894378662,4.739764928817749,0.8525581369657309,0.9606759993696323,200,0.8495587476660647,2.8243425358086824,0.04317693371558562,0.8525581369657307,0.9606759499572217,687.9267659759521,mobile,0.0008029816177687643,0.0033473468974883312,34.39633847040696,34.39633847040696,system,0.0,220,0.9606759499572217,0.043122381897610945,meta_train_support,1,MARGO-SPLIT-v1,20,20,80,3,221,0.0,0.2,20,10,0.0005,0.0005,mrlco_first_order_mean_pseudogradient,fixed_literature_derived_defaults,0.0018127720914614671,9.063860457307615e-05,0.01753623368862751,0.0008768116844313223,0.0017241234450474934,8.620617225237048e-05,3.0,0.0,0.07939058961705292,0.726190194039211,0.06584956433297748,,,,,,,,,,,,,,,,
0.05035052772716945,0.00125,0.99825,0.0005,-0.000412688561482355,0.039325691759586334,0.00039831897084781077,0.00091666664617757,0.7596488075951735,0.0,0.0,0.0,0.0,0.0,0.0,0.01571497650480689,1.5218594074249268,publication,0.6771149635314941,4.941617727279663,0.8028666658158469,0.9045472317995155,200,0.7295545531309805,2.1702322839410044,0.0439802665496245,0.8028666658158468,0.9045472284033894,819.3191719055176,mobile,0.0006599912051774272,0.0023157114339344576,40.96595562483299,40.96595562483299,system,0.0,221,0.9045472284033894,0.040053224939137023,meta_train_support,1,MARGO-SPLIT-v1,20,20,80,3,222,0.0,0.2,20,10,0.0005,0.0005,mrlco_first_order_mean_pseudogradient,fixed_literature_derived_defaults,0.0018046064514098388,9.023032257049479e-05,0.017457241644985043,0.0008728620822492372,0.001716357123222955,8.58178561611439e-05,3.0,0.0,0.07948081993962341,0.7270630561214603,0.06593538218913862,,,,,,,,,,,,,,,,
0.056362321515911674,0.001,0.99775,0.00125,-0.0009555096621625125,0.030159715563058853,0.000611653044870053,0.001499999966472387,0.7282183766365052,0.0,0.0,0.0,0.0,0.0,0.0,0.015602365558098064,1.4509004354476929,publication,0.6962676048278809,5.069980144500732,0.5869802602172445,0.6612728857396359,200,0.7021767993221247,1.9961871872656047,0.0194327856079326,0.5869802602172445,0.6612728874571622,530.4578169822693,mobile,0.0008255900736831326,0.0025892399143902962,26.52289136400408,26.52289136400408,system,0.0,222,0.6612728874571622,0.04494836583596497,meta_train_support,1,MARGO-SPLIT-v1,20,20,80,3,223,0.0,0.2,20,10,0.0005,0.0005,mrlco_first_order_mean_pseudogradient,fixed_literature_derived_defaults,0.0017965140457981356,8.98257022899085e-05,0.017378958050164484,0.0008689479025082436,0.0017086604545089507,8.54330227254424e-05,3.0,0.0,0.07957064564191332,0.7279320040239685,0.06602081521186406,,,,,,,,,,,,,,,,
0.059314412206717,0.0015,0.99775,0.00075,-0.0003848184132948518,0.12484074383974075,0.0001333511488420906,0.0010833333091189465,0.9880433251460394,0.0,0.0,0.0,0.0,0.0,0.0,0.013430398541643922,1.4883899688720703,publication,0.6750409603118896,5.1542816162109375,1.012188025733726,1.1394395063075717,200,1.085774727986147,3.1345773162320256,0.05909204079216579,1.0121880257337261,1.139439513925463,408.3693747329712,mobile,0.0002498649248239978,0.0007032124240410771,20.41846948513238,20.41846948513238,system,0.0,223,1.139439513925463,0.04637045873982262,meta_train_support,1,MARGO-SPLIT-v1,20,20,80,3,224,0.0,0.2,20,10,0.0005,0.0005,mrlco_first_order_mean_pseudogradient,fixed_literature_derived_defaults,0.0017884938938079653,8.942469469039316e-05,0.017301373416011963,0.0008650686708006061,0.0017010325060513216,8.505162530256238e-05,3.0,0.0,0.07966007033660372,0.7287970726947691,0.06610586683716663,,,,,,,,,,,,,,,,
0.0653874474923839,0.0005,0.999,0.0005,-0.0003176633326802403,0.04009931907057762,0.0001392335584185389,0.00041666665735344094,0.7944215650359789,0.0,0.0,0.0,0.0,0.0,0.0,0.011624526023720326,1.5428135395050049,publication,0.6228034496307373,5.392913579940796,0.6598932368362449,0.7422897096794623,200,0.7823425162881202,2.4707619547843933,0.07076937222154811,0.659893236836245,0.7422897142544389,217.4080752468109,mobile,0.0007066237850489079,0.001137160690669804,10.870403771896152,10.870403771896152,system,0.0,224,0.7422897142544389,0.0456598798400508,meta_train_support,1,MARGO-SPLIT-v1,20,20,80,3,225,0.0,0.2,20,10,0.0005,0.0005,mrlco_first_order_mean_pseudogradient,fixed_literature_derived_defaults,0.0017805450320577077,8.902725160288283e-05,0.01722447842305191,0.0008612239211526207,0.0016934723615799824,8.467361807899809e-05,3.0,0.0,0.0797490975882066,0.7296582966159217,0.06619054045524563,,,,,,,,,,,,,,,,
0.05867044653839855,0.00225,0.99775,0.0,-0.0005655966233462095,0.017977289855480194,0.0007665382074054131,0.0013333333035310108,0.6896738874415557,0.0,0.0,0.0,0.0,0.0,0.0,0.012899897034516708,1.578930377960205,publication,0.7053265571594238,4.717497825622559,0.30643896817819877,0.3449040494224755,200,0.5569460361471769,1.918608570471406,0.028356164402794093,0.3064389681781987,0.34490403325296937,191.86995777130127,mobile,0.0005691584485280968,0.0013622127207370235,9.593497928957136,9.593497928957136,system,0.0,225,0.34490403325296937,0.047222227266301625,meta_train_support,1,MARGO-SPLIT-v1,20,20,80,3,226,0.0,0.2,20,10,0.0005,0.0005,mrlco_first_order_mean_pseudogradient,fixed_literature_derived_defaults,0.0017726665142167443,8.863332571083793e-05,0.01714826391675522,0.000857413195837764,0.0016859791210420178,8.429895605209514e-05,3.0,0.0,0.07983773091391744,0.7305157098117595,0.06627483941129772,,,,,,,,,,,,,,,,
0.04371273309546512,0.00175,0.9975,0.00075,-0.000399399665184319,0.02416946180164814,0.0006628080000034231,0.0014999999664723873,0.6593630636731783,0.0,0.0,0.0,0.0,0.0,0.0,0.01839225290722057,1.2412354946136475,publication,0.5632410049438477,5.204406499862671,0.5715990260363842,0.6414656082650617,200,0.7391192169950032,2.169844733318314,0.030065466882660985,0.5715990260363842,0.6414656138606369,422.1297959518433,mobile,0.0014379553366212295,0.0028131546952401432,21.10648983005221,21.10648983005221,system,0.0,226,0.6414656138606369,0.035775653752873574,meta_train_support,1,MARGO-SPLIT-v1,20,20,80,3,227,0.0,0.2,20,10,0.0005,0.0005,mrlco_first_order_mean_pseudogradient,fixed_literature_derived_defaults,0.0017648574106298865,8.824287053149638e-05,0.017072720903906078,0.0008536360451952829,0.0016785519002444759,8.392759501221758e-05,3.0,0.0,0.07992597378444893,0.7313693458569548,0.06635876700630994,,,,,,,,,,,,,,,,
0.0698659320187539,0.00175,0.99775,0.0005,-0.0005284720682539046,0.015199136920273304,0.0005830953626211036,0.0013333333035310112,0.7152774207293987,0.0,0.0,0.0,0.0,0.0,0.0,0.013300465838577925,1.5992674827575684,publication,0.6867752075195312,4.997923374176025,0.7451124471452597,0.8402666263092943,200,0.9999295539165679,3.2396055795252323,0.0462950030923821,0.7451124471452598,0.8402666099742055,461.07246601104737,mobile,0.0002706777129018966,0.0002706777129018966,23.053623182367545,23.053623182367545,system,0.0,227,0.8402666099742055,0.055276661831240796,meta_train_support,1,MARGO-SPLIT-v1,20,20,80,3,228,0.0,0.2,20,10,0.0005,0.0005,mrlco_first_order_mean_pseudogradient,fixed_literature_derived_defaults,0.0017571168079516851,8.785584039758265e-05,0.016997840549064384,0.0008498920274532251,0.0016711898305065615,8.355949152533126e-05,3.0,0.0,0.08001382962484652,0.732219237884408,0.06644232649783527,,,,,,,,,,,,,,,,
0.051814671235407415,0.00175,0.99675,0.0015,-0.0007734589162282646,0.014055262319743633,0.000703169961675106,0.001416666635001699,0.7431260814269385,0.0,0.0,0.0,0.0,0.0,0.0,0.018769059730149664,1.5379717350006104,publication,0.683462381362915,4.67829442024231,0.7446328274189671,0.8377305639530277,200,0.7619679875016908,2.036393467336893,0.027477639872813597,0.7446328274189671,0.8377305881865322,854.5095213317871,mobile,0.0006282799500591963,0.001243716978079835,42.72547465939065,42.72547465939065,system,0.0,228,0.8377305881865322,0.035864734500922396,meta_train_support,1,MARGO-SPLIT-v1,20,20,80,3,229,0.0,0.2,20,10,0.0005,0.0005,mrlco_first_order_mean_pseudogradient,fixed_literature_derived_defaults,0.001749443808790324,8.747219043951648e-05,0.01692361417112087,0.0008461807085560213,0.0016638920583209433,8.319460291604519e-05,3.0,0.0,0.08010130181528603,0.733065418592964,0.06652552110075131,,,,,,,,,,,,,,,,
0.05727516538783449,0.001,0.99775,0.00125,-0.0010667082387953997,0.02038951963186264,0.0004659969816467917,0.001333333303531011,0.6358865710596244,0.0,0.0,0.0,0.0,0.0,0.0,0.016295785841003052,1.5870966911315918,publication,0.6829228401184082,5.021713495254517,0.6309205696608466,0.7111075346447615,200,0.8327335820381799,2.1903900830075145,0.045183279435150325,0.6309205696608465,0.7111075117252768,493.2931457710266,mobile,0.0003832960611419331,0.0006950482024733068,24.664659088931636,24.664659088931636,system,0.0,229,0.7111075117252768,0.044614582450013616,meta_train_support,1,MARGO-SPLIT-v1,20,20,80,3,230,0.0,0.2,20,10,0.0005,0.0005,mrlco_first_order_mean_pseudogradient,fixed_literature_derived_defaults,0.001741837531360801,8.709187656803785e-05,0.016850033239942084,0.0008425016619970638,0.0016566577450238958,8.283288725119409e-05,3.0,0.0,0.08018839369185407,0.7339079202549611,0.06660835398800251,,,,,,,,,,,,,,,,
0.06067455033433309,0.0015,0.99775,0.00075,-0.0005099381087347865,0.037868499755859375,0.000571876225031905,0.0013333333035310108,0.7721447634200256,0.0,0.0,0.0,0.0,0.0,0.0,0.011198835594682818,1.6886122226715088,publication,0.6695809364318848,4.811767101287842,0.7245973623425244,0.8160238905780716,200,0.851606472552257,2.3615537777077407,0.05087614641524851,0.724597362342524,0.8160239250026643,553.6063904953003,mobile,0.00039437235444736207,0.0007989032846831798,27.680320227893386,27.680320227893386,system,0.0,230,0.8160239250026643,0.04779526817986904,meta_train_support,1,MARGO-SPLIT-v1,20,20,80,3,231,0.0,0.2,20,10,0.0005,0.0005,mrlco_first_order_mean_pseudogradient,fixed_literature_derived_defaults,0.0017342971091471179,8.671485545735935e-05,0.01677708937310251,0.0008388544686551702,0.0016494860664740087,8.247430332369854e-05,3.0,0.0,0.08027510854731143,0.7347467747236163,0.0666908282913262,,,,,,,,,,,,,,,,
0.07414181268705514,0.00075,0.99875,0.0005,-0.0011171594960615039,0.19999456405639648,0.00026320022617056795,0.0006666666517655054,1.1950315994520981,0.0,0.0,0.0,0.0,0.0,0.0,0.010340477300538116,1.6566987037658691,publication,0.6288447380065918,4.907338619232178,0.9200222612003637,1.037394243501585,200,1.3336599440194528,4.423043564893305,0.03096226940397173,0.9200222612003639,1.0373942701797931,175.5453885650635,mobile,0.0007125914213495356,0.0024945571055673132,8.77726964517842,8.77726964517842,system,0.0,231,1.0373942701797931,0.050718919728760616,meta_train_support,1,MARGO-SPLIT-v1,20,20,80,3,232,0.0,0.2,20,10,0.0005,0.0005,mrlco_first_order_mean_pseudogradient,fixed_literature_derived_defaults,0.001726821690573208,8.634108452866551e-05,0.016704774332701205,0.000835238716635045,0.001642376212739207,8.211881063696636e-05,3.0,0.0,0.0803614496318401,0.7355820134402513,0.06677294710196317,,,,,,,,,,,,,,,,
0.04783666237977807,0.00075,0.99875,0.0005,-0.0007049100240692496,0.025922443717718124,0.000311353682210284,0.0006666666517655055,0.6713345121592283,0.0,0.0,0.0,0.0,0.0,0.0,0.015332158280640731,1.6524447202682495,publication,0.6805768013000488,5.214772939682007,0.4809977221909908,0.5401675583110773,200,0.8306559222105413,2.601014928848599,0.010263167030643672,0.4809977221909908,0.5401675358973443,507.6607062530518,mobile,0.00041437641177012125,0.0013903055410817732,25.383036273380657,25.383036273380657,system,0.0,232,0.5401675358973443,0.03973740166493308,meta_train_support,1,MARGO-SPLIT-v1,20,20,80,3,233,0.0,0.2,20,10,0.0005,0.0005,mrlco_first_order_mean_pseudogradient,fixed_literature_derived_defaults,0.0017194104386823357,8.59705219341117e-05,0.016633080022260428,0.0008316540011130691,0.0016353273877918284,8.176636938958537e-05,3.0,0.0,0.08044742015377421,0.7364136674413644,0.06685471347135276,,,,,,,,,,,,,,,,
0.0744141768672951,0.00125,0.99775,0.001,-0.00010948432463919744,0.052538398653268814,0.00027511691103043745,0.00091666664617757,0.8581638357291619,0.0,0.0,0.0,0.0,0.0,0.0,0.010070972563454468,1.7318540811538696,publication,0.6624596118927002,4.999354839324951,0.6228837393450356,0.7015954535135461,200,0.9870140394715602,3.4408649737015367,0.04809998034033924,0.6228837393450355,0.7015954583883286,548.5982285690308,mobile,0.000567625549961524,0.0007180053109496503,27.429911798792922,27.429911798792922,system,0.0,233,0.7015954583883286,0.057099912803577055,meta_train_support,1,MARGO-SPLIT-v1,20,20,80,3,234,0.0,0.2,20,10,0.0005,0.0005,mrlco_first_order_mean_pseudogradient,fixed_literature_derived_defaults,0.001712062530824719,8.560312654123936e-05,0.01656199848370376,0.0008280999241851994,0.0016283388092115216,8.141694046057135e-05,3.0,0.0,0.08053302328031545,0.7372417673655496,0.06693613041181333,,,,,,,,,,,,,,,,
0.0574172986056781,0.0,0.99975,0.00025,-0.0009183670626953244,0.02416018582880497,4.292086824927803e-05,0.00016666666294137638,0.8327034150560696,0.0,0.0,0.0,0.0,0.0,0.0,0.011831531552737447,1.7865471839904785,publication,0.6957008838653564,5.095961332321167,0.855119487049524,0.9642821987806838,200,0.7684461718041489,2.378396793268621,0.059796538727823645,0.8551194870495241,0.9642822024226189,1109.6393603515626,mobile,0.00085193690993247,0.006371578198236378,55.48196936342945,55.48196936342945,system,0.0,234,0.9642822024226189,0.04388550747835303,meta_train_support,1,MARGO-SPLIT-v1,20,20,80,3,235,0.0,0.2,20,10,0.0005,0.0005,mrlco_first_order_mean_pseudogradient,fixed_literature_derived_defaults,0.0017047771583531244,8.523885791765495e-05,0.0164915218944114,0.0008245760947205305,0.0016214097078957278,8.107048539478245e-05,3.0,0.0,0.0806182621382331,0.7380663434602701,0.06701720089720811,,,,,,,,,,,,,,,,
0.049712673576493255,0.001,0.99825,0.00075,-0.0012012782972306013,0.08796729892492294,0.00035786462596275234,0.0011666666405896347,0.9164445874591669,0.0,0.0,0.0,0.0,0.0,0.0,0.015469611478375889,1.6000975370407104,publication,0.6697876453399658,5.010313034057617,0.7681193688808946,0.8649827315201037,200,0.9142245220273985,2.9509257301688194,0.06241694508935325,0.7681193688808946,0.8649827245622873,352.7003517913818,mobile,0.0009310375468884787,0.004413474949730131,17.635017175457143,17.635017175457143,system,0.0,235,0.8649827245622873,0.03582070583037862,meta_train_support,1,MARGO-SPLIT-v1,20,20,80,3,236,0.0,0.2,20,10,0.0005,0.0005,mrlco_first_order_mean_pseudogradient,fixed_literature_derived_defaults,0.0016975535263262043,8.48776763163056e-05,0.016421642564350337,0.0008210821282175207,0.0016145393277775255,8.072696638887489e-05,3.0,0.0,0.08070313981454941,0.7388874255884876,0.06709792786359699,,,,,,,,,,,,,,,,
0.0542138573609756,0.00125,0.99825,0.0005,-0.00036649880348704755,0.012394598685204983,0.00038568899941336573,0.0009999999776482583,0.7545739460736514,0.0,0.0,0.0,0.0,0.0,0.0,0.014240132291367693,1.5666495561599731,publication,0.6822948455810547,5.265380144119263,0.4626583451660852,0.5209930701709891,200,0.7835757986916011,2.317452727816999,0.04517746524652466,0.46265834516608517,0.520993055012077,519.7227897262574,mobile,0.0003076058233589243,0.0016025698271763492,25.986138898534556,25.986138898534556,system,0.0,236,0.520993055012077,0.03895374182123806,meta_train_support,1,MARGO-SPLIT-v1,20,20,80,3,237,0.0,0.2,20,10,0.0005,0.0005,mrlco_first_order_mean_pseudogradient,fixed_literature_derived_defaults,0.0016903908532193428,8.451954266096295e-05,0.01635235293327713,0.0008176176466638818,0.0016077269255506163,8.038634627753616e-05,3.0,0.0,0.08078765935721037,0.7397050432351515,0.06717831420987452,,,,,,,,,,,,,,,,
0.07509454271824793,0.0015,0.9975,0.001,-0.00032620495767332613,0.02895699068903923,0.0003699990255289738,0.001333333303531011,0.7966812815517187,0.0,0.0,0.0,0.0,0.0,0.0,0.010786757839901287,1.6822900772094727,publication,0.6711366176605225,5.398188352584839,0.7616360471031735,0.8568405516447819,200,0.8535311590732841,2.3443843398272293,0.04541335051180795,0.7616360471031732,0.8568405642732978,259.5605794143677,mobile,0.00035136864464673526,0.001064527440985987,12.978029387508741,12.978029387508741,system,0.0,237,0.8568405642732978,0.054734427806867776,meta_train_support,1,MARGO-SPLIT-v1,20,20,80,3,238,0.0,0.2,20,10,0.0005,0.0005,mrlco_first_order_mean_pseudogradient,fixed_literature_derived_defaults,0.0016832883706427908,8.416441853213719e-05,0.01628364556801126,0.000814182278400577,0.0016009717704012437,8.004858852006524e-05,3.0,0.0,0.08087182377574251,0.7405192255135521,0.06725836279839459,,,,,,,,,,,,,,,,
0.0676016256278018,0.001,0.9975,0.0015,-0.000209183941478841,0.02730223722755909,0.0005657896085865014,0.0015833332979430753,0.7841315492987632,0.0,0.0,0.0,0.0,0.0,0.0,0.011115849430965847,1.7030116319656372,publication,0.629833459854126,5.382761240005493,0.5746069049934064,0.6467023638206502,200,0.6505903692120268,2.068551555275917,0.048894666600972414,0.5746069049934064,0.6467023753374815,619.9825564575195,mobile,0.00013495212132280204,0.0009943370774192495,30.99912911967501,30.99912911967501,system,0.0,238,0.6467023753374815,0.04531191688339535,meta_train_support,1,MARGO-SPLIT-v1,20,20,80,3,239,0.0,0.2,20,10,0.0005,0.0005,mrlco_first_order_mean_pseudogradient,fixed_literature_derived_defaults,0.0016762453230668797,8.381226615333803e-05,0.0162155131597769,0.0008107756579888159,0.0015942731437468454,7.971365718734136e-05,3.0,0.0,0.08095563604189585,0.7413300011715409,0.06733807645558193,,,,,,,,,,,,,,,,
0.06356410961366832,0.00075,0.998,0.00125,-0.0003418074920773506,0.027778053656220436,0.0005979898956531097,0.0011666666405896347,0.6957276884466409,0.0,0.0,0.0,0.0,0.0,0.0,0.014910669397054635,1.6755424737930298,publication,0.5102617740631104,3.4539918899536133,0.43711631484934416,0.4924735772961503,200,0.7026806064179842,1.9497083304449916,0.04624012467684224,0.43711631484934416,0.4924735703878105,197.30513977050782,mobile,0.0004879583111610532,0.001131185578571085,9.865256436360204,9.865256436360204,system,0.0,239,0.4924735703878105,0.04551785041746785,meta_train_support,1,MARGO-SPLIT-v1,20,20,80,3,240,0.0,0.2,20,10,0.0005,0.0005,mrlco_first_order_mean_pseudogradient,fixed_literature_derived_defaults,0.001669260967554101,8.346304837771046e-05,0.016147948521611166,0.0008073974260806027,0.0015876303389812335,7.938151694905637e-05,3.0,0.0,0.08103909909027356,0.7421373985976215,0.06741745797253099,,,,,,,,,,,,,,,,
0.07332731379219229,0.001,0.9985,0.0005,-0.000384861312340945,0.07282190769910812,0.0004973845526368591,0.0009999999776482583,0.9337573351959387,0.0,0.0,0.0,0.0,0.0,0.0,0.010558440277403444,1.6445655822753906,publication,0.6099100112915039,3.2285029888153076,0.746421560969474,0.8408168714412022,200,0.7012699563483593,2.35410777409561,0.09612188351457007,0.746421560969474,0.8408168877661228,692.0223937606811,mobile,0.00032394395825504984,0.00032394395825504984,34.60112149155633,34.60112149155633,system,0.0,240,0.8408168877661228,0.048340966558070055,meta_train_support,1,MARGO-SPLIT-v1,20,20,80,3,241,0.0,0.2,20,10,0.0005,0.0005,mrlco_first_order_mean_pseudogradient,fixed_literature_derived_defaults,0.0016623345734978598,8.311672867489239e-05,0.016080944585836844,0.0008040472292918377,0.0015810426612261246,7.90521330613081e-05,3.0,0.0,0.08112221581894845,0.7429414458269133,0.0674965101055923,,,,,,,,,,,,,,,,
0.06684997468239581,0.0015,0.998,0.0005,-0.000576526450458914,0.10209432989358902,0.0005007313153054582,0.00091666664617757,1.0498386461287734,0.0,0.0,0.0,0.0,0.0,0.0,0.010400782580722835,1.628974199295044,publication,0.6728639602661133,5.036890745162964,0.8588628907916052,0.9671049623189174,200,0.8549959739155034,2.505787640810013,0.052765499538509175,0.8588628907916052,0.9671049831621349,470.8122441482544,mobile,0.00046736826619305313,0.0015031041378040489,23.54061501387967,23.54061501387967,system,0.0,241,0.9671049831621349,0.04313796020113589,meta_train_support,1,MARGO-SPLIT-v1,20,20,80,3,242,0.0,0.2,20,10,0.0005,0.0005,mrlco_first_order_mean_pseudogradient,fixed_literature_derived_defaults,0.0016554654223677034,8.277327111838595e-05,0.01601479584045078,0.0008007397920225534,0.001575254813757308,7.876274068786826e-05,3.0,0.0,0.08120498909006683,0.7437421856189359,0.06757527284628016,,,,,,,,,,,,,,,,
0.061262958484211615,0.001,0.99875,0.00025,-0.0009179404005408287,0.010172118432819843,0.00024612252664866217,0.0008333333147068819,0.6654704050471386,0.0,0.0,0.0,0.0,0.0,0.0,0.010791934783904274,1.5650408267974854,publication,0.6353316307067871,5.4224793910980225,0.3746337918146254,0.4220230211819853,200,0.6779618455404538,2.105244077712996,0.03896463353885338,0.37463379181462536,0.4220230115018785,208.2698027420044,mobile,0.0008837742869840932,0.002385405509934622,10.413489800088492,10.413489800088492,system,0.0,242,0.4220230115018785,0.05263781194258094,meta_train_support,1,MARGO-SPLIT-v1,20,20,80,3,243,0.0,0.2,20,10,0.0005,0.0005,mrlco_first_order_mean_pseudogradient,fixed_literature_derived_defaults,0.0016486528074608404,8.243264037303966e-05,0.015948891330819295,0.0007974445665409613,0.0015687722836595413,7.843861418298237e-05,3.0,0.0,0.08128742173043987,0.7445396301854769,0.06765371146046315,,,,,,,,,,,,,,,,
0.05091156298334275,0.0015,0.99725,0.00125,-0.0003987309173680842,0.012063184753060341,0.0006025464184257127,0.0014999999664723873,0.560204387952884,0.0,0.0,0.0,0.0,0.0,0.0,0.017070736450183636,1.5040985345840454,publication,0.5195012092590332,4.970400333404541,0.6884098408364261,0.77637710157931,200,0.6741919851851585,1.6759332122746855,0.04818631830858067,0.6884098408364258,0.7763771150261164,681.0372192382813,mobile,0.0007050653686546551,0.003178898949746257,34.051862059568606,34.051862059568606,system,0.0,243,0.7763771150261164,0.03278629192634969,meta_train_support,1,MARGO-SPLIT-v1,20,20,80,3,244,0.0,0.2,20,10,0.0005,0.0005,mrlco_first_order_mean_pseudogradient,fixed_literature_derived_defaults,0.0016418960336597715,8.209480168298866e-05,0.01588352702208643,0.0007941763511043476,0.0015623428890543791,7.811714445271623e-05,3.0,0.0,0.08136951653212286,0.7453338065365812,0.06773182860491586,,,,,,,,,,,,,,,,
0.05637363100918023,0.001,0.999,0.0,-0.0012284398544579744,0.01775752753019333,0.0002057759753355981,0.0005833333202948174,0.6316485530386368,0.0,0.0,0.0,0.0,0.0,0.0,0.017162093027403603,1.571069598197937,publication,0.605820894241333,3.444063186645508,0.42631751858422584,0.4800290563197268,200,0.5374069392345845,1.589586433954537,0.0446973506041104,0.42631751858422573,0.48002905627712605,481.77125120162964,mobile,0.0012496011920313187,0.0030674018238429513,24.0885622705662,24.0885622705662,system,0.0,244,0.48002905627712605,0.04346009605465188,meta_train_support,1,MARGO-SPLIT-v1,20,20,80,3,245,0.0,0.2,20,10,0.0005,0.0005,mrlco_first_order_mean_pseudogradient,fixed_literature_derived_defaults,0.001635194417195854,8.175972085978922e-05,0.0158186962995473,0.0007909348149773843,0.001555965979303137,7.77982989651621e-05,3.0,0.0,0.08145127625298265,0.7461247413515586,0.06780962690388102,,,,,,,,,,,,,,,,
0.057127900764254856,0.002,0.99625,0.00175,-0.0009209380950778723,0.06640702486038208,0.0009930468658528942,0.0020833332867672043,0.8454929945369563,0.0,0.0,0.0,0.0,0.0,0.0,0.020513932747601608,1.4753047227859497,publication,0.6016850471496582,4.992161989212036,1.0158587962772514,1.143146388079856,200,0.7409236337343715,2.2887475633760914,0.03962293727090582,1.0158587962772516,1.1431463645771145,663.8701522636413,mobile,0.0009569633944565807,0.0028959039486032363,33.19350820659098,33.19350820659098,system,0.0,245,1.1431463645771145,0.039465606097803356,meta_train_support,1,MARGO-SPLIT-v1,20,20,80,3,246,0.0,0.2,20,10,0.0005,0.0005,mrlco_first_order_mean_pseudogradient,fixed_literature_derived_defaults,0.001628547285418635,8.14273642709279e-05,0.015754392656053207,0.0007877196328026637,0.00154964091434662,7.748204571733641e-05,3.0,0.0,0.08153270361725358,0.7469124609843613,0.06788710894959836,,,,,,,,,,,,,,,,
0.07182093253255992,0.00175,0.99775,0.0005,-0.0004296978295315057,0.009928426705300808,0.000760472274320989,0.0014999999664723875,0.6185837099949519,0.0,0.0,0.0,0.0,0.0,0.0,0.01365965117687446,1.5084800720214844,publication,0.6248612403869629,5.449667930603027,0.563024984783728,0.6336658212682232,200,0.7148544389544363,1.8005462605506182,0.04794402394327335,0.5630249847837281,0.6336658328026533,395.1574387073517,mobile,0.0002162602826970118,0.03303699738422053,19.75787392084003,19.75787392084003,system,0.0,246,0.6336658328026533,0.05268985336699103,meta_train_support,1,MARGO-SPLIT-v1,20,20,80,3,247,0.0,0.2,20,10,0.0005,0.0005,mrlco_first_order_mean_pseudogradient,fixed_literature_derived_defaults,0.0016219539765707865,8.10976988285389e-05,0.015690609689834368,0.0007845304844916745,0.0015433670644909657,7.716835322454929e-05,3.0,0.0,0.08161380131608212,0.7476969914688529,0.06796427730282291,,,,,,,,,,,,,,,,
0.05119669148341932,0.003,0.99475,0.00225,-0.0010040217312052846,0.041272591799497604,0.0008073004683410545,0.0028333332700033985,0.5810452541957299,0.0,0.0,0.0,0.0,0.0,0.0,0.030631474748631274,1.437926173210144,publication,0.6131019592285156,5.329241037368774,0.40379459298234005,0.4550525371202457,200,0.8701074586359143,3.004263039678335,0.03785654413513839,0.4037945929823401,0.4550525495223701,223.9251803779602,mobile,0.0013458291321432185,0.004334263292704276,11.196259328166827,11.196259328166827,system,0.0,247,0.4550525495223701,0.04007301614208095,meta_train_support,1,MARGO-SPLIT-v1,20,20,80,3,248,0.0,0.2,20,10,0.0005,0.0005,mrlco_first_order_mean_pseudogradient,fixed_literature_derived_defaults,0.0016154138395684848,8.077069197842679e-05,0.015627341102375358,0.0007813670551187757,0.0015371438101986635,7.68571905099269e-05,3.0,0.0,0.08169457200806055,0.7484783585239717,0.06804113449333284,,,,,,,,,,,,,,,,
0.07258209616013646,0.0015,0.998,0.0005,-0.0004482966905925423,0.04380737617611885,0.0004956921092694227,0.0011666666405896345,0.7504949122667313,0.0,0.0,0.0,0.0,0.0,0.0,0.017264760896215717,1.4901965856552124,publication,0.632014274597168,5.436755895614624,0.7776249268536962,0.8759541136169718,200,0.849169980273945,2.428658342221752,0.04773455057875253,0.7776249268536961,0.875954134259373,185.10127219200135,mobile,0.0010445541086499957,0.0019163333595147447,9.255063951132591,9.255063951132591,system,0.0,248,0.875954134259373,0.052924618608966474,meta_train_support,1,MARGO-SPLIT-v1,20,20,80,3,249,0.0,0.2,20,10,0.0005,0.0005,mrlco_first_order_mean_pseudogradient,fixed_literature_derived_defaults,0.0016089262337870853,8.044631168935279e-05,0.015564580696341722,0.0007782290348170573,0.0015309705418846127,7.65485270942251e-05,3.0,0.0,0.0817750183197499,0.7492565875587888,0.06811768302042706,,,,,,,,,,,,,,,,
0.05551650046493428,0.00225,0.9975,0.00025,-0.0005628641229122877,0.1548728048801422,0.0006877674652244536,0.0016666666294137638,0.9335437246908744,0.0,0.0,0.0,0.0,0.0,0.0,0.023916154456567723,1.479288935661316,publication,0.6826422214508057,5.075024366378784,1.0156697606733343,1.1430694446538474,200,0.8772194106007241,2.409718801092822,0.03916172475874191,1.0156697606733345,1.1430694529786707,656.2876541519165,mobile,0.0007025131046797113,0.002376935942509297,32.81438030847459,32.81438030847459,system,0.0,249,1.1430694529786707,0.036428912211009336,meta_train_support,1,MARGO-SPLIT-v1,20,20,80,3,250,0.0,0.2,20,10,0.0005,0.0005,mrlco_first_order_mean_pseudogradient,fixed_literature_derived_defaults,0.0016024905288519369,8.012452644259871e-05,0.015502322373556355,0.0007751161186778655,0.0015248466597170742,7.624233298585137e-05,3.0,0.0,0.0818551428461925,0.7500317036774666,0.06819392535341291,,,,,,,,,,,,,,,,
0.07382511035201704,0.001,0.99875,0.00025,-0.0005691307014785707,0.01364259235560894,0.00012053182786786465,0.0006666666517655055,0.6815767375131447,0.0,0.0,0.0,0.0,0.0,0.0,0.023203516613026786,1.6173409223556519,publication,0.6753413677215576,5.3097522258758545,0.6552039803696985,0.7361724413728825,200,0.7669824296683895,2.112373948097229,0.043924517623963766,0.6552039803696985,0.7361724435165524,339.65852343559266,mobile,0.0009184465786928769,0.0038229342799323014,16.98292654270192,16.98292654270192,system,0.0,250,0.7361724435165524,0.06011820022323637,meta_train_support,1,MARGO-SPLIT-v1,20,20,80,3,251,0.0,0.2,20,10,0.0005,0.0005,mrlco_first_order_mean_pseudogradient,fixed_literature_derived_defaults,0.0015961061044342001,7.980530522171125e-05,0.015440560133024259,0.0007720280066512153,0.0015187715734233805,7.593857867116416e-05,3.0,0.0,0.08193494815141421,0.7508037316841178,0.06826986393208408,-0.13779758536493145,-0.11180907286491981,0.11180907286491981,0.05,0.275,0.025,0.0475,0.975,0.975,0.0,validation/automotive_lexicographic_v1,automotive_lexicographic_v1,a3bd00d5108237acdb706f561212b5d840bac151f48b5250a61c573d9c9ffb6c,602418680.0,0.11180907286491981,0.0
0.058816705679513526,0.005,0.9925,0.0025,-0.0006504913326352835,0.12035392224788666,0.0012524472416529876,0.004249999920527141,0.7701509249707064,0.0,0.0,0.0,0.0,0.0,0.0,0.030476771512937283,1.5628620386123657,publication,0.644416332244873,4.7773730754852295,0.8388770787549822,0.9426911371500318,200,1.0363662542568202,3.5124242613092065,0.02889737421355676,0.8388770787549822,0.9426911473926157,696.081708984375,mobile,0.0017416455366292105,0.002507397582181073,34.80408440870221,34.80408440870221,system,0.0,251,0.9426911473926157,0.04255544837834659,meta_train_support,1,MARGO-SPLIT-v1,20,20,80,3,252,0.0,0.2,20,10,0.0005,0.0005,mrlco_first_order_mean_pseudogradient,fixed_literature_derived_defaults,0.0015897723500515248,7.94886175025794e-05,0.015379288069004321,0.0007689644034502008,0.001512744702100272,7.56372351050083e-05,3.0,0.0,0.08201443676891679,0.751572696087568,0.06834550116718908,,,,,,,,,,,,,,,,
0.05570728516885315,0.00225,0.9965,0.00125,-0.00048296470777131617,0.012121742591261864,0.0005990920470812474,0.0018333333078771829,0.5196878895163536,0.0,0.0,0.0,0.0,0.0,0.0,0.029438516032197794,1.6492749452590942,publication,0.6959779262542725,5.418069362640381,0.48085764308285905,0.5423652159750054,200,0.7168864871122852,2.2235309770330787,0.04921206214930862,0.48085764308285894,0.542365188729018,784.4860844993591,mobile,0.0005673192667847246,0.0015182269269860779,39.22430390235707,39.22430390235707,system,0.0,252,0.542365188729018,0.04770006933327508,meta_train_support,1,MARGO-SPLIT-v1,20,20,80,3,253,0.0,0.2,20,10,0.0005,0.0005,mrlco_first_order_mean_pseudogradient,fixed_literature_derived_defaults,0.0015834886648734554,7.917443324367834e-05,0.015318500369126834,0.0007659250184562927,0.0015067654740287294,7.533827370143076e-05,3.0,0.0,0.08209361120216047,0.7523386211060243,0.06842083944089052,,,,,,,,,,,,,,,,
0.044535689276057853,0.00525,0.99375,0.001,-0.0006528053781948984,0.05333929881453514,0.0011205954199025332,0.0035833332842836775,0.624704314271609,0.0,0.0,0.0,0.0,0.0,0.0,0.037362525593786576,1.67190682888031,publication,0.6892044544219971,5.170797824859619,0.6551703159704081,0.7365391169399299,200,0.7504061179006372,2.120864698663354,-0.0087437567563029,0.655170315970408,0.7365391045995057,806.4368450546265,mobile,0.0015442237047999258,0.00358683427658399,40.321843059170945,40.321843059170945,system,0.0,253,0.7365391045995057,0.037273116024296296,meta_train_support,1,MARGO-SPLIT-v1,20,20,80,3,254,0.0,0.2,20,10,0.0005,0.0005,mrlco_first_order_mean_pseudogradient,fixed_literature_derived_defaults,0.001577254457531434,7.886272287657703e-05,0.015258191312555468,0.0007629095656277451,0.0015008333264931832,7.504166632466003e-05,3.0,0.0,0.08217247392503704,0.7531015306716521,0.06849588110721518,,,,,,,,,,,,,,,,
0.04735866720420841,0.00475,0.99325,0.002,-0.001813428709283471,0.09450989216566086,0.0009823166312078987,0.0034166666213423015,0.7938412100076675,0.0,0.0,0.0,0.0,0.0,0.0,0.042113603477563634,1.649935007095337,publication,0.6918542385101318,4.830158472061157,0.7770583249582141,0.8760888851544587,200,0.968944038542955,3.2141907792538404,0.022452874603914097,0.777058324958214,0.8760888831596821,1252.5327264022826,mobile,0.002634606855843214,0.006318225299082792,62.62663726039018,62.62663726039018,system,0.0,254,0.8760888831596821,0.029985111336545963,meta_train_support,1,MARGO-SPLIT-v1,20,20,80,3,255,0.0,0.2,20,10,0.0005,0.0005,mrlco_first_order_mean_pseudogradient,fixed_literature_derived_defaults,0.0015710691459332716,7.855345729666785e-05,0.015198355268192505,0.0007599177634096677,0.0014949477056049746,7.474738528025215e-05,3.0,0.0,0.08225102738233371,0.7538614484350618,0.06857062849249543,,,,,,,,,,,,,,,,
0.06848316763286208,0.0035,0.9935,0.003,-0.0005858210497535765,0.057377755641937256,0.0007801223750917075,0.0033333332898716136,0.7097115517904362,0.0,0.0,0.0,0.0,0.0,0.0,0.03905948307383981,1.753343105316162,publication,0.6855928897857666,4.539022207260132,0.9709727922580496,1.0941075873307455,200,0.8560651474953515,2.643589548766613,0.034075571777066216,0.9709727922580491,1.0941076013818383,492.1915775680542,mobile,0.0011136748660498922,0.0025415183350577008,24.60957863986295,24.60957863986295,system,0.0,255,1.0941076013818383,0.046737367272344094,meta_train_support,1,MARGO-SPLIT-v1,20,20,80,3,256,0.0,0.2,20,10,0.0005,0.0005,mrlco_first_order_mean_pseudogradient,fixed_literature_derived_defaults,0.0015649321570819696,7.824660785410442e-05,0.015138986692926128,0.0007569493346463174,0.0014891080661299553,7.445540330650036e-05,3.0,0.0,0.08232927399018782,0.7546183977697081,0.06864508389580193,,,,,,,,,,,,,,,,
0.06954259700729512,0.0045,0.994,0.0015,-0.0013990727020427585,0.012188243679702282,0.0008180168807228938,0.002666666622584065,0.44786752735575047,0.0,0.0,0.0,0.0,0.0,0.0,0.042987491784476244,1.8127830028533936,publication,0.6640627384185791,4.83089017868042,0.27733103082377214,0.31174280366796664,200,0.36258409740170133,1.0924499202519655,0.04540202851057984,0.27733103082377225,0.311742799077183,275.3397921180725,mobile,0.0019172564970001364,0.007347805089644774,13.766989565035594,13.766989565035594,system,0.0,256,0.311742799077183,0.048056470002868924,meta_train_support,1,MARGO-SPLIT-v1,20,20,80,3,257,0.0,0.2,20,10,0.0005,0.0005,mrlco_first_order_mean_pseudogradient,fixed_literature_derived_defaults,0.0015588429268987712,7.794214634493368e-05,0.015080080129918634,0.0007540040064959452,0.001483313871320111,7.416569356601121e-05,3.0,0.0,0.08240721613653275,0.755372401776204,0.06871924958936794,,,,,,,,,,,,,,,,
0.06549023677207008,0.0045,0.994,0.0015,-0.00045732862781733274,0.023488303646445274,0.0009388036213484458,0.0032499999428788817,0.7036259683469932,0.0,0.0,0.0,0.0,0.0,0.0,0.038831159898066014,1.7980965375900269,publication,0.5857892036437988,4.847255229949951,0.9868522842485828,1.1088993080297223,200,0.8462839457114533,2.6817048970842734,0.047659382806159556,0.9868522842485825,1.1088993205316364,534.5621068572998,mobile,0.0015030120432074775,0.012713971923602749,26.728107610515828,26.728107610515828,system,0.0,257,1.1088993205316364,0.049094066824231605,meta_train_support,1,MARGO-SPLIT-v1,20,20,80,3,258,0.0,0.2,20,10,0.0005,0.0005,mrlco_first_order_mean_pseudogradient,fixed_literature_derived_defaults,0.0015528009000503264,7.764004500251942e-05,0.015021630206934453,0.0007510815103467516,0.0014775645927491028,7.387822963746127e-05,3.0,0.0,0.08248485618153527,0.7561234832865508,0.0687931278190054,,,,,,,,,,,,,,,,
0.06773611020369726,0.00825,0.99,0.00175,-0.0011099936673417687,0.05239299312233925,0.0012579308038979773,0.004999999965851506,0.7502512608965237,0.0,0.0,0.0,0.0,0.0,0.0,0.046816009271297025,1.666783094406128,publication,0.6970634460449219,4.338693380355835,0.8334864320851105,0.93930978304561,200,1.067595746654316,3.4959091069176793,0.03865771822165698,0.8334864320851105,0.939309795871377,430.9695991230011,mobile,0.0012749499498882371,0.00594512140150435,21.54848181571588,21.54848181571588,system,0.0,258,0.939309795871377,0.04831927669742533,meta_train_support,1,MARGO-SPLIT-v1,20,20,80,3,259,0.0,0.2,20,10,0.0005,0.0005,mrlco_first_order_mean_pseudogradient,fixed_literature_derived_defaults,0.001546805529779862,7.734027648899355e-05,0.014963631634706907,0.0007481815817353965,0.001471859710151616,7.359298550757565e-05,3.0,0.0,0.08256219645802426,0.7568716648682862,0.06886672080451298,,,,,,,,,,,,,,,,
0.07478841972196004,0.00325,0.99625,0.0005,-0.000581584288738668,0.04323036968708038,0.0003236009784283548,0.001333333303531011,0.7938177357117334,0.0,0.0,0.0,0.0,0.0,0.0,0.03367036660851932,1.8060050010681152,publication,0.6202425956726074,4.340235948562622,1.117662823648059,1.258957951062839,200,0.8725097944819586,2.3498023971915245,0.09933269477915019,1.1176628236480588,1.2589579294621944,336.1347749233246,mobile,0.0017219066922562326,0.004852650476260074,16.806739473756018,16.806739473756018,system,0.0,259,1.2589579294621944,0.05648007976904831,meta_train_support,1,MARGO-SPLIT-v1,20,20,80,3,260,0.0,0.2,20,10,0.0005,0.0005,mrlco_first_order_mean_pseudogradient,fixed_literature_derived_defaults,0.0015408562777422471,7.704281388710987e-05,0.01490607920534265,0.000745303960267174,0.0014661987112664174,7.330993556331489e-05,3.0,0.0,0.08263923927191137,0.7576169688285533,0.06894003074007629,,,,,,,,,,,,,,,,
0.059176439279039664,0.00525,0.99325,0.0015,-0.0004908993723802269,0.054551862180233,0.0008141945412650859,0.0037499999472250544,0.683758345246315,0.0,0.0,0.0,0.0,0.0,0.0,0.04517064630000499,1.8067737817764282,publication,0.5958855152130127,3.2485013008117676,0.9271536867324437,1.0444042159027596,200,0.9079401768778637,3.159559737890959,0.04303641148726456,0.9271536867324436,1.044404204171151,596.5292556762695,mobile,0.002243295267467372,0.0035034467691343347,29.826460656723384,29.826460656723384,system,0.0,260,1.044404204171151,0.044311005471805824,meta_train_support,1,MARGO-SPLIT-v1,20,20,80,3,261,0.0,0.2,20,10,0.0005,0.0005,mrlco_first_order_mean_pseudogradient,fixed_literature_derived_defaults,0.0015349526138428513,7.674763069213941e-05,0.014848967790762793,0.0007424483895381861,0.0014605810916830213,7.302905458414499e-05,3.0,0.0,0.08271598690260351,0.7583594172180915,0.06901305979466044,,,,,,,,,,,,,,,,
0.05523168539283829,0.006,0.992,0.002,-0.0011028642766177654,0.03099304437637329,0.0008498063617783677,0.0036666666002323233,0.5518436638017497,0.0,0.0,0.0,0.0,0.0,0.0,0.05356777669791993,1.7387522459030151,publication,0.6618423461914062,4.939094305038452,0.7467829097566943,0.8419507236610115,200,0.8213950262013614,2.4166391668841243,0.039152398880105466,0.7467829097566943,0.8419507236219943,850.2820105934143,mobile,0.0027170599266174208,0.011841801890743086,42.514099614742875,42.514099614742875,system,0.0,261,0.8419507236219943,0.040196188872341325,meta_train_support,1,MARGO-SPLIT-v1,20,20,80,3,262,0.0,0.2,20,10,0.0005,0.0005,mrlco_first_order_mean_pseudogradient,fixed_literature_derived_defaults,0.0015290940160800925,7.645470080400174e-05,0.014792292341179729,0.000739614617058959,0.0014550063546918646,7.275031773459895e-05,3.0,0.0,0.08279244160340751,0.7590990318351505,0.06908581011239504,,,,,,,,,,,,,,,,
0.05697911201616314,0.008,0.9905,0.0015,-0.0004955886397510767,0.015308148227632046,0.0008792544762097046,0.004833333271866044,0.5140604935586452,0.0,0.0,0.0,0.0,0.0,0.0,0.05281472132001884,1.780773401260376,publication,0.6478278636932373,4.869784116744995,0.5935997054330433,0.6658352661368554,200,0.6984172285384742,1.7820306909270585,0.03440567508368986,0.5935997054330434,0.6658352461270988,753.1034280967713,mobile,0.0016693269612985328,0.006423866102157335,37.655169347326094,37.655169347326094,system,0.0,262,0.6658352461270988,0.04466579652163047,meta_train_support,1,MARGO-SPLIT-v1,20,20,80,3,263,0.0,0.2,20,10,0.0005,0.0005,mrlco_first_order_mean_pseudogradient,fixed_literature_derived_defaults,0.001523279970391575,7.616399851957667e-05,0.014739515091002764,0.0007369757545501177,0.0014494740111379032,7.247370055689373e-05,3.0,0.0,0.08286860560192709,0.7598360075897006,0.06915828381295193,,,,,,,,,,,,,,,,
0.06690256357012714,0.00975,0.9895,0.00075,-0.0012260248186066747,0.010622440837323666,0.0014822010372881776,0.0058333332184702155,0.4569349080324173,0.0,0.0,0.0,0.0,0.0,0.0,0.05116368652086455,1.6456818580627441,publication,0.6097187995910645,3.3615715503692627,0.47116112753908823,0.5281273363342917,200,0.5245769630480159,1.5708642257377505,0.07111013226676732,0.47116112753908823,0.52812734041363,809.0164804840088,mobile,0.0013754760699570185,0.04691541161084335,40.45082395405122,40.45082395405122,system,0.0,263,0.52812734041363,0.04984517848248497,meta_train_support,1,MARGO-SPLIT-v1,20,20,80,3,264,0.0,0.2,20,10,0.0005,0.0005,mrlco_first_order_mean_pseudogradient,fixed_literature_derived_defaults,0.0015175099705037282,7.58754985251825e-05,0.014683683594445936,0.0007341841797222637,0.0014439835792775324,7.21991789638804e-05,3.0,0.0,0.08294448110045227,0.7605701917694229,0.06923048299191581,,,,,,,,,,,,,,,,
0.05270856689020322,0.01125,0.986,0.00275,5.445377973956056e-05,0.02837177738547325,0.0015950114000664445,0.007583333272486925,0.5698276162147523,0.0,0.0,0.0,0.0,0.0,0.0,0.06440271507002594,1.617345929145813,publication,0.6584813594818115,4.821053981781006,0.5957288473600901,0.6715620817056334,200,0.9012175492590657,2.603657905012369,0.030128919548587874,0.5957288473600901,0.6715620943438262,859.7798646354676,mobile,0.0020851355740063916,0.0038724827712606526,42.98898761832809,42.98898761832809,system,0.0,264,0.6715620943438262,0.041254834116042305,meta_train_support,1,MARGO-SPLIT-v1,20,20,80,3,265,0.0,0.2,20,10,0.0005,0.0005,mrlco_first_order_mean_pseudogradient,fixed_literature_derived_defaults,0.001511783517784846,7.558917588924852e-05,0.014628273467674442,0.0007314136733836962,0.0014385345846387493,7.192672923193866e-05,3.0,0.0,0.08302007027634152,0.7613016054428066,0.06930240972114775,,,,,,,,,,,,,,,,
0.05549091577573127,0.0085,0.99025,0.00125,-0.0010085019748657942,0.012955201789736748,0.0014093888527781928,0.005249999929219484,0.6020880937576294,0.0,0.0,0.0,0.0,0.0,0.0,0.05575251255134296,1.5738943815231323,publication,0.6227297782897949,5.0044684410095215,0.6253460852790675,0.703311816163041,200,0.6193037834490344,1.8093441135715693,0.035035282679018565,0.6253460852790673,0.7033118176646531,1149.168196182251,mobile,0.0022883041603742045,0.009631467072984961,57.45841023917452,57.45841023917452,system,0.0,265,0.7033118176646531,0.04116000538394518,meta_train_support,1,MARGO-SPLIT-v1,20,20,80,3,266,0.0,0.2,20,10,0.0005,0.0005,mrlco_first_order_mean_pseudogradient,fixed_literature_derived_defaults,0.0015061001211014444,7.530500605507084e-05,0.01457327995839747,0.0007286639979198206,0.0014331265598844683,7.16563279942184e-05,3.0,0.0,0.08309537528239659,0.7620302694407264,0.06937406604914197,,,,,,,,,,,,,,,,
0.05532804169889919,0.00425,0.994,0.00175,-0.0014053771737962961,0.00936741940677166,0.0006393039245873904,0.0033333333053936556,0.5082190794249376,0.0,0.0,0.0,0.0,0.0,0.0,0.052355007046357344,1.4632750749588013,publication,0.6641330718994141,5.388323068618774,0.6011920626940037,0.6762130342210003,200,0.6215116146524504,1.8784463871270418,0.047210985532728955,0.6011920626940037,0.6762130339629948,503.87939794540404,mobile,0.0015621770656773287,0.004496870827485201,25.19397080533387,25.19397080533387,system,0.0,266,0.6762130339629948,0.0429827257906241,meta_train_support,1,MARGO-SPLIT-v1,20,20,80,3,267,0.0,0.2,20,10,0.0005,0.0005,mrlco_first_order_mean_pseudogradient,fixed_literature_derived_defaults,0.0015004592966778435,7.502296483388737e-05,0.014518698385519578,0.0007259349192759723,0.0014277590446789084,7.138795223395056e-05,3.0,0.0,0.08317039824723048,0.7627562043600024,0.06944545400137592,,,,,,,,,,,,,,,,
0.057069534619396664,0.0085,0.9905,0.001,-0.00030771910678595304,0.006233677733689547,0.0010071887829023276,0.0049166666809469465,0.36247668266296384,0.0,0.0,0.0,0.0,0.0,0.0,0.05974658091954305,1.320281982421875,publication,0.5552241802215576,5.157188415527344,0.3647972549594482,0.41123806673760555,200,0.5136268913129908,1.3350021070800722,0.02883276539068902,0.36479725495944837,0.411238083653152,251.58654470443724,mobile,0.0032065129747900632,0.008513816605075872,12.579327507236679,12.579327507236679,system,0.0,267,0.411238083653152,0.0496655319373509,meta_train_support,1,MARGO-SPLIT-v1,20,20,80,3,268,0.0,0.2,20,10,0.0005,0.0005,mrlco_first_order_mean_pseudogradient,fixed_literature_derived_defaults,0.0014948605679588965,7.474302839793889e-05,0.014464524137812415,0.0007232262068905815,0.001422431585556972,7.112157927785523e-05,3.0,0.0,0.08324514127562842,0.7634794305668929,0.06951657558065377,,,,,,,,,,,,,,,,
0.05400083628105847,0.00525,0.99375,0.001,-0.0029934346675872803,0.09276605397462845,0.0010824582034236602,0.003666666646798452,0.6238002005964517,0.0,0.0,0.0,0.0,0.0,0.0,0.0459070019650256,1.2289375066757202,publication,0.5811309814453125,5.108285188674927,0.5122418521968004,0.5756476085456756,200,0.8688308781428326,3.0645701196044683,0.004786137258633971,0.5122418521968004,0.5756475899461657,846.0821714878082,mobile,0.00790211477223301,0.010891244878770655,42.304106700178345,42.304106700178345,system,0.0,268,0.5756475899461657,0.04289525681893584,meta_train_support,1,MARGO-SPLIT-v1,20,20,80,3,269,0.0,0.2,20,10,0.0005,0.0005,mrlco_first_order_mean_pseudogradient,fixed_literature_derived_defaults,0.0014893034654757777,7.446517327379387e-05,0.01441084237459652,0.00072054211872985,0.0014177370620510334,7.088685310255305e-05,3.0,0.0,0.08331960644890221,0.7641999726856228,0.06958746243375633,,,,,,,,,,,,,,,,
0.06876706449825817,0.0085,0.99075,0.00075,-0.0015300828963518143,0.014667224138975143,0.0017867346723505761,0.0044999999149392044,0.42856461492677533,0.0,0.0,0.0,0.0,0.0,0.0,0.047079883891690495,1.2890489101409912,publication,0.6682641506195068,4.9339423179626465,0.5524058983133449,0.6229046172619883,200,0.8661405132209099,2.731355299241841,0.04429546746541746,0.5524058983133446,0.6229045993834734,219.43372183799744,mobile,0.0030308328910409825,0.005525721402743687,10.971686153335618,10.971686153335618,system,0.0,269,0.6229045993834734,0.050408386432061934,meta_train_support,1,MARGO-SPLIT-v1,20,20,80,3,270,0.0,0.2,20,10,0.0005,0.0005,mrlco_first_order_mean_pseudogradient,fixed_literature_derived_defaults,0.0014837875267147563,7.418937633574263e-05,0.014357468884320239,0.0007178734442160328,0.0014124861840434369,7.062430920216911e-05,3.0,0.0,0.08339379582523795,0.7649178461298388,0.0696580867429585,,,,,,,,,,,,,,,,
0.05858042778492695,0.006,0.99175,0.00225,-0.0013137856731191278,0.016526101157069206,0.0011554969538432637,0.0038333332942177855,0.5107857715338469,0.0,0.0,0.0,0.0,0.0,0.0,0.048836657273708006,1.3473272323608398,publication,0.6342642307281494,5.090580940246582,0.6841352345412788,0.7707550076582629,200,0.6110761890857842,1.6338367429561913,0.03431880130665377,0.6841352345412789,0.7707550035603344,934.6322870635986,mobile,0.005956802560494803,0.008592433603201976,46.73161207672891,46.73161207672891,system,0.0,270,0.7707550035603344,0.04816842546922562,meta_train_support,1,MARGO-SPLIT-v1,20,20,80,3,271,0.0,0.2,20,10,0.0005,0.0005,mrlco_first_order_mean_pseudogradient,fixed_literature_derived_defaults,0.0014794034092825783,7.397017046413545e-05,0.014313443910746236,0.0007156721955373646,0.0014072740579030552,7.03637028951487e-05,3.0,0.0,0.08346776599570209,0.7656335183253762,0.06972845044585364,,,,,,,,,,,,,,,,
0.0642851097031883,0.012,0.9855,0.0025,-0.0009682723903097212,0.008233563043177128,0.003010631579491019,0.008666666643694044,0.48409877891341846,0.0,0.0,0.0,0.0,0.0,0.0,0.06146202908340411,1.4012258052825928,publication,0.5778741836547852,4.7398529052734375,0.5292122722423594,0.59689071227569,200,0.6533526052925993,1.798410994000733,0.01629905286245048,0.5292122722423593,0.5968907270953059,605.8412863254547,mobile,0.0047776674625919485,0.009568316373716114,30.29206263542651,30.29206263542651,system,0.0,271,0.5968907270953059,0.048919335788030496,meta_train_support,1,MARGO-SPLIT-v1,20,20,80,3,272,0.0,0.2,20,10,0.0005,0.0005,mrlco_first_order_mean_pseudogradient,fixed_literature_derived_defaults,0.0014751505903374186,7.375752951686854e-05,0.014269448976394393,0.0007134724488196964,0.0014021002562195882,7.010501281097536e-05,3.0,0.0,0.08354152352521896,0.7663469907741959,0.06979855545866462,,,,,,,,,,,,,,,,
0.04844879134720483,0.0105,0.98775,0.00175,-0.0025467330124229193,0.03792097419500351,0.0019989554564138717,0.0070833332526187105,0.5352730696400005,0.0,0.0,0.0,0.0,0.0,0.0,0.07097589137132015,1.4256160259246826,publication,0.6504383087158203,5.112188100814819,0.7799026139052778,0.8766578117327117,200,0.9224809340681631,2.3777003083378077,0.03994834391050972,0.7799026139052779,0.8766577828675508,442.6177522468567,mobile,0.006405031825457145,0.010032678833234393,22.130887664510272,22.130887664510272,system,0.0,272,0.8766577828675508,0.03971771610257404,meta_train_support,1,MARGO-SPLIT-v1,20,20,80,3,273,0.0,0.2,20,10,0.0005,0.0005,mrlco_first_order_mean_pseudogradient,fixed_literature_derived_defaults,0.0014697471083215308,7.348735541608253e-05,0.014217179932524816,0.0007108589966262624,0.0013969643578451575,6.984821789225715e-05,3.0,0.0,0.08361501088063504,0.7670578497708221,0.06986840367655688,,,,,,,,,,,,,,,,
0.06213168259890998,0.009,0.98975,0.00125,-0.0010903809452429414,0.025174617767333984,0.001548561740376423,0.005083333281800151,0.5738634573916594,0.0,0.0,0.0,0.0,0.0,0.0,0.06493022791692579,1.5612256526947021,publication,0.6290557384490967,4.878522872924805,0.8068296357502045,0.9097246213384642,200,0.9769057592076427,2.96211568704166,0.04300540059921332,0.8068296357502046,0.9097245698049664,775.1099790382385,mobile,0.00102077766011474,0.0016660306165239202,38.75549994349169,38.75549994349169,system,0.0,273,0.9097245698049664,0.048515128948084706,meta_train_support,1,MARGO-SPLIT-v1,20,20,80,3,274,0.0,0.2,20,10,0.0005,0.0005,mrlco_first_order_mean_pseudogradient,fixed_literature_derived_defaults,0.0014657893992162658,7.328946996081054e-05,0.0141707299157719,0.0007085364957886142,0.001391865947780029,6.959329738899511e-05,3.0,0.0,0.08368830035059585,0.7677663862666108,0.06993799697394587,,,,,,,,,,,,,,,,
0.06533981727990645,0.01225,0.98575,0.002,-1.8398936845187563e-06,0.013207202777266502,0.0022386280751864737,0.007666666681567828,0.6073369095722836,0.0,0.0,0.0,0.0,0.0,0.0,0.0688889062829564,1.619685173034668,publication,0.6405136585235596,4.734344720840454,0.65008091300822,0.7311038108109642,200,0.8163069508179311,2.2930016077589244,0.024848166474839672,0.6500809130082199,0.7311037882789969,513.1098052597046,mobile,0.0015680389937253489,0.0023774585665528756,25.655489914874,25.655489914874,system,0.0,274,0.7311037882789969,0.047386603305151195,meta_train_support,1,MARGO-SPLIT-v1,20,20,80,3,275,0.0,0.2,20,10,0.0005,0.0005,mrlco_first_order_mean_pseudogradient,fixed_literature_derived_defaults,0.0014604592559463885,7.302296279732001e-05,0.014119199988805457,0.000705959999440231,0.001386804617060829,6.934023085304608e-05,3.0,0.0,0.08376132331339317,0.768472346266051,0.07000733720479892,,,,,,,,,,,,,,,,
0.05109141249038871,0.014,0.98425,0.00175,2.36203741224017e-05,0.007675420958548784,0.002406951826196746,0.00908333317687114,0.4725262487928073,0.0,0.0,0.0,0.0,0.0,0.0,0.0818933798601308,1.625206470489502,publication,0.6352376937866211,5.424426317214966,0.360108216828112,0.4040104254942344,200,0.5371826136666096,1.6319594183005393,0.04938620710163377,0.3601082168281119,0.4040104326047003,532.6479753875733,mobile,0.002236691651514194,0.004416251791682623,26.63239739006201,26.63239739006201,system,0.0,275,0.4040104326047003,0.039062755143376864,meta_train_support,1,MARGO-SPLIT-v1,20,20,80,3,276,0.0,0.2,20,10,0.0005,0.0005,mrlco_first_order_mean_pseudogradient,fixed_literature_derived_defaults,0.0014551677369031046,7.275838684515923e-05,0.014068043467106885,0.0007034021733552942,0.0013817799626511882,6.908899813255764e-05,3.0,0.0,0.08383408170023833,0.7691757484394063,0.07007642620293147,,,,,,,,,,,,,,,,
0.06602956328447415,0.01075,0.98725,0.002,-0.00046129897236824036,0.009530839510262012,0.002276321345963576,0.007499999925494194,0.4583677649497986,0.0,0.0,0.0,0.0,0.0,0.0,0.06536713732564006,1.7741780281066895,publication,0.6442265510559082,5.147385835647583,0.48883672306289766,0.550077835846314,200,0.5983347437826771,1.683317900635302,0.043456131825223565,0.4888367230628977,0.550077851396054,413.496438293457,mobile,0.0028852482142621514,0.00342131422097852,20.674821073993925,20.674821073993925,system,0.0,276,0.550077851396054,0.048203227563830546,meta_train_support,1,MARGO-SPLIT-v1,20,20,80,3,277,0.0,0.2,20,10,0.0005,0.0005,mrlco_first_order_mean_pseudogradient,fixed_literature_derived_defaults,0.0014499144237734905,7.249572118867009e-05,0.014019818551510079,0.0007009909275754733,0.0013767915873347581,6.883957936673624e-05,3.0,0.0,0.083906577421427,0.7698767393669818,0.07014526578229821,,,,,,,,,,,,,,,,
0.05574666132635571,0.01025,0.98675,0.003,-0.00014062139962334186,0.016310781240463257,0.0019307757410691317,0.006916666620721419,0.5093900800993045,0.0,0.0,0.0,0.0,0.0,0.0,0.07258427559697085,1.719943881034851,publication,0.5845227241516113,4.49849534034729,0.6225580213656575,0.7001238703030913,200,0.8149605342271053,2.4964162670075893,0.05110543768387288,0.6225580213656576,0.7001238607242704,255.5198666000366,mobile,0.002710975901289392,0.006790073923579086,12.775993624687224,12.775993624687224,system,0.0,277,0.7001238607242704,0.045633104811118305,meta_train_support,1,MARGO-SPLIT-v1,20,20,80,3,278,0.0,0.2,20,10,0.0005,0.0005,mrlco_first_order_mean_pseudogradient,fixed_literature_derived_defaults,0.001447133831170295,7.235669155851443e-05,0.013979133745771774,0.0006989566872885877,0.0013718390996105322,6.859195498053194e-05,3.0,0.0,0.08397893411298551,0.7705756960542703,0.07021385773727874,,,,,,,,,,,,,,,,
0.05245812620741327,0.00975,0.98875,0.0015,6.969035166548565e-05,0.020029010251164436,0.0016459239730617508,0.006666666595265269,0.5055569590379794,0.0,0.0,0.0,0.0,0.0,0.0,0.06726709079534914,1.621202826499939,publication,0.6668925285339355,3.5288290977478027,0.3576208181775992,0.40105667088535485,200,0.5063509731615288,1.2775384834967554,0.03509378824674059,0.3576208181775992,0.40105669701471924,353.78361263275144,mobile,0.0013413832353769573,0.0029210690460637844,17.68918250090206,17.68918250090206,system,0.0,278,0.40105669701471924,0.04302142932602433,meta_train_support,1,MARGO-SPLIT-v1,20,20,80,3,279,0.0,0.2,20,10,0.0005,0.0005,mrlco_first_order_mean_pseudogradient,fixed_literature_derived_defaults,0.0014419469715603657,7.209734857802075e-05,0.013929029323743918,0.0006964514661872423,0.0013669221135904229,6.83461056795176e-05,3.0,0.0,0.08405103146156354,0.7712721475204576,0.07028220384295826,,,,,,,,,,,,,,,,
0.06213152429510801,0.0095,0.989,0.0015,-0.00022295922099146992,0.013225923292338848,0.0017546068332966532,0.00691666657415529,0.6574489201108615,0.0,0.0,0.0,0.0,0.0,0.0,0.05226040623096189,1.5525641441345215,publication,0.6540532112121582,5.109394788742065,0.8205640689746394,0.9240736372251922,200,0.8831044830106246,2.112726554798428,0.04107963932619896,0.8205640689746392,0.9240736296959221,285.26124080657956,mobile,0.003016303965939689,0.004340981796696697,14.263061865664332,14.263061865664332,system,0.0,279,0.9240736296959221,0.05135505167329219,meta_train_support,1,MARGO-SPLIT-v1,20,20,80,3,280,0.0,0.2,20,10,0.0005,0.0005,mrlco_first_order_mean_pseudogradient,fixed_literature_derived_defaults,0.0014385698381891823,7.19284919094565e-05,0.01389302466225378,0.0006946512331127419,0.0013620402488990285,6.810201244494829e-05,3.0,0.0,0.08412295995347299,0.7719667987535703,0.07035030585540321,,,,,,,,,,,,,,,,
0.061058172876762226,0.0055,0.99325,0.00125,-0.001328331301920116,0.013031777925789356,0.0008454655579536545,0.0034166666058202586,0.463877189407746,0.0,0.0,0.0,0.0,0.0,0.0,0.050112370479428923,1.4297542572021484,publication,0.660111665725708,5.297455310821533,0.678138360413842,0.7637244887609296,200,0.7310725029399716,2.0961606381461024,0.04055608919588849,0.6781383604138418,0.7637245034612715,436.14004983901975,mobile,0.002556598497865221,0.007345211908267165,21.807001588863677,21.807001588863677,system,0.0,280,0.7637245034612715,0.045158097386720844,meta_train_support,1,MARGO-SPLIT-v1,20,20,80,3,281,0.0,0.2,20,10,0.0005,0.0005,mrlco_first_order_mean_pseudogradient,fixed_literature_derived_defaults,0.001436449217766982,7.182246088835442e-05,0.013858108855258433,0.0006929054427629033,0.0013571931305755443,6.785965652877923e-05,3.0,0.0,0.08419478241436135,0.7726597041963332,0.07041816551193199,,,,,,,,,,,,,,,,
0.07247309146288232,0.00825,0.991,0.00075,-0.0013213815400376916,0.010228303261101246,0.0008919165211409565,0.0049999999503294625,0.5885564560691516,0.0,0.0,0.0,0.0,0.0,0.0,0.04370259303874583,1.4910763502120972,publication,0.5794932842254639,5.3162665367126465,0.6489916801644653,0.7307467141126108,200,0.6695179641707668,1.6849909415468574,0.018174228353018407,0.6489916801644652,0.7307467060256749,196.73351346969605,mobile,0.001498413401766662,0.0056385446387775765,9.83667494604448,9.83667494604448,system,0.0,281,0.7307467060256749,0.05104644458639591,meta_train_support,1,MARGO-SPLIT-v1,20,20,80,3,282,0.0,0.2,20,10,0.0005,0.0005,mrlco_first_order_mean_pseudogradient,fixed_literature_derived_defaults,0.0014313554262146168,7.156777131073211e-05,0.013808966625275247,0.0006904483312637488,0.0013523803889777587,6.761901944889182e-05,3.0,0.0,0.08426635018567208,0.773350152527597,0.07048578453138088,,,,,,,,,,,,,,,,
0.06484866311637233,0.005,0.99375,0.00125,-0.001792120630852878,0.05708706006407738,0.0013199597600760172,0.0036666665847102805,0.6218022362639506,0.0,0.0,0.0,0.0,0.0,0.0,0.03604360457433389,1.372963786125183,publication,0.6209418773651123,4.932634353637695,0.7740189742947825,0.8733851708677685,200,1.0598897103444547,3.127681544981897,0.01253246155101806,0.7740189742947825,0.8733851491287351,588.7520810127259,mobile,0.003310387349702245,0.008005972183476269,29.437603164659112,29.437603164659112,system,0.0,282,0.8733851491287351,0.05509657455858079,meta_train_support,1,MARGO-SPLIT-v1,20,20,80,3,283,0.0,0.2,20,10,0.0005,0.0005,mrlco_first_order_mean_pseudogradient,fixed_literature_derived_defaults,0.0014262976331891235,7.131488165945665e-05,0.013760171690203602,0.0006880085845102357,0.0013476016596880847,6.73800829844029e-05,3.0,0.0,0.08433766506733154,0.7740381611121072,0.07055316461436528,,,,,,,,,,,,,,,,
0.055375992796126414,0.0055,0.99325,0.00125,-0.0037212444003671408,0.018523557111620903,0.0015018302476770867,0.003999999941637118,0.4858926591773828,0.0,0.0,0.0,0.0,0.0,0.0,0.04992675858395093,1.392501950263977,publication,0.6362195014953613,5.2998130321502686,0.5944467839015657,0.6687827092824591,200,0.9324948072510909,3.0474564094329253,0.03840695203689393,0.5944467839015657,0.6687826709449292,419.2721310710907,mobile,0.003972987432261456,0.01034662489843026,20.96360595519407,20.96360595519407,system,0.0,283,0.6687826709449292,0.044664934986946445,meta_train_support,1,MARGO-SPLIT-v1,20,20,80,3,284,0.0,0.2,20,10,0.0005,0.0005,mrlco_first_order_mean_pseudogradient,fixed_literature_derived_defaults,0.001421275458424373,7.106377292122323e-05,0.013711720381435281,0.00068558601907176,0.0013428565834215775,6.714282917108516e-05,3.0,0.0,0.08440872884025276,0.774723747131179,0.07062030744353637,,,,,,,,,,,,,,,,
0.05044029592989352,0.00725,0.99175,0.001,-0.0023224547039717436,0.011484791524708271,0.0011085142656535633,0.004916666618858774,0.48660227308670684,0.0,0.0,0.0,0.0,0.0,0.0,0.05898734771811697,1.4207847118377686,publication,0.6663565635681152,5.255981922149658,0.5836560655866041,0.6583295530588884,200,0.7641458408075911,2.2035020356997848,0.034747123336273944,0.5836560655866041,0.658329554554075,687.5939200210571,mobile,0.004161061876533041,0.00895774771004975,34.37969773283715,34.37969773283715,system,0.0,284,0.658329554554075,0.03704152082763755,meta_train_support,1,MARGO-SPLIT-v1,20,20,80,3,285,0.0,0.2,20,10,0.0005,0.0005,mrlco_first_order_mean_pseudogradient,fixed_literature_derived_defaults,0.0014162885269913051,7.081442634956914e-05,0.013663609081851297,0.0006831804540925468,0.0013381448059358876,6.690724029680128e-05,3.0,0.0,0.08447954326660233,0.7754069275852715,0.07068721468383317,,,,,,,,,,,,,,,,
0.06614803426546781,0.0065,0.99325,0.00025,-0.0042078071273863316,0.03702514246106148,0.0014060885935483233,0.0038333332786957427,0.6174282722175122,0.0,0.0,0.0,0.0,0.0,0.0,0.05300276988372349,1.461410403251648,publication,0.637932538986206,3.409797191619873,0.6115293387701666,0.689314074172853,200,0.8476071691437504,2.176391799002886,0.03407480078749359,0.6115293387701666,0.689314104411751,638.8462296676636,mobile,0.004322913829466335,0.006748472005162591,31.942314405318406,31.942314405318406,system,0.0,285,0.689314104411751,0.04828332466072733,meta_train_support,1,MARGO-SPLIT-v1,20,20,80,3,286,0.0,0.2,20,10,0.0005,0.0005,mrlco_first_order_mean_pseudogradient,fixed_literature_derived_defaults,0.0014113364692046222,7.056682346022469e-05,0.013615834224921746,0.0006807917112461315,0.0013334659779431048,6.667329889716023e-05,3.0,0.0,0.08455011009006255,0.7760877192965177,0.07075388798273033,,,,,,,,,,,,,,,,
0.04794267581584019,0.01325,0.9845,0.00225,-0.0009149309480562806,0.13841232657432556,0.0018543512092037417,0.008583333219091098,0.78199031415085,0.0,0.0,0.0,0.0,0.0,0.0,0.07853405750340638,1.5376803874969482,publication,0.6144206523895264,3.4587490558624268,0.6533014849304816,0.7343101959429441,200,0.9754502320456884,2.951356933452189,0.025575061881681904,0.6533014849304816,0.7343101600836962,271.5655773925781,mobile,0.0028280379298436897,0.00633676211839721,13.578279667108257,13.578279667108257,system,0.0,286,0.7343101600836962,0.042217981528447926,meta_train_support,1,MARGO-SPLIT-v1,20,20,80,3,287,0.0,0.2,20,10,0.0005,0.0005,mrlco_first_order_mean_pseudogradient,fixed_literature_derived_defaults,0.0014073056011801766,7.036528005900655e-05,0.013573292675651015,0.000678664633782522,0.0013288197550234424,6.644098775117346e-05,3.0,0.0,0.08462047537012156,0.7767663839303002,0.0708203289704815,,,,,,,,,,,,,,,,
0.06216124674465397,0.0185,0.97725,0.00425,0.0013844023924320936,0.02606934681534767,0.0030729891130855925,0.013000000035390258,0.5220338456332684,0.0,0.0,0.0,0.0,0.0,0.0,0.0951893512629608,1.587129831314087,publication,0.5125634670257568,3.55454158782959,0.3330623180094039,0.3749946223695224,200,0.7685939163891643,2.6399199152365327,0.022196080579306,0.3330623180094038,0.374994631446898,158.08772416114806,mobile,0.002713985177838006,0.003705541576184111,7.904386219813879,7.904386219813879,system,0.0,287,0.374994631446898,0.04791457623924117,meta_train_support,1,MARGO-SPLIT-v1,20,20,80,3,288,0.0,0.2,20,10,0.0005,0.0005,mrlco_first_order_mean_pseudogradient,fixed_literature_derived_defaults,0.001402419123398301,7.012095616991398e-05,0.013526163187193895,0.0006763081593597065,0.0013242057975407222,6.621028987703614e-05,3.0,0.0,0.08469059632629147,0.7774426920896599,0.07088653926035854,,,,,,,,,,,,,,,,
0.06984277378035522,0.018,0.98075,0.00125,0.0005734559963457286,0.021363558247685432,0.002587070845462828,0.009416666704540451,0.5717467181384563,0.0,0.0,0.0,0.0,0.0,0.0,0.094679069661017,1.7314164638519287,publication,0.6364777088165283,3.4097697734832764,0.6214737292877198,0.7002539174914637,200,0.8083320755519242,2.1281815816182643,0.04265333295916207,0.6214737292877199,0.7002539057098329,207.57508891105653,mobile,0.0013621807282752146,0.004442378990982673,10.378754092784307,10.378754092784307,system,0.0,288,0.7002539057098329,0.05254364496755121,meta_train_support,1,MARGO-SPLIT-v1,20,20,80,3,289,0.0,0.2,20,10,0.0005,0.0005,mrlco_first_order_mean_pseudogradient,fixed_literature_derived_defaults,0.001397566462071663,6.9878323103581e-05,0.013479359854366234,0.0006739679927183495,0.0013196237705596124,6.598118852797763e-05,3.0,0.0,0.08476047464939505,0.7781166600823782,0.07095252044888652,,,,,,,,,,,,,,,,
0.0637827032758845,0.019,0.97975,0.00125,0.0017545124283060431,0.060042671859264374,0.0028483632882625896,0.010083333263173701,0.7425337086121242,0.0,0.0,0.0,0.0,0.0,0.0,0.08873694125034286,1.7737977504730225,publication,0.6789519786834717,4.9294822216033936,0.5936037359499502,0.6679650789472725,200,0.8680079272339292,2.4495193315669894,0.029189779386797454,0.59360373594995,0.6679650769010186,247.31923641204833,mobile,0.0018990945246502413,0.002309778324388735,12.36596162949453,12.36596162949453,system,0.0,289,0.6679650769010186,0.044997022307936244,meta_train_support,1,MARGO-SPLIT-v1,20,20,80,3,290,0.0,0.2,20,10,0.0005,0.0005,mrlco_first_order_mean_pseudogradient,fixed_literature_derived_defaults,0.0013927472673748644,6.963736336874915e-05,0.01343287930314428,0.000671643965157176,0.0013150733437645792,6.575366718822306e-05,3.0,0.0,0.0848301120127638,0.7787883040475354,0.07101827411607474,,,,,,,,,,,,,,,,
0.05840178809273171,0.017,0.98075,0.00225,0.00023894646437838674,0.018157916143536568,0.002473045099331254,0.010833333308498064,0.5732160024344921,0.0,0.0,0.0,0.0,0.0,0.0,0.09151908960958195,1.7698243856430054,publication,0.6789624691009521,4.262859582901001,0.5439941605381484,0.6130135951619832,200,0.8445574595109068,2.428939238830935,0.019874417776009068,0.5439941605381482,0.6130135574098676,765.1387874412536,mobile,0.00283558753128711,0.005060802740968972,38.25694002008786,38.25694002008786,system,0.0,290,0.6130135574098676,0.046286801973591384,meta_train_support,1,MARGO-SPLIT-v1,20,20,80,3,291,0.0,0.2,20,10,0.0005,0.0005,mrlco_first_order_mean_pseudogradient,fixed_literature_derived_defaults,0.001387961194291102,6.939805971455104e-05,0.013386718205882617,0.0006693359102941665,0.0013105541913805085,6.552770956902432e-05,3.0,0.0,0.08489951007247835,0.7794576399578296,0.07108380182564376,,,,,,,,,,,,,,,,
0.06465997382730938,0.02025,0.97675,0.003,0.0001667323085712269,0.020139727741479874,0.004696072402354426,0.013583333479861421,0.6113691532363494,0.0,0.0,0.0,0.0,0.0,0.0,0.09938994272277449,1.7749608755111694,publication,0.6763124465942383,5.265624761581421,0.7362728711125132,0.8284182443656305,200,0.7479231674261365,1.817841921467334,0.03927589468366932,0.7362728711125133,0.8284182718209923,367.1444234371185,mobile,0.002871194786810565,0.006254175135697042,18.35722235059706,18.35722235059706,system,0.0,291,0.8284182718209923,0.04209542389559014,meta_train_support,1,MARGO-SPLIT-v1,20,20,80,3,292,0.0,0.2,20,10,0.0005,0.0005,mrlco_first_order_mean_pseudogradient,fixed_literature_derived_defaults,0.001383207902529831,6.916039512648575e-05,0.013340873280520004,0.0006670436640260347,0.0013060659920949588,6.530329960474646e-05,3.0,0.0,0.08496867046760484,0.7801246836218556,0.07114910512524851,,,,,,,,,,,,,,,,
0.06141632732863474,0.02,0.9775,0.0025,-0.0012848239857703447,0.0050024851225316525,0.004211483076869626,0.013166666791463891,0.3548830283184846,0.0,0.0,0.0,0.0,0.0,0.0,0.12128573251623535,1.6020257472991943,publication,0.6496503353118896,5.6168532371521,0.3784920820953388,0.42485213659519105,200,0.6933398626964543,1.9705403288826346,0.03836732258787379,0.3784920820953387,0.4248521088995039,154.11827171325683,mobile,0.0026404712051287123,0.006805866428235168,7.705913622132809,7.705913622132809,system,0.0,292,0.4248521088995039,0.04656899056224419,meta_train_support,1,MARGO-SPLIT-v1,20,20,80,3,293,0.0,0.2,20,10,0.0005,0.0005,mrlco_first_order_mean_pseudogradient,fixed_literature_derived_defaults,0.0013784870564461115,6.892435282231102e-05,0.013295341289801506,0.000664767064490035,0.0013016084289820067,6.508042144910686e-05,3.0,0.0,0.08503759482042715,0.7807894506863456,0.07121418554669762,,,,,,,,,,,,,,,,
0.062208263750055046,0.018,0.97825,0.00375,-0.0007229469483718276,0.006044493988156319,0.003517418525128353,0.010583333298563955,0.3952914722263813,0.0,0.0,0.0,0.0,0.0,0.0,0.09955344868838359,1.6377530097961426,publication,0.6528890132904053,4.296339511871338,0.3797204134798308,0.427017696607727,200,0.6922877608019115,2.174548144452274,0.0460709105245769,0.37972041347983077,0.42701770352199675,160.79794589996337,mobile,0.0028675242558026948,0.00702010144105206,8.039897358317841,8.039897358317841,system,0.0,293,0.42701770352199675,0.05207142705545551,meta_train_support,1,MARGO-SPLIT-v1,20,20,80,3,294,0.0,0.2,20,10,0.0005,0.0005,mrlco_first_order_mean_pseudogradient,fixed_literature_derived_defaults,0.0013737983249616009,6.868991624807419e-05,0.013250119040516468,0.0006625059520257714,0.0012971811894276462,6.485905947138659e-05,3.0,0.0,0.08510628473667523,0.7814519566383714,0.071279044606169,,,,,,,,,,,,,,,,
0.050794914567920256,0.01,0.9885,0.0015,-0.0029566921293735504,0.06316230446100235,0.0023550695366073644,0.006583333356926839,0.6813021558026473,0.0,0.0,0.0,0.0,0.0,0.0,0.06869344834325147,1.570427656173706,publication,0.6740291118621826,5.161954402923584,0.8689545135113065,0.9796449194993602,200,0.9248199520278143,3.1331322863698006,0.05769523524941178,0.8689545135113063,0.9796449306793511,394.03752502441404,mobile,0.0052957818838230775,0.01439136828707811,19.701876090093997,19.701876090093997,system,0.0,294,0.9796449306793511,0.04515014945231057,meta_train_support,1,MARGO-SPLIT-v1,20,20,80,3,295,0.0,0.2,20,10,0.0005,0.0005,mrlco_first_order_mean_pseudogradient,fixed_literature_derived_defaults,0.0013691413814871547,6.845706907435134e-05,0.013205203382752006,0.0006602601691375609,0.001292783965056705,6.463919825283604e-05,3.0,0.0,0.08517474180574958,0.782112216807509,0.07134368380442184,,,,,,,,,,,,,,,,
0.0431043068427968,0.0125,0.9865,0.001,-0.0009909032378345728,0.01953211799263954,0.0028859290314907564,0.007999999929840365,0.5117644449075063,0.0,0.0,0.0,0.0,0.0,0.0,0.06357188128404452,1.5915393829345703,publication,0.6361374855041504,5.189769983291626,0.37680356047164976,0.4234475571035364,200,0.4409106891389396,1.5415130322799087,0.04446603396354476,0.37680356047164987,0.42344756338745354,997.3017815208435,mobile,0.005320059589537112,0.010444602224213041,49.865088098567064,49.865088098567064,system,0.0,295,0.42344756338745354,0.03402307065849374,meta_train_support,1,MARGO-SPLIT-v1,20,20,80,3,296,0.0,0.2,20,10,0.0005,0.0005,mrlco_first_order_mean_pseudogradient,fixed_literature_derived_defaults,0.0013645159038469955,6.822579519234762e-05,0.013160591209161627,0.0006580295604581288,0.0012884164516612433,6.44208225830667e-05,3.0,0.0,0.08524296760094192,0.7827702463679671,0.0714081046270049,,,,,,,,,,,,,,,,
0.04747595229022568,0.00775,0.99075,0.0015,-0.0008655067649669945,0.011089161038398743,0.0026343617544933784,0.005250000053395827,0.6034670636057854,0.0,0.0,0.0,0.0,0.0,0.0,0.03974346083338007,1.579477310180664,publication,0.6115889549255371,5.147408485412598,0.735458167932411,0.8303544667352307,200,0.7216976762099255,2.3434956464916468,0.04735795225133188,0.7354581679324111,0.8303544777259231,1617.9261972427369,mobile,0.001311685208446395,0.004312304032721423,80.89630641013505,80.89630641013505,system,0.0,296,0.8303544777259231,0.04180256230900164,meta_train_support,1,MARGO-SPLIT-v1,20,20,80,3,297,0.0,0.2,20,10,0.0005,0.0005,mrlco_first_order_mean_pseudogradient,fixed_literature_derived_defaults,0.001359921574204413,6.799607871021962e-05,0.013116279454248625,0.0006558139727124157,0.0012840783491303972,6.42039174565262e-05,3.0,0.0,0.08531096367965214,0.7834260603406795,0.07147230854446143,,,,,,,,,,,,,,,,
0.06685759570098507,0.00925,0.99,0.00075,-0.004125095903873444,0.014659314416348934,0.0030583090909203745,0.005749999933565656,0.525612939397494,0.0,0.0,0.0,0.0,0.0,0.0,0.052053020207792546,1.529276967048645,publication,0.6735377311706543,5.0599541664123535,0.8664635102452659,0.9732985727865389,200,0.8284587264119272,2.272413397906348,0.05236342205898836,0.8664635102452658,0.9732985774613917,243.41456679344176,mobile,0.004109056416684597,0.005975037761113073,12.170729046438609,12.170729046438609,system,0.0,297,0.9732985774613917,0.05067936976704608,meta_train_support,1,MARGO-SPLIT-v1,20,20,80,3,298,0.0,0.2,20,10,0.0005,0.0005,mrlco_first_order_mean_pseudogradient,fixed_literature_derived_defaults,0.001355358078988962,6.776790394945331e-05,0.01307346441602382,0.0006536732208012319,0.0012797693613816376,6.398846806908443e-05,3.0,0.0,0.0853787315836016,0.7840797335614808,0.07153629701253052,,,,,,,,,,,,,,,,
0.08132901169104069,0.005,0.99475,0.00025,-0.0007207726594060659,0.040368445217609406,0.0011194715468832328,0.0028333333010474838,0.7979315223793189,0.0,0.0,0.0,0.0,0.0,0.0,0.030002304690057723,1.5026606321334839,publication,0.663353443145752,4.216805934906006,1.005940882738186,1.1351489851779717,200,0.8891500929205586,3.229139180504717,0.0654739229939878,1.005940882738186,1.1351489893719553,581.1104893112183,mobile,0.0018027610009628554,0.004428812650583455,29.055525355139345,29.055525355139345,system,0.0,298,1.1351489893719553,0.05999305402742568,meta_train_support,1,MARGO-SPLIT-v1,20,20,80,3,299,0.0,0.2,20,10,0.0005,0.0005,mrlco_first_order_mean_pseudogradient,fixed_literature_derived_defaults,0.0013508251088251192,6.754125544125578e-05,0.013029740454766216,0.0006514870227383174,0.0012754891962934046,6.3774459814675e-05,3.0,0.0,0.08544627283904285,0.7847312205842191,0.07160007147234519,,,,,,,,,,,,,,,,
0.06706551693836839,0.00525,0.99425,0.0005,-0.004589756950736046,0.017252493649721146,0.0026177135376855174,0.004833333333954215,0.5363234639167785,0.0,0.0,0.0,0.0,0.0,0.0,0.04293331479301012,1.5045881271362305,publication,0.6729953289031982,5.176444053649902,0.4820289526342279,0.5420955971914009,200,0.5465966007233839,1.6357396421954036,-0.006455562368500978,0.48202895263422796,0.5420956099405885,760.4163152313232,mobile,0.006629350950485997,0.010251205297048462,38.02081482238919,38.02081482238919,system,0.0,299,0.5420956099405885,0.05318058871087918,meta_train_support,1,MARGO-SPLIT-v1,20,20,80,3,300,0.0,0.2,20,10,0.0005,0.0005,mrlco_first_order_mean_pseudogradient,fixed_literature_derived_defaults,0.0013463223584623688,6.731611792311354e-05,0.012986307986583661,0.00064931539932922,0.0012712375656390932,6.356187828195081e-05,3.0,0.0,0.08551358895696597,0.7853805359835483,0.07166363335062714,,,,,,,,,,,,,,,,
0.048014138713194696,0.011,0.98725,0.00175,-0.0008352928562089801,0.10259386152029037,0.002825600485023945,0.010833333355064192,0.7419588938355446,0.0,0.0,0.0,0.0,0.0,0.0,0.06258060904429204,1.4394947290420532,publication,0.5827121734619141,3.3524832725524902,0.7718721509699498,0.8689788104566105,200,0.9800302810967436,3.30789995752275,0.04125081328675151,0.7718721509699499,0.8689787729643286,737.2438987731933,mobile,0.0029912895878650035,0.004648222419742769,36.86219356227372,36.86219356227372,system,0.0,300,0.8689787729643286,0.03327870492879304,meta_train_support,1,MARGO-SPLIT-v1,20,20,80,3,301,0.0,0.2,20,10,0.0005,0.0005,mrlco_first_order_mean_pseudogradient,fixed_literature_derived_defaults,0.00134184952670668,6.709247633533699e-05,0.012943164106229563,0.0006471582053114711,0.0012670141850223522,6.335070925111985e-05,3.0,0.0,0.0855806814333013,0.7860276941888598,0.07172698405987826,-0.1051943808977835,-0.13760636761057507,0.13760636761057507,0.075,0.375,0.075,0.065,0.975,0.975,0.0,validation/automotive_lexicographic_v1,automotive_lexicographic_v1,a3bd00d5108237acdb706f561212b5d840bac151f48b5250a61c573d9c9ffb6c,393682058.0,0.13760636761057507,0.0
0.07404493133511456,0.01525,0.9845,0.00025,0.0016274109948426485,0.041149675846099854,0.004769421302550352,0.009833333268761634,0.7442234598100185,0.0,0.0,0.0,0.0,0.0,0.0,0.059902490629628415,1.6654243469238281,publication,0.6188211441040039,4.785022974014282,0.821831649796257,0.9256901229798677,200,0.9460469596791314,2.5171747487038374,0.045402880234178156,0.821831649796257,0.9256901338323951,442.7603139305115,mobile,0.0007517359760964049,0.0008611781534886586,22.138012914904788,22.138012914904788,system,0.0,301,0.9256901338323951,0.05360526741003073,meta_train_support,1,MARGO-SPLIT-v1,20,20,80,3,302,0.0,0.2,20,10,0.0005,0.0005,mrlco_first_order_mean_pseudogradient,fixed_literature_derived_defaults,0.001338429513535621,6.692147567678719e-05,0.012904698107635412,0.0006452349053818196,0.0012628187738136687,6.314093869068393e-05,3.0,0.0,0.08564760290897809,0.7866729290942416,0.07179012499856895,,,,,,,,,,,,,,,,
0.06330235565882333,0.01675,0.9815,0.00175,0.0005852508475072682,0.02152654528617859,0.004144934921305321,0.01124999999689559,0.7052820663899183,0.0,0.0,0.0,0.0,0.0,0.0,0.07027899498806846,1.7598719596862793,publication,0.5846199989318848,3.3115570545196533,0.8886252223803234,1.002544488792846,200,0.9025133640409154,2.7832984193228185,0.053990647284081206,0.8886252223803233,1.0025444747507573,399.3925552749634,mobile,0.00211361430344895,0.0032937561446241825,19.96962845576132,19.96962845576132,system,0.0,302,1.0025444747507573,0.04625528459266134,meta_train_support,1,MARGO-SPLIT-v1,20,20,80,3,303,0.0,0.2,20,10,0.0005,0.0005,mrlco_first_order_mean_pseudogradient,fixed_literature_derived_defaults,0.0013340122544150414,6.6700612720752e-05,0.012862108344903943,0.0006431054172452155,0.001258651055088211,6.293255275441334e-05,3.0,0.0,0.08571430352169884,0.7873160345114868,0.07185305755132336,,,,,,,,,,,,,,,,
0.06639793699263681,0.0135,0.9855,0.001,0.0012453492963686585,0.04138854518532753,0.0024645405253105913,0.007333333340163032,0.7356327281643947,0.0,0.0,0.0,0.0,0.0,0.0,0.06380490993836001,1.7226879596710205,publication,0.6454050540924072,5.237776279449463,0.9303891430532171,1.049596176560508,200,1.3724732878453756,4.656549131497741,0.057655675055684696,0.9303891430532175,1.0495961565524339,666.5989686203003,mobile,0.0006000355656221862,0.0009508310016681401,33.329949602913246,33.329949602913246,system,0.0,303,1.0495961565524339,0.05274314618883462,meta_train_support,1,MARGO-SPLIT-v1,20,20,80,3,304,0.0,0.2,20,10,0.0005,0.0005,mrlco_first_order_mean_pseudogradient,fixed_literature_derived_defaults,0.0013296240562097289,6.648120281048386e-05,0.012819798777979917,0.0006409899388990503,0.0012545107555648946,6.27255377782382e-05,3.0,0.0,0.08578078472450933,0.7879570244503858,0.0719157830891016,,,,,,,,,,,,,,,,
0.04759313627098876,0.02175,0.9765,0.00175,0.0038022485096007586,0.007559658959507942,0.0043615039406366424,0.013916666635001698,0.553744621326526,0.0,0.0,0.0,0.0,0.0,0.0,0.08550304534648517,1.1363580226898193,publication,0.6729249954223633,5.315274953842163,0.3137146319961458,0.3523667044342437,200,0.49942567408724386,1.5664430926553905,0.03882686130236834,0.31371463199614574,0.3523666963353753,683.3301113986969,mobile,0.002163242685024142,0.0023963188346243767,34.16650622777384,34.16650622777384,system,0.0,304,0.3523666963353753,0.03692523944290996,meta_train_support,1,MARGO-SPLIT-v1,20,20,80,3,305,0.0,0.2,20,10,0.0005,0.0005,mrlco_first_order_mean_pseudogradient,fixed_literature_derived_defaults,0.001325264633074615,6.626323165373482e-05,0.012777766650838998,0.0006388883325419981,0.0012503976055466492,6.251988027733413e-05,3.0,0.0,0.08584704795616306,0.7885959127829278,0.07197830296937893,,,,,,,,,,,,,,,,
0.07728612567641138,0.011,0.9875,0.0015,0.0006710481247864664,0.06848800927400589,0.0023206433757801885,0.007166666739309828,0.9392767138779166,0.0,0.0,0.0,0.0,0.0,0.0,0.05781498448875605,1.8948991298675537,publication,0.6574277877807617,4.251674175262451,1.130273335474533,1.2734628218065154,200,1.1982945235525793,3.2760330280289054,0.04602168840210652,1.130273335474533,1.273462815247476,283.8909968948364,mobile,0.000584480288714202,0.0022816785864187843,14.194549726289567,14.194549726289567,system,0.0,305,1.273462815247476,0.054535355760495785,meta_train_support,1,MARGO-SPLIT-v1,20,20,80,3,306,0.0,0.2,20,10,0.0005,0.0005,mrlco_first_order_mean_pseudogradient,fixed_literature_derived_defaults,0.0013209337029011685,6.604668514505196e-05,0.012736009243483315,0.0006368004621741807,0.001246311338861856,6.231556694309692e-05,3.0,0.0,0.08591309464130811,0.789232713245102,0.07204061853632203,,,,,,,,,,,,,,,,
0.06646147081407947,0.006,0.993,0.001,3.4278804378118366e-05,0.03130486235022545,0.0008849432159154938,0.003999999957159162,0.7900805023809274,0.0,0.0,0.0,0.0,0.0,0.0,0.036631879550830825,1.9215366840362549,publication,0.6314859390258789,4.972344875335693,0.8689673934719999,0.9771071766687055,200,0.8688058215193689,2.552925976924598,0.04734955506864935,0.8689673934719998,0.977107183560729,594.9308047103882,mobile,8.336301671782113e-05,0.0004271533463911753,29.746539298101375,29.746539298101375,system,0.0,306,0.977107183560729,0.046299228017117285,meta_train_support,1,MARGO-SPLIT-v1,20,20,80,3,307,0.0,0.2,20,10,0.0005,0.0005,mrlco_first_order_mean_pseudogradient,fixed_literature_derived_defaults,0.0013166309872565394,6.583154936282143e-05,0.012694523871354705,0.0006347261935677473,0.0012422516928069316,6.211258464035307e-05,3.0,0.0,0.08597892619067093,0.7898674394386698,0.07210273112096238,,,,,,,,,,,,,,,,
0.05219514793128446,0.007,0.9925,0.0005,-0.0008101759594865143,0.08152949810028076,0.0013424815946564196,0.004166666604578496,0.8068932664891084,0.0,0.0,0.0,0.0,0.0,0.0,0.047690532849635044,1.8539320230484009,publication,0.6539664268493652,4.1778318881988525,0.7276703656715314,0.8184561826496428,200,0.8194452715788154,2.144618228499894,0.05002305802190676,0.7276703656715315,0.8184561935998499,341.6898705482483,mobile,0.0010749448903539791,0.0034075410862874963,17.08449325939029,17.08449325939029,system,0.0,307,0.8184561935998499,0.040352819423026744,meta_train_support,1,MARGO-SPLIT-v1,20,20,80,3,308,0.0,0.2,20,10,0.0005,0.0005,mrlco_first_order_mean_pseudogradient,fixed_literature_derived_defaults,0.0013123562113238883,6.561781056618754e-05,0.012653307884759398,0.0006326653942380078,0.0012382184080900259,6.191092040450097e-05,3.0,0.0,0.08604454400123712,0.7905001048329078,0.07216464204136688,,,,,,,,,,,,,,,,
0.043322903586521376,0.0125,0.9865,0.001,3.9900940464576706e-05,0.009417477063834667,0.003525475676717822,0.008499999980752666,0.5044113258520762,0.0,0.0,0.0,0.0,0.0,0.0,0.06164624563113828,1.746738076210022,publication,0.6205751895904541,5.261182546615601,0.31455469974294953,0.35347890722888226,200,0.4863202166999616,1.605407108552754,0.02111391010112129,0.3145546997429495,0.35347891733050346,574.2369343185425,mobile,0.0026196926445425433,0.00577110398606435,28.711847503642907,28.711847503642907,system,0.0,308,0.35347891733050346,0.03544681244065956,meta_train_support,1,MARGO-SPLIT-v1,20,20,80,3,309,0.0,0.2,20,10,0.0005,0.0005,mrlco_first_order_mean_pseudogradient,fixed_literature_derived_defaults,0.0013081091038438756,6.540545519219398e-05,0.012612358668303866,0.000630617933415234,0.0012342112287758186,6.171056143879083e-05,3.0,0.0,0.08610994945642932,0.791130722766323,0.07222635260280567,,,,,,,,,,,,,,,,
0.07330774204538061,0.008,0.9915,0.0005,-0.0021762028336524963,0.015811163932085037,0.0030443535855380808,0.00708333325261871,0.49630610197782515,0.0,0.0,0.0,0.0,0.0,0.0,0.049858040524366216,1.6876429319381714,publication,0.6378750801086426,5.176453351974487,0.3947911617556779,0.443011137272033,200,0.5809605216729685,1.6487925481051207,0.03512497161864303,0.3947911617556779,0.4430111375823617,121.3135247039795,mobile,0.003643694589503278,0.005701135868845872,6.065676285748404,6.065676285748404,system,0.0,309,0.4430111375823617,0.05301823392531792,meta_train_support,1,MARGO-SPLIT-v1,20,20,80,3,310,0.0,0.2,20,10,0.0005,0.0005,mrlco_first_order_mean_pseudogradient,fixed_literature_derived_defaults,0.0013038893970572824,6.519446985286947e-05,0.012571673640341596,0.0006285836820171253,0.0012302299022313805,6.151149511156306e-05,3.0,0.0,0.08617514392628219,0.7917593064483401,0.07228786409791724,,,,,,,,,,,,,,,,
0.04880621227596273,0.0055,0.9935,0.001,-0.004029832314699888,0.06814198195934296,0.002138087946362951,0.005583333255102237,0.866890966395537,0.0,0.0,0.0,0.0,0.0,0.0,0.0416704078330206,1.6386672258377075,publication,0.6174948215484619,5.316267013549805,0.9547725330722107,1.0765399358128434,200,1.1954194560025806,3.5987726664170623,0.048605467600282275,0.9547725330722105,1.0765399513579905,1068.12759016037,mobile,0.0033316801974756782,0.009490044624588818,53.4063788496045,53.4063788496045,system,0.0,310,1.0765399513579905,0.03854362147385443,meta_train_support,1,MARGO-SPLIT-v1,20,20,80,3,311,0.0,0.2,20,10,0.0005,0.0005,mrlco_first_order_mean_pseudogradient,fixed_literature_derived_defaults,0.001299696826648738,6.498484133243831e-05,0.012531250252430529,0.000626562512621498,0.0012262741790730802,6.131370895365307e-05,3.0,0.0,0.08624012876761462,0.7923858689609616,0.07234917780687089,,,,,,,,,,,,,,,,
0.05949990488424396,0.00775,0.99175,0.0005,-0.003279326017946005,0.021042190492153168,0.003777744990528238,0.005166666613270839,0.6038990647221605,0.0,0.0,0.0,0.0,0.0,0.0,0.041353873335281024,1.7169145345687866,publication,0.6018152236938477,5.320439338684082,0.34551368921198616,0.3885555068348458,200,0.569030017040408,1.7736127180978656,0.019135208567604423,0.3455136892119861,0.3885554839950055,327.1769364070892,mobile,0.006921073736069236,0.009172707482345019,16.358848391360063,16.358848391360063,system,0.0,311,0.3885554839950055,0.04584259348948074,meta_train_support,1,MARGO-SPLIT-v1,20,20,80,3,312,0.0,0.2,20,10,0.0005,0.0005,mrlco_first_order_mean_pseudogradient,fixed_literature_derived_defaults,0.0012955311316915307,6.47765565845726e-05,0.012491085988800945,0.0006245542994400832,0.0012223438131145127,6.111719065572674e-05,3.0,0.0,0.0863049053241992,0.7930104232604017,0.07241029499752662,,,,,,,,,,,,,,,,
0.05937105831059155,0.0065,0.99225,0.00125,-0.002305460860952735,0.045275941491127014,0.0038229802695904412,0.010916666562358537,0.7295667144159477,0.0,0.0,0.0,0.0,0.0,0.0,0.03724491925220359,1.8135243654251099,publication,0.6877052783966064,5.1830480098724365,1.0162183631702433,1.1465809660202921,200,0.9692788884853387,2.6339227478019893,0.05898844625335187,1.0162183631702435,1.1465809745155275,693.4392001152039,mobile,0.0017705837011385867,0.0046358644108757925,34.67195793095257,34.67195793095257,system,0.0,312,1.1465809745155275,0.05451551084984673,meta_train_support,1,MARGO-SPLIT-v1,20,20,80,3,313,0.0,0.2,20,10,0.0005,0.0005,mrlco_first_order_mean_pseudogradient,fixed_literature_derived_defaults,0.0012913920545934746,6.456960272967216e-05,0.012451178365833529,0.0006225589182916602,0.001218533766706353,6.092668833532211e-05,3.0,0.0,0.08636947492692887,0.7936329821786934,0.07247122168586194,,,,,,,,,,,,,,,,
0.04588868672085981,0.01025,0.98925,0.0005,-0.003811861854046583,0.010683195665478706,0.0053033350575333316,0.021166666736826302,0.4714518231650193,0.0,0.0,0.0,0.0,0.0,0.0,0.06444679585822743,1.326737642288208,publication,0.5805833339691162,5.145384788513184,0.28401491746265944,0.31900806316451963,200,0.39885012237446765,1.320462460978888,0.03635935694910586,0.2840149174626595,0.319008063711226,566.7144053268432,mobile,0.005253818136575777,0.008144079245105029,28.335717945126554,28.335717945126554,system,0.0,313,0.319008063711226,0.04153242515544713,meta_train_support,1,MARGO-SPLIT-v1,20,20,80,3,314,0.0,0.2,20,10,0.0005,0.0005,mrlco_first_order_mean_pseudogradient,fixed_literature_derived_defaults,0.001287279341043814,6.436396705218617e-05,0.012411524931547435,0.000620576246577409,0.001214653085920664,6.073265429602792e-05,3.0,0.0,0.08643383889398105,0.7942535584252708,0.07253195434015797,,,,,,,,,,,,,,,,
0.047063683937312376,0.015,0.984,0.001,0.0006491984822787344,0.009225551970303059,0.004130274185709245,0.009499999911834797,0.4472676673283179,0.0,0.0,0.0,0.0,0.0,0.0,0.07123279124134978,1.8233271837234497,publication,0.664269208908081,5.522563934326172,0.44304513037073034,0.49914504677382865,200,0.6430432141727513,1.7402955830912106,0.026199827960226685,0.4430451303707305,0.4991450530756265,450.00428718566894,mobile,0.003751832583424827,0.007825607509966826,22.500214033791394,22.500214033791394,system,0.0,314,0.4991450530756265,0.04055885892965328,meta_train_support,1,MARGO-SPLIT-v1,20,20,80,3,315,0.0,0.2,20,10,0.0005,0.0005,mrlco_first_order_mean_pseudogradient,fixed_literature_derived_defaults,0.0012831927399611352,6.41596369980596e-05,0.012372123265098078,0.0006186061632549311,0.0012107970443780587,6.05398522189049e-05,3.0,0.0,0.08649799853097911,0.7948721645885257,0.07259249419237687,,,,,,,,,,,,,,,,
0.062132251838325936,0.018,0.981,0.001,-0.0007142514223232865,0.035100508481264114,0.005099478864860885,0.011583333167557917,0.7078156986584265,0.0,0.0,0.0,0.0,0.0,0.0,0.06588787746817612,1.787948727607727,publication,0.666024923324585,5.002005577087402,0.7530608509345745,0.8489112259664399,200,1.002219113586476,3.0724154422059655,0.04158828721847385,0.7530608509345744,0.8489112451858819,201.21242170333863,mobile,0.0015575312079356576,0.0026157574072710817,10.060621030585475,10.060621030585475,system,0.0,315,0.8489112451858819,0.04894154141146309,meta_train_support,1,MARGO-SPLIT-v1,20,20,80,3,316,0.0,0.2,20,10,0.0005,0.0005,mrlco_first_order_mean_pseudogradient,fixed_literature_derived_defaults,0.0012810126349160995,6.40506317458045e-05,0.012339897347595845,0.000616994867379761,0.0012069654081616726,6.0348270408086546e-05,3.0,0.0,0.08656204916272492,0.7954891594559055,0.07265284246278496,,,,,,,,,,,,,,,,
0.061493174961788286,0.01,0.9895,0.0005,-0.0017699619056656957,0.06082744523882866,0.003867060247042294,0.01508333363259832,0.7305805218716463,0.0,0.0,0.0,0.0,0.0,0.0,0.05360375761904475,1.7090404033660889,publication,0.6626832485198975,5.183780193328857,0.7730800954554644,0.8699944454183788,200,0.946319070575097,2.966632140800357,0.05957257479894906,0.7730800954554646,0.8699944625049829,551.3929017162322,mobile,0.0016098992144055308,0.003798113059047302,27.569643449683824,27.569643449683824,system,0.0,316,0.8699944625049829,0.048964043176649374,meta_train_support,1,MARGO-SPLIT-v1,20,20,80,3,317,0.0,0.2,20,10,0.0005,0.0005,mrlco_first_order_mean_pseudogradient,fixed_literature_derived_defaults,0.0012769715855945976,6.384857927972665e-05,0.012300970226625511,0.0006150485113313175,0.001203157946306273,6.0157897315310516e-05,3.0,0.0,0.08662589774200465,0.7961042079672368,0.07271300036010027,,,,,,,,,,,,,,,,
0.04877305279756607,0.0215,0.977,0.0015,-0.0005401006201282144,0.008938430808484554,0.007002995633442784,0.020249999873340134,0.5069707214832305,0.0,0.0,0.0,0.0,0.0,0.0,0.09295712099525236,1.719740629196167,publication,0.6790220737457275,4.843589782714844,0.3896503319616322,0.4371605198026737,200,0.5380081614011002,1.6706777713261545,0.04460141953313723,0.38965033196163223,0.4371605123952031,516.2339567184448,mobile,0.0025098155774281165,0.004857162958974676,25.81170057288556,25.81170057288556,system,0.0,317,0.4371605123952031,0.034370906038776725,meta_train_support,1,MARGO-SPLIT-v1,20,20,80,3,318,0.0,0.2,20,10,0.0005,0.0005,mrlco_first_order_mean_pseudogradient,fixed_literature_derived_defaults,0.0012729559516776335,6.364779758388783e-05,0.012262287930315368,0.0006131143965157904,0.0011993744307518507,5.9968721537587144e-05,3.0,0.0,0.08668954553958853,0.7967173223637526,0.07277296908163786,,,,,,,,,,,,,,,,
0.053865839129809065,0.029,0.96975,0.00125,0.003044174751266837,0.004684148821979761,0.008875306119443848,0.020333333360031246,0.41128588318824766,0.0,0.0,0.0,0.0,0.0,0.0,0.09794966757834449,1.592692494392395,publication,0.6707665920257568,5.390673875808716,0.2378657603952014,0.26573603398010165,200,0.4560009284397988,1.6264419914223254,0.03195330540620489,0.23786576039520146,0.26573603054508566,140.8062252807617,mobile,0.0017121246014580249,0.0025741704844835854,7.040311354002367,7.040311354002367,system,0.0,318,0.26573603054508566,0.044644672298106876,meta_train_support,1,MARGO-SPLIT-v1,20,20,80,3,319,0.0,0.2,20,10,0.0005,0.0005,mrlco_first_order_mean_pseudogradient,fixed_literature_derived_defaults,0.0012689654941488635,6.344827470744496e-05,0.012223848156239144,0.0006111924078119335,0.001195614636298083,5.9780731814909616e-05,3.0,0.0,0.08675299381429598,0.7973285147715645,0.07283274981345277,,,,,,,,,,,,,,,,
0.055983531142190776,0.0145,0.98375,0.00175,-0.001535699120722711,0.008981091901659966,0.00811500441604096,0.027500000316649675,0.5875283082326254,0.0,0.0,0.0,0.0,0.0,0.0,0.06672275584059623,1.5937635898590088,publication,0.6555109024047852,5.310158967971802,0.4352399643928675,0.4911313527416496,200,0.7004687301743951,2.2743266988545656,0.005205689667491242,0.4352399643928675,0.4911313461465761,900.5882077693939,mobile,0.00445729699069242,0.008464904038796659,45.02941468865736,45.02941468865736,system,0.0,319,0.4911313461465761,0.04713761171148141,meta_train_support,1,MARGO-SPLIT-v1,20,20,80,3,320,0.0,0.2,20,10,0.0005,0.0005,mrlco_first_order_mean_pseudogradient,fixed_literature_derived_defaults,0.0012651044205350007,6.325522102675063e-05,0.012191496534018036,0.000609574826700876,0.0011918783405596516,5.9593917027978005e-05,3.0,0.0,0.08681624903532273,0.7979380895982654,0.07289234373048074,,,,,,,,,,,,,,,,
0.08368080211398225,0.012,0.98675,0.00125,-0.0006903178291395307,0.05506161227822304,0.004922192009702069,0.013750000096236665,0.7725485622882843,0.0,0.0,0.0,0.0,0.0,0.0,0.05919140303187194,1.5401109457015991,publication,0.6311752796173096,5.352595567703247,0.559232314313508,0.6278194250864908,200,0.7365224191269941,2.287821063073352,0.04606509435689077,0.5592323143135078,0.6278194474428892,125.82634718894958,mobile,0.0023823844650893945,0.0032054298080995895,6.291317320579033,6.291317320579033,system,0.0,320,0.6278194474428892,0.0609608049497329,meta_train_support,1,MARGO-SPLIT-v1,20,20,80,3,321,0.0,0.2,20,10,0.0005,0.0005,mrlco_first_order_mean_pseudogradient,fixed_literature_derived_defaults,0.0012624764498498332,6.312382249248905e-05,0.012158714737927658,0.0006079357368964367,0.001188165323922394,5.940826619611761e-05,3.0,0.0,0.08687937285781522,0.7985460253351618,0.07295175199667686,,,,,,,,,,,,,,,,
0.07139061573151681,0.01575,0.983,0.00125,0.0023379165213555098,0.15189069509506226,0.003948312394156044,0.010333333381762108,0.9996371790766716,0.0,0.0,0.0,0.0,0.0,0.0,0.059544179385899315,1.4940532445907593,publication,0.6536791324615479,5.412680387496948,0.7099344753227461,0.7971900088382244,200,0.9178976351989234,2.407669496140443,0.05278135876869783,0.7099344753227462,0.7971900070458651,265.57874625205994,mobile,0.0008759892955772073,0.001285042357880403,13.27893694663207,13.27893694663207,system,0.0,321,0.7971900070458651,0.054940420538328,meta_train_support,1,MARGO-SPLIT-v1,20,20,80,3,322,0.0,0.2,20,10,0.0005,0.0005,mrlco_first_order_mean_pseudogradient,fixed_literature_derived_defaults,0.0012585557155335293,6.292778577667024e-05,0.012120954754269497,0.0006060477377134443,0.001184475369500275,5.922376847501687e-05,3.0,0.0,0.08694230064359189,0.7991520730728753,0.07301097576515188,,,,,,,,,,,,,,,,
0.05174813036193231,0.01425,0.9835,0.00225,-0.0006624463712796569,0.10184621810913086,0.005487358250870026,0.018333333404734732,0.8453542498250801,0.0,0.0,0.0,0.0,0.0,0.0,0.0668599281166221,1.4166556596755981,publication,0.5811550617218018,5.513136863708496,0.6180637035287735,0.6933166552180865,200,0.8890698228977657,2.636205750517547,0.05707929388154298,0.6180637035287735,0.6933166765235365,476.9413473701477,mobile,0.0022058599688780213,0.0037918967645845674,23.847068852901593,23.847068852901593,system,0.0,322,0.6933166765235365,0.039158257306883236,meta_train_support,1,MARGO-SPLIT-v1,20,20,80,3,323,0.0,0.2,20,10,0.0005,0.0005,mrlco_first_order_mean_pseudogradient,fixed_literature_derived_defaults,0.0012546592582098962,6.273296291049724e-05,0.012083428578559685,0.0006041714289279909,0.0011808082630931534,5.904041315465958e-05,3.0,0.0,0.08700503360650239,0.7997562445018033,0.07307001617830654,,,,,,,,,,,,,,,,
0.052543649712621,0.009,0.98975,0.00125,-0.00030214866274036467,0.01215955801308155,0.00276124299681347,0.005333333338300389,0.5876852537194888,0.0,0.0,0.0,0.0,0.0,0.0,0.055139148849702446,1.4434051513671875,publication,0.5423994064331055,5.286614656448364,0.3792979946894887,0.42614036136666983,200,0.31818023934209666,1.0242306916043162,0.04598272009752691,0.37929799468948866,0.4261403545923531,862.7933430480957,mobile,0.0018029223412071788,0.003479421105093404,43.13966425999371,43.13966425999371,system,0.0,323,0.4261403545923531,0.03752524732697157,meta_train_support,1,MARGO-SPLIT-v1,20,20,80,3,324,0.0,0.2,20,10,0.0005,0.0005,mrlco_first_order_mean_pseudogradient,fixed_literature_derived_defaults,0.0012507868530919643,6.253934265459948e-05,0.012046134045909809,0.0006023067022954409,0.001177163793145335,5.8858189657270965e-05,3.0,0.0,0.08706757294915698,0.8003585512040987,0.07312887436796381,,,,,,,,,,,,,,,,
0.07539701609892382,0.01175,0.98725,0.001,0.0021623808424919844,0.117488332092762,0.003576613463352866,0.00899999998509884,1.0618168858190378,0.0,0.0,0.0,0.0,0.0,0.0,0.05160745093247958,1.5110489130020142,publication,0.6001355648040771,5.067112445831299,0.9125148184151632,1.0310161524737487,200,1.1854630211688115,3.678925793617964,0.05746633252419997,0.9125148184151632,1.031016151215881,214.39869459152223,mobile,0.0005558589442375845,0.0005558589442375845,10.719934700660719,10.719934700660719,system,0.0,324,1.031016151215881,0.05085148675013958,meta_train_support,1,MARGO-SPLIT-v1,20,20,80,3,325,0.0,0.2,20,10,0.0005,0.0005,mrlco_first_order_mean_pseudogradient,fixed_literature_derived_defaults,0.0012469382781593737,6.234691390796798e-05,0.012009069018076239,0.0006004534509037596,0.0011735417507048877,5.8677087535249917e-05,3.0,0.0,0.08712991986306495,0.8009590046550025,0.07318755145549906,,,,,,,,,,,,,,,,
0.06156600595974181,0.00375,0.996,0.00025,-3.6583754990715533e-05,0.012863324955105782,0.0006015210016092769,0.0024166666436940434,0.7212924947341284,0.0,0.0,0.0,0.0,0.0,0.0,0.029569335341853405,1.470108985900879,publication,0.6654682159423828,5.18886399269104,0.6291429970222119,0.7101351680158404,200,0.6509541522477785,1.9561451859772205,0.06017278395302128,0.629142997022212,0.7101351708546281,1033.6871630477906,mobile,0.002679292983511257,0.0037448891257886013,51.68435733005253,51.68435733005253,system,0.0,325,0.7101351708546281,0.051791375781518066,meta_train_support,1,MARGO-SPLIT-v1,20,20,80,3,326,0.0,0.2,20,10,0.0005,0.0005,mrlco_first_order_mean_pseudogradient,fixed_literature_derived_defaults,0.00124311331411594,6.215566570579034e-05,0.011972231383051465,0.0005986115691525296,0.001169941929383707,5.849709646918444e-05,3.0,0.0,0.08719207552877074,0.801557616224155,0.07324604855196824,,,,,,,,,,,,,,,,
0.06667303598737048,0.01375,0.98575,0.0005,-0.000609693001024425,0.017799457535147667,0.002656366960256188,0.008666666643694044,0.6251838366190592,0.0,0.0,0.0,0.0,0.0,0.0,0.05485542851398604,1.532365083694458,publication,0.639254093170166,4.9286487102508545,0.760921222267809,0.8577831716648506,200,0.8742372566406503,2.2298030434176326,0.06287941505433992,0.760921222267809,0.8577831711247563,411.7826636314392,mobile,0.0014244288197518614,0.0020469801332626087,20.589134390782288,20.589134390782288,system,0.0,326,0.8577831711247563,0.045178069122864865,meta_train_support,1,MARGO-SPLIT-v1,20,20,80,3,327,0.0,0.2,20,10,0.0005,0.0005,mrlco_first_order_mean_pseudogradient,fixed_literature_derived_defaults,0.0012393117443480013,6.196558721739687e-05,0.01193561905466293,0.0005967809527331891,0.0011663641253183135,5.831820626590878e-05,3.0,0.0,0.08725404111598814,0.8021543971768882,0.07330436675823415,,,,,,,,,,,,,,,,
0.058015416327295885,0.00925,0.98975,0.001,-0.0007738959393464029,0.23715616762638092,0.004851795664975119,0.018999999854713675,1.1014030021925767,0.0,0.0,0.0,0.0,0.0,0.0,0.0636814532782426,1.4666309356689453,publication,0.6472375392913818,5.624265909194946,0.7244419947800531,0.8158087779141988,200,1.2515699385228736,3.8568144699092954,0.057729020016267896,0.7244419947800532,0.8158087663166225,205.7962818336487,mobile,0.0013157729881300509,0.0045330431769226905,10.289814550930226,10.289814550930226,system,0.0,327,0.8158087663166225,0.04679001434370373,meta_train_support,1,MARGO-SPLIT-v1,20,20,80,3,328,0.0,0.2,20,10,0.0005,0.0005,mrlco_first_order_mean_pseudogradient,fixed_literature_derived_defaults,0.0012355333548835258,6.177666774417889e-05,0.0118992299721792,0.0005949614986089369,0.0011628081371313674,5.81404068565744e-05,3.0,0.0,0.08731581778373232,0.8027493586754971,0.07336250716509073,,,,,,,,,,,,,,,,
0.07382902364207443,0.00375,0.99575,0.0005,-0.00041800402686931193,0.0941227525472641,0.0013531934265806455,0.002416666643694043,1.0645338768760364,0.0,0.0,0.0,0.0,0.0,0.0,0.02197576737011154,1.5856680870056152,publication,0.5786306858062744,4.954244136810303,1.1485088401698846,1.293609808345791,200,0.9549245991765495,3.2333530206233263,0.09713791497051716,1.1485088401698846,1.293609800040722,649.4242605590821,mobile,0.00023290907325386267,0.0010280386041688122,32.4712133543152,32.4712133543152,system,0.0,328,1.293609800040722,0.056028020026707724,meta_train_support,1,MARGO-SPLIT-v1,20,20,80,3,329,0.0,0.2,20,10,0.0005,0.0005,mrlco_first_order_mean_pseudogradient,fixed_literature_derived_defaults,0.0012317779343519648,6.158889671760426e-05,0.011863062099923338,0.0005931531049961913,0.001159273765893886,5.796368829469323e-05,3.0,0.0,0.08737740668044992,0.8033425117804933,0.07342047085338542,,,,,,,,,,,,,,,,
0.05872716787959166,0.0045,0.99525,0.00025,-0.0007900216733105481,0.016302084550261497,0.0018667461045462608,0.005583333255102237,0.7173140319685142,0.0,0.0,0.0,0.0,0.0,0.0,0.029140068310526058,1.607230305671692,publication,0.6632959842681885,4.517939567565918,0.7709804251428224,0.8690401465199465,200,0.8134691792599187,2.2760951220989227,0.03627904178574681,0.7709804251428222,0.8690401432476937,476.22751468658447,mobile,0.0009810864207839217,0.0015802502784094841,23.81137569336299,23.81137569336299,system,0.0,329,0.8690401432476937,0.04488156165758236,meta_train_support,1,MARGO-SPLIT-v1,20,20,80,3,330,0.0,0.2,20,10,0.0005,0.0005,mrlco_first_order_mean_pseudogradient,fixed_literature_derived_defaults,0.0012280452739448376,6.140226369724666e-05,0.011827113426893266,0.0005913556713447177,0.001155760815088147,5.7788040754402914e-05,3.0,0.0,0.08743880894414717,0.803933867451838,0.07347825889413982,,,,,,,,,,,,,,,,
0.0684683046349273,0.00525,0.99475,0.0,-0.0010210290784016252,0.10916624218225479,0.0008698269831559932,0.002833333270003399,0.883802120325466,0.0,0.0,0.0,0.0,0.0,0.0,0.026718364672641163,1.7273629903793335,publication,0.6582612991333008,5.004168510437012,1.0067083216788821,1.132791182246001,200,1.0043478048901655,3.187247005291283,0.03263315091317054,1.0067083216788821,1.1327911798842252,279.30111686706545,mobile,0.0009986030725581032,0.0011135580879296585,13.965055455801421,13.965055455801421,system,0.0,330,1.1327911798842252,0.05062344292115074,meta_train_support,1,MARGO-SPLIT-v1,20,20,80,3,331,0.0,0.2,20,10,0.0005,0.0005,mrlco_first_order_mean_pseudogradient,fixed_literature_derived_defaults,0.0012243351673770285,6.121675836885665e-05,0.011791381966389057,0.0005895690983194202,0.0011522690905712643,5.761345452856559e-05,3.0,0.0,0.08750002570251603,0.8045234365501575,0.07353587234866839,,,,,,,,,,,,,,,,
0.06977766535401572,0.0065,0.99325,0.00025,-0.003164782654494047,0.0190273430198431,0.004873423175331481,0.014166666753590107,0.6189659563203653,0.0,0.0,0.0,0.0,0.0,0.0,0.03828552831742909,1.7004854679107666,publication,0.6360170841217041,5.297654390335083,0.48618102628486687,0.5477666070840133,200,0.7666349410689882,2.20162353804335,0.020027330261655152,0.4861810262848669,0.5477665973082185,172.80271862030028,mobile,0.0039124838016637445,0.004968993328393877,8.640135958512403,8.640135958512403,system,0.0,331,0.5477665973082185,0.0491153566438882,meta_train_support,1,MARGO-SPLIT-v1,20,20,80,3,332,0.0,0.2,20,10,0.0005,0.0005,mrlco_first_order_mean_pseudogradient,fixed_literature_derived_defaults,0.0012206474108487845,6.10323705424326e-05,0.01175586575564692,0.0005877932877823566,0.0011487984005394232,5.743992002697762e-05,3.0,0.0,0.08756105807305846,0.8051112298379398,0.07359331226869537,,,,,,,,,,,,,,,,
0.061245318806184355,0.00525,0.99475,0.0,-0.0018013094086199999,0.03145551308989525,0.0017758496274401145,0.002583333291113376,0.7663967428108057,0.0,0.0,0.0,0.0,0.0,0.0,0.027128217893205634,1.686999797821045,publication,0.5628757476806641,5.111675024032593,0.682674030935526,0.7675363407845726,200,0.8010539740093267,2.239153646863997,0.04128830000991002,0.6826740309355259,0.7675363581627608,339.05567331314086,mobile,0.0010834139093985626,0.002062616397634327,16.952784386534702,16.952784386534702,system,0.0,332,0.7675363581627608,0.04084991367501657,meta_train_support,1,MARGO-SPLIT-v1,20,20,80,3,333,0.0,0.2,20,10,0.0005,0.0005,mrlco_first_order_mean_pseudogradient,fixed_literature_derived_defaults,0.0012169818030083976,6.084909015041662e-05,0.011720562855479814,0.0005860281427739755,0.0011453485554927584,5.7267427774634894e-05,3.0,0.0,0.08762190716320888,0.8056972579807138,0.07365057969647,,,,,,,,,,,,,,,,
0.05846278586041655,0.00925,0.99025,0.0005,-0.000410262931836769,0.04183002933859825,0.0017055201595970477,0.004416666630034646,0.6914883176485697,0.0,0.0,0.0,0.0,0.0,0.0,0.04722774375505674,1.716787338256836,publication,0.6014039516448975,5.171993255615234,0.5786692519653813,0.6522724792791632,200,1.1407642658799788,3.8857413101941347,0.03070131764980033,0.5786692519653815,0.6522724913991987,294.80342247009276,mobile,0.0015799992242955848,0.005404546637458575,14.740170673739465,14.740170673739465,system,0.0,333,0.6522724913991987,0.04698614152841175,meta_train_support,1,MARGO-SPLIT-v1,20,20,80,3,334,0.0,0.2,20,10,0.0005,0.0005,mrlco_first_order_mean_pseudogradient,fixed_literature_derived_defaults,0.0012133381449155583,6.066690724577939e-05,0.011685471349924485,0.0005842735674962407,0.0011419193682008638,5.709596841003972e-05,3.0,0.0,0.08768257407045466,0.80628153154821,0.07370767566488004,,,,,,,,,,,,,,,,
0.054594512189504986,0.00575,0.9935,0.00075,-0.0006586788804270327,0.014058648608624935,0.0025547695224910666,0.0037499999472250544,0.5991255534191926,0.0,0.0,0.0,0.0,0.0,0.0,0.03598642792038335,1.7117605209350586,publication,0.5920145511627197,4.895503759384155,0.32510962835855295,0.36498106304490646,200,0.45321585172712586,1.2953328271396458,0.0330929119954817,0.32510962835855306,0.36498105119913815,345.82792039871214,mobile,0.002077381360172729,0.003710530176324145,17.291397093251465,17.291397093251465,system,0.0,334,0.36498105119913815,0.042426513707943106,meta_train_support,1,MARGO-SPLIT-v1,20,20,80,3,335,0.0,0.2,20,10,0.0005,0.0005,mrlco_first_order_mean_pseudogradient,fixed_literature_derived_defaults,0.0012097162400053626,6.048581200027159e-05,0.011650589345894859,0.0005825294672947567,0.001138510653668921,5.692553268345224e-05,3.0,0.0,0.08774305988245493,0.8068640610155048,0.07376460119756349,,,,,,,,,,,,,,,,
0.04646240546414785,0.0095,0.98775,0.00275,-0.002309807576239109,0.008094591088593006,0.0038365101097345656,0.007416666500891249,0.4300042835995555,0.0,0.0,0.0,0.0,0.0,0.0,0.05168113211949905,1.3420981168746948,publication,0.4873175621032715,3.4649405479431152,0.26332074596627353,0.29392469153790446,200,0.4662580284507369,1.5985858391504735,0.04830066274735145,0.26332074596627353,0.29392469208687544,239.54727403640746,mobile,0.0023663697828103115,0.002813182690447199,11.977363135489218,11.977363135489218,system,0.0,335,0.29392469208687544,0.03849006908026143,meta_train_support,1,MARGO-SPLIT-v1,20,20,80,3,336,0.0,0.2,20,10,0.0005,0.0005,mrlco_first_order_mean_pseudogradient,fixed_literature_derived_defaults,0.0012061158940529656,6.030579470264752e-05,0.0116159149728416,0.0005807957486421156,0.00113512222910443,5.675611145522508e-05,3.0,0.0,0.08780336567715757,0.8074448567641469,0.07382135730901872,,,,,,,,,,,,,,,,
0.03826478910609291,0.01575,0.9825,0.00175,-0.00035505800042301416,0.03744689002633095,0.0032872367387630184,0.00933333335754772,0.49096164653698604,0.0,0.0,0.0,0.0,0.0,0.0,0.06354481431248508,1.6768088340759277,publication,0.6786525249481201,5.293059825897217,0.4688471730402926,0.5250786922185944,200,0.7256933636914487,2.165336249396205,0.025206052261637524,0.46884717304029266,0.5250786857493221,910.0193921279907,mobile,0.0021108514506369726,0.004161101426453041,45.50097080833543,45.50097080833543,system,0.0,336,0.5250786857493221,0.027804603616626285,meta_train_support,1,MARGO-SPLIT-v1,20,20,80,3,337,0.0,0.2,20,10,0.0005,0.0005,mrlco_first_order_mean_pseudogradient,fixed_literature_derived_defaults,0.0012025369151388618,6.012684575694427e-05,0.011581446382417739,0.0005790723191209102,0.0011317539138845356,5.6587695694221285e-05,3.0,0.0,0.08786349252291452,0.8080239290832678,0.07387794500471294,,,,,,,,,,,,,,,,
0.06789251007947168,0.015,0.9845,0.0005,-0.0026074748020619154,0.009382274001836777,0.0053438345522408785,0.019749999962126216,0.4982138857245445,0.0,0.0,0.0,0.0,0.0,0.0,0.0643593773193442,1.687050700187683,publication,0.5871729850769043,5.2476418018341064,0.48159270532421994,0.5427741645055904,200,0.7115208199833256,1.821335026063025,0.042807761346921325,0.48159270532421994,0.5427741714194417,143.08307638168336,mobile,0.0032873648022751717,0.004677287908368681,7.154154053176941,7.154154053176941,system,0.0,337,0.5427741714194417,0.05519383780024814,meta_train_support,1,MARGO-SPLIT-v1,20,20,80,3,338,0.0,0.2,20,10,0.0005,0.0005,mrlco_first_order_mean_pseudogradient,fixed_literature_derived_defaults,0.0011989791136147825,5.994895568073311e-05,0.011547181748150231,0.0005773590874075252,0.0011284055295239304,5.6420276476190634e-05,3.0,0.0,0.08792344147859525,0.8086012881706753,0.07393436528118913,,,,,,,,,,,,,,,,
0.06212886731391694,0.00575,0.9935,0.00075,-0.006219429895281792,0.07385792583227158,0.0028026697656249175,0.008666666612649958,0.6396308201054732,0.0,0.0,0.0,0.0,0.0,0.0,0.03904192295420793,1.6773881912231445,publication,0.5989258289337158,4.296237468719482,0.7143298405275025,0.8041225215202757,200,1.1669745319649896,3.9942264445126057,0.007635443587787449,0.7143298405275024,0.8041224971413612,796.6889330101013,mobile,0.00613373918016432,0.01024628629211754,39.83444684650718,39.83444684650718,system,0.0,338,0.8041224971413612,0.05009350133066489,meta_train_support,1,MARGO-SPLIT-v1,20,20,80,3,339,0.0,0.2,20,10,0.0005,0.0005,mrlco_first_order_mean_pseudogradient,fixed_literature_derived_defaults,0.001195442302070196,5.977211510350966e-05,0.01151311926511734,0.0005756559632558167,0.0011250768996433288,5.6253844982159795e-05,3.0,0.0,0.08798321359369876,0.8091769441339312,0.07399061912617129,,,,,,,,,,,,,,,,
0.07886331537529284,0.01025,0.9875,0.00225,-0.00115195254329592,0.03653033822774887,0.0030142898958729347,0.00858333328117927,0.8053566520412762,0.0,0.0,0.0,0.0,0.0,0.0,0.049375935352960906,1.7071114778518677,publication,0.6760809421539307,5.183666944503784,0.9149230642920777,1.0313218661077554,200,0.7267996505385629,2.3363921139389277,0.0638436536755762,0.914923064292078,1.0313218661770225,286.8373267841339,mobile,0.0023795774544560747,0.003792220578613848,14.341865940554928,14.341865940554928,system,0.0,339,1.0313218661770225,0.054742451125898074,meta_train_support,1,MARGO-SPLIT-v1,20,20,80,3,340,0.0,0.2,20,10,0.0005,0.0005,mrlco_first_order_mean_pseudogradient,fixed_literature_derived_defaults,0.0011919262952994013,5.959631476497307e-05,0.01148310855859948,0.0005741554279299343,0.0011235967242748377,5.6179836213740564e-05,3.0,0.0,0.08804280990846373,0.8097510995618611,0.07404679896238503,,,,,,,,,,,,,,,,
0.034224681326097975,0.01125,0.98575,0.003,-0.0009920122101902962,0.04143187776207924,0.002288339180843953,0.008500000073884925,0.6531661838293076,0.0,0.0,0.0,0.0,0.0,0.0,0.059985199926416065,1.5680140256881714,publication,0.5836174488067627,4.816624402999878,0.7533502052290427,0.8499941497933287,200,0.9276026168401306,3.498045736923814,0.02947166510784882,0.7533502052290427,0.8499941392429173,1400.1027976989747,mobile,0.00689359328518096,0.009251450682310258,70.00513633934321,70.00513633934321,system,0.0,340,0.8499941392429173,0.02774413119102827,meta_train_support,1,MARGO-SPLIT-v1,20,20,80,3,341,0.0,0.2,20,10,0.0005,0.0005,mrlco_first_order_mean_pseudogradient,fixed_literature_derived_defaults,0.0011884309102691978,5.9421545513457796e-05,0.011449433753442297,0.0005724716876721603,0.0011203017192183131,5.601508596091154e-05,3.0,0.0,0.08810223145397719,0.8103235712495332,0.07410281404834594,,,,,,,,,,,,,,,,
0.05525408579644022,0.0235,0.97525,0.00125,-0.00411604018881917,0.08958152681589127,0.007604570078910912,0.018749999968955912,0.7240105725824832,0.0,0.0,0.0,0.0,0.0,0.0,0.1105472776558923,1.5029762983322144,publication,0.6747701168060303,4.9384026527404785,0.535467159756716,0.6011176116725073,200,0.8452997663330438,2.574043633416295,0.03045567258959636,0.5354671597567161,0.6011176049429924,307.81335850715635,mobile,0.00329841603195841,0.00329841603195841,15.390667176153846,15.390667176153846,system,0.0,341,0.6011176049429924,0.03802117420461343,meta_train_support,1,MARGO-SPLIT-v1,20,20,80,3,342,0.0,0.2,20,10,0.0005,0.0005,mrlco_first_order_mean_pseudogradient,fixed_literature_derived_defaults,0.001184955966087124,5.924779830435156e-05,0.011415955876970243,0.0005707977938484987,0.001117025983197207,5.58512991598592e-05,3.0,0.0,0.08816147925228154,0.8108943690433817,0.0741586653475058,,,,,,,,,,,,,,,,
0.06184627145998711,0.0135,0.985,0.0015,-0.0021286748815327883,0.02583206631243229,0.004988588845647731,0.021750000072643164,0.548059323678414,0.0,0.0,0.0,0.0,0.0,0.0,0.06938860595164882,1.5264616012573242,publication,0.658909797668457,5.188940048217773,0.7401770653082052,0.8330558267987362,200,0.7377123936637053,2.2975629195570946,-0.053430756903253496,0.7401770653082052,0.8330558226630091,671.3784004020691,mobile,0.004191260887692913,0.005941501585905847,33.568918853954116,33.568918853954116,system,0.0,342,0.8330558226630091,0.04819428724516785,meta_train_support,1,MARGO-SPLIT-v1,20,20,80,3,343,0.0,0.2,20,10,0.0005,0.0005,mrlco_first_order_mean_pseudogradient,fixed_literature_derived_defaults,0.001181501283970252,5.907506419851327e-05,0.011382673206774996,0.0005691336603387276,0.0011137693476776817,5.568846738387978e-05,3.0,0.0,0.08822055431648006,0.8114635027037205,0.07421435381488968,,,,,,,,,,,,,,,,
0.047101801475098834,0.038,0.959,0.003,-0.0015228191623464227,0.008610106073319912,0.008061634299707165,0.035833333432674405,0.500502946227789,0.0,0.0,0.0,0.0,0.0,0.0,0.15277984203783063,1.4729429483413696,publication,0.676863431930542,5.011684894561768,0.3096583179827298,0.3470105759845683,200,0.45055509692872886,1.4521185867488384,0.03011604338826146,0.3096583179827298,0.3470105672441423,536.2403666305541,mobile,0.005410453350405926,0.00966384440133516,26.81201765133409,26.81201765133409,system,0.0,343,0.3470105672441423,0.03734146414922802,meta_train_support,1,MARGO-SPLIT-v1,20,20,80,3,344,0.0,0.2,20,10,0.0005,0.0005,mrlco_first_order_mean_pseudogradient,fixed_literature_derived_defaults,0.0011780666872145246,5.8903334360732584e-05,0.011349584040476231,0.000567479202023824,0.0011105316460855953,5.552658230427443e-05,3.0,0.0,0.08827945765084079,0.8120309819057443,0.07426988039719395,,,,,,,,,,,,,,,,
0.08247586693757339,0.02575,0.9725,0.00175,0.0006667368579655886,0.04527948424220085,0.006422216858724521,0.02483333338362475,0.7038386943439643,0.0,0.0,0.0,0.0,0.0,0.0,0.09650801099564821,1.531516671180725,publication,0.609013557434082,3.324169158935547,0.9439393445289983,1.064720236869798,200,1.1161417034181114,3.9270863085985184,0.026275970027199946,0.9439393445289983,1.0647202258650212,267.6438405704498,mobile,0.002032378454654989,0.0027855275099100533,13.382193302481614,13.382193302481614,system,0.0,344,1.0647202258650212,0.06274802212600421,meta_train_support,1,MARGO-SPLIT-v1,20,20,80,3,345,0.0,0.2,20,10,0.0005,0.0005,mrlco_first_order_mean_pseudogradient,fixed_literature_derived_defaults,0.0011746520011646274,5.873260005823111e-05,0.011316686695431372,0.0005658343347715311,0.001107312713778101,5.5365635688905956e-05,3.0,0.0,0.08833819025089902,0.8125968162405158,0.07432524603288286,,,,,,,,,,,,,,,,
0.05221346664460217,0.026,0.9715,0.0025,0.0005932188360020518,0.01438551489263773,0.004499197786618462,0.022083333584790428,0.5202881240596373,0.0,0.0,0.0,0.0,0.0,0.0,0.10908640147280371,1.3850752115249634,publication,0.6070523262023926,5.355844736099243,0.5000991519041399,0.5635289019233096,200,0.6518724528746002,2.1500987727195024,0.029125447865226306,0.5000991519041398,0.5635288809332997,764.4302318191528,mobile,0.004231095997810069,0.008428466218001068,38.22151180540927,38.22151180540927,system,0.0,345,0.5635288809332997,0.03992140791718683,meta_train_support,1,MARGO-SPLIT-v1,20,20,80,3,346,0.0,0.2,20,10,0.0005,0.0005,mrlco_first_order_mean_pseudogradient,fixed_literature_derived_defaults,0.0011722736881271403,5.861368440636394e-05,0.011289350412407568,0.0005644675206203376,0.0011047964117761602,5.5239820588803834e-05,3.0,0.0,0.08839680393530538,0.8131612837611362,0.07438048585347166,,,,,,,,,,,,,,,,
0.040523707788103325,0.021,0.97725,0.00175,0.0020124069415032864,0.011280256323516369,0.0030151200960669183,0.017166666500270367,0.5688884139060975,0.0,0.0,0.0,0.0,0.0,0.0,0.08611439765787057,1.4021466970443726,publication,0.6361925601959229,5.144578456878662,0.6081930255571354,0.684760419720144,200,0.5605736450248615,1.8427586629986763,0.027035486462409608,0.6081930255571351,0.6847604224551469,904.5884040069581,mobile,0.00652267563028778,0.008188789537536809,45.22941866989833,45.22941866989833,system,0.0,346,0.6847604224551469,0.03446816846667036,meta_train_support,1,MARGO-SPLIT-v1,20,20,80,3,347,0.0,0.2,20,10,0.0005,0.0005,mrlco_first_order_mean_pseudogradient,fixed_literature_derived_defaults,0.0011696844263765589,5.8484221318821916e-05,0.011259811934773134,0.0005629905967386994,0.0011017028039227914,5.5085140196142746e-05,3.0,0.0,0.0884552881566242,0.8137242743578749,0.07443557099366781,,,,,,,,,,,,,,,,
0.059683804513493574,0.02425,0.974,0.00175,-0.0012910874793305993,0.12476197630167007,0.009059633190433186,0.03524999973985056,0.7708408579230308,0.0,0.0,0.0,0.0,0.0,0.0,0.10335522221146645,1.3582326173782349,publication,0.6487216949462891,5.296288967132568,0.7501296568676533,0.8415691673798937,200,1.0081696872407655,3.315590879879892,0.045737740758340806,0.7501296568676532,0.8415691174194216,567.2667042541503,mobile,0.003813927930018436,0.006090759150573459,28.363336796049225,28.363336796049225,system,0.0,347,0.8415691174194216,0.044317805591162225,meta_train_support,1,MARGO-SPLIT-v1,20,20,80,3,348,0.0,0.2,20,10,0.0005,0.0005,mrlco_first_order_mean_pseudogradient,fixed_literature_derived_defaults,0.0011663232642317987,5.8316163211585836e-05,0.011229171145560261,0.0005614585572779607,0.0010985369912678408,5.492684956338867e-05,3.0,0.0,0.08851360431983579,0.8142857329151528,0.0744904978432312,,,,,,,,,,,,,,,,
0.055310313516877166,0.01475,0.984,0.00125,-0.0002750252606347203,0.021846767514944077,0.002405284116684925,0.008666666503995658,0.5202898579339186,0.0,0.0,0.0,0.0,0.0,0.0,0.05871035389359988,1.3123008012771606,publication,0.6453549861907959,5.0344603061676025,0.7523842066180423,0.8470001180168765,200,0.7100129586733952,2.4281215677037835,0.046952172997407615,0.7523842066180423,0.8470001521706582,1211.657167034149,mobile,0.002965990748152435,0.003913236310171882,60.582854651835284,60.582854651835284,system,0.0,348,0.8470001521706582,0.03822949903977539,meta_train_support,1,MARGO-SPLIT-v1,20,20,80,3,349,0.0,0.2,20,10,0.0005,0.0005,mrlco_first_order_mean_pseudogradient,fixed_literature_derived_defaults,0.0011629813637612206,5.814906818805976e-05,0.011196995870071549,0.0005598497935035418,0.0010953893208057552,5.4769466040285875e-05,3.0,0.0,0.08857175338802385,0.8148455827086564,0.07454526730927148,,,,,,,,,,,,,,,,
0.0584300004748704,0.03525,0.96175,0.003,0.0013774880208075047,0.05566270649433136,0.003478237495680029,0.021750000150253378,0.628310347100099,0.0,0.0,0.0,0.0,0.0,0.0,0.1199570767603448,1.3596783876419067,publication,0.5742883682250977,4.9830498695373535,0.5719135264012134,0.6440166571066311,200,0.7953143630576553,2.36402351455763,0.021907494592596777,0.5719135264012134,0.6440166402235628,507.4493907165527,mobile,0.002124533006416793,0.00467706290720643,25.372470472422187,25.372470472422187,system,0.0,349,0.6440166402235628,0.043056281622114764,meta_train_support,1,MARGO-SPLIT-v1,20,20,80,3,350,0.0,0.2,20,10,0.0005,0.0005,mrlco_first_order_mean_pseudogradient,fixed_literature_derived_defaults,0.0011596585598647598,5.79829279932359e-05,0.011165004453299916,0.0005582502226649799,0.0010922596370320245,5.461298185159558e-05,3.0,0.0,0.08862973631601709,0.8154038329313213,0.07459988029112308,,,,,,,,,,,,,,,,
0.06254582556183666,0.02075,0.9775,0.00175,-0.0001541094243293628,0.07807548344135284,0.0035885271228229,0.01324999985905985,0.6895142535368602,0.0,0.0,0.0,0.0,0.0,0.0,0.09041995864833145,1.4050310850143433,publication,0.6555056571960449,5.274128675460815,0.7815829505944616,0.8801594164763287,200,0.7763133083785315,2.3890022803097963,0.046808443679310585,0.7815829505944617,0.8801594155281782,306.5532892513275,mobile,0.0035716072718624966,0.008594742685749135,15.327664375248656,15.327664375248656,system,0.0,350,0.8801594155281782,0.052166911880965235,meta_train_support,1,MARGO-SPLIT-v1,20,20,80,3,351,0.0,0.2,20,10,0.0005,0.0005,mrlco_first_order_mean_pseudogradient,fixed_literature_derived_defaults,0.0011563546893238346,5.781773446619787e-05,0.011133195323803335,0.0005566597661901262,0.0010892453325329675,5.446226662664255e-05,3.0,0.0,0.08868755405048329,0.8159604926975115,0.07465434255774972,-0.11106326093868342,-0.13034610552470755,0.13034610552470755,0.075,0.225,0.025,0.03875,0.975,0.975,0.0,validation/automotive_lexicographic_v1,automotive_lexicographic_v1,a3bd00d5108237acdb706f561212b5d840bac151f48b5250a61c573d9c9ffb6c,753920685.0,0.13034610552470755,0.0
0.06272319196581097,0.0135,0.98425,0.00225,-0.0009602841455489397,0.07863342761993408,0.0021037451873174478,0.009250000010554987,0.818913946300745,0.0,0.0,0.0,0.0,0.0,0.0,0.06093013998294868,1.420720100402832,publication,0.6423728466033936,4.7535560131073,1.218694257351389,1.374568875772602,200,0.9310437250301699,3.0944633400067687,0.08690208810730837,1.218694257351389,1.3745688698068261,1141.2619215774537,mobile,0.0010962096799758036,0.002591435157696952,57.06309127368891,57.06309127368891,system,0.0,351,1.3745688698068261,0.04741869557146857,meta_train_support,1,MARGO-SPLIT-v1,20,20,80,3,352,0.0,0.2,20,10,0.0005,0.0005,mrlco_first_order_mean_pseudogradient,fixed_literature_derived_defaults,0.0011530695907746192,5.76534795387329e-05,0.011101566927997077,0.0005550783463998954,0.0010861508855655442,5.430754427827866e-05,3.0,0.0,0.08874520753002202,0.8165155710439114,0.074708650102028,,,,,,,,,,,,,,,,
0.07261665819258471,0.01975,0.9785,0.00175,-0.0005011893226765096,0.22926224768161774,0.0021373621207506706,0.009666666590298214,0.979354826360941,0.0,0.0,0.0,0.0,0.0,0.0,0.09262885036828182,1.456446647644043,publication,0.6086883544921875,4.926931142807007,0.901398452402841,1.0149567545098943,200,1.157181970089673,3.327300362754613,0.04477888808469288,0.9013984524028411,1.01495673911646,339.62064930915835,mobile,0.002755639260157017,0.0033628550810039528,16.981033595757086,16.981033595757086,system,0.0,352,1.01495673911646,0.05606187588143584,meta_train_support,1,MARGO-SPLIT-v1,20,20,80,3,353,0.0,0.2,20,10,0.0005,0.0005,mrlco_first_order_mean_pseudogradient,fixed_literature_derived_defaults,0.0011498031046817733,5.749015523408285e-05,0.011070117729900767,0.0005535058864950537,0.0010830739708755568,5.4153698543779605e-05,3.0,0.0,0.0888026976852561,0.8170690769304064,0.07476280380057178,,,,,,,,,,,,,,,,
0.05791786288602335,0.01775,0.98075,0.0015,-0.0009525692439638078,0.2295566201210022,0.0018854914052402216,0.0076666665573914845,1.0400430269539356,0.0,0.0,0.0,0.0,0.0,0.0,0.08132645295564898,1.5466023683547974,publication,0.6710052490234375,4.874083757400513,1.0873080537055448,1.22744497490683,200,1.3137373359967608,3.8325866209343076,0.031888310972135514,1.087308053705545,1.2274449809454382,727.2708650207519,mobile,0.0042569281475787965,0.0051471004376479465,36.36354475247786,36.36354475247786,system,0.0,353,1.2274449809454382,0.044052243521864994,meta_train_support,1,MARGO-SPLIT-v1,20,20,80,3,354,0.0,0.2,20,10,0.0005,0.0005,mrlco_first_order_mean_pseudogradient,fixed_literature_derived_defaults,0.0011474719245727323,5.737359622863536e-05,0.011043084933283535,0.000552154246664216,0.0010800144398843828,5.400072199421291e-05,3.0,0.0,0.08886007128148474,0.8176212311770706,0.07481680452256599,,,,,,,,,,,,,,,,
0.08886288163357323,0.02,0.97825,0.00175,0.0017536637606099248,0.060191698372364044,0.002733212950503609,0.011583333400388559,0.7430193601176143,0.0,0.0,0.0,0.0,0.0,0.0,0.0853746715788579,1.6064106225967407,publication,0.6623363494873047,5.246788501739502,0.8556719057369685,0.9642120274588706,200,0.9633075692429194,3.3287658505141735,-0.0026585480954963714,0.8556719057369685,0.9642120296414941,136.94436750411987,mobile,0.0027468532900204977,0.003778719088932284,6.847218524368571,6.847218524368571,system,0.0,354,0.9642120296414941,0.059868710852151084,meta_train_support,1,MARGO-SPLIT-v1,20,20,80,3,355,0.0,0.2,20,10,0.0005,0.0005,mrlco_first_order_mean_pseudogradient,fixed_literature_derived_defaults,0.0011442396092922458,5.721198046461373e-05,0.01101197765178133,0.0005505988825890151,0.0010769721456875255,5.38486072843708e-05,3.0,0.0,0.08891728326194935,0.8181718300596597,0.07487065312985036,,,,,,,,,,,,,,,,
0.04556716388570827,0.02875,0.96825,0.003,-0.002375442534685135,0.006041185464709997,0.0043417405307991435,0.023666666525726514,0.4241772457957268,0.0,0.0,0.0,0.0,0.0,0.0,0.1264734964425723,1.518633484840393,publication,0.6010479927062988,5.712672710418701,0.286548769040423,0.3206149516720689,200,0.5299470485159267,1.8625095640309155,0.04150146048050374,0.28654876904042303,0.32061496552079916,456.9849374675751,mobile,0.004003618573718558,0.007959884892374213,22.84924799487447,22.84924799487447,system,0.0,355,0.32061496552079916,0.04121608999966847,meta_train_support,1,MARGO-SPLIT-v1,20,20,80,3,356,0.0,0.2,20,10,0.0005,0.0005,mrlco_first_order_mean_pseudogradient,fixed_literature_derived_defaults,0.0011410254530863687,5.70512726543182e-05,0.01098104513028756,0.0005490522565143596,0.0010739469430311,5.3697347151548946e-05,3.0,0.0,0.08897433453460367,0.818720882316174,0.07492435047700191,,,,,,,,,,,,,,,,
0.06729799015539399,0.0215,0.97725,0.00125,-0.00031056749867275357,0.09980162233114243,0.0034447022537278825,0.01333333325261871,0.6825206528107325,0.0,0.0,0.0,0.0,0.0,0.0,0.09326645848233045,1.5876460075378418,publication,0.6652576923370361,5.2073729038238525,0.7693955843631906,0.8656013559018538,200,1.0415322234730136,3.2604051157832146,0.017185310542117804,0.7693955843631908,0.8656013338919729,344.2036307144165,mobile,0.0037996383818120856,0.004384222707153287,17.210180965929375,17.210180965929375,system,0.0,356,0.8656013338919729,0.04814593451380802,meta_train_support,1,MARGO-SPLIT-v1,20,20,80,3,357,0.0,0.2,20,10,0.0005,0.0005,mrlco_first_order_mean_pseudogradient,fixed_literature_derived_defaults,0.0011378293033578355,5.689146516789367e-05,0.010950285900230733,0.0005475142950115419,0.0010709386882887157,5.3546934414436254e-05,3.0,0.0,0.08903122599977156,0.8192683966111856,0.07497789741141635,,,,,,,,,,,,,,,,
0.05274013728729217,0.01575,0.98075,0.0035,-0.0015559961320832372,0.014755896292626858,0.00355940446297609,0.01033333328862985,0.48349706307053564,0.0,0.0,0.0,0.0,0.0,0.0,0.07780830731311977,1.5957797765731812,publication,0.6408250331878662,5.313697338104248,0.5110113673552396,0.5748066546564132,200,0.45541060282269946,1.2912326761288568,0.049092557514086366,0.5110113673552397,0.574806651044637,974.49452917099,mobile,0.0028516366102142076,0.0044598274782412,48.72472469130781,48.72472469130781,system,0.0,357,0.574806651044637,0.03704933211706888,meta_train_support,1,MARGO-SPLIT-v1,20,20,80,3,358,0.0,0.2,20,10,0.0005,0.0005,mrlco_first_order_mean_pseudogradient,fixed_literature_derived_defaults,0.001134651009214378,5.673255046072245e-05,0.010919698509447965,0.0005459849254724203,0.0010679472394387473,5.339736197193523e-05,3.0,0.0,0.08908795855023229,0.819814381536658,0.07503129477338828,,,,,,,,,,,,,,,,
0.072915489059909,0.017,0.98125,0.00175,-0.004120694473385811,0.010256912559270859,0.005055897518226023,0.014583333193634949,0.3940578853090605,0.0,0.0,0.0,0.0,0.0,0.0,0.08542834054946238,1.7235026359558105,publication,0.6394610404968262,4.821475505828857,0.42452953689292444,0.4757993212837027,200,0.6299731719537613,1.8473328771069646,0.025185679172864184,0.42452953689292433,0.47579932344146075,127.71919150352478,mobile,0.006803116172105176,0.009859735076874026,6.3859596302674255,6.3859596302674255,system,0.0,358,0.47579932344146075,0.06086453283002952,meta_train_support,1,MARGO-SPLIT-v1,20,20,80,3,359,0.0,0.2,20,10,0.0005,0.0005,mrlco_first_order_mean_pseudogradient,fixed_literature_derived_defaults,0.0011314904214449785,5.657452107224459e-05,0.010889281521956467,0.0005444640760978725,0.0010649724560419821,5.3248622802093415e-05,3.0,0.0,0.08914453307130453,0.8203588456127558,0.07508454339619038,,,,,,,,,,,,,,,,
0.07161308415279867,0.01375,0.98625,0.0,-0.0009059944422915578,0.10278545320034027,0.0023578349867420913,0.008000000022972624,0.9954957529902458,0.0,0.0,0.0,0.0,0.0,0.0,0.06628805543915464,1.7028905153274536,publication,0.5970053672790527,4.433040380477905,1.0307097607463327,1.1635586415822399,200,1.219164130404221,3.9824067056179047,0.028499406442278996,1.0307097607463327,1.163558575194329,577.0741612243652,mobile,0.0032963498749539887,0.0054393494190406655,28.853709409985935,28.853709409985935,system,0.0,359,1.163558575194329,0.05212511164046118,meta_train_support,1,MARGO-SPLIT-v1,20,20,80,3,360,0.0,0.2,20,10,0.0005,0.0005,mrlco_first_order_mean_pseudogradient,fixed_literature_derived_defaults,0.0011283473924965201,5.641736962481991e-05,0.01085903351772881,0.0005429516758864716,0.0010620141992196432,5.3100709960979264e-05,3.0,0.0,0.08920095044092935,0.8209017972886423,0.07513764410615136,,,,,,,,,,,,,,,,
0.04938093256497913,0.01625,0.98175,0.002,-0.0029858245979994535,0.014401848427951336,0.004437290903388203,0.019999999878928067,0.5243875014285246,0.0,0.0,0.0,0.0,0.0,0.0,0.08349786211059151,1.5731991529464722,publication,0.6707563400268555,5.038367986679077,0.5788680538163589,0.6518245731753995,200,0.7089150196237419,2.0646582869812846,0.05196814320515841,0.578868053816359,0.6518245708569884,872.7339975547791,mobile,0.005019598571303677,0.007320730798923211,43.63669770432005,43.63669770432005,system,0.0,360,0.6518245708569884,0.03604257329328532,meta_train_support,1,MARGO-SPLIT-v1,20,20,80,3,361,0.0,0.2,20,10,0.0005,0.0005,mrlco_first_order_mean_pseudogradient,fixed_literature_derived_defaults,0.0011252217764508234,5.6261088822534555e-05,0.010828953092471944,0.0005414476546236058,0.0010590723316317773,5.2953616581585816e-05,3.0,0.0,0.08925721152975188,0.8214432449432659,0.07519059772273294,,,,,,,,,,,,,,,,
0.0579533952464689,0.01475,0.98325,0.002,-0.003649157704785466,0.0356241837143898,0.0036786306012800197,0.024083333198602,0.673210417230924,0.0,0.0,0.0,0.0,0.0,0.0,0.07697211622088099,1.7091833353042603,publication,0.6358003616333008,5.0253355503082275,0.6466707845746572,0.7288014064067556,200,0.7615525598364399,2.522438465617597,0.02983702811980038,0.6466707845746571,0.7288014444429427,545.114084224701,mobile,0.004573908855039999,0.008503007834801216,27.25570478597185,27.25570478597185,system,0.0,361,0.7288014444429427,0.042905511743359076,meta_train_support,1,MARGO-SPLIT-v1,20,20,80,3,362,0.0,0.2,20,10,0.0005,0.0005,mrlco_first_order_mean_pseudogradient,fixed_literature_derived_defaults,0.0011221134290020642,5.610567145010459e-05,0.010799038857409867,0.0005399519428704869,0.0010561467174559987,5.280733587280373e-05,3.0,0.0,0.08931331720120199,0.8219831968861364,0.07524340505860574,,,,,,,,,,,,,,,,
0.07859428552014669,0.0185,0.97925,0.00225,-0.001818580087274313,0.02042081393301487,0.0028108801629514344,0.015166666669150194,0.5383637150128682,0.0,0.0,0.0,0.0,0.0,0.0,0.0920153334626873,1.725353717803955,publication,0.6591901779174805,5.2217018604278564,0.6299081984113195,0.7103284025407084,200,0.7937882259751503,2.147971000522375,0.03251869874657132,0.6299081984113195,0.7103284209594131,120.12196132659912,mobile,0.004266157962543533,0.00519282546371302,6.006098052370783,6.006098052370783,system,0.0,362,0.7103284209594131,0.05525684274549269,meta_train_support,1,MARGO-SPLIT-v1,20,20,80,3,363,0.0,0.2,20,10,0.0005,0.0005,mrlco_first_order_mean_pseudogradient,fixed_literature_derived_defaults,0.0011190222074345655,5.595111037172418e-05,0.010769289439069895,0.0005384644719534926,0.0010532372223665883,5.266186111832494e-05,3.0,0.0,0.08936926831157371,0.8225216613580899,0.07529606691972407,,,,,,,,,,,,,,,,
0.06876822792671758,0.032,0.96625,0.00175,0.0030853156931698322,0.015529496595263481,0.007322090759256146,0.022166666792084774,0.5027645022918781,0.0,0.0,0.0,0.0,0.0,0.0,0.12895927062086732,1.6084887981414795,publication,0.637418270111084,5.770766019821167,0.2199939967697497,0.2475575347746917,200,0.34419056171217244,0.9622850655578077,0.02002875712059904,0.21999399676974968,0.24755753085017204,167.22194129943847,mobile,0.004039794414115689,0.00672346175781941,8.361097046039275,8.361097046039275,system,0.0,363,0.24755753085017204,0.04786066597957204,meta_train_support,1,MARGO-SPLIT-v1,20,20,80,3,364,0.0,0.2,20,10,0.0005,0.0005,mrlco_first_order_mean_pseudogradient,fixed_literature_derived_defaults,0.001115947970600954,5.57973985300525e-05,0.01073970347907245,0.0005369851739536191,0.0010503437135139329,5.251718567569896e-05,3.0,0.0,0.08942506571010377,0.8230586465320435,0.07534858410539977,,,,,,,,,,,,,,,,
0.04802717238461297,0.0295,0.96875,0.00175,0.00305616925470531,0.07050283998250961,0.004485880084973815,0.0172500000645717,0.7874110450347264,0.0,0.0,0.0,0.0,0.0,0.0,0.10021858916885883,1.6735763549804688,publication,0.6359419822692871,5.115267038345337,0.6829001913302873,0.7687827551335795,200,0.7845724141457164,2.1418732705060393,0.026417535729706287,0.6829001913302873,0.7687827748060226,780.6813053131103,mobile,0.005064550650613287,0.007989245202211434,39.0340688664253,39.0340688664253,system,0.0,364,0.7687827748060226,0.03532121557091406,meta_train_support,1,MARGO-SPLIT-v1,20,20,80,3,365,0.0,0.2,20,10,0.0005,0.0005,mrlco_first_order_mean_pseudogradient,fixed_literature_derived_defaults,0.001113102454179069,5.5655122708955784e-05,0.01071191447750143,0.0005355957238750708,0.0010474660595043057,5.237330297520881e-05,3.0,0.0,0.08948072083281272,0.8235942422559186,0.07540095740837498,,,,,,,,,,,,,,,,
0.05259941741401718,0.02825,0.9695,0.00225,0.000619559723418206,0.019727598875761032,0.0062669626304881374,0.02883333324765165,0.579995300124089,0.0,0.0,0.0,0.0,0.0,0.0,0.10233334316835073,1.7146166563034058,publication,0.645587682723999,5.173600912094116,0.5181640042526174,0.5817731971816557,200,0.7268668912444212,2.1908062079455703,0.045915869217878935,0.5181640042526175,0.5817731881700456,732.8611456680297,mobile,0.003049001424440105,0.004808807605057833,36.64306177623258,36.64306177623258,system,0.0,365,0.5817731881700456,0.04221804545166119,meta_train_support,1,MARGO-SPLIT-v1,20,20,80,3,366,0.0,0.2,20,10,0.0005,0.0005,mrlco_first_order_mean_pseudogradient,fixed_literature_derived_defaults,0.0011100611906430607,5.5503059532155397e-05,0.010682646951606617,0.0005341323475803739,0.001044604130379977,5.223020651899668e-05,3.0,0.0,0.08953622389234488,0.824128374603499,0.07545318761489397,,,,,,,,,,,,,,,,
0.06764886301601228,0.0215,0.9765,0.002,0.002284692134708166,0.0402422733604908,0.005802399313627879,0.023250000613431136,0.8393947267283997,0.0,0.0,0.0,0.0,0.0,0.0,0.08573890724010341,1.7557305097579956,publication,0.6558349132537842,4.824380874633789,0.9198475514159212,1.0373379485823535,200,1.097406273878371,3.284882982261479,0.029207428684458143,0.9198475514159214,1.0373379651736467,322.1418642807007,mobile,0.0015156062043384737,0.005085046232624219,16.107092771644464,16.107092771644464,system,0.0,366,1.0373379651736467,0.056414994718396914,meta_train_support,1,MARGO-SPLIT-v1,20,20,80,3,367,0.0,0.2,20,10,0.0005,0.0005,mrlco_first_order_mean_pseudogradient,fixed_literature_derived_defaults,0.0011070365007503002,5.5351825037519564e-05,0.010653538921765727,0.000532676946088273,0.0010420242054402337,5.210121027200698e-05,3.0,0.0,0.0895915757173824,0.8246610515495872,0.07550528882516598,,,,,,,,,,,,,,,,
0.06957419544100775,0.02275,0.97475,0.0025,-0.0023961630649864674,0.018383251503109932,0.008028493120218626,0.022583333154519398,0.6491128280758859,0.0,0.0,0.0,0.0,0.0,0.0,0.09753206801250587,1.8350368738174438,publication,0.646273136138916,4.923964738845825,0.6395751482596637,0.7203233475976049,200,0.7763241375986812,2.3473870591260493,0.03707131999544799,0.6395751482596637,0.7203233421966434,415.4188871765137,mobile,0.0011800670396588796,0.0021631562264661664,20.770941376417156,20.770941376417156,system,0.0,367,0.7203233421966434,0.047202768037262324,meta_train_support,1,MARGO-SPLIT-v1,20,20,80,3,368,0.0,0.2,20,10,0.0005,0.0005,mrlco_first_order_mean_pseudogradient,fixed_literature_derived_defaults,0.0011040282493895658,5.520141246947996e-05,0.01062458908773919,0.0005312294543869944,0.0010391926179254504,5.195963089626998e-05,3.0,0.0,0.08964677712985188,0.8251922810039742,0.07555724845606225,,,,,,,,,,,,,,,,
0.07510781816177614,0.02175,0.97775,0.0005,0.0028356006368994713,0.07476908713579178,0.003453207837314902,0.013583333448817334,1.005743878831466,0.0,0.0,0.0,0.0,0.0,0.0,0.07608503207839874,1.7783818244934082,publication,0.6491954326629639,5.129773139953613,0.7858758940938994,0.8859089251735713,200,0.9510665270205543,2.510302503593266,0.01268118224106729,0.7858758940938995,0.8859089127648622,454.38044757843016,mobile,0.0023128026934727893,0.00420200221518994,22.719021847350415,22.719021847350415,system,0.0,368,0.8859089127648622,0.05720118541418356,meta_train_support,1,MARGO-SPLIT-v1,20,20,80,3,369,0.0,0.2,20,10,0.0005,0.0005,mrlco_first_order_mean_pseudogradient,fixed_literature_derived_defaults,0.001102418731637475,5.5120936581873337e-05,0.010601029480498,0.0005300514740248508,0.001036376377768471,5.1818818888424434e-05,3.0,0.0,0.08970189806643375,0.8257223324779991,0.07560906727495068,,,,,,,,,,,,,,,,
0.08917567126031986,0.01375,0.98575,0.0005,-0.0022293420042842627,0.01875787228345871,0.004719152795253952,0.01708333324640989,0.7742316909134387,0.0,0.0,0.0,0.0,0.0,0.0,0.05966454975810797,1.8043605089187622,publication,0.6477804183959961,5.148395776748657,1.1590711820362407,1.3068469264633313,200,1.1335504931394844,3.0551084659527987,0.0432492034160532,1.1590711820362405,1.3068469453044236,450.0164709854126,mobile,0.0008367812564178348,0.00136321054603975,22.500824350358165,22.500824350358165,system,0.0,369,1.3068469453044236,0.06771577719394217,meta_train_support,1,MARGO-SPLIT-v1,20,20,80,3,370,0.0,0.2,20,10,0.0005,0.0005,mrlco_first_order_mean_pseudogradient,fixed_literature_derived_defaults,0.0010994392215519684,5.497196107759339e-05,0.010572378049469627,0.0005286189024734655,0.0010335753605312588,5.1678768026558464e-05,3.0,0.0,0.08975687002751134,0.8262509513804726,0.07566074604297723,,,,,,,,,,,,,,,,
0.049909821713656134,0.0175,0.98075,0.00175,-0.00018804527644533664,0.027766430750489235,0.008327664115207394,0.02716666633884112,0.8104229723413784,0.0,0.0,0.0,0.0,0.0,0.0,0.07358214805276606,1.7413091659545898,publication,0.6522567272186279,5.261133193969727,0.6453034169515144,0.7252054100920532,200,0.7940547193273293,2.3487047469243407,0.02787540783174336,0.6453034169515142,0.7252053992077708,771.0187104034424,mobile,0.004074433898771073,0.007866147743386365,38.55093604123987,38.55093604123987,system,0.0,370,0.7252053992077708,0.03614549253479348,meta_train_support,1,MARGO-SPLIT-v1,20,20,80,3,371,0.0,0.2,20,10,0.0005,0.0005,mrlco_first_order_mean_pseudogradient,fixed_literature_derived_defaults,0.00109647577351544,5.482378867577298e-05,0.010543881073595046,0.0005271940536797359,0.001030789443117428,5.153947215587318e-05,3.0,0.0,0.08981169381618712,0.8267781454341523,0.07571228551513311,,,,,,,,,,,,,,,,
0.060089099925238386,0.022,0.97675,0.00125,0.0008951140916906297,0.014128441922366619,0.005225438050899811,0.01799999978393316,0.5448116862525543,0.0,0.0,0.0,0.0,0.0,0.0,0.08256983661840195,1.782688021659851,publication,0.6195237636566162,4.775197744369507,0.378745263440068,0.42566201602397996,200,0.643557551961236,1.9651170149445534,0.054302311735227704,0.378745263440068,0.42566202241927387,157.15652613639833,mobile,0.002719219017908709,0.004463058937669951,7.857826089654674,7.857826089654674,system,0.0,371,0.42566202241927387,0.044007811409378345,meta_train_support,1,MARGO-SPLIT-v1,20,20,80,3,372,0.0,0.2,20,10,0.0005,0.0005,mrlco_first_order_mean_pseudogradient,fixed_literature_derived_defaults,0.0010935282579952372,5.467641289975955e-05,0.010515537307268178,0.0005257768653633699,0.001028018503754209,5.140092518771122e-05,3.0,0.0,0.08986637022908688,0.8273039222995157,0.07576368644032082,,,,,,,,,,,,,,,,
0.07158802004614795,0.00775,0.99075,0.0015,-0.0009509926312603056,0.02049829624593258,0.002990402782039562,0.006583333387970925,0.6554296857366959,0.0,0.0,0.0,0.0,0.0,0.0,0.03692333915686144,1.757010579109192,publication,0.6303133964538574,5.083805799484253,0.6840039346409952,0.769227041110571,200,0.6021830479487894,1.7255260778474621,0.07414038362912834,0.6840039346409952,0.7692270335927606,450.0328684806824,mobile,0.0007043966334507795,0.0008700745669044678,22.501643685628974,22.501643685628974,system,0.0,372,0.7692270335927606,0.053252083270377094,meta_train_support,1,MARGO-SPLIT-v1,20,20,80,3,373,0.0,0.2,20,10,0.0005,0.0005,mrlco_first_order_mean_pseudogradient,fixed_literature_derived_defaults,0.001090596546847797,5.452982734238665e-05,0.010487345518240649,0.0005243672759119855,0.001025262421974707,5.1263121098737985e-05,3.0,0.0,0.08992090005642926,0.8278282895754276,0.07581494956141956,,,,,,,,,,,,,,,,
0.05055317816238859,0.01175,0.987,0.00125,-0.0002796702610794455,0.011524748057126999,0.007299045041994153,0.029416666630034644,0.7023390993475914,0.0,0.0,0.0,0.0,0.0,0.0,0.055551523061173017,1.6986284255981445,publication,0.6623275279998779,5.312511444091797,0.4947499136697362,0.5559943373174611,200,0.6261743323684392,1.9949298705905676,0.03953838802408427,0.49474991366973625,0.5559943259693683,576.5020129203797,mobile,0.0026569861131017763,0.00387160424834968,28.82510081002149,28.82510081002149,system,0.0,373,0.5559943259693683,0.04220008522818262,meta_train_support,1,MARGO-SPLIT-v1,20,20,80,3,374,0.0,0.2,20,10,0.0005,0.0005,mrlco_first_order_mean_pseudogradient,fixed_literature_derived_defaults,0.0010876805133000756,5.4384025665002445e-05,0.010459304487443213,0.0005229652243721183,0.0010225210786004432,5.112605393002567e-05,3.0,0.0,0.08997528408209426,0.8283512547997998,0.07586607561534958,,,,,,,,,,,,,,,,
0.059104315246390905,0.00475,0.9945,0.00075,-0.0008120578131638467,0.022120889276266098,0.004283210609990344,0.011499999991307654,0.7659581782917181,0.0,0.0,0.0,0.0,0.0,0.0,0.02904422134752865,1.698527455329895,publication,0.6471288204193115,5.075860977172852,0.8198102018569214,0.9235791044725556,200,0.7079380399585571,2.1498153125867248,0.052307695272247656,0.8198102018569214,0.9235791087150573,777.3137792015076,mobile,0.001477926198030588,0.002082841839359181,38.865690133520125,38.865690133520125,system,0.0,374,0.9235791087150573,0.03981278431243743,meta_train_support,1,MARGO-SPLIT-v1,20,20,80,3,375,0.0,0.2,20,10,0.0005,0.0005,mrlco_first_order_mean_pseudogradient,fixed_literature_derived_defaults,0.0010847800319312754,5.423900159656769e-05,0.010431413008810031,0.0005215706504404505,0.0010197943557241752,5.0989717786206756e-05,3.0,0.0,0.09002952308369083,0.8288728254502402,0.07591706533313579,,,,,,,,,,,,,,,,
0.07253884725675366,0.00775,0.99175,0.0005,-0.0021903044544160366,0.05058973282575607,0.00465859907696237,0.014249999883274236,0.811847722530365,0.0,0.0,0.0,0.0,0.0,0.0,0.040766041647681335,1.6660627126693726,publication,0.654970645904541,4.9640281200408936,1.0466761865702878,1.1805919349581018,200,1.033227675613924,3.062560298014432,0.04472478257957846,1.0466761865702878,1.1805919538252057,437.4868257522583,mobile,0.00223286651841271,0.003421300381487062,21.874340458188374,21.874340458188374,system,0.0,375,1.1805919538252057,0.05617345777321589,meta_train_support,1,MARGO-SPLIT-v1,20,20,80,3,376,0.0,0.2,20,10,0.0005,0.0005,mrlco_first_order_mean_pseudogradient,fixed_literature_derived_defaults,0.0010818949786548626,5.40947489327398e-05,0.01040366988910575,0.0005201834944552619,0.001017082136692994,5.085410683465519e-05,3.0,0.0,0.09008361783262357,0.8293930089446955,0.07596791943997044,,,,,,,,,,,,,,,,
0.07229702935821537,0.01375,0.98525,0.001,0.0012295725755393505,0.01262853667140007,0.01152203464395522,0.02866666667784254,0.7416973799467087,0.0,0.0,0.0,0.0,0.0,0.0,0.051704486414430796,1.6970146894454956,publication,0.6747145652770996,5.302941083908081,0.6403173105444147,0.7219689631441725,200,0.7879468920860193,2.0155364042147994,0.04084430748480372,0.6403173105444147,0.7219689575582743,165.8398750305176,mobile,0.0020406275763343073,0.003965100735586491,8.291993074458535,8.291993074458535,system,0.0,376,0.7219689575582743,0.0549327735893008,meta_train_support,1,MARGO-SPLIT-v1,20,20,80,3,377,0.0,0.2,20,10,0.0005,0.0005,mrlco_first_order_mean_pseudogradient,fixed_literature_derived_defaults,0.001079025230700871,5.395126153504015e-05,0.010376073947755337,0.0005188036973877708,0.0010143843060916864,5.071921530458434e-05,3.0,0.0,0.09013756909415861,0.8299118126420832,0.07601863865527503,,,,,,,,,,,,,,,,
0.07689597475725088,0.01125,0.9885,0.00025,-0.0011641215533018112,0.014752926304936409,0.0061111867750696545,0.024250000373770793,0.7088155080874762,0.0,0.0,0.0,0.0,0.0,0.0,0.0559112403675491,1.687137484550476,publication,0.6639204025268555,4.698003053665161,0.5732960976820644,0.6455253895993747,200,0.7285386670477152,1.97912603802979,0.04322976699768333,0.5732960976820644,0.6455253891274333,190.0380218887329,mobile,0.0021498818316764796,0.004778242992800223,9.501900491068392,9.501900491068392,system,0.0,377,0.6455253891274333,0.058776556979148784,meta_train_support,1,MARGO-SPLIT-v1,20,20,80,3,378,0.0,0.2,20,10,0.0005,0.0005,mrlco_first_order_mean_pseudogradient,fixed_literature_derived_defaults,0.0010761706665984876,5.38085333299243e-05,0.010348624016676619,0.0005174312008338067,0.0010117007497263645,5.058503748631149e-05,3.0,0.0,0.09019137762748854,0.830429243842917,0.07606922369276134,,,,,,,,,,,,,,,,
0.05376950829670825,0.018,0.9815,0.0005,0.0003554370778147131,0.009090219624340534,0.004492878326154325,0.013249999998758236,0.5786722343415021,0.0,0.0,0.0,0.0,0.0,0.0,0.07783725155168762,1.7188879251480103,publication,0.6968400478363037,5.357398271560669,0.3270300140418387,0.36632208816359707,200,0.5029883623874201,1.5901757539249957,0.050235146132763475,0.3270300140418388,0.36632208704948427,611.343185749054,mobile,0.0016138703366693256,0.0019304174589626314,30.567162319625545,30.567162319625545,system,0.0,378,0.36632208704948427,0.04184649445332763,meta_train_support,1,MARGO-SPLIT-v1,20,20,80,3,379,0.0,0.2,20,10,0.0005,0.0005,mrlco_first_order_mean_pseudogradient,fixed_literature_derived_defaults,0.0010733311661589137,5.366655830794931e-05,0.010321318940115468,0.0005160659470058171,0.001009031354608353,5.045156773041126e-05,3.0,0.0,0.09024504418579649,0.8309453097899229,0.07611967526049175,,,,,,,,,,,,,,,,
0.04628909391417824,0.0235,0.974,0.0025,0.001210132846608758,0.08486886322498322,0.007120063775088663,0.03333333330228924,0.8918893861273925,0.0,0.0,0.0,0.0,0.0,0.0,0.0973098139456462,1.6178112030029297,publication,0.6018247604370117,4.967561483383179,0.739834076549475,0.8321551143490796,200,0.896759159346172,2.37784003932029,0.0287942133290926,0.7398340765494749,0.8321551059186458,326.66688343048094,mobile,0.0023106098547042864,0.004470101532712367,16.3333453674218,16.3333453674218,system,0.0,379,0.8321551059186458,0.03237434920675772,meta_train_support,1,MARGO-SPLIT-v1,20,20,80,3,380,0.0,0.2,20,10,0.0005,0.0005,mrlco_first_order_mean_pseudogradient,fixed_literature_derived_defaults,0.0010705066104584955,5.3525330522927184e-05,0.010294157574483584,0.0005147078787242076,0.001006376008938331,5.031880044691073e-05,3.0,0.0,0.09029856951631941,0.8314600176686471,0.07616999406093866,,,,,,,,,,,,,,,,
0.060664820998550875,0.02325,0.9745,0.00225,0.0002389265864621848,0.014924653805792332,0.004750719713229046,0.02541666695227226,0.6007614560425282,0.0,0.0,0.0,0.0,0.0,0.0,0.10036042340835241,1.7035188674926758,publication,0.6867523193359375,5.283877372741699,0.4997583056403245,0.5624604355833435,200,0.7223641267287829,1.9540252862498164,0.011857164616230875,0.49975830564032453,0.5624604370072483,286.149302482605,mobile,0.005511658071168868,0.009560865172322434,14.30746476438364,14.30746476438364,system,0.0,380,0.5624604370072483,0.04336282999884603,meta_train_support,1,MARGO-SPLIT-v1,20,20,80,3,381,0.0,0.2,20,10,0.0005,0.0005,mrlco_first_order_mean_pseudogradient,fixed_literature_derived_defaults,0.0010676968818221215,5.338484409110611e-05,0.01026713878819885,0.0005133569394099036,0.0010037346020907237,5.018673010454e-05,3.0,0.0,0.09035195436041052,0.831973374608057,0.0762201807910432,,,,,,,,,,,,,,,,
0.06751320372775388,0.01425,0.9845,0.00125,-0.0010823889169842005,0.013603035360574722,0.00508171516545796,0.013999999966472387,0.5734769076108932,0.0,0.0,0.0,0.0,0.0,0.0,0.06104850605835208,1.673302173614502,publication,0.594186544418335,4.285264253616333,0.7571683938692348,0.8534526387304504,200,0.7859378804703068,2.260478315874934,0.04008556084590964,0.757168393869235,0.8534526186436415,657.196422328949,mobile,0.007145682834592621,0.007998512459817768,32.859819908224146,32.859819908224146,system,0.0,381,0.8534526186436415,0.05202947593374271,meta_train_support,1,MARGO-SPLIT-v1,20,20,80,3,382,0.0,0.2,20,10,0.0005,0.0005,mrlco_first_order_mean_pseudogradient,fixed_literature_derived_defaults,0.0010649018638068802,5.324509319033777e-05,0.010240261461528172,0.0005120130730763561,0.0010011070245983396,5.005535122991345e-05,3.0,0.0,0.09040519945360086,0.8324853876811333,0.07627023614227312,,,,,,,,,,,,,,,,
0.07146503957554937,0.019,0.979,0.002,9.142026829067618e-05,0.10842879861593246,0.003740705992883401,0.012416666497786838,0.9826683588325977,0.0,0.0,0.0,0.0,0.0,0.0,0.07190892118970732,1.6135050058364868,publication,0.6054039001464844,5.282206296920776,0.9766140761760411,1.0987606216167114,200,0.8785281899994192,2.7142518935725093,0.045204768830444664,0.9766140761760409,1.098760635741055,237.0520217704773,mobile,0.0020202587501445364,0.002750231709726056,11.85260204013425,11.85260204013425,system,0.0,382,1.098760635741055,0.05312739448340437,meta_train_support,1,MARGO-SPLIT-v1,20,20,80,3,383,0.0,0.2,20,10,0.0005,0.0005,mrlco_first_order_mean_pseudogradient,fixed_literature_derived_defaults,0.0010621214411859745,5.310607205930018e-05,0.010213524486432798,0.00051067622432166,0.0009984931681372474,4.9924658406863553e-05,3.0,0.0,0.09045830552566016,0.832996063905455,0.07632016080067998,,,,,,,,,,,,,,,,
0.06150143838296701,0.024,0.97325,0.00275,-0.002981283003464341,0.016658762469887733,0.006669406523360522,0.02350000009561578,0.5350355101128419,0.0,0.0,0.0,0.0,0.0,0.0,0.08439698968499011,1.4992830753326416,publication,0.6425220966339111,4.880687475204468,0.6095123620052757,0.6851036288173782,200,0.7645137147119326,2.1770188538357615,0.03235301759559661,0.6095123620052757,0.685103652216494,661.1919910430909,mobile,0.004561622414704752,0.007888402520132532,33.059596294423,33.059596294423,system,0.0,383,0.685103652216494,0.047680886903685826,meta_train_support,1,MARGO-SPLIT-v1,20,20,80,3,384,0.0,0.2,20,10,0.0005,0.0005,mrlco_first_order_mean_pseudogradient,fixed_literature_derived_defaults,0.0010593554999328862,5.2967774996651174e-05,0.010186926766416048,0.0005093463383207819,0.00099589292551189,4.979464627559438e-05,3.0,0.0,0.09051127330065681,0.8335054102437758,0.07636995544695557,,,,,,,,,,,,,,,,
0.058917145901666204,0.01825,0.97825,0.0035,-0.0018025320023298264,0.010269153863191605,0.003774224559068292,0.012583333378036816,0.3859293666978677,0.0,0.0,0.0,0.0,0.0,0.0,0.08276210141984394,1.4377732276916504,publication,0.6503257751464844,4.887083053588867,0.4918359840146118,0.552816898021174,200,0.4074099789455836,1.0112602273002267,0.05097356898477301,0.49183598401461187,0.5528169123455882,642.8018730068206,mobile,0.005411817467221801,0.007168127090652839,32.14009539257619,32.14009539257619,system,0.0,384,0.5528169123455882,0.0446744020193169,meta_train_support,1,MARGO-SPLIT-v1,20,20,80,3,385,0.0,0.2,20,10,0.0005,0.0005,mrlco_first_order_mean_pseudogradient,fixed_literature_derived_defaults,0.0010566039272057878,5.283019636029285e-05,0.010160467216373408,0.0005080233608186768,0.0009933061906404305,4.966530953201542e-05,3.0,0.0,0.0905641034970171,0.8340134336045945,0.07641962075648759,,,,,,,,,,,,,,,,
0.04713368785814298,0.037,0.95925,0.00375,0.0003468987706582993,0.006566041614860296,0.006925262190634385,0.03891666669708987,0.3795262473324935,0.0,0.0,0.0,0.0,0.0,0.0,0.1379406195492109,1.0217015743255615,publication,0.6382744312286377,4.964128255844116,0.18795706738929577,0.21108447759081628,200,0.23076065529530274,0.693646387080662,0.02376174538221676,0.18795706738929574,0.2110844768024981,294.4617255783081,mobile,0.006533962244146806,0.009273771357248148,14.72308659938983,14.72308659938983,system,0.0,385,0.2110844768024981,0.04145051051826036,meta_train_support,1,MARGO-SPLIT-v1,20,20,80,3,386,0.0,0.2,20,10,0.0005,0.0005,mrlco_first_order_mean_pseudogradient,fixed_literature_derived_defaults,0.0010538666113321976,5.26933305666083e-05,0.01013414476244498,0.0005067072381222948,0.0009907328585403259,4.953664292701998e-05,3.0,0.0,0.09061679682758371,0.8345201408427168,0.07646915739941461,,,,,,,,,,,,,,,,
0.06086245906954817,0.0305,0.9675,0.002,-0.001970562618225813,0.013804642483592033,0.004975228937109933,0.027083333488553758,0.4931511404613653,0.0,0.0,0.0,0.0,0.0,0.0,0.10970690539223137,1.3502836227416992,publication,0.6564843654632568,5.263075351715088,0.6918865898785317,0.781080565935772,200,0.8695701417307526,2.4434841203619726,0.03171660620137118,0.6918865898785318,0.7810805785469711,370.0733135223389,mobile,0.007642960666136728,0.012338518119277947,18.50366549783301,18.50366549783301,system,0.0,386,0.7810805785469711,0.053696959101681825,meta_train_support,1,MARGO-SPLIT-v1,20,20,80,3,387,0.0,0.2,20,10,0.0005,0.0005,mrlco_first_order_mean_pseudogradient,fixed_literature_derived_defaults,0.0010511434417938715,5.2557172089698345e-05,0.010107958341870185,0.0005053979170934753,0.0009881728253141233,4.9408641265707987e-05,3.0,0.0,0.09066935399967341,0.8350255387598102,0.07651856604068032,,,,,,,,,,,,,,,,
0.04973766528041234,0.035,0.96,0.005,-0.0011395588517189026,0.006233919877558947,0.0030078249828269085,0.020083333443229393,0.3851710567871729,0.0,0.0,0.0,0.0,0.0,0.0,0.1316106033998676,1.2258787155151367,publication,0.7067279815673828,4.70823073387146,0.3550947244006297,0.4004182949109509,200,0.3645422732472322,1.0192064729053527,0.04022674213047139,0.3550947244006297,0.4004182899929583,491.17692960739134,mobile,0.00464133891561475,0.01267327690732499,24.558845391560457,24.558845391560457,system,0.0,387,0.4004182899929583,0.03886785435771348,meta_train_support,1,MARGO-SPLIT-v1,20,20,80,3,388,0.0,0.2,20,10,0.0005,0.0005,mrlco_first_order_mean_pseudogradient,fixed_literature_derived_defaults,0.0010484343092119286,5.242171546059049e-05,0.010081906902844747,0.0005040953451422858,0.0009856259881354788,4.928129940677539e-05,3.0,0.0,0.090721775715134,0.8355296341049525,0.07656784734008709,,,,,,,,,,,,,,,,
0.06984630097262658,0.02225,0.97475,0.003,-0.00331410625949502,0.07811393588781357,0.006302855823741993,0.03149999999441207,0.7618065980573496,0.0,0.0,0.0,0.0,0.0,0.0,0.08883765549338948,1.2330280542373657,publication,0.666736364364624,4.767312049865723,0.9299541200287801,1.0476869162158255,200,0.9474263881829408,2.815221337717958,0.03457804344361648,0.9299541200287804,1.0476869503967463,723.743874721527,mobile,0.0051519377609279505,0.006753988566635936,36.18719407357411,36.18719407357411,system,0.0,388,1.0476869503967463,0.05485066961397621,meta_train_support,1,MARGO-SPLIT-v1,20,20,80,3,389,0.0,0.2,20,10,0.0005,0.0005,mrlco_first_order_mean_pseudogradient,fixed_literature_derived_defaults,0.0010457391053322065,5.228695526661442e-05,0.01005598940437985,0.0005027994702190286,0.0009830922452353876,4.915461226176476e-05,3.0,0.0,0.09077406267040061,0.8360324335751715,0.07661700195234886,,,,,,,,,,,,,,,,
0.07606308549670424,0.037,0.96,0.003,0.0015751417959108949,0.09836351871490479,0.006240374013820352,0.023583333101123573,0.8373766037325063,0.0,0.0,0.0,0.0,0.0,0.0,0.12870422189693786,1.249096393585205,publication,0.6401481628417969,5.4413840770721436,1.0752333377807801,1.2145838375702078,200,0.9999793799504728,2.8592130024917424,0.016244905535131672,1.07523333778078,1.2145838081277907,292.373735370636,mobile,0.004759021484619866,0.006034082083808694,14.618687873302079,14.618687873302079,system,0.0,389,1.2145838081277907,0.0658420255411969,meta_train_support,1,MARGO-SPLIT-v1,20,20,80,3,390,0.0,0.2,20,10,0.0005,0.0005,mrlco_first_order_mean_pseudogradient,fixed_literature_derived_defaults,0.0010430577230108417,5.215288615054159e-05,0.010030204816163492,0.000501510240808134,0.00098057149588863,4.9028574794426905e-05,3.0,0.0,0.09082621555655115,0.8365339438159797,0.07666603052714328,,,,,,,,,,,,,,,,
0.07868689120773907,0.0575,0.939,0.0035,-0.00045281933853402734,0.026390397921204567,0.008000677556265146,0.034000000031664965,0.5355798910061519,0.0,0.0,0.0,0.0,0.0,0.0,0.17925525326845135,1.3104760646820068,publication,0.5859200954437256,3.481477975845337,0.5241718359923988,0.59032485050162,200,0.785401854821795,2.265895967138931,0.019792390521615744,0.5241718359923987,0.5903248691465706,92.45761594772338,mobile,0.0037367846618560985,0.004129156012597246,4.6228808371394585,4.6228808371394585,system,0.0,390,0.5903248691465706,0.06132714826047445,meta_train_support,1,MARGO-SPLIT-v1,20,20,80,3,391,0.0,0.2,20,10,0.0005,0.0005,mrlco_first_order_mean_pseudogradient,fixed_literature_derived_defaults,0.0010415052760875995,5.207526380437977e-05,0.010008914434539867,0.0005004457217270275,0.0009780636404004238,4.890318202002697e-05,3.0,0.0,0.09087829082035553,0.8370343895377067,0.07671493370916331,,,,,,,,,,,,,,,,
0.055337942831525336,0.03375,0.965,0.00125,-5.203755426919088e-05,0.0527113676071167,0.004216640189406462,0.02199999997392297,0.7349605798721315,0.0,0.0,0.0,0.0,0.0,0.0,0.11875797609159236,1.331299066543579,publication,0.5503740310668945,5.142744779586792,0.7877537191417884,0.8858523549518577,200,0.8985609648777414,2.5104359863325953,0.04297303805651609,0.7877537191417884,0.8858523828722537,737.7473661994934,mobile,0.0032554532601614876,0.006605121743225043,36.887369077423024,36.887369077423024,system,0.0,391,0.8858523828722537,0.04106089149127696,meta_train_support,1,MARGO-SPLIT-v1,20,20,80,3,392,0.0,0.2,20,10,0.0005,0.0005,mrlco_first_order_mean_pseudogradient,fixed_literature_derived_defaults,0.0010407405963326858,5.2037029816640046e-05,0.00999190488155056,0.0004995952440774998,0.00097556858009328,4.877842900466445e-05,3.0,0.0,0.09093032785017217,0.8375339847817842,0.07676371213816797,,,,,,,,,,,,,,,,
0.07746120725404841,0.04275,0.95525,0.002,0.002894095377996564,0.013545215129852295,0.007303490410170829,0.02683333332339922,0.6606141084184249,0.0,0.0,0.0,0.0,0.0,0.0,0.13793522917804826,1.425546407699585,publication,0.6678979396820068,5.3976147174835205,0.6495434558043928,0.7313115865441432,200,0.5452627671972249,1.3748353194678202,0.015823558904230595,0.6495434558043928,0.7313115954957903,582.6866031551361,mobile,0.0028921138839075487,0.0043972982136858555,29.134330605729268,29.134330605729268,system,0.0,392,0.7313115954957903,0.06271698233621971,meta_train_support,1,MARGO-SPLIT-v1,20,20,80,3,393,0.0,0.2,20,10,0.0005,0.0005,mrlco_first_order_mean_pseudogradient,fixed_literature_derived_defaults,0.0010380924014310759,5.190462007155505e-05,0.009966771037843186,0.0004983385518921857,0.0009735243410251936,4.867621705126335e-05,3.0,0.0,0.09098223247024373,0.8380323233336764,0.07681238835521924,,,,,,,,,,,,,,,,
0.04781806946582053,0.0455,0.95025,0.00425,-0.0013036977034062147,0.02494778484106064,0.006729117657535729,0.026916666344429057,0.5703792246679464,0.0,0.0,0.0,0.0,0.0,0.0,0.15359799737224902,1.408719778060913,publication,0.674199104309082,5.309257984161377,0.720746758347516,0.8109908871458902,200,0.8313644458949685,2.783618494402617,0.04115155767794931,0.7207467583475159,0.8109908873215318,675.943371887207,mobile,0.002968607221404492,0.0046324299709362875,33.79716737584209,33.79716737584209,system,0.0,393,0.8109908873215318,0.037923953508765616,meta_train_support,1,MARGO-SPLIT-v1,20,20,80,3,394,0.0,0.2,20,10,0.0005,0.0005,mrlco_first_order_mean_pseudogradient,fixed_literature_derived_defaults,0.0010354576491431796,5.17728824571545e-05,0.009941474664650691,0.0004970737332324893,0.0009710534670632008,4.855267335315827e-05,3.0,0.0,0.09103400535270088,0.8385293970669089,0.0768609410285724,,,,,,,,,,,,,,,,
0.05853443333466174,0.0295,0.9685,0.002,-0.003256796393543482,0.02295788936316967,0.005056888594602545,0.020083333396663273,0.6123476798335711,0.0,0.0,0.0,0.0,0.0,0.0,0.11729242681866345,1.4578043222427368,publication,0.6370790004730225,5.11523962020874,0.8947713786517375,1.0056287664765842,200,0.6793759618306009,2.3694387255236506,0.03258539942908101,0.8947713786517374,1.0056287697702646,781.0570991897583,mobile,0.0029218131021893877,0.004417867628558759,39.0528532113379,39.0528532113379,system,0.0,394,1.0056287697702646,0.04194576403154686,meta_train_support,1,MARGO-SPLIT-v1,20,20,80,3,395,0.0,0.2,20,10,0.0005,0.0005,mrlco_first_order_mean_pseudogradient,fixed_literature_derived_defaults,0.001032836237373197,5.164181186866068e-05,0.009916664781991685,0.0004958332390996301,0.0009685951038554458,4.842975519277204e-05,3.0,0.0,0.09108564716456954,0.8390252303060085,0.07690937078376517,,,,,,,,,,,,,,,,
0.07316119611663996,0.04225,0.95525,0.0025,0.002179160015657544,0.1402072161436081,0.006365845491139529,0.02800000005712112,0.919896338135004,0.0,0.0,0.0,0.0,0.0,0.0,0.14153099473534803,1.4542063474655151,publication,0.6648468971252441,4.7708563804626465,1.174709905978462,1.3251472114897478,200,1.1320552778358315,3.8271850533783436,0.01630763872526586,1.174709905978462,1.325147226313129,308.4163600730896,mobile,0.00418932034957344,0.007258606139356184,15.420817769488295,15.420817769488295,system,0.0,395,1.325147226313129,0.05481738211713092,meta_train_support,1,MARGO-SPLIT-v1,20,20,80,3,396,0.0,0.2,20,10,0.0005,0.0005,mrlco_first_order_mean_pseudogradient,fixed_literature_derived_defaults,0.001030228065056598,5.1511403252824106e-05,0.00989162269920888,0.0004945811349604812,0.0009661491566234876,4.8307457831173184e-05,3.0,0.0,0.09113715856782237,0.839519811440969,0.07695767824159634,,,,,,,,,,,,,,,,
0.08101672071700192,0.03625,0.96175,0.002,0.0002499972761142999,0.03559065982699394,0.0029565263209709275,0.018916666492198905,0.639480613420407,0.0,0.0,0.0,0.0,0.0,0.0,0.1313575337389517,1.4969254732131958,publication,0.6269266605377197,3.326327323913574,0.5480522082169925,0.6182291522718879,200,0.5680797381893585,1.614076966419816,0.03979343577520922,0.5480522082169926,0.6182291543669999,373.523610162735,mobile,0.00266733551278103,0.003672566092897381,18.67618070857539,18.67618070857539,system,0.0,396,0.6182291543669999,0.05535399516768811,meta_train_support,1,MARGO-SPLIT-v1,20,20,80,3,397,0.0,0.2,20,10,0.0005,0.0005,mrlco_first_order_mean_pseudogradient,fixed_literature_derived_defaults,0.0010276330321471354,5.138165160735453e-05,0.009866706773014398,0.0004933353386507022,0.0009637155315438315,4.818577657719758e-05,3.0,0.0,0.09118854021942972,0.8400131467796197,0.07700586401817354,,,,,,,,,,,,,,,,
0.0669675873348803,0.0445,0.954,0.0015,-0.002352955751121044,0.15613935887813568,0.0034891282304063977,0.0210833333277454,0.7474916925032933,0.0,0.0,0.0,0.0,0.0,0.0,0.17526228095531654,1.5322471857070923,publication,0.7015280723571777,5.168073892593384,0.7045882750721695,0.7926832782328165,200,1.0586103189610607,3.4794826423749328,0.0023734227288514376,0.7045882750721696,0.7926832797657698,262.49030597686766,mobile,0.006812295781848529,0.01216672114553973,13.124515448788495,13.124515448788495,system,0.0,397,0.7926832797657698,0.053547988542338436,meta_train_support,1,MARGO-SPLIT-v1,20,20,80,3,398,0.0,0.2,20,10,0.0005,0.0005,mrlco_first_order_mean_pseudogradient,fixed_literature_derived_defaults,0.0010252463560367982,5.1262317801836765e-05,0.009844882820470004,0.0004922441410234457,0.0009613771977749619,4.806885988874188e-05,3.0,0.0,0.09123980253723156,0.8405053909206431,0.07705393287806228,,,,,,,,,,,,,,,,
0.06812113735200921,0.02975,0.9675,0.00275,-0.001976891653612256,0.02430119551718235,0.002105964440003542,0.01333333345440527,0.5342326074838638,0.0,0.0,0.0,0.0,0.0,0.0,0.12469721763068528,1.4522252082824707,publication,0.6974632740020752,4.586551189422607,0.7492129978086166,0.8424116427152694,200,0.7270102283430603,2.062524170614779,0.04248932562768459,0.7492129978086167,0.8424116335436702,282.7529009056091,mobile,0.0034829097634331385,0.0060799114522408874,14.137645694794768,14.137645694794768,system,0.0,398,0.8424116335436702,0.05083583841100325,meta_train_support,1,MARGO-SPLIT-v1,20,20,80,3,399,0.0,0.2,20,10,0.0005,0.0005,mrlco_first_order_mean_pseudogradient,fixed_literature_derived_defaults,0.0010226768162973575,5.1133840814870934e-05,0.009822865786160683,0.0004911432893079937,0.0009589677311138717,4.794838655569622e-05,3.0,0.0,0.09129093637804643,0.8409965342099511,0.07710188126461798,,,,,,,,,,,,,,,,
0.05259419516563459,0.029,0.969,0.002,-0.0019115135073661804,0.013868613168597221,0.004458465691338158,0.024999999751647316,0.5013670345147451,0.0,0.0,0.0,0.0,0.0,0.0,0.11896905864749165,1.5193692445755005,publication,0.5874192714691162,4.889448881149292,0.5002503312354738,0.5613547757278092,200,0.5413342491764237,1.719804782577512,0.051531942386645824,0.5002503312354737,0.5613547849841416,846.3452266025544,mobile,0.004269476262660884,0.006001554899859473,42.31726122283281,42.31726122283281,system,0.0,399,0.5613547849841416,0.0442590218444157,meta_train_support,1,MARGO-SPLIT-v1,20,20,80,3,400,0.0,0.2,20,10,0.0005,0.0005,mrlco_first_order_mean_pseudogradient,fixed_literature_derived_defaults,0.0010201201242566143,5.100600621282814e-05,0.00979830862169528,0.0004899154310847864,0.0009565703117860871,4.782851558930712e-05,3.0,0.0,0.09134194238425926,0.8414864496410359,0.07714970978020728,,,,,,,,,,,,,,,,
0.03972443533785648,0.04175,0.95425,0.004,0.0002590094518382102,0.012809916399419308,0.0033578552659794996,0.02299999987396101,0.4346136407305797,0.0,0.0,0.0,0.0,0.0,0.0,0.14199969364347487,1.1768107414245605,publication,0.7073216438293457,5.093041181564331,0.35343151991633753,0.39641082346690837,200,0.4044413926816908,1.1990848559653386,0.04135251117986627,0.35343151991633753,0.3964108312688768,911.098242893219,mobile,0.0043604509825068884,0.007759902582894512,45.55491340883031,45.55491340883031,system,0.0,400,0.3964108312688768,0.03330450391465724,meta_train_support,1,MARGO-SPLIT-v1,20,20,80,3,401,0.0,0.2,20,10,0.0005,0.0005,mrlco_first_order_mean_pseudogradient,fixed_literature_derived_defaults,0.0010175761837971215,5.087880918985821e-05,0.009773873936853148,0.0004886936968426792,0.0009541848496619322,4.770924248309605e-05,3.0,0.0,0.09139282119344912,0.8419751433378786,0.07719741902269038,-0.11929665217868071,-0.12263559948525957,0.12263559948525957,0.05,0.2,0.05,0.0425,0.975,0.975,0.0,validation/automotive_lexicographic_v1,automotive_lexicographic_v1,a3bd00d5108237acdb706f561212b5d840bac151f48b5250a61c573d9c9ffb6c,619408495.0,0.12263559948525957,0.0
0.05993084773165171,0.02525,0.974,0.00075,5.529393820324913e-05,0.03696718066930771,0.004248628694100869,0.015666666502753893,0.5096393540501596,0.0,0.0,0.0,0.0,0.0,0.0,0.10250769786313635,1.4373849630355835,publication,0.6477181911468506,5.171837329864502,0.3849566019132358,0.4323766122187226,200,0.52729926196742,1.8972435453906655,0.04415237612556666,0.38495660191323566,0.4323766217008233,502.8046341609955,mobile,0.0031849322024914977,0.005918371302552516,25.140232432683355,25.140232432683355,system,0.0,401,0.4323766217008233,0.050836556326005214,meta_train_support,1,MARGO-SPLIT-v1,20,20,80,3,402,0.0,0.2,20,10,0.0005,0.0005,mrlco_first_order_mean_pseudogradient,fixed_literature_derived_defaults,0.0010150448997578252,5.0752244987892214e-05,0.009749560817607245,0.0004874780408803403,0.0009518112555085443,4.759056277542362e-05,3.0,0.0,0.09144357343843701,0.8424626213787589,0.0772450095854658,,,,,,,,,,,,,,,,
0.040014701413995615,0.03225,0.9665,0.00125,-0.002088949317112565,0.005073870532214642,0.006082511569062869,0.020166666728133956,0.31893979211648305,0.0,0.0,0.0,0.0,0.0,0.0,0.13096355893582437,1.494006872177124,publication,0.6471095085144043,4.853387117385864,0.3459562878121101,0.38824894355448125,200,0.5014768472053173,1.603570292587392,0.034755925444187596,0.3459562878121101,0.3882489513978362,751.2766039276123,mobile,0.008214792112418792,0.012954178679235928,37.56382770785523,37.56382770785523,system,0.0,402,0.3882489513978362,0.03670967891703235,meta_train_support,1,MARGO-SPLIT-v1,20,20,80,3,403,0.0,0.2,20,10,0.0005,0.0005,mrlco_first_order_mean_pseudogradient,fixed_literature_derived_defaults,0.0010125261779221977,5.062630889611508e-05,0.009725368359002761,0.0004862684179501864,0.0009494494409787465,4.7472472048934455e-05,3.0,0.0,0.09149419974733312,0.8429488897967091,0.07729248205751474,,,,,,,,,,,,,,,,
0.06274525775477739,0.031,0.96625,0.00275,-0.0015153137501329184,0.06346394866704941,0.005210259046502112,0.022583333558092514,0.5843000779549281,0.0,0.0,0.0,0.0,0.0,0.0,0.12704159739804535,1.4616920948028564,publication,0.6431746482849121,5.201614618301392,0.5802369870144146,0.6536404837486043,200,0.8716935049366743,2.811482741497457,0.031356699313619174,0.5802369870144146,0.6536404608003795,451.2977067089081,mobile,0.005605876826586738,0.008187768919583649,22.564886410088253,22.564886410088253,system,0.0,403,0.6536404608003795,0.044477552547806026,meta_train_support,1,MARGO-SPLIT-v1,20,20,80,3,404,0.0,0.2,20,10,0.0005,0.0005,mrlco_first_order_mean_pseudogradient,fixed_literature_derived_defaults,0.0010100199250065488,5.0500996250327224e-05,0.009701295665044834,0.00048506478325227587,0.0009470993186000862,4.73549659300021e-05,3.0,0.0,0.09154470074358345,0.8434339545799614,0.07733983702344474,,,,,,,,,,,,,,,,
0.0533135186666438,0.0245,0.97275,0.00275,-0.0026461253874003887,0.022178059443831444,0.003601089846415562,0.014666666540627676,0.4312370002269745,0.0,0.0,0.0,0.0,0.0,0.0,0.11974124846769321,1.4394124746322632,publication,0.6423814296722412,5.302619934082031,0.42011499043957345,0.4725511121227055,200,0.8178238174098931,2.8149080807343125,0.004664876847527921,0.42011499043957345,0.4725511026987806,574.8619775199891,mobile,0.005942874979483668,0.012981770436034932,28.743098245981752,28.743098245981752,system,0.0,404,0.4725511026987806,0.0457721611210825,meta_train_support,1,MARGO-SPLIT-v1,20,20,80,3,405,0.0,0.2,20,10,0.0005,0.0005,mrlco_first_order_mean_pseudogradient,fixed_literature_derived_defaults,0.0010075260486485079,5.0376302432431075e-05,0.009677341848587932,0.00048386709242942416,0.0009447608017640366,4.723804008820165e-05,3.0,0.0,0.09159507704601588,0.8439178216723908,0.07738707506353294,,,,,,,,,,,,,,,,
0.06762193875571232,0.023,0.9765,0.0005,-0.002647095825523138,0.011785811744630337,0.0023901613254565745,0.011750000032285848,0.42432389333844184,0.0,0.0,0.0,0.0,0.0,0.0,0.10154216744173579,1.49286949634552,publication,0.6498167514801025,5.2303080558776855,0.5635196232932206,0.6356933940408634,200,1.0228443923171116,3.3020048807375133,0.003836064599454403,0.5635196232932206,0.6356933921715244,236.2803296279907,mobile,0.00552920189692273,0.0085096595120014,11.814015754427935,11.814015754427935,system,0.0,405,0.6356933921715244,0.055495538687357654,meta_train_support,1,MARGO-SPLIT-v1,20,20,80,3,406,0.0,0.2,20,10,0.0005,0.0005,mrlco_first_order_mean_pseudogradient,fixed_literature_derived_defaults,0.0010050444573956791,5.025222286977882e-05,0.009653506031226878,0.00048267530156131944,0.0009424338047153567,4.712169023576851e-05,3.0,0.0,0.09164532926888566,0.8444004969739521,0.07743419675376871,,,,,,,,,,,,,,,,
0.07873258275665436,0.01525,0.98375,0.001,-0.0015112812398001552,0.02300570160150528,0.002139090748672364,0.009333333140239118,0.6648158412426711,0.0,0.0,0.0,0.0,0.0,0.0,0.06717946051953735,1.627851963043213,publication,0.6927564144134521,5.089938402175903,0.7848420767584446,0.8832197733613429,200,0.7545237567873685,2.206361807882786,0.03759409437770955,0.7848420767584448,0.8832197644561529,281.8304760837555,mobile,0.0010086399942179805,0.001275341090919406,14.091523954497054,14.091523954497054,system,0.0,406,0.8832197644561529,0.0559670937241396,meta_train_support,1,MARGO-SPLIT-v1,20,20,80,3,407,0.0,0.2,20,10,0.0005,0.0005,mrlco_first_order_mean_pseudogradient,fixed_literature_derived_defaults,0.001002575060694461,5.01287530347283e-05,0.009629787343189465,0.0004814893671595266,0.0009401182425416089,4.700591212708494e-05,3.0,0.0,0.09169545802192039,0.8448819863411117,0.0774812026658958,,,,,,,,,,,,,,,,
0.05050931181791531,0.023,0.97525,0.00175,-0.000390085915569216,0.033082470297813416,0.0021016038206046993,0.01266666678711772,0.5146811763445537,0.0,0.0,0.0,0.0,0.0,0.0,0.0966694669758802,1.70691978931427,publication,0.6009252071380615,3.367692470550537,0.5826190114429317,0.6536997568373226,200,0.7202655361445736,2.122650556790177,0.046510242158547044,0.5826190114429318,0.653699754588306,652.8522004795075,mobile,0.0044913905856869335,0.004930821962395234,32.64261083550018,32.64261083550018,system,0.0,407,0.653699754588306,0.038263477680501604,meta_train_support,1,MARGO-SPLIT-v1,20,20,80,3,408,0.0,0.2,20,10,0.0005,0.0005,mrlco_first_order_mean_pseudogradient,fixed_literature_derived_defaults,0.0010001177688790336,5.0005888443949154e-05,0.009606184923230668,0.0004803092461614922,0.0009378140311628305,4.689070155813879e-05,3.0,0.0,0.09174546391036434,0.8453622955872732,0.07752809336745393,,,,,,,,,,,,,,,,
0.07176057834479115,0.017,0.982,0.001,-0.0017446555430069566,0.0309774000197649,0.001783843053029462,0.008500000042840839,0.6968037883440654,0.0,0.0,0.0,0.0,0.0,0.0,0.077497863356023,1.7309445142745972,publication,0.6622638702392578,4.6068925857543945,1.1123962423185096,1.2576198472417672,200,1.1415726146300926,3.144711498171091,0.04041832248913124,1.1123962423185099,1.2576198896020652,161.40077733039857,mobile,0.0011456388107076857,0.002671468980342769,8.070038760646694,8.070038760646694,system,0.0,408,1.2576198896020652,0.055226976684844845,meta_train_support,1,MARGO-SPLIT-v1,20,20,80,3,409,0.0,0.2,20,10,0.0005,0.0005,mrlco_first_order_mean_pseudogradient,fixed_literature_derived_defaults,0.000997672493160503,4.988362465802032e-05,0.009582697918528392,0.0004791348959264363,0.0009355210873213566,4.677605436606558e-05,3.0,0.0,0.09179534753502236,0.8458414304831996,0.07757486942182,,,,,,,,,,,,,,,,
0.0671308332453781,0.017,0.98175,0.00125,-0.0008880877867341042,0.17145226895809174,0.0019076217720188043,0.00949999988079071,1.0148293312638996,0.0,0.0,0.0,0.0,0.0,0.0,0.07419107141598719,1.7518657445907593,publication,0.6470184326171875,4.498754978179932,0.9414307830739278,1.0590176364891521,200,1.0164130593905285,3.22756808437407,0.04019921211875044,0.9414307830739277,1.0590176618471743,446.39232555389407,mobile,0.0014762285277994786,0.002321518568087794,22.319617393513504,22.319617393513504,system,0.0,409,1.0590176618471743,0.047218652347868935,meta_train_support,1,MARGO-SPLIT-v1,20,20,80,3,410,0.0,0.2,20,10,0.0005,0.0005,mrlco_first_order_mean_pseudogradient,fixed_literature_derived_defaults,0.000995239145616209,4.976195728080557e-05,0.009559325484580761,0.0004779662742290247,0.0009332393285717923,4.666196642859333e-05,3.0,0.0,0.09184510949230316,0.8463193967574286,0.0776215313882486,,,,,,,,,,,,,,,,
0.053813821723924515,0.0175,0.981,0.0015,0.00039471176569350064,0.02411629632115364,0.002505339689177832,0.010416666759798923,0.6745758560796579,0.0,0.0,0.0,0.0,0.0,0.0,0.07156784021079489,1.7093158960342407,publication,0.6781721115112305,5.039793014526367,0.5405801621425405,0.609850271632331,200,0.7409227453125181,2.5389366932213306,0.05186483543366194,0.5405801621425405,0.6098502526804804,956.5745659637452,mobile,0.0009298952317774584,0.0013274948198961313,47.82872905210638,47.82872905210638,system,0.0,410,0.6098502526804804,0.038381202434160294,meta_train_support,1,MARGO-SPLIT-v1,20,20,80,3,411,0.0,0.2,20,10,0.0005,0.0005,mrlco_first_order_mean_pseudogradient,fixed_literature_derived_defaults,0.0009928176391791866,4.9640881958953886e-05,0.009536066785104897,0.00047680333925526064,0.0009309686732711309,4.6548433663556876e-05,3.0,0.0,0.09189475037426212,0.8467962000966839,0.07766807982191215,,,,,,,,,,,,,,,,
0.06096035007769528,0.017,0.982,0.001,0.0008929753093980253,0.03355751186609268,0.001808220246073944,0.009583333351959784,0.7170990772545338,0.0,0.0,0.0,0.0,0.0,0.0,0.060622578106124446,1.779190182685852,publication,0.6193692684173584,4.692176342010498,0.7388524561161824,0.8305816811945987,200,0.9878840377729531,3.1575887072831392,0.057204536569770426,0.7388524561161828,0.8305816727131605,695.7596490287781,mobile,0.0012933971967047408,0.0012933971967047408,34.7879869036881,34.7879869036881,system,0.0,411,0.8305816727131605,0.04492106688682876,meta_train_support,1,MARGO-SPLIT-v1,20,20,80,3,412,0.0,0.2,20,10,0.0005,0.0005,mrlco_first_order_mean_pseudogradient,fixed_literature_derived_defaults,0.0009904078876277807,4.9520394381386e-05,0.009512920991937167,0.0004756460495968229,0.0009287090405690166,4.643545202845378e-05,3.0,0.0,0.0919442707686435,0.8472718461462807,0.0777145152739406,,,,,,,,,,,,,,,,
0.05767682617013002,0.0085,0.99075,0.00075,0.00036467445897869766,0.01882205344736576,0.0007675781196989345,0.004249999998137354,0.7316032326159378,0.0,0.0,0.0,0.0,0.0,0.0,0.03662961719010528,1.7556706666946411,publication,0.6746227741241455,4.637714624404907,0.8904947696182975,1.004133179126111,200,0.807040265752981,2.443899178877473,0.04904579544563603,0.8904947696182977,1.0041331928968429,780.7815348815918,mobile,0.0007010698635581996,0.0023690687561517655,39.03907409501382,39.03907409501382,system,0.0,412,1.0041331928968429,0.04440819626030033,meta_train_support,1,MARGO-SPLIT-v1,20,20,80,3,413,0.0,0.2,20,10,0.0005,0.0005,mrlco_first_order_mean_pseudogradient,fixed_literature_derived_defaults,0.0009880098055754132,4.940049027876703e-05,0.009489887284934898,0.00047449436424673586,0.0009264603503981473,4.632301751990309e-05,3.0,0.0,0.09199367125892227,0.8477463405105274,0.07776083829146051,,,,,,,,,,,,,,,,
0.0720979433698927,0.006,0.9935,0.0005,-0.00017247784126084298,0.10995637625455856,0.0011115446213280755,0.0034166666523863876,1.1366333216428757,0.0,0.0,0.0,0.0,0.0,0.0,0.026944099011291477,1.6887825727462769,publication,0.655947208404541,5.0984461307525635,0.9935384949106927,1.1183481440358447,200,0.9872878272966013,2.8668837090954185,0.044515909045003355,0.9935384949106927,1.1183481160923838,544.6633348178864,mobile,0.0001983531194702577,0.0001983531194702577,27.233168016073204,27.233168016073204,system,0.0,413,1.1183481160923838,0.04690951379360858,meta_train_support,1,MARGO-SPLIT-v1,20,20,80,3,414,0.0,0.2,20,10,0.0005,0.0005,mrlco_first_order_mean_pseudogradient,fixed_literature_derived_defaults,0.0009856233084604969,4.9281165423020745e-05,0.009466964851879499,0.0004733482425939295,0.0009242225234648184,4.6211126173242856e-05,3.0,0.0,0.09204295242434529,0.8482196887531214,0.07780704941763375,,,,,,,,,,,,,,,,
0.07567972548787795,0.00525,0.9945,0.00025,-0.0017334248404949903,0.01556522585451603,0.0019019129770488994,0.003833333387350042,0.6364866213252147,0.0,0.0,0.0,0.0,0.0,0.0,0.032874380892515015,1.791164517402649,publication,0.5350732803344727,4.9494404792785645,0.9516538947609906,1.0712966222040632,200,0.7347471861605795,2.0281616635620594,0.0418755171704106,0.9516538947609906,1.0712966253980993,327.7562812614441,mobile,0.003356165321728354,0.004391756205094643,16.387812679320657,16.387812679320657,system,0.0,414,1.0712966253980993,0.05315077937407883,meta_train_support,1,MARGO-SPLIT-v1,20,20,80,3,415,0.0,0.2,20,10,0.0005,0.0005,mrlco_first_order_mean_pseudogradient,fixed_literature_derived_defaults,0.0009832483125364957,4.916241562682999e-05,0.009444152888380995,0.0004722076444190204,0.000921995481239602,4.6099774061975074e-05,3.0,0.0,0.09209211483997212,0.8486918963975404,0.07785314919169573,,,,,,,,,,,,,,,,
0.0696461490912755,0.00625,0.99325,0.0005,-0.0008160151191987097,0.017227191478013992,0.0018587694397865565,0.003999999972681205,0.5759496795634428,0.0,0.0,0.0,0.0,0.0,0.0,0.03578864927636235,1.6206436157226562,publication,0.6169297695159912,5.079928874969482,0.5507533243226562,0.6211207445299806,200,0.8015423512155799,2.6683059129863977,0.035257963987533,0.5507533243226563,0.6211207437328994,253.13890343666077,mobile,0.0030217848258768747,0.004574868622833889,12.656945861738167,12.656945861738167,system,0.0,415,0.6211207437328994,0.052430334140232945,meta_train_support,1,MARGO-SPLIT-v1,20,20,80,3,416,0.0,0.2,20,10,0.0005,0.0005,mrlco_first_order_mean_pseudogradient,fixed_literature_derived_defaults,0.000980884734862129,4.9044236743109315e-05,0.009421450597783924,0.0004710725298892049,0.0009197791459481606,4.598895729740482e-05,3.0,0.0,0.09214115907671523,0.8491629689274296,0.07789913814899313,,,,,,,,,,,,,,,,
0.06382079620464982,0.005,0.995,0.0,-0.002460871357470751,0.07480170577764511,0.0017310577562925794,0.0027500000006208817,0.8237823899835348,0.0,0.0,0.0,0.0,0.0,0.0,0.029825435318254986,1.640470266342163,publication,0.6723713874816895,4.458560466766357,0.6976707019150072,0.785979468844489,200,0.8160322190631828,2.4600168243050575,0.02735798232606612,0.6976707019150071,0.7859794904105365,361.38353962898253,mobile,0.004247498394376783,0.005976481673599038,18.069177565455252,18.069177565455252,system,0.0,416,0.7859794904105365,0.044054012374280076,meta_train_support,1,MARGO-SPLIT-v1,20,20,80,3,417,0.0,0.2,20,10,0.0005,0.0005,mrlco_first_order_mean_pseudogradient,fixed_literature_derived_defaults,0.0009785324932917163,4.8926624664588636e-05,0.009398857191074611,0.00046994285955370696,0.0009175734405621938,4.587867202811291e-05,3.0,0.0,0.09219008570137982,0.8496329117869833,0.07794501682102124,,,,,,,,,,,,,,,,
0.05845179729056802,0.00425,0.994,0.00175,-0.0029090752359479666,0.00990054477006197,0.0029803524218777974,0.003749999916180969,0.5625448115170001,0.0,0.0,0.0,0.0,0.0,0.0,0.03624194218090925,1.6983354091644287,publication,0.6695973873138428,5.232319593429565,0.3995703395478635,0.4504028440719412,200,0.6134334568880867,1.9795384821482003,0.05626632281928323,0.3995703395478635,0.4504028430767357,300.85456891059874,mobile,0.002858479871367832,0.004394035432754407,15.042729389175168,15.042729389175168,system,0.0,417,0.4504028430767357,0.04372307236862146,meta_train_support,1,MARGO-SPLIT-v1,20,20,80,3,418,0.0,0.2,20,10,0.0005,0.0005,mrlco_first_order_mean_pseudogradient,fixed_literature_derived_defaults,0.0009761915064656596,4.880957532328589e-05,0.009376371886789744,0.0004688185943394485,0.000915378288790514,4.576891443952569e-05,3.0,0.0,0.0922388952767031,0.8501017303813228,0.07799078573546077,,,,,,,,,,,,,,,,
0.05523926668419732,0.0055,0.9945,0.0,-0.0003213718591723591,0.1001143530011177,0.001224034795486236,0.0029166666169961296,0.8367586486041546,0.0,0.0,0.0,0.0,0.0,0.0,0.02909828801429153,1.6625324487686157,publication,0.5784776210784912,5.140119314193726,0.6763565853519711,0.7622297278861151,200,0.7659040590423536,2.6011545641813427,0.03574625500186812,0.6763565853519712,0.7622297169268131,882.2647277927399,mobile,0.0016201009126976611,0.0019985683672945386,44.113233441308054,44.113233441308054,system,0.0,418,0.7622297169268131,0.036183854943355555,meta_train_support,1,MARGO-SPLIT-v1,20,20,80,3,419,0.0,0.2,20,10,0.0005,0.0005,mrlco_first_order_mean_pseudogradient,fixed_literature_derived_defaults,0.0009738616938010637,4.869308469004907e-05,0.009353993910926284,0.00046769969554627533,0.0009131936150702501,4.5659680753512566e-05,3.0,0.0,0.09228758836139316,0.850569430076869,0.07803644541621428,,,,,,,,,,,,,,,,
0.05844016667552705,0.01325,0.98675,0.0,-0.0009988605743274093,0.012783199548721313,0.004709350668971224,0.011916666571050883,0.4728245299930374,0.0,0.0,0.0,0.0,0.0,0.0,0.048652180847639434,1.6155983209609985,publication,0.6781094074249268,5.007177114486694,0.4431057979353289,0.4993263883267355,200,0.5675052932713068,1.4804465295746922,0.044327652401989326,0.4431057979353289,0.49932639233767984,631.824395275116,mobile,0.0025374741123466026,0.0048108955622494344,31.59121638315569,31.59121638315569,system,0.0,419,0.49932639233767984,0.045110110206644176,meta_train_support,1,MARGO-SPLIT-v1,20,20,80,3,420,0.0,0.2,20,10,0.0005,0.0005,mrlco_first_order_mean_pseudogradient,fixed_literature_derived_defaults,0.0009715429754824898,4.8577148774126e-05,0.009331722496852648,0.0004665861248426273,0.0009110193445581781,4.5550967227914185e-05,3.0,0.0,0.09233616551016728,0.8510360162017117,0.0780819963834422,,,,,,,,,,,,,,,,
0.06416252899702465,0.0115,0.98725,0.00125,0.0009748780285008252,0.010616972111165524,0.0028694430149891776,0.007833333406597375,0.5880012219150861,0.0,0.0,0.0,0.0,0.0,0.0,0.04895689573332628,1.5452734231948853,publication,0.675527811050415,5.2758612632751465,0.5875643084645459,0.6615267176514317,200,0.9330057687337439,2.5718811731785536,0.016140564752276987,0.5875643084645459,0.6615267124027013,291.1650027275085,mobile,0.001854695610139988,0.0024464438236746614,14.558249695669538,14.558249695669538,system,0.0,420,0.6615267124027013,0.04860210497216515,meta_train_support,1,MARGO-SPLIT-v1,20,20,80,3,421,0.0,0.2,20,10,0.0005,0.0005,mrlco_first_order_mean_pseudogradient,fixed_literature_derived_defaults,0.0009692352724528402,4.846176362263699e-05,0.00930955688522117,0.0004654778442610974,0.000908855403122173,4.54427701561122e-05,3.0,0.0,0.09238462727378992,0.8515014940459728,0.07812743915359831,,,,,,,,,,,,,,,,
0.06562439935775966,0.01075,0.98825,0.001,0.00034388803760521114,0.011692726984620094,0.004525506374292239,0.01691666692495346,0.5988650868336359,0.0,0.0,0.0,0.0,0.0,0.0,0.04762511483842704,1.5877821445465088,publication,0.6630668640136719,5.227115869522095,0.46925673408801194,0.5297442355159001,200,0.5231711347745096,1.3065936361672357,0.048236860377073754,0.46925673408801194,0.5297442241385579,525.3311125183105,mobile,0.002049949978557321,0.0039274230842590956,26.266553135403257,26.266553135403257,system,0.0,421,0.5297442241385579,0.04609762226812727,meta_train_support,1,MARGO-SPLIT-v1,20,20,80,3,422,0.0,0.2,20,10,0.0005,0.0005,mrlco_first_order_mean_pseudogradient,fixed_literature_derived_defaults,0.0009669385064043737,4.834692532021401e-05,0.009287496323881783,0.0004643748161941019,0.000906701717332784,4.53350858666407e-05,3.0,0.0,0.09243297419911013,0.8519658688621669,0.07817277423946495,,,,,,,,,,,,,,,,
0.06202146565780973,0.018,0.981,0.001,0.00015952320245560259,0.006906107533723116,0.005443734520667931,0.012666666725029549,0.47974547396103534,0.0,0.0,0.0,0.0,0.0,0.0,0.07554701852394416,1.506385087966919,publication,0.6392092704772949,5.6768622398376465,0.26094842590015843,0.29315395324214477,200,0.3995953073142982,1.2158646890893579,0.03392000665189698,0.2609484259001585,0.29315396247431635,196.75248441696166,mobile,0.0023213115088907155,0.0030894872678578285,9.8376241521498,9.8376241521498,system,0.0,422,0.29315396247431635,0.04365446547534625,meta_train_support,1,MARGO-SPLIT-v1,20,20,80,3,423,0.0,0.2,20,10,0.0005,0.0005,mrlco_first_order_mean_pseudogradient,fixed_literature_derived_defaults,0.000964652599769848,4.823262998848721e-05,0.009265540067796956,0.00046327700338988365,0.0009045582144549286,4.5227910722742126e-05,3.0,0.0,0.09248120682909862,0.8524291458655567,0.07821800215018769,,,,,,,,,,,,,,,,
0.06455112580819802,0.008,0.99175,0.00025,-0.003200314939022064,0.013364527374505997,0.0036152662264359024,0.017249999971439438,0.6382335292796293,0.0,0.0,0.0,0.0,0.0,0.0,0.0502867995404941,1.452966570854187,publication,0.6335756778717041,5.201342821121216,0.5069310844655331,0.5711332832333573,200,0.7126066222100416,2.065017865039408,0.04697482698247768,0.506931084465533,0.5711332993768156,312.3359861564636,mobile,0.0018141778588466307,0.001989315094578711,15.616799108172163,15.616799108172163,system,0.0,423,0.5711332993768156,0.048545856595065544,meta_train_support,1,MARGO-SPLIT-v1,20,20,80,3,424,0.0,0.2,20,10,0.0005,0.0005,mrlco_first_order_mean_pseudogradient,fixed_literature_derived_defaults,0.000962377475713787,4.811887378568247e-05,0.009243687378957812,0.00046218436894784887,0.0009024248224397048,4.5121241121978684e-05,3.0,0.0,0.0925293257028843,0.8528913302345046,0.07826312339130967,,,,,,,,,,,,,,,,
0.07472674928557456,0.01025,0.989,0.00075,0.0005307518295012414,0.007880030199885368,0.002933572649756873,0.006416666616375248,0.5365401655435563,0.0,0.0,0.0,0.0,0.0,0.0,0.045834658980108516,1.4728552103042603,publication,0.6125988960266113,5.201278448104858,0.6125497022255624,0.6896334676306287,200,0.6293848169001729,1.4757735518505797,0.023428042768500745,0.6125497022255624,0.6896334749925882,471.0743150901794,mobile,0.0008394238868016175,0.0019258373408486634,23.55371521305709,23.55371521305709,system,0.0,424,0.6896334749925882,0.056691832932249095,meta_train_support,1,MARGO-SPLIT-v1,20,20,80,3,425,0.0,0.2,20,10,0.0005,0.0005,mrlco_first_order_mean_pseudogradient,fixed_literature_derived_defaults,0.0009601130581238722,4.800565290619119e-05,0.009221937526301441,0.00046109687631512575,0.0009003014699163172,4.5015073495816016e-05,3.0,0.0,0.0925773313557905,0.8533524271108197,0.07830813846480549,,,,,,,,,,,,,,,,
0.042847233576131266,0.006,0.99325,0.00075,-0.002243178663775325,0.02052495628595352,0.0018026379069790252,0.0031666666734963657,0.6135257539649804,0.0,0.0,0.0,0.0,0.0,0.0,0.0393620736088202,1.4782034158706665,publication,0.6200051307678223,5.286549091339111,0.5213091967789412,0.5859312807466631,200,0.5387758045791986,1.5841466742567718,0.06430750642903149,0.5213091967789412,0.5859312529489398,1542.5555874729157,mobile,0.0012392042033173888,0.0036673471623290387,77.12777841327528,77.12777841327528,system,0.0,425,0.5859312529489398,0.03301027197291814,meta_train_support,1,MARGO-SPLIT-v1,20,20,80,3,426,0.0,0.2,20,10,0.0005,0.0005,mrlco_first_order_mean_pseudogradient,fixed_literature_derived_defaults,0.0009578592716024546,4.789296358012618e-05,0.009200289785629373,0.00046001448928145727,0.0008981880861841193,4.490940430920687e-05,3.0,0.0,0.09262522431937062,0.8538124416001012,0.07835304786911469,,,,,,,,,,,,,,,,
0.06436561566656483,0.0175,0.98225,0.00025,0.0004557485517580062,0.006196784786880016,0.00442358851141762,0.01141666676849127,0.5001349519938232,0.0,0.0,0.0,0.0,0.0,0.0,0.06595680705679517,1.4763429164886475,publication,0.647108793258667,5.090273141860962,0.4849023109642044,0.5450641549755892,200,0.7096921672630392,1.7251534471288323,0.04787014616886154,0.4849023109642043,0.5450641651451588,154.749951171875,mobile,0.0017047466328107997,0.0017047466328107997,7.737497269281217,7.737497269281217,system,0.0,426,0.5450641651451588,0.04752399381552734,meta_train_support,1,MARGO-SPLIT-v1,20,20,80,3,427,0.0,0.2,20,10,0.0005,0.0005,mrlco_first_order_mean_pseudogradient,fixed_literature_derived_defaults,0.0009556160414581867,4.778080207290536e-05,0.009178743439527196,0.00045893717197631467,0.0008960846012047653,4.4804230060244143e-05,3.0,0.0,0.09267300512144352,0.8542713787720775,0.07839785209917494,,,,,,,,,,,,,,,,
0.069205561732072,0.011,0.988,0.001,-0.0015677501214668155,0.014198157005012035,0.003025516893831082,0.009416666689018407,0.5836268479625384,0.0,0.0,0.0,0.0,0.0,0.0,0.05717340225747188,1.3989015817642212,publication,0.6759650707244873,4.7153120040893555,0.6053529266047547,0.6807640665283907,200,0.7216544639864225,1.8465650686994195,0.034100746488547884,0.6053529266047546,0.6807640664838255,196.24291483879088,mobile,0.0015156840710127538,0.003431360040438582,9.81214546820313,9.81214546820313,system,0.0,427,0.6807640664838255,0.04932127425740712,meta_train_support,1,MARGO-SPLIT-v1,20,20,80,3,428,0.0,0.2,20,10,0.0005,0.0005,mrlco_first_order_mean_pseudogradient,fixed_literature_derived_defaults,0.0009533832936977703,4.766916468489091e-05,0.009157297777285309,0.0004578648888642345,0.0008939909455944739,4.469954727971681e-05,3.0,0.0,0.09272067428612842,0.8547292436609417,0.07844255164645465,,,,,,,,,,,,,,,,
0.05399263741090703,0.01125,0.98725,0.0015,2.7052778023062274e-05,0.009280433878302574,0.002245090347181152,0.007000000014280279,0.6529412473241489,0.0,0.0,0.0,0.0,0.0,0.0,0.04535642887146462,1.4737802743911743,publication,0.6774699687957764,4.948152780532837,0.6351422348844068,0.7141941625795153,200,0.6063136176193766,1.634385213488713,0.03457061271183193,0.6351422348844068,0.7141941590234637,851.2422637748718,mobile,0.0008496764969936814,0.0010084452091571852,42.562116903347004,42.562116903347004,system,0.0,428,0.7141941590234637,0.040089171192301015,meta_train_support,1,MARGO-SPLIT-v1,20,20,80,3,429,0.0,0.2,20,10,0.0005,0.0005,mrlco_first_order_mean_pseudogradient,fixed_literature_derived_defaults,0.0009511609550178221,4.7558047750889676e-05,0.009135952094820775,0.0004567976047410438,0.0008919070506163982,4.459535253081848e-05,3.0,0.0,0.0927682323338793,0.8551860412656828,0.07848714699898547,,,,,,,,,,,,,,,,
0.05685928980989,0.0175,0.981,0.0015,0.0007339197909459472,0.004654295742511749,0.002779483426760028,0.010500000044703483,0.44487977599104245,0.0,0.0,0.0,0.0,0.0,0.0,0.07383262256711388,0.9265269637107849,publication,0.6844744682312012,5.527933835983276,0.13668533495976565,0.15301127833839928,200,0.21050063753456533,0.7794751932378858,0.032900483696721494,0.13668533495976568,0.15301127787679433,154.43539949417115,mobile,0.0022698506677339427,0.005482203156282367,7.721770113066684,7.721770113066684,system,0.0,429,0.15301127787679433,0.04724554955033906,meta_train_support,1,MARGO-SPLIT-v1,20,20,80,3,430,0.0,0.2,20,10,0.0005,0.0005,mrlco_first_order_mean_pseudogradient,fixed_literature_derived_defaults,0.0009489489527968504,4.744744763984787e-05,0.009114705694600262,0.0004557352847299745,0.0008898328481731042,4.449164240866166e-05,3.0,0.0,0.09281567978151915,0.8556417765504127,0.07853163864139413,,,,,,,,,,,,,,,,
0.04253718210068275,0.01425,0.985,0.00075,-0.0021868981420993805,0.0306372232735157,0.005359279966493584,0.009333333342025678,0.47268204999466734,0.0,0.0,0.0,0.0,0.0,0.0,0.0632491695833451,1.449863076210022,publication,0.6609916687011719,5.18511438369751,0.5681804074376638,0.6399237880171768,200,0.8128952962159905,2.5772399321431294,0.03592301471508108,0.5681804074376638,0.6399238155409693,357.6297062110901,mobile,0.005510114596232135,0.007112096299061581,17.881485620422282,17.881485620422282,system,0.0,430,0.6399238155409693,0.03215421515766409,meta_train_support,1,MARGO-SPLIT-v1,20,20,80,3,431,0.0,0.2,20,10,0.0005,0.0005,mrlco_first_order_mean_pseudogradient,fixed_literature_derived_defaults,0.000946747215087345,4.733736075436534e-05,0.009093617699942684,0.00045468088499711623,0.0008877682707991527,4.438841353995859e-05,3.0,0.0,0.09286301714227352,0.8560964574354099,0.07857602705493409,,,,,,,,,,,,,,,,
0.0567852071112017,0.0035,0.99625,0.00025,-0.00020577502436935902,0.2380736619234085,0.0010938141198835183,0.0023333332811792695,1.1253860734403136,0.0,0.0,0.0,0.0,0.0,0.0,0.023261111616245108,1.4379245042800903,publication,0.6118550300598145,5.261530160903931,0.8667814650281257,0.9765716622064065,200,1.0343676047142463,3.5865809582173824,0.0632657015521545,0.866781465028126,0.9765716407448053,911.1532946968078,mobile,6.903595288211862e-05,0.0004920405716492178,45.55766302829378,45.55766302829378,system,0.0,431,0.9765716407448053,0.04694597806346249,meta_train_support,1,MARGO-SPLIT-v1,20,20,80,3,432,0.0,0.2,20,10,0.0005,0.0005,mrlco_first_order_mean_pseudogradient,fixed_literature_derived_defaults,0.0009445556706079762,4.722778353040413e-05,0.009072567658970595,0.00045362838294848995,0.0008857132516537843,4.428566258268818e-05,3.0,0.0,0.09291024492580392,0.8565500858183583,0.07862031271751678,,,,,,,,,,,,,,,,
0.05566297360154382,0.01125,0.988,0.00075,-0.005907394923269749,0.01651836186647415,0.008704168366724236,0.03416666607372462,0.5394260580341022,0.0,0.0,0.0,0.0,0.0,0.0,0.059480909529318476,1.415077567100525,publication,0.662172794342041,5.071254253387451,0.28985717631871105,0.32465133493777104,200,0.501871686161598,1.6002664752304554,0.029781682504108176,0.2898571763187111,0.3246513495407999,170.18927421569825,mobile,0.004302593902956218,0.007236559041506221,8.509463666893343,8.509463666893343,system,0.0,432,0.3246513495407999,0.045210254088837824,meta_train_support,1,MARGO-SPLIT-v1,20,20,80,3,433,0.0,0.2,20,10,0.0005,0.0005,mrlco_first_order_mean_pseudogradient,fixed_literature_derived_defaults,0.0009423742487359023,4.711871243678889e-05,0.009051614846825165,0.00045258074234122425,0.0008836677245137063,4.418338622567963e-05,3.0,0.0,0.09295736363824071,0.8570026665606996,0.07866449610374246,,,,,,,,,,,,,,,,
0.06010111297228321,0.00975,0.99,0.00025,-0.001364062656648457,0.022662894800305367,0.0033167075391247634,0.0043333332985639565,0.5523583699017763,0.0,0.0,0.0,0.0,0.0,0.0,0.04345105598655327,1.391527771949768,publication,0.658519983291626,4.87119197845459,0.5191176678151048,0.5835204739730488,200,0.6374194878104624,2.0429882817261387,0.040172559716666,0.5191176678151047,0.5835204688832164,439.4577102279663,mobile,0.002600521576540443,0.003912889680475506,21.972885241899753,21.972885241899753,system,0.0,433,0.5835204688832164,0.047370159023619324,meta_train_support,1,MARGO-SPLIT-v1,20,20,80,3,434,0.0,0.2,20,10,0.0005,0.0005,mrlco_first_order_mean_pseudogradient,fixed_literature_derived_defaults,0.0009402028794991837,4.7010143974957064e-05,0.009030758591417734,0.0004515379295708666,0.0008816316237659789,4.4081581188293306e-05,3.0,0.0,0.09300437378221567,0.8574542044902704,0.07870857768493075,,,,,,,,,,,,,,,,
0.08280633291136448,0.01225,0.987,0.00075,-0.0032563412096351385,0.05361080914735794,0.003651069878833369,0.012166666782771547,0.7568117024997869,0.0,0.0,0.0,0.0,0.0,0.0,0.059232472587917744,1.4636605978012085,publication,0.6872153282165527,4.8082146644592285,1.1152408584160218,1.2596756328150513,200,0.8587793827216639,2.475143615156412,0.024068931830697693,1.1152408584160218,1.2596756461635232,184.96675821304322,mobile,0.0028306034362616216,0.0059055982134455206,9.248337941683442,9.248337941683442,system,0.0,434,1.2596756461635232,0.055669819904772454,meta_train_support,1,MARGO-SPLIT-v1,20,20,80,3,435,0.0,0.2,20,10,0.0005,0.0005,mrlco_first_order_mean_pseudogradient,fixed_literature_derived_defaults,0.0009380414935693005,4.6902074678459305e-05,0.009009998226839762,0.00045049991134193945,0.0008796048844009996,4.398024422004598e-05,3.0,0.0,0.09305127585689413,0.8579047044016124,0.0787525579291508,,,,,,,,,,,,,,,,
0.05661976699827097,0.00825,0.991,0.00075,-0.0010767506901174784,0.09027785807847977,0.001802104262909173,0.009416666797672708,0.716139905154705,0.0,0.0,0.0,0.0,0.0,0.0,0.050354888006051195,1.5038268566131592,publication,0.6621317863464355,5.151073932647705,0.5732392723927325,0.6443140461074655,200,0.665788845505064,1.9844832275994122,0.05851497396361083,0.5732392723927326,0.6443140333518386,1048.9733511829377,mobile,0.0011344359890412767,0.0012575629497030636,52.44866375800786,52.44866375800786,system,0.0,435,0.6443140333518386,0.043336747640134066,meta_train_support,1,MARGO-SPLIT-v1,20,20,80,3,436,0.0,0.2,20,10,0.0005,0.0005,mrlco_first_order_mean_pseudogradient,fixed_literature_derived_defaults,0.0009358900222537745,4.679450111268191e-05,0.008989333093291965,0.0004494666546646098,0.0008775874420055845,4.3879372100277814e-05,3.0,0.0,0.09309807035800681,0.858354171056277,0.07879643730125108,,,,,,,,,,,,,,,,
0.054211384273967586,0.0205,0.97725,0.00225,-0.0009310980094596744,0.01642448455095291,0.003529066542250802,0.012916666486610967,0.5486218405266603,0.0,0.0,0.0,0.0,0.0,0.0,0.08983827014624403,1.4718012809753418,publication,0.6274073123931885,5.046326160430908,0.636955702116162,0.7170538517848035,200,0.6989731847090475,1.9251335114240646,0.0605460706865415,0.6369557021161619,0.7170538708381354,619.5311033153534,mobile,0.0018438787913319802,0.005535543614731398,30.976554678496015,30.976554678496015,system,0.0,436,0.7170538708381354,0.039197086068477695,meta_train_support,1,MARGO-SPLIT-v1,20,20,80,3,437,0.0,0.2,20,10,0.0005,0.0005,mrlco_first_order_mean_pseudogradient,fixed_literature_derived_defaults,0.0009337483974888917,4.668741987444436e-05,0.008968762537014409,0.00044843812685069206,0.0008755792327561437,4.377896163780537e-05,3.0,0.0,0.09314475777788125,0.8588026091831277,0.07884021626288888,,,,,,,,,,,,,,,,
0.042640214752574394,0.02275,0.9755,0.00175,-2.698534262890462e-05,0.013858568854629993,0.0028469697388269805,0.01525000010927518,0.5202716304610173,0.0,0.0,0.0,0.0,0.0,0.0,0.08862638786309147,1.5154955387115479,publication,0.686608076095581,4.660203695297241,0.696129690385512,0.784703681295382,200,0.9002339080514613,3.0990723526338115,0.04549214895814657,0.696129690385512,0.7847036691755056,1396.4515839958192,mobile,0.001463899392804529,0.005216757638999643,69.82257999846243,69.82257999846243,system,0.0,437,0.7847036691755056,0.034586206859131344,meta_train_support,1,MARGO-SPLIT-v1,20,20,80,3,438,0.0,0.2,20,10,0.0005,0.0005,mrlco_first_order_mean_pseudogradient,fixed_literature_derived_defaults,0.0009316165518325245,4.658082759162463e-05,0.008948285910217572,0.00044741429551087286,0.0008735801934119516,4.367900967060245e-05,3.0,0.0,0.09319133860547288,0.8592500234786385,0.07888389527255948,,,,,,,,,,,,,,,,
0.07363280938611055,0.024,0.97375,0.00225,-0.0010908442782238126,0.10774688422679901,0.005145982279645978,0.016666666744276883,0.8700492757062117,0.0,0.0,0.0,0.0,0.0,0.0,0.11001916790450127,1.5443100929260254,publication,0.6251513957977295,4.678099632263184,0.8372147021418648,0.945787551951089,200,1.2091268523218248,3.555114676244557,0.029022306043771096,0.8372147021418647,0.9457875493355096,157.78013814926146,mobile,0.002138453052458359,0.00404520545558258,7.889006779507862,7.889006779507862,system,0.0,438,0.9457875493355096,0.05683272508646095,meta_train_support,1,MARGO-SPLIT-v1,20,20,80,3,439,0.0,0.2,20,10,0.0005,0.0005,mrlco_first_order_mean_pseudogradient,fixed_literature_derived_defaults,0.0009329278339099935,4.6646391695492895e-05,0.00894102339737895,0.00044705116986898386,0.0008715902613085076,4.35795130654254e-05,3.0,0.0,0.09323798499716837,0.8596970746485075,0.07892747478562491,,,,,,,,,,,,,,,,
0.05512092420482288,0.02225,0.9765,0.00125,0.002049582777544856,0.020012464374303818,0.0035940205279378764,0.012833333387970925,0.6098960436880587,0.0,0.0,0.0,0.0,0.0,0.0,0.09026057965140678,1.5588264465332031,publication,0.6400163173675537,3.2778029441833496,0.9804666351087805,1.1062094829249691,200,1.0165042620121316,3.3136377988848835,0.03081737138563767,0.9804666351087807,1.1062094628717751,911.814578924179,mobile,0.0034281985359799726,0.01792563820214174,45.59072975643565,45.59072975643565,system,0.0,439,1.1062094628717751,0.046373355264757415,meta_train_support,1,MARGO-SPLIT-v1,20,20,80,3,440,0.0,0.2,20,10,0.0005,0.0005,mrlco_first_order_mean_pseudogradient,fixed_literature_derived_defaults,0.000931209672743314,4.6560483637159145e-05,0.00892295391077423,0.00044614769553874556,0.0008696093743509882,4.34804687175494e-05,3.0,0.0,0.09328454548080553,0.8601432223440463,0.07897095525434246,,,,,,,,,,,,,,,,
0.059775709759064835,0.0265,0.9715,0.002,0.0006685146363452077,0.025997301563620567,0.0037456833117175846,0.01650000006581346,0.6079299872120221,0.0,0.0,0.0,0.0,0.0,0.0,0.09734939193145892,1.6046545505523682,publication,0.6538560390472412,5.184820890426636,0.7608859023288764,0.8554087580701616,200,0.6487637644138776,1.8555260123685002,0.027716361815691926,0.7608859023288765,0.8554087860044092,377.7700826931,mobile,0.002772668792288445,0.0047418949629448506,18.888504094534355,18.888504094534355,system,0.0,440,0.8554087860044092,0.0479647447476666,meta_train_support,1,MARGO-SPLIT-v1,20,20,80,3,441,0.0,0.2,20,10,0.0005,0.0005,mrlco_first_order_mean_pseudogradient,fixed_literature_derived_defaults,0.0009297637088944324,4.6488185444726327e-05,0.008910109207618713,0.00044550546038091277,0.0008676374710077887,4.33818735503938e-05,3.0,0.0,0.09333103366625026,0.8605887278044272,0.07901433712789285,,,,,,,,,,,,,,,,
0.0626472369066031,0.03225,0.9665,0.00125,0.002969889435917139,0.01878328248858452,0.00552235858832925,0.023333333199843764,0.5771377486487229,0.0,0.0,0.0,0.0,0.0,0.0,0.11518414215353893,1.5867596864700317,publication,0.6345095634460449,3.533461570739746,0.5363582226060744,0.602933508848946,200,0.8667271848713854,2.352997104404494,0.044408352638129145,0.5363582226060746,0.6029335207492114,126.04634876251221,mobile,0.003621227451949056,0.007978348158287567,6.302317373069826,6.302317373069826,system,0.0,441,0.6029335207492114,0.051542473491932375,meta_train_support,1,MARGO-SPLIT-v1,20,20,80,3,442,0.0,0.2,20,10,0.0005,0.0005,mrlco_first_order_mean_pseudogradient,fixed_literature_derived_defaults,0.0009276601710915039,4.638300855457078e-05,0.008889950589501929,0.00044449752947506305,0.0008656744903041512,4.3283724515202904e-05,3.0,0.0,0.09337741667480483,0.8610332253339023,0.07905762085240806,,,,,,,,,,,,,,,,
0.07694648791837239,0.02025,0.97875,0.001,-0.0008640142041258514,0.01251460611820221,0.004497639320713158,0.015500000134731332,0.572816939651966,0.0,0.0,0.0,0.0,0.0,0.0,0.07920896158001627,1.6227198839187622,publication,0.6802983283996582,5.1028406620025635,0.6860290147511353,0.7737597574671963,200,0.7587394482024677,2.0217968998476863,0.017887226422317326,0.6860290147511354,0.7737597715388983,738.0201554012299,mobile,0.006463989976653476,0.007003447420171176,36.90100708086487,36.90100708086487,system,0.0,442,0.7737597715388983,0.05545551869002075,meta_train_support,1,MARGO-SPLIT-v1,20,20,80,3,443,0.0,0.2,20,10,0.0005,0.0005,mrlco_first_order_mean_pseudogradient,fixed_literature_derived_defaults,0.0009259194431154924,4.62959721557743e-05,0.00887169635279377,0.00044358481763973057,0.00086372037181588,4.318601859079618e-05,3.0,0.0,0.0934237126469606,0.861476810151542,0.07910080687099885,,,,,,,,,,,,,,,,
0.04996163472934402,0.0375,0.9575,0.005,-0.0005935176741331816,0.015609709545969963,0.00472160905628698,0.021416666995113097,0.47049342220028245,0.0,0.0,0.0,0.0,0.0,0.0,0.1306984372574195,1.5968962907791138,publication,0.6769394874572754,5.094056129455566,0.5780001288763004,0.6495625966264924,200,0.6398504534743558,1.7988444180227816,0.050278073409572244,0.5780001288763004,0.64956259470433,609.46428855896,mobile,0.0031063438245694562,0.00635267834749389,30.473214503544067,30.473214503544067,system,0.0,443,0.64956259470433,0.03774234340409146,meta_train_support,1,MARGO-SPLIT-v1,20,20,80,3,444,0.0,0.2,20,10,0.0005,0.0005,mrlco_first_order_mean_pseudogradient,fixed_literature_derived_defaults,0.000923991803967644,4.619959019838693e-05,0.008855545222108753,0.00044277726110542037,0.0008617750556631415,4.308875278315194e-05,3.0,0.0,0.09346991223715899,0.8619195874126474,0.079143895623782,,,,,,,,,,,,,,,,
0.040997256464790056,0.03825,0.95725,0.0045,-0.0022047783713787794,0.004562412854284048,0.004470775802231704,0.026916667073965072,0.3314690966159105,0.0,0.0,0.0,0.0,0.0,0.0,0.1537458905772042,1.2216720581054688,publication,0.6693775653839111,5.304399251937866,0.19967994679884804,0.22377623308838338,200,0.3753145045109895,1.3289689887315035,0.0353632332989946,0.199679946798848,0.22377623293548823,560.1614021873474,mobile,0.008339773858993083,0.015790901982849544,28.008071487849094,28.008071487849094,system,0.0,444,0.22377623293548823,0.03644506960183746,meta_train_support,1,MARGO-SPLIT-v1,20,20,80,3,445,0.0,0.2,20,10,0.0005,0.0005,mrlco_first_order_mean_pseudogradient,fixed_literature_derived_defaults,0.0009219154178913121,4.60957708945664e-05,0.008835645120486036,0.00044178225602431453,0.0008598384825043479,4.299192412521302e-05,3.0,0.0,0.09351600800805356,0.8623613696686717,0.07918688754790722,,,,,,,,,,,,,,,,
0.04997846025011547,0.03125,0.96675,0.002,-0.004898120649158955,0.011276813223958015,0.007021301562811763,0.036916666772837434,0.3866122643152872,0.0,0.0,0.0,0.0,0.0,0.0,0.11791803633842914,1.2533833980560303,publication,0.6424455642700195,5.363131523132324,0.2704198830976351,0.30426655898168975,200,0.4073121349201773,1.3960717312293127,0.0325444124173373,0.27041988309763504,0.30426655914634465,479.9508025932312,mobile,0.006227550928580683,0.011158672616655546,23.99753955268118,23.99753955268118,system,0.0,445,0.30426655914634465,0.04875009288356873,meta_train_support,1,MARGO-SPLIT-v1,20,20,80,3,446,0.0,0.2,20,10,0.0005,0.0005,mrlco_first_order_mean_pseudogradient,fixed_literature_derived_defaults,0.0009198483429633047,4.5992417148171816e-05,0.008815834256987188,0.00044079171284938656,0.0008579105935301229,4.289552967651211e-05,3.0,0.0,0.09356200042520173,0.8628021613815211,0.07922978307758373,,,,,,,,,,,,,,,,
0.06369795212908562,0.02925,0.96825,0.0025,-0.004635803401470184,0.037490371614694595,0.004747562825408143,0.02833333347613613,0.5705744254092375,0.0,0.0,0.0,0.0,0.0,0.0,0.11952750101552995,1.6239649057388306,publication,0.6878941059112549,5.197132349014282,1.035445674083403,1.1665543824603173,200,0.9955448965335788,2.93186801020056,0.06081984011689201,1.0354456740834035,1.1665543608739972,436.6957755470276,mobile,0.0037033228602865844,0.006998017146168042,21.834788633986022,21.834788633986022,system,0.0,446,1.1665543608739972,0.0550210954493428,meta_train_support,1,MARGO-SPLIT-v1,20,20,80,3,447,0.0,0.2,20,10,0.0005,0.0005,mrlco_first_order_mean_pseudogradient,fixed_literature_derived_defaults,0.0009204171698193629,4.60208584909666e-05,0.008804904042379642,0.00044024520211893847,0.0008560290566192782,4.280145283096226e-05,3.0,0.0,0.0936080212836927,0.86324240658364,0.07927258453041469,,,,,,,,,,,,,,,,
0.07022007984134626,0.04,0.958,0.002,-0.001133484416641295,0.0064001004211604595,0.00489180097344312,0.028083333792164922,0.3986265316605568,0.0,0.0,0.0,0.0,0.0,0.0,0.12907448535708507,1.5705379247665405,publication,0.6103973388671875,3.423664093017578,0.4501333645235323,0.5065865048954947,200,0.6177943721920793,1.6606271341443062,0.024707499949727207,0.45013336452353236,0.5065865349024534,466.83176617622377,mobile,0.004351913159542002,0.006343974652211696,23.341589107284772,23.341589107284772,system,0.0,447,0.5065865349024534,0.05629012383234315,meta_train_support,1,MARGO-SPLIT-v1,20,20,80,3,448,0.0,0.2,20,10,0.0005,0.0005,mrlco_first_order_mean_pseudogradient,fixed_literature_derived_defaults,0.0009183626672081589,4.591813336041195e-05,0.008785250238713616,0.00043926251193571186,0.0008541182774750387,4.270591387375844e-05,3.0,0.0,0.0936539394170531,0.8636816690955758,0.07931529044428845,,,,,,,,,,,,,,,,
0.05924708090740086,0.02725,0.9715,0.00125,-0.00042097936966456473,0.07919609546661377,0.00236154902323354,0.013916666836788258,0.7756164154037833,0.0,0.0,0.0,0.0,0.0,0.0,0.10694118338951056,1.6576812267303467,publication,0.6205160617828369,5.068243503570557,1.309406726239129,1.4793226166121896,200,1.2733023035587536,4.1000901982188225,0.07202917931135744,1.3094067262391293,1.479322585351765,1130.173246192932,mobile,0.003002664386510413,0.0037971447572759266,56.50866166815325,56.50866166815325,system,0.0,448,1.479322585351765,0.05225281948041598,meta_train_support,1,MARGO-SPLIT-v1,20,20,80,3,449,0.0,0.2,20,10,0.0005,0.0005,mrlco_first_order_mean_pseudogradient,fixed_literature_derived_defaults,0.0009188480986399722,4.594240493199786e-05,0.00877547100761988,0.00043877355038102195,0.0008522160095964751,4.26108004798198e-05,3.0,0.0,0.0936998818219851,0.8641204426459568,0.07935790124476827,,,,,,,,,,,,,,,,
0.06148579092001555,0.04675,0.95075,0.0025,-0.000886461406480521,0.006455668713897467,0.009907765050108232,0.042333333194255834,0.40939461266001065,0.0,0.0,0.0,0.0,0.0,0.0,0.15292362091036354,1.6611918210983276,publication,0.6685194969177246,5.417644262313843,0.3837873029216227,0.4305444010457359,200,0.5488584560440557,1.6868050587363541,0.027067198883742094,0.38378730292162283,0.4305443922057748,394.565934753418,mobile,0.003908639979432557,0.006037442941346155,19.72829847680591,19.72829847680591,system,0.0,449,0.4305443922057748,0.048706089841769135,meta_train_support,1,MARGO-SPLIT-v1,20,20,80,3,450,0.0,0.2,20,10,0.0005,0.0005,mrlco_first_order_mean_pseudogradient,fixed_literature_derived_defaults,0.0009168062139763278,4.584031069881922e-05,0.00875596996093628,0.00043779849804681525,0.0008503221962418163,4.25161098120963e-05,3.0,0.0,0.09374572213268392,0.8645582411440036,0.07940041735458037,,,,,,,,,,,,,,,,
0.06144410813548642,0.04825,0.948,0.00375,-0.0014959031250327826,0.0594957061111927,0.005983062165129619,0.02608333355747163,0.6548675032953422,0.0,0.0,0.0,0.0,0.0,0.0,0.17172673226460258,1.7543299198150635,publication,0.6480364799499512,5.269255876541138,0.8750059141121216,0.9875274196776286,200,1.3441312537604204,3.424801826477051,0.04275813465937972,0.8750059141121216,0.9875273793004453,526.0925936698914,mobile,0.005453031712736415,0.009239357215176441,26.304629981377747,26.304629981377747,system,0.0,450,0.9875273793004453,0.055215893035307564,meta_train_support,1,MARGO-SPLIT-v1,20,20,80,3,451,0.0,0.2,20,10,0.0005,0.0005,mrlco_first_order_mean_pseudogradient,fixed_literature_derived_defaults,0.0009147733842335865,4.5738669211675687e-05,0.008736555393395401,0.00043682776966980086,0.000848436781172544,4.242183905862895e-05,3.0,0.0,0.0937914608018956,0.8649950689136734,0.079442839193639,-0.1276980618038991,-0.14426888810474034,0.14426888810474034,0.1,0.325,0.025,0.04875,0.975,0.975,0.0,validation/automotive_lexicographic_v1,automotive_lexicographic_v1,a3bd00d5108237acdb706f561212b5d840bac151f48b5250a61c573d9c9ffb6c,400608311.0,0.14426888810474034,0.0
0.05002318948788022,0.03725,0.96,0.00275,-0.00019346195040270686,0.022609269246459007,0.0035907440132480887,0.01825000010430813,0.548309355477492,0.0,0.0,0.0,0.0,0.0,0.0,0.11493284660344306,1.7979995012283325,publication,0.6508824825286865,5.195021390914917,0.7778984794158262,0.8752166154056613,200,0.6793466406128326,2.2322292218450457,0.06842575603513978,0.7778984794158263,0.8752165765687824,1196.3406059455872,mobile,0.004894010954304563,0.00626496823392373,59.817026817184804,59.817026817184804,system,0.0,451,0.8752165765687824,0.04255977292444985,meta_train_support,1,MARGO-SPLIT-v1,20,20,80,3,452,0.0,0.2,20,10,0.0005,0.0005,mrlco_first_order_mean_pseudogradient,fixed_literature_derived_defaults,0.0009127495493127157,4.563747746563762e-05,0.008717226731020633,0.00043586133655104664,0.000846559708647826,4.232798543239713e-05,3.0,0.0,0.09383709827936124,0.8654309302502244,0.07948516717907139,,,,,,,,,,,,,,,,
0.0716108743120663,0.04175,0.9545,0.00375,-0.0007160132518038154,0.041232880204916,0.004080525415095812,0.02291666674427688,0.7104594975709915,0.0,0.0,0.0,0.0,0.0,0.0,0.15284603633620134,1.8126744031906128,publication,0.6654872894287109,4.99454927444458,0.668256749182438,0.7512707405131914,200,0.9929043387396567,3.0123686475562863,0.029959419367514784,0.6682567491824379,0.7512707373313606,365.0895103931427,mobile,0.015417191652836632,0.017373287908998017,18.25447679397483,18.25447679397483,system,0.0,452,0.7512707373313606,0.05996349194201318,meta_train_support,1,MARGO-SPLIT-v1,20,20,80,3,453,0.0,0.2,20,10,0.0005,0.0005,mrlco_first_order_mean_pseudogradient,fixed_literature_derived_defaults,0.0009158025090748847,4.57901254537485e-05,0.008715879407152299,0.0004357939703576452,0.0008446909234190228,4.223454617095779e-05,3.0,0.0,0.09388288840481498,0.8658667242205821,0.07952740172524235,,,,,,,,,,,,,,,,
0.08770234327616654,0.04025,0.959,0.00075,-0.0015688590938225389,0.1610110104084015,0.005497786640626145,0.017416666665424903,0.8157560455302398,0.0,0.0,0.0,0.0,0.0,0.0,0.13664254450093347,1.9054101705551147,publication,0.6801421642303467,5.232953310012817,0.9971126767187486,1.1238395466233124,200,1.0431309099108328,3.2014458891935647,0.03231027010042453,0.9971126767187484,1.1238395297341048,420.8770443344116,mobile,0.007186225850261459,0.010978051242628302,21.04385411629097,21.04385411629097,system,0.0,453,1.1238395297341048,0.06853205329302314,meta_train_support,1,MARGO-SPLIT-v1,20,20,80,3,454,0.0,0.2,20,10,0.0005,0.0005,mrlco_first_order_mean_pseudogradient,fixed_literature_derived_defaults,0.0009166435648740232,4.583217824370711e-05,0.008706447726184306,0.0004353223863091671,0.0008428303707242673,4.214151853620951e-05,3.0,0.0,0.09392872058305869,0.8663020466068913,0.07956954324377856,,,,,,,,,,,,,,,,
0.05535962683306692,0.0405,0.95525,0.00425,-0.004087836015969515,0.011723039671778679,0.004781665919775454,0.019750000024214388,0.4321256207923095,0.0,0.0,0.0,0.0,0.0,0.0,0.16184775682798627,1.8669888973236084,publication,0.6720898151397705,5.424806594848633,0.3760540691182733,0.42062872126189177,200,0.4408575037885737,1.3110194699838758,0.04403668601298705,0.3760540691182733,0.4206287141703069,804.255902004242,mobile,0.016125112916254253,0.023104882699142303,40.21279494542217,40.21279494542217,system,0.0,454,0.4206287141703069,0.04619362370519307,meta_train_support,1,MARGO-SPLIT-v1,20,20,80,3,455,0.0,0.2,20,10,0.0005,0.0005,mrlco_first_order_mean_pseudogradient,fixed_literature_derived_defaults,0.0009146289636325418,4.5731448181624e-05,0.008687312676236649,0.00043436563381182847,0.0008409779962831151,4.2048899814156604e-05,3.0,0.0,0.09397445203124032,0.8667364122407031,0.07961159214359272,,,,,,,,,,,,,,,,
0.061617693567449915,0.0425,0.95475,0.00275,-0.0016957217594608665,0.05919500067830086,0.006936272951619078,0.03258333339666327,0.7013580525914829,0.0,0.0,0.0,0.0,0.0,0.0,0.1420424122960284,1.7980613708496094,publication,0.6400561332702637,4.59373927116394,0.8821399826219957,0.9947987303465925,200,0.8200254066993605,2.553886850422714,-0.0005708474782295525,0.8821399826219958,0.9947987085604109,486.04481832504274,mobile,0.00640566859657474,0.009305619218165787,24.30224068443315,24.30224068443315,system,0.0,455,0.9947987085604109,0.054509370620815324,meta_train_support,1,MARGO-SPLIT-v1,20,20,80,3,456,0.0,0.2,20,10,0.0005,0.0005,mrlco_first_order_mean_pseudogradient,fixed_literature_derived_defaults,0.0009126231983614178,4.563115991806921e-05,0.008669199776586086,0.0004334599888292656,0.0008391337462912661,4.195668731456215e-05,3.0,0.0,0.09402008319115839,0.8671698722295323,0.07965354883090728,,,,,,,,,,,,,,,,
0.06085906957315061,0.0455,0.95275,0.00175,-0.004731486551463604,0.017829056829214096,0.004797610346577131,0.028500000294297934,0.4886123177905878,0.0,0.0,0.0,0.0,0.0,0.0,0.16812659447442638,1.733841061592102,publication,0.6548211574554443,5.227381467819214,0.633840652211844,0.7140732344554999,200,0.9476027732561406,3.1754218039568514,0.03715034166816622,0.633840652211844,0.7140732079185546,335.7081639385223,mobile,0.005608193276575247,0.010549197725631948,16.78540808104926,16.78540808104926,system,0.0,456,0.7140732079185546,0.054795856565557355,meta_train_support,1,MARGO-SPLIT-v1,20,20,80,3,457,0.0,0.2,20,10,0.0005,0.0005,mrlco_first_order_mean_pseudogradient,fixed_literature_derived_defaults,0.0009106262110564694,4.5531310552821e-05,0.008650229974011499,0.0004325114987006051,0.0008372975674153552,4.186487837076758e-05,3.0,0.0,0.0940656145017112,0.867602383728233,0.07969541370927805,,,,,,,,,,,,,,,,
0.06314598106787607,0.05125,0.94525,0.0035,-0.001698311185464263,0.007817091420292854,0.003342870419146493,0.02116666650399566,0.4233897750576337,0.0,0.0,0.0,0.0,0.0,0.0,0.1702277887205771,1.658310055732727,publication,0.6535172462463379,5.337517738342285,0.44216996408398174,0.49712876248739124,200,0.5791869072650829,1.4331491636112332,0.03291522816289217,0.4421699640839818,0.49712876055389643,376.8117540359497,mobile,0.00449366592519084,0.007269119741476017,18.84058861992111,18.84058861992111,system,0.0,457,0.49712876055389643,0.049652715982276364,meta_train_support,1,MARGO-SPLIT-v1,20,20,80,3,458,0.0,0.2,20,10,0.0005,0.0005,mrlco_first_order_mean_pseudogradient,fixed_literature_derived_defaults,0.0009086379442201016,4.5431897210998495e-05,0.008631343009002741,0.0004315671504501184,0.0008354694067878108,4.1773470339387386e-05,3.0,0.0,0.0941110463989222,0.8680339508786831,0.07973718717961743,,,,,,,,,,,,,,,,
0.07793502530752533,0.03875,0.9585,0.00275,-0.0023447375278919935,0.01874699257314205,0.006361029335918525,0.028333333522702252,0.6188119910657407,0.0,0.0,0.0,0.0,0.0,0.0,0.14924748267620686,1.5521233081817627,publication,0.6655137538909912,3.8883697986602783,0.8778088632220835,0.9893274612046343,200,0.8809845035529645,2.292398825287819,0.022340819457895122,0.8778088632220836,0.9893274798803031,166.52931926727294,mobile,0.005001632543094941,0.012280808270754041,8.326465953207727,8.326465953207727,system,0.0,458,0.9893274798803031,0.05433477640623719,meta_train_support,1,MARGO-SPLIT-v1,20,20,80,3,459,0.0,0.2,20,10,0.0005,0.0005,mrlco_first_order_mean_pseudogradient,fixed_literature_derived_defaults,0.0009066583408557877,4.533291704278408e-05,0.00861253834013781,0.00043062691700690436,0.0008336492120017807,4.168246060008707e-05,3.0,0.0,0.09415637931596499,0.86846457779569,0.07977886964021752,,,,,,,,,,,,,,,,
0.04546121434568205,0.07175,0.92225,0.006,-0.0015661860816180706,0.00827933382242918,0.0067546946927905084,0.03741666649778684,0.4026684197286764,0.0,0.0,0.0,0.0,0.0,0.0,0.2257141489731326,1.104733943939209,publication,0.6111092567443848,5.339282751083374,0.22963891899409408,0.25754327529592047,200,0.39104374496637867,1.2980381228262559,0.01600785367190838,0.2296389189940941,0.25754327201284466,316.25445110321044,mobile,0.007839209830603953,0.01509950742474845,15.812722416433028,15.812722416433028,system,0.0,459,0.25754327201284466,0.0392863092668889,meta_train_support,1,MARGO-SPLIT-v1,20,20,80,3,460,0.0,0.2,20,10,0.0005,0.0005,mrlco_first_order_mean_pseudogradient,fixed_literature_derived_defaults,0.0009046873444626229,4.523436722313201e-05,0.008593815430702728,0.00042969077153509616,0.0008318369311061247,4.159184655530557e-05,3.0,0.0,0.09420161368318812,0.8688942685672251,0.07982046148677283,,,,,,,,,,,,,,,,
0.08767559424472103,0.0285,0.96875,0.00275,-0.002458204748108983,0.09269215911626816,0.0028547832370653245,0.013000000066434345,0.8168740337093672,0.0,0.0,0.0,0.0,0.0,0.0,0.11457754873184571,1.3981075286865234,publication,0.7024173736572266,4.307647228240967,1.0870575245558067,1.2218150397075045,200,1.0171274114561857,3.390111797489226,0.0290460851856551,1.087057524555807,1.2218150411825628,440.6197080421448,mobile,0.004417084605412264,0.008087816805760453,22.030986475678578,22.030986475678578,system,0.0,460,1.2218150411825628,0.0626628283361663,meta_train_support,1,MARGO-SPLIT-v1,20,20,80,3,461,0.0,0.2,20,10,0.0005,0.0005,mrlco_first_order_mean_pseudogradient,fixed_literature_derived_defaults,0.0009045494964817826,4.522747482409162e-05,0.008583545437407115,0.00042917727187030685,0.0008300325126004715,4.1501625630019356e-05,3.0,0.0,0.09424684115801221,0.8693234458390954,0.07986196311240285,,,,,,,,,,,,,,,,
0.07619231259047547,0.031,0.9655,0.0035,0.0001054403037414886,0.010560511611402035,0.0021153366173772763,0.01558333334202568,0.47704459726810455,0.0,0.0,0.0,0.0,0.0,0.0,0.12275992985845281,1.395658016204834,publication,0.624495267868042,4.793488025665283,0.6594858817635244,0.7446520980120613,200,0.606520781720352,1.7239556349813938,0.026546302280621603,0.6594858817635244,0.7446521225944162,308.74138730049134,mobile,0.004104440651744515,0.0076246560560633055,15.43706924421268,15.43706924421268,system,0.0,461,0.7446521225944162,0.05781233519929145,meta_train_support,1,MARGO-SPLIT-v1,20,20,80,3,462,0.0,0.2,20,10,0.0005,0.0005,mrlco_first_order_mean_pseudogradient,fixed_literature_derived_defaults,0.0009025915971387485,4.5129579856931223e-05,0.008564966334728745,0.00042824831673649033,0.0008282359054303406,4.141179527152039e-05,3.0,0.0,0.09429197073786914,0.8697516941558319,0.07990337490767437,,,,,,,,,,,,,,,,
0.03847657094260057,0.04275,0.95225,0.005,-0.0012088159564882517,0.013997886329889297,0.003267192675654466,0.020500000442067786,0.3550510147586464,0.0,0.0,0.0,0.0,0.0,0.0,0.16992107949172666,1.0194079875946045,publication,0.681894063949585,4.6506946086883545,0.3913632857592843,0.43976636965418947,200,0.5212573944905,1.4814945796970278,0.025032927893335,0.39136328575928436,0.4397663745563477,653.3217464065551,mobile,0.012799820353054507,0.016990516448827885,32.66608779440085,32.66608779440085,system,0.0,462,0.4397663745563477,0.03720065575449302,meta_train_support,1,MARGO-SPLIT-v1,20,20,80,3,463,0.0,0.2,20,10,0.0005,0.0005,mrlco_first_order_mean_pseudogradient,fixed_literature_derived_defaults,0.0009006421552442803,4.503210776221622e-05,0.008548162004596783,0.0004274081002297869,0.0008264470589823268,4.1322352949110797e-05,3.0,0.0,0.09433700284563136,0.8701791022560617,0.07994469726062348,,,,,,,,,,,,,,,,
0.05760330679652646,0.0445,0.9505,0.005,-0.0026399330236017704,0.013638582080602646,0.004606121860949013,0.02633333321039875,0.3690722850461801,0.0,0.0,0.0,0.0,0.0,0.0,0.160098616735543,1.3427642583847046,publication,0.5816638469696045,4.726877450942993,0.33305106437426346,0.37336240435277435,200,0.6410038564714858,2.1484656534157693,0.018781264021527022,0.3330510643742636,0.37336239661090076,182.8834114074707,mobile,0.008871250438554981,0.012202185861018964,9.14417047097743,9.14417047097743,system,0.0,463,0.37336239661090076,0.04757908979631741,meta_train_support,1,MARGO-SPLIT-v1,20,20,80,3,464,0.0,0.2,20,10,0.0005,0.0005,mrlco_first_order_mean_pseudogradient,fixed_literature_derived_defaults,0.0008987011161165987,4.493505580582813e-05,0.008529739241655841,0.000426486962082806,0.0008246659230793477,4.1233296153964094e-05,3.0,0.0,0.09438193790143719,0.8706055892181445,0.07998593055677744,,,,,,,,,,,,,,,,
0.05863148794545396,0.03675,0.959,0.00425,-0.002130272798240185,0.04340451583266258,0.0037269350606948136,0.022833333474894364,0.5275902473678192,0.0,0.0,0.0,0.0,0.0,0.0,0.14657111969684258,1.3439624309539795,publication,0.6991977691650391,4.693359136581421,0.44569253528791963,0.4994234380509806,200,0.7212059558505066,2.0719670429825783,0.04265005060005933,0.44569253528791963,0.49942344531416893,465.93936059951784,mobile,0.00796813363957673,0.01190343013255874,23.296968848014032,23.296968848014032,system,0.0,464,0.49942344531416893,0.052249526538548904,meta_train_support,1,MARGO-SPLIT-v1,20,20,80,3,465,0.0,0.2,20,10,0.0005,0.0005,mrlco_first_order_mean_pseudogradient,fixed_literature_derived_defaults,0.0008992253743450682,4.496126871725292e-05,0.008524636185505788,0.00042623180927525706,0.0008228924479759512,4.114462239879213e-05,3.0,0.0,0.09442689917015444,0.8710318210274197,0.08002707517917623,,,,,,,,,,,,,,,,
0.06972005325779804,0.02575,0.97375,0.0005,-0.0017273168778046966,0.08835301548242569,0.0019416624936032648,0.01175000009437402,0.7814873040964205,0.0,0.0,0.0,0.0,0.0,0.0,0.10117809384644078,1.4254891872406006,publication,0.6654984951019287,5.502991199493408,1.1112918995984755,1.2518886799776556,200,1.144569214691411,2.9923445703461766,0.04426312574651092,1.1112918995984753,1.2518886535800993,536.5978208446503,mobile,0.002633960882790691,0.002945970407462171,26.829891490278854,26.829891490278854,system,0.0,465,1.2518886535800993,0.05250738630383486,meta_train_support,1,MARGO-SPLIT-v1,20,20,80,3,466,0.0,0.2,20,10,0.0005,0.0005,mrlco_first_order_mean_pseudogradient,fixed_literature_derived_defaults,0.0008972957061597783,4.486478530799087e-05,0.008506342974807278,0.0004253171487403895,0.0008211265843536853,4.1056329217678544e-05,3.0,0.0,0.09447176395546243,0.8714571381761601,0.08006813150839391,,,,,,,,,,,,,,,,
0.08599242815111854,0.02175,0.97775,0.0005,-0.0009120074682869017,0.021450461819767952,0.0012909825644480104,0.007666666603957613,0.6575922772288323,0.0,0.0,0.0,0.0,0.0,0.0,0.07497494400043815,1.5249272584915161,publication,0.6755976676940918,5.084585428237915,1.1872915781595332,1.3371723306587955,200,0.743307528751192,2.3616525940597057,0.019270393706392497,1.1872915781595332,1.3371723754145206,272.4192700576782,mobile,0.000995349584188852,0.001698877210494087,13.620963499270887,13.620963499270887,system,0.0,466,1.3371723754145206,0.05659625489283242,meta_train_support,1,MARGO-SPLIT-v1,20,20,80,3,467,0.0,0.2,20,10,0.0005,0.0005,mrlco_first_order_mean_pseudogradient,fixed_literature_derived_defaults,0.0008954464339518389,4.4772321697597595e-05,0.00849267617192959,0.00042463380859647515,0.0008193682833165254,4.096841416582897e-05,3.0,0.0,0.09451653627716003,0.8718817719847566,0.08010909992255974,,,,,,,,,,,,,,,,
0.059947336402505345,0.02225,0.975,0.00275,-0.002801273949444294,0.02155117876827717,0.0027821065268653906,0.011833333146447935,0.5474414143090447,0.0,0.0,0.0,0.0,0.0,0.0,0.10033319981936822,1.5915230512619019,publication,0.6578891277313232,4.800530910491943,0.6827112750746289,0.7679518538383127,200,0.5497159845220658,1.7297329534776509,0.07108675176277757,0.6827112750746289,0.7679518548026681,1037.4916456222534,mobile,0.0012717610317950299,0.0019050681620452609,51.87458529104784,51.87458529104784,system,0.0,467,0.7679518548026681,0.04112897771654401,meta_train_support,1,MARGO-SPLIT-v1,20,20,80,3,468,0.0,0.2,20,10,0.0005,0.0005,mrlco_first_order_mean_pseudogradient,fixed_literature_derived_defaults,0.0008935330868707453,4.4676654343531186e-05,0.008474529427972475,0.0004237264713986555,0.0008176174963863619,4.0880874819321233e-05,3.0,0.0,0.09456121293150356,0.8723054984561552,0.08014998079737906,,,,,,,,,,,,,,,,
0.08376540026320724,0.02175,0.97725,0.001,-0.0011539134429767728,0.040062762796878815,0.0023951227656652915,0.01158333349352082,0.8073575823257366,0.0,0.0,0.0,0.0,0.0,0.0,0.07756747242035572,1.6246092319488525,publication,0.6515283584594727,4.604367733001709,1.1106840334331582,1.2531026278696664,200,0.8774649421846334,2.456055387854576,0.07102945464430377,1.1106840334331585,1.253102669082582,182.05503522872925,mobile,0.0005027589363447209,0.0009198818580262798,9.102751405758271,9.102751405758271,system,0.0,468,1.253102669082582,0.05924775430100827,meta_train_support,1,MARGO-SPLIT-v1,20,20,80,3,469,0.0,0.2,20,10,0.0005,0.0005,mrlco_first_order_mean_pseudogradient,fixed_literature_derived_defaults,0.0008916278990522575,4.458139495261415e-05,0.008456460068850999,0.00042282300344254065,0.0008158741754985445,4.079370877492494e-05,3.0,0.0,0.09460579432645617,0.8727283214595978,0.08019077450615399,,,,,,,,,,,,,,,,
0.06022202376329144,0.0275,0.9715,0.001,-0.0025161714293062687,0.018442358821630478,0.00244549701261955,0.011500000006829698,0.5310074302057425,0.0,0.0,0.0,0.0,0.0,0.0,0.11188264465564947,1.6367428302764893,publication,0.6723179817199707,5.141700029373169,0.65150029258703,0.7335451194638154,200,0.7370423586960039,2.254756486043334,0.0436701133439783,0.6515002925870299,0.7335451109334826,344.58648189544675,mobile,0.002170820907626028,0.003747963295237749,17.229324006633938,17.229324006633938,system,0.0,469,0.7335451109334826,0.03906175353224299,meta_train_support,1,MARGO-SPLIT-v1,20,20,80,3,470,0.0,0.2,20,10,0.0005,0.0005,mrlco_first_order_mean_pseudogradient,fixed_literature_derived_defaults,0.0008897308184159762,4.448654092080451e-05,0.008438467600619401,0.0004219233800309974,0.0008141382729974837,4.070691364987944e-05,3.0,0.0,0.09465028086737698,0.8731502448396288,0.08023148141980387,,,,,,,,,,,,,,,,
0.060327081370105805,0.025,0.97225,0.00275,-0.0009260522783733904,0.014341874979436398,0.001837694777835471,0.011166666696468989,0.5024692838390667,0.0,0.0,0.0,0.0,0.0,0.0,0.10553321254026805,1.6263030767440796,publication,0.7016396522521973,5.369878530502319,0.6827203544948017,0.7670280868896316,200,0.7979764265934716,2.4119592932984233,0.01718260748020839,0.6827203544948018,0.7670280894823372,498.6580613899231,mobile,0.0033906762541356743,0.005825871518705029,24.932903343832,24.932903343832,system,0.0,470,0.7670280894823372,0.043829181768053276,meta_train_support,1,MARGO-SPLIT-v1,20,20,80,3,471,0.0,0.2,20,10,0.0005,0.0005,mrlco_first_order_mean_pseudogradient,fixed_literature_derived_defaults,0.0008878417933237978,4.4392089666195345e-05,0.00842055153352679,0.00042102757667639157,0.0008124097416323086,4.062048708161625e-05,3.0,0.0,0.09469467295704317,0.8735712724163052,0.08027210190688548,,,,,,,,,,,,,,,,
0.05136326215981797,0.02325,0.974,0.00275,-0.0011240649037063122,0.07817818969488144,0.0032819188386686926,0.013833333272486925,0.5491689542929331,0.0,0.0,0.0,0.0,0.0,0.0,0.10556793383340914,1.4977202415466309,publication,0.7055220603942871,5.029069662094116,0.5170612057577508,0.5807158566739236,200,0.7394865393619756,2.5592765202745795,0.057919806509744376,0.5170612057577508,0.5807158591970801,720.7852226448059,mobile,0.0010199500943623046,0.0018453891037437933,36.03926194737241,36.03926194737241,system,0.0,471,0.5807158591970801,0.039312038428385314,meta_train_support,1,MARGO-SPLIT-v1,20,20,80,3,472,0.0,0.2,20,10,0.0005,0.0005,mrlco_first_order_mean_pseudogradient,fixed_literature_derived_defaults,0.0008859607725752304,4.4298038628765024e-05,0.008402711381972709,0.00042013556909858973,0.0008106885345525791,4.053442672763419e-05,3.0,0.0,0.09473897099567194,0.8739914079854038,0.08031263633361312,,,,,,,,,,,,,,,,
0.062364211769907585,0.01225,0.98675,0.001,-0.00043905823258683085,0.019498080015182495,0.0013914026793827362,0.006333333269382518,0.6168256445477407,0.0,0.0,0.0,0.0,0.0,0.0,0.060452760168394834,1.5698270797729492,publication,0.7073428630828857,5.1894211769104,0.7853559672341754,0.8825888078382286,200,0.623391824775354,1.7096561789512634,0.06343875599850435,0.7853559672341751,0.882588816061616,459.3249453163147,mobile,0.002297742038476555,0.0051860161279784845,22.966247296432016,22.966247296432016,system,0.0,472,0.882588816061616,0.04217814340161349,meta_train_support,1,MARGO-SPLIT-v1,20,20,80,3,473,0.0,0.2,20,10,0.0005,0.0005,mrlco_first_order_mean_pseudogradient,fixed_literature_derived_defaults,0.000884087705402767,4.4204385270141255e-05,0.008386243140658218,0.0004193121570329472,0.0008089746053040536,4.04487302652079e-05,3.0,0.0,0.09478317538094208,0.8744107201424367,0.08035308506387832,,,,,,,,,,,,,,,,
0.06465363061427518,0.01225,0.98625,0.0015,-0.0012408049078658223,0.005837714299559593,0.0032914131336231863,0.008416666680326064,0.38911343639095625,0.0,0.0,0.0,0.0,0.0,0.0,0.06426006724042584,1.4895561933517456,publication,0.7067852020263672,5.3957929611206055,0.5372723312893326,0.6038133766266128,200,0.5731777400191209,1.610192071646452,0.06156033724619192,0.5372723312893328,0.6038133862614632,553.9395652770996,mobile,0.0032646414376354725,0.008798045357329901,27.696976485519375,27.696976485519375,system,0.0,473,0.6038133862614632,0.04730725189748429,meta_train_support,1,MARGO-SPLIT-v1,20,20,80,3,474,0.0,0.2,20,10,0.0005,0.0005,mrlco_first_order_mean_pseudogradient,fixed_literature_derived_defaults,0.0008822225414673181,4.4111127073365175e-05,0.00836855064458088,0.0004184275322290931,0.0008072679078245092,4.036339539122136e-05,3.0,0.0,0.09482728650801545,0.8748291476746658,0.08039344845926955,,,,,,,,,,,,,,,,
0.07064836477362346,0.013,0.98525,0.00175,-0.003110302845016122,0.006627792026847601,0.0026737336028115045,0.008333333178112901,0.4232724433143934,0.0,0.0,0.0,0.0,0.0,0.0,0.0630837148974943,1.431462049484253,publication,0.7133331298828125,5.281164169311523,0.3452753205130439,0.3880548078848187,200,0.46160576452266944,1.4604213642887771,0.0197195372893475,0.345275320513044,0.38805481052026153,126.70271540641785,mobile,0.0027562761170745443,0.005040018197190877,6.335135821768307,6.335135821768307,system,0.0,474,0.38805481052026153,0.05381938357953267,meta_train_support,1,MARGO-SPLIT-v1,20,20,80,3,475,0.0,0.2,20,10,0.0005,0.0005,mrlco_first_order_mean_pseudogradient,fixed_literature_derived_defaults,0.0008803652308537027,4.401826154268318e-05,0.008350932643223868,0.00041754663216120314,0.0008055683964396155,4.027841982198743e-05,3.0,0.0,0.09487130476955813,0.875246694306827,0.08043372687909153,,,,,,,,,,,,,,,,
0.08899079204842951,0.0045,0.9955,0.0,-0.001673457445576787,0.12693634629249573,0.0007862347613998583,0.002333333281179269,1.0682337089131275,0.0,0.0,0.0,0.0,0.0,0.0,0.031915515798002086,1.4556134939193726,publication,0.7002406120300293,5.11278772354126,1.1860339170823855,1.3354231011823503,200,1.0056088619042072,3.182162869721651,0.038946318498346955,1.1860339170823853,1.3354230858385563,279.1576556777954,mobile,0.003090346222867512,0.003957021950900141,13.957881879395659,13.957881879395659,system,0.0,475,1.3354230858385563,0.06378250392039649,meta_train_support,1,MARGO-SPLIT-v1,20,20,80,3,476,0.0,0.2,20,10,0.0005,0.0005,mrlco_first_order_mean_pseudogradient,fixed_literature_derived_defaults,0.0008790929325952751,4.395464662976245e-05,0.008335581332009035,0.00041677906660042563,0.0008040430518200002,4.0202152590998463e-05,3.0,0.0,0.09491525941618789,0.8756634733734274,0.08047392903168253,,,,,,,,,,,,,,,,
0.0642094739603956,0.01475,0.98225,0.003,-0.0027761354576796293,0.01553022675216198,0.00393292215777971,0.010666666692122817,0.5176259279251098,0.0,0.0,0.0,0.0,0.0,0.0,0.07511598769243817,1.4404375553131104,publication,0.7003657817840576,5.279828786849976,0.545730559003332,0.613639103167975,200,0.7077391245266704,1.9488390032202005,0.04120659304317087,0.545730559003332,0.6136391028948128,395.6235231781006,mobile,0.003125835707000878,0.007575195507030318,19.78117688795737,19.78117688795737,system,0.0,476,0.6136391028948128,0.04800046652050092,meta_train_support,1,MARGO-SPLIT-v1,20,20,80,3,477,0.0,0.2,20,10,0.0005,0.0005,mrlco_first_order_mean_pseudogradient,fixed_literature_derived_defaults,0.0008772499704724338,4.38624985236169e-05,0.008318106318734383,0.0004159053159367154,0.0008023574269734174,4.011787134866607e-05,3.0,0.0,0.09495912191471151,0.8760793786893641,0.0805140469030312,,,,,,,,,,,,,,,,
0.04019468630026548,0.018,0.9805,0.0015,-0.0016333663370460272,0.008511836640536785,0.0033427099194038115,0.010416666713232794,0.3727745071053505,0.0,0.0,0.0,0.0,0.0,0.0,0.08382458253170202,1.5546391010284424,publication,0.618128776550293,5.122047662734985,0.41277312395902216,0.4642931674762167,200,0.41576279364745894,1.1163698313757777,0.05602607979380991,0.4127731239590222,0.4642931534163654,727.1148429489135,mobile,0.0035332363885646513,0.0065364533506182855,36.35574233138204,36.35574233138204,system,0.0,477,0.4642931534163654,0.029511194305846766,meta_train_support,1,MARGO-SPLIT-v1,20,20,80,3,478,0.0,0.2,20,10,0.0005,0.0005,mrlco_first_order_mean_pseudogradient,fixed_literature_derived_defaults,0.000875414719488182,4.377073597440495e-05,0.008300704422670084,0.00041503522113350844,0.0008006788549504605,4.0033942747527695e-05,3.0,0.0,0.09500289265068591,0.8764944139104976,0.08055408084577872,,,,,,,,,,,,,,,,
0.06895010659302864,0.0095,0.9895,0.001,-0.0018267780542373657,0.016511593014001846,0.0014011325954773688,0.0057499999490877,0.5918171205247442,0.0,0.0,0.0,0.0,0.0,0.0,0.059659341604411345,1.6261166334152222,publication,0.696608304977417,5.112931489944458,0.8541764238272499,0.9625892441168525,200,0.6941481967491593,2.0724590392783284,0.05295880054291047,0.8541764238272499,0.9625891843624413,959.4233758354187,mobile,0.0007281279725989196,0.004795917125126808,47.971166102888674,47.971166102888674,system,0.0,478,0.9625891843624413,0.04301811008147081,meta_train_support,1,MARGO-SPLIT-v1,20,20,80,3,479,0.0,0.2,20,10,0.0005,0.0005,mrlco_first_order_mean_pseudogradient,fixed_literature_derived_defaults,0.0008740991404977032,4.370495702488153e-05,0.008286298671212581,0.0004143149335605889,0.0007990072915789563,3.9950364578947295e-05,3.0,0.0,0.0950465976077108,0.8769087288440582,0.08059403121035767,,,,,,,,,,,,,,,,
0.059923121439496886,0.01525,0.98375,0.001,0.0008484154241159558,0.09332019835710526,0.0032616884006226123,0.010416666620100538,0.7871963226546843,0.0,0.0,0.0,0.0,0.0,0.0,0.05589078872940479,1.5752325057983398,publication,0.6792967319488525,5.282845735549927,1.0127356710246653,1.1402366368014192,200,1.1187949525367382,3.5364719331264496,0.05637566951918416,1.0127356710246656,1.1402366219647229,832.8442931175232,mobile,0.0014873968902106452,0.002878200123890404,41.642212054456834,41.642212054456834,system,0.0,479,1.1402366219647229,0.04720322341383743,meta_train_support,1,MARGO-SPLIT-v1,20,20,80,3,480,0.0,0.2,20,10,0.0005,0.0005,mrlco_first_order_mean_pseudogradient,fixed_literature_derived_defaults,0.0008722781006216664,4.361390503108964e-05,0.00826903554898089,0.0004134517774490032,0.0007973426930548335,3.986713465274627e-05,3.0,0.0,0.09509021151274188,0.8773221806215072,0.08063389834501042,,,,,,,,,,,,,,,,
0.04980563325438324,0.02325,0.9745,0.00225,8.990940841613337e-05,0.005533698480576277,0.0035745212112184765,0.014916666566083828,0.36762510264913234,0.0,0.0,0.0,0.0,0.0,0.0,0.0933159815178059,1.5974746942520142,publication,0.6964161396026611,3.5282328128814697,0.2898041710585575,0.3250685119931586,200,0.3511869719923004,1.0318114816909656,0.05383402211009525,0.28980417105855744,0.325068511813879,496.4617653083801,mobile,0.0013958250467259892,0.0031886029651010677,24.82308824571079,24.82308824571079,system,0.0,480,0.325068511813879,0.03895900900395042,meta_train_support,1,MARGO-SPLIT-v1,20,20,80,3,481,0.0,0.2,20,10,0.0005,0.0005,mrlco_first_order_mean_pseudogradient,fixed_literature_derived_defaults,0.000870464632637006,4.352323163185623e-05,0.008251844206883217,0.0004125922103441759,0.0007956850159382954,3.978425079691206e-05,3.0,0.0,0.09513373474437374,0.8777347728318514,0.08067368259580733,,,,,,,,,,,,,,,,
0.06141632035424126,0.03225,0.964,0.00375,-0.00045598766882903874,0.008118988014757633,0.005082512010509769,0.01941666646550099,0.441109153504173,0.0,0.0,0.0,0.0,0.0,0.0,0.12910215190564236,1.6462671756744385,publication,0.7133843898773193,5.262071847915649,0.6786944706694041,0.7645094482086643,200,0.8348308071251906,1.9920583311468363,0.05221094048465602,0.6786944706694041,0.7645094571076334,240.83836676597596,mobile,0.0026023199431135196,0.005427686871694038,12.041917993010339,12.041917993010339,system,0.0,481,0.7645094571076334,0.043902386410700024,meta_train_support,1,MARGO-SPLIT-v1,20,20,80,3,482,0.0,0.2,20,10,0.0005,0.0005,mrlco_first_order_mean_pseudogradient,fixed_literature_derived_defaults,0.0008686586894157673,4.343293447078844e-05,0.008234724198155243,0.0004117362099077537,0.0007940342171500416,3.970171085750096e-05,3.0,0.0,0.09517716767884453,0.8781465090417592,0.08071338430666483,,,,,,,,,,,,,,,,
0.05882632050713833,0.0215,0.976,0.0025,-0.0015143046621233225,0.053639885038137436,0.00296891364074933,0.012833333201706409,0.5998431878785292,0.0,0.0,0.0,0.0,0.0,0.0,0.0970151690657504,1.6482515335083008,publication,0.6964325904846191,5.348104953765869,0.6103618582507541,0.6866664533167204,200,0.8349460215191983,2.801397455856204,0.034739602997433394,0.610361858250754,0.6866664216294884,307.11164914131166,mobile,0.0015932856215836115,0.0031002253969165754,15.355582960752058,15.355582960752058,system,0.0,482,0.6866664216294884,0.04444407410946106,meta_train_support,1,MARGO-SPLIT-v1,20,20,80,3,483,0.0,0.2,20,10,0.0005,0.0005,mrlco_first_order_mean_pseudogradient,fixed_literature_derived_defaults,0.0008668602242202896,4.3343011211019467e-05,0.008217675079732562,0.0004108837539866794,0.0007923902539675364,3.961951269837449e-05,3.0,0.0,0.09522051069005555,0.8785573927957459,0.0807530038193632,,,,,,,,,,,,,,,,
0.05629131451250761,0.02525,0.97025,0.0045,-0.0009746049763634801,0.0032874334137886763,0.005082455758088145,0.019500000060846408,0.32615045209725696,0.0,0.0,0.0,0.0,0.0,0.0,0.11600986952340443,0.6155329346656799,publication,0.6801292896270752,5.216322898864746,0.10595410674035328,0.1175201704015808,200,0.07822798108515895,0.33435851451940835,0.04074342967942357,0.10595410674035328,0.11752017296850681,449.9987408924103,mobile,0.0029983411628082186,0.010311795511084012,22.499937794641017,22.499937794641017,system,0.0,483,0.11752017296850681,0.045146667415404365,meta_train_support,1,MARGO-SPLIT-v1,20,20,80,3,484,0.0,0.2,20,10,0.0005,0.0005,mrlco_first_order_mean_pseudogradient,fixed_literature_derived_defaults,0.0008650691906991732,4.325345953495874e-05,0.008200696412212452,0.00041003482061063856,0.0007907530840213225,3.953765420106059e-05,3.0,0.0,0.09526376414959051,0.8789674276163565,0.08079254147356427,,,,,,,,,,,,,,,,
0.08120607241151946,0.0195,0.97775,0.00275,-0.0017213522223755717,0.031054140999913216,0.004947488943677551,0.023416666577880583,0.7980053968727587,0.0,0.0,0.0,0.0,0.0,0.0,0.07440267350319424,1.6211438179016113,publication,0.7091825008392334,4.820427417755127,1.0782190948183448,1.2170146535506137,200,0.9606952055590361,2.66154916677624,0.05945228718337603,1.0782190948183445,1.2170146081782878,150.9375509262085,mobile,0.0021768591500518826,0.004332405259554942,7.546877687659949,7.546877687659949,system,0.0,484,1.2170146081782878,0.058380802519914426,meta_train_support,1,MARGO-SPLIT-v1,20,20,80,3,485,0.0,0.2,20,10,0.0005,0.0005,mrlco_first_order_mean_pseudogradient,fixed_literature_derived_defaults,0.0008632855428832986,4.316427714416704e-05,0.008183787759816138,0.00040918938799083815,0.0007891226652913816,3.94561332645732e-05,3.0,0.0,0.09530692842673467,0.8793766170043473,0.08083199760682884,,,,,,,,,,,,,,,,
0.05996752623419599,0.01375,0.98375,0.0025,-0.0027509655337780714,0.029844792559742928,0.004907325213207513,0.02000000000310441,0.5360550098121166,0.0,0.0,0.0,0.0,0.0,0.0,0.06429334852074468,1.603800654411316,publication,0.6942546367645264,5.382215261459351,0.5836691705803617,0.65678264644921,200,0.7871193420572418,2.393134702462703,0.03639177232980728,0.5836691705803617,0.6567826561443507,612.116793384552,mobile,0.003570843910271162,0.014603396934807649,30.605838693552936,30.605838693552936,system,0.0,485,0.6567826561443507,0.047189787607286204,meta_train_support,1,MARGO-SPLIT-v1,20,20,80,3,486,0.0,0.2,20,10,0.0005,0.0005,mrlco_first_order_mean_pseudogradient,fixed_literature_derived_defaults,0.0008615092351818927,4.3075461759092826e-05,0.008166948690351495,0.00040834743451756417,0.0007874989561035393,3.9374947805176364e-05,3.0,0.0,0.09535000388849377,0.8797849644388649,0.08087137255463402,,,,,,,,,,,,,,,,
0.05561630674089559,0.0085,0.99025,0.00125,-0.0017121696146205068,0.019940920174121857,0.002511662620599964,0.013249999967714152,0.6836134099711975,0.0,0.0,0.0,0.0,0.0,0.0,0.050788248550611426,1.5966620445251465,publication,0.6975009441375732,5.2144927978515625,0.7685735228472507,0.8639783912178973,200,0.6808748528582401,2.1794935592333786,0.029869968224375043,0.7685735228472508,0.8639784074295312,748.0158948898315,mobile,0.0018596751823183274,0.003452535090354577,37.40079345591033,37.40079345591033,system,0.0,486,0.8639784074295312,0.036838296109929426,meta_train_support,1,MARGO-SPLIT-v1,20,20,80,3,487,0.0,0.2,20,10,0.0005,0.0005,mrlco_first_order_mean_pseudogradient,fixed_literature_derived_defaults,0.0008597402223786445,4.298701111893344e-05,0.008150178775176235,0.0004075089387588493,0.000785881915125914,3.929409575630094e-05,3.0,0.0,0.0953929908996127,0.8801924733776237,0.08091066665039032,,,,,,,,,,,,,,,,
0.06233050599527099,0.01325,0.9855,0.00125,-0.0036653417628258467,0.08810393512248993,0.005828384801801197,0.02391666606999934,0.7874045637746653,0.0,0.0,0.0,0.0,0.0,0.0,0.07358624372093182,1.5929194688796997,publication,0.6554133892059326,5.4841835498809814,0.6814028983419036,0.7686943341520055,200,1.0317851191704555,3.270903923548758,0.013215080020017922,0.6814028983419036,0.7686943502537906,318.33231370925904,mobile,0.005219852489492429,0.01025495608765709,15.916614761311864,15.916614761311864,system,0.0,487,0.7686943502537906,0.04647640995785093,meta_train_support,1,MARGO-SPLIT-v1,20,20,80,3,488,0.0,0.2,20,10,0.0005,0.0005,mrlco_first_order_mean_pseudogradient,fixed_literature_derived_defaults,0.0008588433491574533,4.294216745787116e-05,0.008139314380711807,0.0004069657190356457,0.00078427150136541,3.921357506826706e-05,3.0,0.0,0.09543593306707057,0.8805994390966594,0.08094988022545858,,,,,,,,,,,,,,,,
0.060681992645724846,0.01625,0.98325,0.0005,0.0008096964447759092,0.08814603835344315,0.0031071315734815625,0.009916666817540923,0.8745668344199657,0.0,0.0,0.0,0.0,0.0,0.0,0.06754835236485682,1.5760844945907593,publication,0.6708643436431885,5.751547574996948,0.8556562428336038,0.9649954398929026,200,1.344540850126439,4.331307406537235,0.03739733877591789,0.8556562428336039,0.9649955102428794,650.4785337066651,mobile,0.003025855830209863,0.007071385225117075,32.52392772740765,32.52392772740765,system,0.0,488,0.9649955102428794,0.05036139370235437,meta_train_support,1,MARGO-SPLIT-v1,20,20,80,3,489,0.0,0.2,20,10,0.0005,0.0005,mrlco_first_order_mean_pseudogradient,fixed_literature_derived_defaults,0.0008570870232900555,4.2854351164509086e-05,0.008122669566027326,0.0004061334783013182,0.0007826676741642537,3.913338370821473e-05,3.0,0.0,0.09547878741823508,0.8810055725749607,0.0809890136091668,,,,,,,,,,,,,,,,
0.044671242095422906,0.0175,0.98025,0.00225,-0.001042044605128467,0.021833401173353195,0.004610260121391245,0.01916666659526527,0.46684945672750466,0.0,0.0,0.0,0.0,0.0,0.0,0.07491030646528049,1.5658015012741089,publication,0.6524302959442139,5.470241069793701,0.6025620603317294,0.6781171909967452,200,0.8679993383504504,2.9300122130662203,0.03869015973759815,0.6025620603317294,0.6781171803362668,536.52484664917,mobile,0.0030788161408830715,0.005556110852383091,26.826243405288473,26.826243405288473,system,0.0,489,0.6781171803362668,0.03323756714599292,meta_train_support,1,MARGO-SPLIT-v1,20,20,80,3,490,0.0,0.2,20,10,0.0005,0.0005,mrlco_first_order_mean_pseudogradient,fixed_literature_derived_defaults,0.0008553378660996676,4.2766893304985176e-05,0.008106092689361964,0.0004053046344680844,0.0007810703931965716,3.9053519659826286e-05,3.0,0.0,0.09552155431154007,0.8814108772094288,0.08102806712882663,,,,,,,,,,,,,,,,
0.05630245924718045,0.01325,0.98625,0.0005,-0.0017108188476413488,0.03413458913564682,0.0023521839187291486,0.00625,0.5984343577797214,0.0,0.0,0.0,0.0,0.0,0.0,0.06182408175539899,1.5201197862625122,publication,0.6762208938598633,5.056396722793579,0.5559156161684202,0.6243130892909176,200,0.5877521250968447,1.72700291313231,0.018960040744786966,0.5559156161684202,0.6243130780570209,683.6094093418121,mobile,0.0033367342331346124,0.0056254045211991555,34.18047047356391,34.18047047356391,system,0.0,490,0.6243130780570209,0.03895993630003378,meta_train_support,1,MARGO-SPLIT-v1,20,20,80,3,491,0.0,0.2,20,10,0.0005,0.0005,mrlco_first_order_mean_pseudogradient,fixed_literature_derived_defaults,0.0008535958337858191,4.267979168928737e-05,0.008089583335615809,0.000404479166780769,0.0007794796184650103,3.897398092325699e-05,3.0,0.0,0.09556423410322935,0.8818153563762096,0.08106704110974988,,,,,,,,,,,,,,,,
0.07044557962497752,0.0145,0.9835,0.002,-0.004413483198732138,0.03529089316725731,0.0053174331750293884,0.016583333412806194,0.569679249326388,0.0,0.0,0.0,0.0,0.0,0.0,0.06932899357608316,1.5671387910842896,publication,0.693122148513794,4.457932233810425,0.7173334999773491,0.8062111990795165,200,0.8641717711617987,2.2334067752817646,0.02885267834426486,0.7173334999773493,0.8062112115137279,432.7375743484497,mobile,0.0016048184467106373,0.0032512952994052167,21.636877682209498,21.636877682209498,system,0.0,491,0.8062112115137279,0.04671868048666469,meta_train_support,1,MARGO-SPLIT-v1,20,20,80,3,492,0.0,0.2,20,10,0.0005,0.0005,mrlco_first_order_mean_pseudogradient,fixed_literature_derived_defaults,0.0008518608829041406,4.2593044145208814e-05,0.008073141093063745,0.0004036570546531726,0.0007778953102973986,3.8894765514871366e-05,3.0,0.0,0.09560682714737456,0.8822190134308627,0.08110593587526475,,,,,,,,,,,,,,,,
0.04698586082978604,0.0125,0.9865,0.001,-8.240657189162448e-05,0.057129546999931335,0.0026451776439292496,0.014833332986260456,0.8021904172996681,0.0,0.0,0.0,0.0,0.0,0.0,0.06079684078794117,1.563144564628601,publication,0.7052779197692871,5.202599287033081,0.789725707874485,0.8879609261923906,200,0.9233954956683862,2.6578679475933313,0.052616307919379324,0.7897257078744851,0.8879608975350857,1295.203809223175,mobile,0.0016581469690320767,0.0036191230013380075,64.76018643408963,64.76018643408963,system,0.0,492,0.8879608975350857,0.03511722696764104,meta_train_support,1,MARGO-SPLIT-v1,20,20,80,3,493,0.0,0.2,20,10,0.0005,0.0005,mrlco_first_order_mean_pseudogradient,fixed_literature_derived_defaults,0.0008501329703627529,4.250664851813968e-05,0.008056765553321221,0.0004028382776660733,0.0007763174293434485,3.88158714671738e-05,3.0,0.0,0.0956493337958927,0.8826218517085288,0.08114475174673193,,,,,,,,,,,,,,,,
0.06211058920941489,0.012,0.98725,0.00075,0.0016744628082960844,0.014350607991218567,0.004239630697217459,0.008249999986340604,0.6614976192514102,0.0,0.0,0.0,0.0,0.0,0.0,0.05034992330358152,1.6272684335708618,publication,0.6860194206237793,5.401569843292236,0.810467621712306,0.9124583650706336,200,0.8379120040503505,2.488573743030429,0.07157493755221367,0.8104676217123059,0.9124584061279893,704.1256835842132,mobile,0.0006553795513583161,0.000722744687448941,35.206285754061966,35.206285754061966,system,0.0,493,0.9124584061279893,0.04598357017330862,meta_train_support,1,MARGO-SPLIT-v1,20,20,80,3,494,0.0,0.2,20,10,0.0005,0.0005,mrlco_first_order_mean_pseudogradient,fixed_literature_derived_defaults,0.0008488185289670977,4.244092644835329e-05,0.008043149080416307,0.000402157454020835,0.0007747459365714982,3.873729682857263e-05,3.0,0.0,0.09569177472234106,0.8830240091625496,0.0811834890435605,,,,,,,,,,,,,,,,
0.06466665030058556,0.007,0.993,0.0,-0.0013246036833152175,0.016304122284054756,0.0016705194824150262,0.004333333345130086,0.6803009505073229,0.0,0.0,0.0,0.0,0.0,0.0,0.0356096637358256,1.6888127326965332,publication,0.7047948837280273,5.260169744491577,0.5344976223014303,0.6027880036477291,200,0.5947612892072086,1.9661882715299726,0.0928877962869592,0.5344976223014302,0.6027880083024502,928.6298298358918,mobile,0.0004157467713644453,0.0006365630615775489,46.43149126500255,46.43149126500255,system,0.0,494,0.6027880083024502,0.04185185579219773,meta_train_support,1,MARGO-SPLIT-v1,20,20,80,3,495,0.0,0.2,20,10,0.0005,0.0005,mrlco_first_order_mean_pseudogradient,fixed_literature_derived_defaults,0.0008471037440600934,4.23551872030109e-05,0.008026900294395263,0.00040134501471977835,0.0007731807932652931,3.865903966326911e-05,3.0,0.0,0.09573412990954407,0.8834253541772694,0.08122214808322377,,,,,,,,,,,,,,,,
0.06388440422980367,0.011,0.987,0.002,-0.0011453971965238452,0.014379682950675488,0.003405618096404813,0.012333333430190881,0.6378875022133192,0.0,0.0,0.0,0.0,0.0,0.0,0.0507138651033303,1.681356430053711,publication,0.6877298355102539,5.372746706008911,0.5824035066155281,0.6546594012129936,200,0.697587022862297,2.1191503959707916,0.05636803631205112,0.5824035066155281,0.6546594018861651,358.04560448646544,mobile,0.00130337122502243,0.002536831403405451,17.902281236061672,17.902281236061672,system,0.0,495,0.6546594018861651,0.04547768025960135,meta_train_support,1,MARGO-SPLIT-v1,20,20,80,3,496,0.0,0.2,20,10,0.0005,0.0005,mrlco_first_order_mean_pseudogradient,fixed_literature_derived_defaults,0.0008453958736083594,4.2269793680424494e-05,0.008010717027672693,0.00040053585138366543,0.0007716219610208067,3.858109805103538e-05,3.0,0.0,0.09577639970322449,0.8838258900286531,0.0812607291812748,,,,,,,,,,,,,,,,
0.06097816769396212,0.01125,0.9875,0.00125,-0.0021051920484751463,0.015354619361460209,0.0016806285598780356,0.011833333379278579,0.6754734513660272,0.0,0.0,0.0,0.0,0.0,0.0,0.060970397276701456,1.6862156391143799,publication,0.7061753273010254,4.95762038230896,0.4343897754601971,0.48899625366766714,200,0.7760280015610451,2.2919786046259105,0.029437478253385052,0.43438977546019714,0.48899625482968984,247.304189453125,mobile,0.0026542424218613985,0.007214094107045372,12.365208923285032,12.365208923285032,system,0.0,496,0.48899625482968984,0.04844961198869296,meta_train_support,1,MARGO-SPLIT-v1,20,20,80,3,497,0.0,0.2,20,10,0.0005,0.0005,mrlco_first_order_mean_pseudogradient,fixed_literature_derived_defaults,0.0008436948758747409,4.21847437937356e-05,0.00799459888475987,0.0003997299442379809,0.0007700694017430988,3.850347008715893e-05,3.0,0.0,0.09581858444701823,0.8842256199728911,0.08129923265136196,,,,,,,,,,,,,,,,
0.051662665479271966,0.01075,0.989,0.00025,-0.001969017321243882,0.04246222972869873,0.00572022334751106,0.014416666499649483,0.7302241226037343,0.0,0.0,0.0,0.0,0.0,0.0,0.04816606089202712,1.5827473402023315,publication,0.6427929401397705,5.2286176681518555,0.6748950978433862,0.757750707975099,200,0.9673585319181576,3.2947039334103465,0.04719331130036153,0.6748950978433863,0.757750677280128,753.3826281642914,mobile,0.003040243092032029,0.008942344278421785,37.66913126075212,37.66913126075212,system,0.0,497,0.757750677280128,0.037934417357142626,meta_train_support,1,MARGO-SPLIT-v1,20,20,80,3,498,0.0,0.2,20,10,0.0005,0.0005,mrlco_first_order_mean_pseudogradient,fixed_literature_derived_defaults,0.0008420007094573217,4.2100035472864006e-05,0.00797854547334469,0.0003989272736671934,0.000768523077643213,3.842615388216508e-05,3.0,0.0,0.09586068448249109,0.8846245472465583,0.08133765880524413,,,,,,,,,,,,,,,,
0.05886173657224819,0.01175,0.987,0.00125,0.00034002214670181274,0.007188651245087385,0.004464529714558315,0.007916666613891721,0.4900963095327218,0.0,0.0,0.0,0.0,0.0,0.0,0.04468280236523352,1.5716320276260376,publication,0.6706972122192383,4.848921060562134,0.4292457403642787,0.4826872884931436,200,0.49112442461407907,1.612159107811749,0.04671048477757722,0.4292457403642789,0.48268727948889134,688.6590057659149,mobile,0.0018434042040706667,0.002454530785059127,34.4329529407237,34.4329529407237,system,0.0,498,0.48268727948889134,0.047443947555468054,meta_train_support,1,MARGO-SPLIT-v1,20,20,80,3,499,0.0,0.2,20,10,0.0005,0.0005,mrlco_first_order_mean_pseudogradient,fixed_literature_derived_defaults,0.0008403133332860645,4.201566666429957e-05,0.00796255640425983,0.000398127820212979,0.0007669829512351104,3.834914756176144e-05,3.0,0.0,0.09590270014915539,0.8850226750667712,0.08137600795280589,,,,,,,,,,,,,,,,
0.04462690427202371,0.01575,0.98375,0.0005,-0.0058882650919258595,0.014612393453717232,0.007715670491597847,0.03141666684920589,0.4609784183402857,0.0,0.0,0.0,0.0,0.0,0.0,0.06624878445615716,1.3352851867675781,publication,0.653289794921875,5.197523832321167,0.4987535823219574,0.5609272382990457,200,0.8033572680096797,2.5134147251956165,0.0341941529441101,0.4987535823219574,0.560927240550518,341.75497327804567,mobile,0.004713614807785363,0.009026578530471528,17.087749031506785,17.087749031506785,system,0.0,499,0.560927240550518,0.03687709089259425,meta_train_support,1,MARGO-SPLIT-v1,20,20,80,3,500,0.0,0.2,20,10,0.0005,0.0005,mrlco_first_order_mean_pseudogradient,fixed_literature_derived_defaults,0.0008387192856775056,4.19359642838818e-05,0.007950209007910762,0.0003975104503954885,0.0007654489853326402,3.827244926662976e-05,3.0,0.0,0.09594463611343927,0.8854201855171667,0.08141428040207252,,,,,,,,,,,,,,,,
