"Average greedy latency,",action_fraction/local,action_fraction/mec,action_fraction/v2v,policy/policy_loss_mean,policy/value_loss_mean,policy/approx_kl,policy/clip_fraction,policy/grad_norm,collapse/flag,mask/active_rate,mask/forced_rate,mask/all_invalid_rate,policy/invalid_action_rate,policy/argmax_masked_rate,policy/entropy_valid,critic/value_abs_max,inner_update_mode,PolicyExecTime,EnvExecTime,AverageDiscountedReturn,AverageReturn,NumTrajs,StdReturn,MaxReturn,MinReturn,training/objective_discounted_return,training/objective_legacy_undiscounted_sum,"Average energy,",energy/average_energy_scope,energy/requester_joules,energy/mobile_joules,energy/system_joules,energy/primary_joules,energy/primary_scope,constraint/penalty,Itr,"Average reward, ","Average latency,",split_role,seed,split_version,support_graphs_per_meta_task,support_trajectories_per_meta_task,query_graph_count,k_steps,outer_update_count,entropy_coefficient,value_clip_epsilon,ppo_batch_size_trajectories,meta_batch_size_distributions,inner_learning_rate,outer_learning_rate,outer_update_method,hyperparameter_provenance.policy,constraint/mean_violation_C_GRAPH_HARD_DEADLINE,constraint/delta_C_GRAPH_HARD_DEADLINE,constraint/mean_violation_C_HI_TASK_TARDINESS,constraint/delta_C_HI_TASK_TARDINESS,constraint/mean_violation_C_MED_TASK_TARDINESS,constraint/delta_C_MED_TASK_TARDINESS,constraint/updates,constraint/skipped,constraint/lambda_C_GRAPH_HARD_DEADLINE,constraint/lambda_C_HI_TASK_TARDINESS,constraint/lambda_C_MED_TASK_TARDINESS,validation/objective_discounted_return_k0,validation/objective_discounted_return_k3,validation/query_mean_latency_seconds_k3,validation/graph_hard_violation_rate_k3,validation/high_task_tardiness_rate_k3,validation/medium_task_tardiness_rate_k3,validation/firm_task_miss_rate_k3,validation/mode_switch_rate_k3,validation/hi_mode_rate_k3,validation/mc_policy_violation_count_k3,checkpoint_selection_metric,checkpoint_selection_rule_id,checkpoint_selection_rule_sha,checkpoint_selection_key_hash,checkpoint_selection_latency_s,checkpoint_is_best_val
0.0561457102432034,0.3595,0.2955,0.345,0.06712893396615982,0.22320690751075745,0.11882288008928299,0.5501666645208994,2.2872350345055263,0.0,0.0,0.0,0.0,0.0,0.0,1.094140652716024,0.2755745053291321,publication,0.6358814239501953,4.742210149765015,0.21291056669217853,0.24448305920207603,200,0.4843465302043413,2.5082146204076707,-0.24540437757968903,0.21291056669217853,0.24448305911384524,230.74896212339402,mobile,0.0832083666314078,0.698279714938581,11.537448467405818,11.537448467405818,system,0.0,0,0.24448305911384524,0.2020329430520194,meta_train_support,0,MARGO-SPLIT-v1,20,20,80,3,1,0.0,0.2,20,10,0.0005,0.0005,mrlco_first_order_mean_pseudogradient,fixed_literature_derived_defaults,0.07880484587818232,0.003940242293909116,0.48516243023157146,0.024258121511578575,0.028793811708037326,0.0014396905854018663,3.0,0.0,0.003940242293909116,0.024258121511578575,0.0014396905854018663,-0.16540310977288436,-0.16228647294298057,0.16228647294298057,0.1,0.375,0.025,0.0675,0.975,0.975,0.0,validation/automotive_lexicographic_v1,automotive_lexicographic_v1,a3bd00d5108237acdb706f561212b5d840bac151f48b5250a61c573d9c9ffb6c,875214099.0,0.16228647294298057,1.0
0.05302426883490582,0.41675,0.352,0.23125,0.05481326952576637,0.14181658625602722,0.09979900643229486,0.5316666682561239,2.223870941003164,0.0,0.0,0.0,0.0,0.0,0.0,1.0710522046741404,0.39227110147476196,publication,0.6819412708282471,4.6781604290008545,0.2601037736952138,0.2959924728327951,200,0.36598977548130784,1.5030777407810092,-0.1399038746021688,0.2601037736952138,0.2959924718941329,432.26694299697874,mobile,0.15555776401557075,1.2102065834481712,21.61334710794114,21.61334710794114,system,0.0,1,0.2959924718941329,0.17991916043551442,meta_train_support,0,MARGO-SPLIT-v1,20,20,80,3,2,0.0,0.2,20,10,0.0005,0.0005,mrlco_first_order_mean_pseudogradient,fixed_literature_derived_defaults,0.04529610256135728,0.0022648051280678635,0.2823590546500809,0.014117952732504043,0.014409310369780281,0.0007204655184890139,3.0,0.0,0.006205047421976979,0.03837607424408262,0.00216015610389088,,,,,,,,,,,,,,,,
0.0785894452679792,0.407,0.42225,0.17075,0.06198151782155037,0.10395853966474533,0.06804841185609499,0.5284166683753332,0.9967199179033438,0.0,0.0,0.0,0.0,0.0,0.0,1.0264101630655877,0.37413251399993896,publication,0.6552548408508301,5.616110801696777,0.33770096528095067,0.3883129532329053,200,0.4488145499179322,2.008818461559713,-0.2972548035904765,0.3377009652809507,0.38831295317271725,98.47008279323578,mobile,0.1038068850544069,0.524620573239576,4.923504096122013,4.923504096122013,system,0.0,2,0.38831295317271725,0.3025879196067891,meta_train_support,0,MARGO-SPLIT-v1,20,20,80,3,3,0.0,0.2,20,10,0.0005,0.0005,mrlco_first_order_mean_pseudogradient,fixed_literature_derived_defaults,0.06399348154832817,0.003199674077416408,0.4194410802768326,0.020972054013841633,0.01518309886357387,0.0007591549431786937,3.0,0.0,0.009404721499393387,0.05934812825792425,0.002919311047069574,,,,,,,,,,,,,,,,
0.05477848347557044,0.4265,0.4155,0.158,0.03168477118015289,0.16487866640090942,0.04615830481052398,0.4242500017086665,0.8845469395319622,0.0,0.0,0.0,0.0,0.0,0.0,0.9894535421727619,0.3859674036502838,publication,0.7074272632598877,5.471241474151611,0.5062143542906459,0.5777089793971573,200,0.6386388637596593,2.5850383024662733,-0.1422368474304676,0.5062143542906459,0.5777089772338513,463.7576734304428,mobile,0.11969115367995561,1.0354359708122138,23.187883492689334,23.187883492689334,system,0.0,3,0.5777089772338513,0.20468673912379615,meta_train_support,0,MARGO-SPLIT-v1,20,20,80,3,4,0.0,0.2,20,10,0.0005,0.0005,mrlco_first_order_mean_pseudogradient,fixed_literature_derived_defaults,0.06464829430790671,0.003232414715395336,0.429202262194022,0.0214601131097011,0.017262032058589574,0.0008631016029294787,3.0,0.0,0.012637136214788723,0.08080824136762535,0.0037824126499990526,,,,,,,,,,,,,,,,
0.049993240904121675,0.4405,0.41975,0.13975,0.00716170109808445,0.06053279712796211,0.03407320361584425,0.38216666815181577,0.7870744444429876,0.0,0.0,0.0,0.0,0.0,0.0,0.9662958111096366,0.38641583919525146,publication,0.6748290061950684,5.709385633468628,0.20443115835837766,0.23376202356565956,200,0.3144689004057115,1.0774259583558887,-0.11335486747702817,0.20443115835837763,0.23376202186802403,413.8941588306427,mobile,0.150835587475306,0.8515556207730941,20.694708098464226,20.694708098464226,system,0.0,4,0.23376202186802403,0.15122800022506064,meta_train_support,0,MARGO-SPLIT-v1,20,20,80,3,5,0.0,0.2,20,10,0.0005,0.0005,mrlco_first_order_mean_pseudogradient,fixed_literature_derived_defaults,0.05318545723208305,0.0026592728616041533,0.36110169839609724,0.01805508491980487,0.013835398619463198,0.0006917699309731597,3.0,0.0,0.015296409076392877,0.09886332628743022,0.004474182580972212,,,,,,,,,,,,,,,,
0.056981093703054195,0.41625,0.45275,0.131,0.012764515355229378,0.16245031356811523,0.046534114486227435,0.4453333333134652,0.9440020121634006,0.0,0.0,0.0,0.0,0.0,0.0,0.9542005472927546,0.3321318030357361,publication,0.6551978588104248,4.9925432205200195,0.39479662595649645,0.4513431801781826,200,0.5882035224868961,2.2919848170131445,-0.3971605943515897,0.39479662595649645,0.4513431828841567,437.9985238981247,mobile,0.1100013609728545,0.37051035012184097,21.899926195611233,21.899926195611233,system,0.0,5,0.4513431828841567,0.1647897024580687,meta_train_support,0,MARGO-SPLIT-v1,20,20,80,3,6,0.0,0.2,20,10,0.0005,0.0005,mrlco_first_order_mean_pseudogradient,fixed_literature_derived_defaults,0.05009146977186293,0.0025045734885931464,0.34790690330657026,0.017395345165328507,0.013731882014096662,0.0006865941007048329,3.0,0.0,0.017800982564986023,0.11625867145275873,0.005160776681677045,,,,,,,,,,,,,,,,
0.05478562688148068,0.41125,0.46625,0.1225,0.006088936701416969,0.09126926213502884,0.036014702667792636,0.38833333104848855,0.764400776475668,0.0,0.0,0.0,0.0,0.0,0.0,0.9276944415657239,0.2974698543548584,publication,0.7006714344024658,5.4854912757873535,0.2966557813992054,0.3366684384593009,200,0.5178518610752154,2.0464682509191334,-0.23517238534986973,0.29665578139920534,0.33666843865066765,353.8897851610184,mobile,0.10278469376528769,0.363203761525559,17.694489242332082,17.694489242332082,system,0.0,6,0.33666843865066765,0.13893304340860976,meta_train_support,0,MARGO-SPLIT-v1,20,20,80,3,7,0.0,0.2,20,10,0.0005,0.0005,mrlco_first_order_mean_pseudogradient,fixed_literature_derived_defaults,0.044813608663214925,0.0022406804331607452,0.3179687871403564,0.01589843935701782,0.012403771867926773,0.0006201885933963388,3.0,0.0,0.02004166299814677,0.13215711080977655,0.005780965275073384,,,,,,,,,,,,,,,,
0.057026415440004606,0.3825,0.508,0.1095,0.006469941232353449,0.08035862445831299,0.030635813002785044,0.3152500006059806,0.6755173847079278,0.0,0.0,0.0,0.0,0.0,0.0,0.8920167763766488,0.3630618155002594,publication,0.6163394451141357,5.277084112167358,0.380061018083885,0.43282640928271576,200,0.6723957514306549,2.663356806151569,-0.1737259810906835,0.3800610180838851,0.43282641427998897,337.15557619094847,mobile,0.12758774025500658,0.35051320688582416,16.8577786782811,16.8577786782811,system,0.0,7,0.43282641427998897,0.15100420584632074,meta_train_support,0,MARGO-SPLIT-v1,20,20,80,3,8,0.0,0.2,20,10,0.0005,0.0005,mrlco_first_order_mean_pseudogradient,fixed_literature_derived_defaults,0.04133157288950864,0.002066578644475431,0.29554218153752815,0.014777109076876405,0.011147588090996908,0.0005573794045498452,3.0,0.0,0.0221082416426222,0.14693421988665295,0.006338344679623229,,,,,,,,,,,,,,,,
0.06325362856621433,0.37375,0.55025,0.076,0.0125365499407053,0.10230289399623871,0.03079305950862666,0.34091666744401056,0.7565686906377475,0.0,0.0,0.0,0.0,0.0,0.0,0.8441532999868526,0.5509281754493713,publication,0.6882529258728027,4.611644268035889,0.38119384735702994,0.4347015043284472,200,0.5114997455409457,1.8641688560601324,-0.20036311820149422,0.3811938473570299,0.43470150800130797,236.87728756427765,mobile,0.10488155557235336,0.4888419565019643,11.84386442704403,11.84386442704403,system,0.0,8,0.43470150800130797,0.1550621559124139,meta_train_support,0,MARGO-SPLIT-v1,20,20,80,3,9,0.0,0.2,20,10,0.0005,0.0005,mrlco_first_order_mean_pseudogradient,fixed_literature_derived_defaults,0.03849159218783389,0.001924579609391696,0.2794319179119456,0.013971595895597266,0.010413739708324337,0.0005206869854162167,3.0,0.0,0.024032821252013895,0.16090581578225022,0.006859031665039446,,,,,,,,,,,,,,,,
0.05643615039391765,0.3715,0.56525,0.06325,0.007902827113866806,0.1386387050151825,0.021296658009911578,0.26666666492819785,0.6629918351769448,0.0,0.0,0.0,0.0,0.0,0.0,0.8018863860624965,0.6369914412498474,publication,0.6484472751617432,4.902663946151733,0.4473660772984773,0.5078280735028693,200,0.5494746515799512,2.1236259187571704,-0.11482274811714888,0.4473660772984774,0.5078280704679492,375.15126180648804,mobile,0.10859653472459957,0.29780785839497365,18.757563006148096,18.757563006148096,system,0.0,9,0.5078280704679492,0.1695142481338275,meta_train_support,0,MARGO-SPLIT-v1,20,20,80,3,10,0.0,0.2,20,10,0.0005,0.0005,mrlco_first_order_mean_pseudogradient,fixed_literature_derived_defaults,0.036516906096491185,0.0018258453048245575,0.26604048887481374,0.013302024443740679,0.009499478481420612,0.0004749739240710307,3.0,0.0,0.025858666556838453,0.1742078402259909,0.007334005589110477,,,,,,,,,,,,,,,,
0.053794840307055045,0.37875,0.57175,0.0495,0.007900746539235115,0.0558357797563076,0.022388829283105833,0.2616666665300727,0.6941899756590524,0.0,0.0,0.0,0.0,0.0,0.0,0.7723427271152394,0.5133682489395142,publication,0.690983772277832,4.724663257598877,0.26399007126394447,0.29997866606897106,200,0.40130102414355195,1.4121054629795253,-0.16689232736825943,0.2639900712639444,0.2999786680773832,363.3416847705841,mobile,0.10641572952226826,0.2784112093235085,18.167084224099554,18.167084224099554,system,0.0,10,0.2999786680773832,0.13566803565386068,meta_train_support,0,MARGO-SPLIT-v1,20,20,80,3,11,0.0,0.2,20,10,0.0005,0.0005,mrlco_first_order_mean_pseudogradient,fixed_literature_derived_defaults,0.033660137380637944,0.0016830068690318958,0.24677135049708815,0.012338567524854405,0.008748315211461915,0.00043741576057309585,3.0,0.0,0.02754167342587035,0.1865464077508453,0.007771421349683573,,,,,,,,,,,,,,,,
0.0600249054526949,0.3705,0.59075,0.03875,0.012142880819737911,0.03641287237405777,0.02539630364626646,0.2699999980628491,0.7487194682161014,0.0,0.0,0.0,0.0,0.0,0.0,0.7393866464621872,0.548645555973053,publication,0.6655607223510742,3.644972324371338,0.27872713540634525,0.3157542861410525,200,0.3544559340091203,1.4433652013540268,-0.02889948827214539,0.27872713540634525,0.3157542858668603,309.7751552033424,mobile,0.10941814530336606,0.20259599439193432,15.488757648252092,15.488757648252092,system,0.0,11,0.3157542858668603,0.12128852984801318,meta_train_support,0,MARGO-SPLIT-v1,20,20,80,3,12,0.0,0.2,20,10,0.0005,0.0005,mrlco_first_order_mean_pseudogradient,fixed_literature_derived_defaults,0.03113065144548233,0.0015565325722741163,0.2290047352209399,0.011450236761047006,0.008077316181450762,0.0004038658090725379,3.0,0.0,0.029098205998144465,0.1979966445118923,0.00817528715875611,,,,,,,,,,,,,,,,
0.06852089962018679,0.3945,0.56875,0.03675,0.003701605601236224,0.11022457480430603,0.017766281434645256,0.226416668171684,0.526547804971536,0.0,0.0,0.0,0.0,0.0,0.0,0.7340468006306139,0.24523356556892395,publication,0.674407958984375,5.725183486938477,0.35382815368945464,0.40184027937804784,200,0.7196799716726883,3.039181038737297,-0.14120220905169845,0.35382815368945464,0.4018402784469072,96.97392626285553,mobile,0.07946821402136736,0.11071589052162423,4.848696359915454,4.848696359915454,system,0.0,12,0.4018402784469072,0.16381117359380704,meta_train_support,0,MARGO-SPLIT-v1,20,20,80,3,13,0.0,0.2,20,10,0.0005,0.0005,mrlco_first_order_mean_pseudogradient,fixed_literature_derived_defaults,0.030231031205518743,0.0015115515602759366,0.22106262818643901,0.011053131409321959,0.007762732165624705,0.00038813660828123514,3.0,0.0,0.0306097575584204,0.20904977592121426,0.008563423767037346,,,,,,,,,,,,,,,,
0.062446168607426064,0.404,0.565,0.031,0.0032911975868046284,0.128578320145607,0.02240059874020517,0.2027499993642171,0.6469619919856389,0.0,0.0,0.0,0.0,0.0,0.0,0.7121322436177346,0.24987435340881348,publication,0.6926403045654297,5.16724157333374,0.592601408825043,0.6751128490057908,200,0.7144486765159607,2.8405946767888963,-0.062014855153393,0.5926014088250431,0.6751128483912907,265.44825744628906,mobile,0.06645781701569682,0.14525456526997677,13.272412910811616,13.272412910811616,system,0.0,13,0.6751128483912907,0.16122484577202534,meta_train_support,0,MARGO-SPLIT-v1,20,20,80,3,14,0.0,0.2,20,10,0.0005,0.0005,mrlco_first_order_mean_pseudogradient,fixed_literature_derived_defaults,0.02918955229999227,0.0014594776149996144,0.21489379260498018,0.010744689630249021,0.0075330974527341825,0.00037665487263670826,3.0,0.0,0.032069235173420016,0.2197944655514633,0.008940078639674054,,,,,,,,,,,,,,,,
0.0595978185914144,0.3795,0.59175,0.02875,0.0040454622358083725,0.1639339178800583,0.018575144854063787,0.18249999855955443,0.567821331322193,0.0,0.0,0.0,0.0,0.0,0.0,0.6944991397112064,0.3899555802345276,publication,0.6918392181396484,5.41390061378479,0.6099585031564791,0.6940135726289008,200,0.8537078828337838,3.1169815976172686,-0.37541869809501804,0.6099585031564791,0.6940135682886467,450.94919244766237,mobile,0.16417580945446544,0.2341625230443353,22.54745948848342,22.54745948848342,system,0.0,14,0.6940135682886467,0.12565395879908056,meta_train_support,0,MARGO-SPLIT-v1,20,20,80,3,15,0.0,0.2,20,10,0.0005,0.0005,mrlco_first_order_mean_pseudogradient,fixed_literature_derived_defaults,0.02797486216193079,0.0013987431080965396,0.2111134829672045,0.010555674148360228,0.008349543517719058,0.0004174771758859528,3.0,0.0,0.033467978281516556,0.23035013969982351,0.009357555815560007,,,,,,,,,,,,,,,,
0.051994857839120556,0.38675,0.5815,0.03175,0.0011965013109147549,0.1344093531370163,0.016730544219414393,0.1493333330998818,0.5087356731295587,0.0,0.0,0.0,0.0,0.0,0.0,0.6954813840459776,0.41060197353363037,publication,0.6763856410980225,4.737400054931641,0.6331632747495044,0.7162111140493471,200,0.6054295905118586,2.071925905533135,-0.10022827208740637,0.6331632747495044,0.7162111173546873,462.18200450897217,mobile,0.08161444537439949,0.1451291457495392,23.109100441701095,23.109100441701095,system,0.0,15,0.7162111173546873,0.13289117868142541,meta_train_support,0,MARGO-SPLIT-v1,20,20,80,3,16,0.0,0.2,20,10,0.0005,0.0005,mrlco_first_order_mean_pseudogradient,fixed_literature_derived_defaults,0.02672644281869912,0.001336322140934959,0.20238938551671395,0.010119469275835707,0.007886188658057663,0.0003943094329028826,3.0,0.0,0.034804300422451515,0.24046960897565922,0.00975186524846289,,,,,,,,,,,,,,,,
0.08507796772468897,0.366,0.59825,0.03575,0.00018993178673554212,0.1986737996339798,0.016820677641468745,0.14274999983608724,0.4573009259998798,0.0,0.0,0.0,0.0,0.0,0.0,0.6883523759086647,0.48308902978897095,publication,0.6064519882202148,3.5676965713500977,0.7532199586059158,0.8610398483681684,200,1.1091557091633117,4.186020199209452,-0.17831514030694962,0.7532199586059158,0.8610398384300061,352.3821092224121,mobile,0.08573670640450276,0.16692834936556392,17.619105286953214,17.619105286953214,system,0.0,16,0.8610398384300061,0.1620971392217477,meta_train_support,0,MARGO-SPLIT-v1,20,20,80,3,17,0.0,0.2,20,10,0.0005,0.0005,mrlco_first_order_mean_pseudogradient,fixed_literature_derived_defaults,0.026104662722698378,0.0013052331361349187,0.19964313798157224,0.00998215689907861,0.008424266374888283,0.0004212133187444147,3.0,0.0,0.03610953355858643,0.25045176587473783,0.010173078567207304,,,,,,,,,,,,,,,,
0.04670553356924867,0.338,0.62375,0.03825,-0.0011983582517132163,0.16343294084072113,0.011670426675118506,0.11516666846970716,0.4982882310946783,0.0,0.0,0.0,0.0,0.0,0.0,0.6797639997237201,0.5531579852104187,publication,0.6850430965423584,6.017572402954102,0.48495777908193766,0.5499552996874161,200,0.7485145545201436,2.3910972783342004,-0.12994927633553743,0.4849577790819376,0.5499552976328413,318.56386291503907,mobile,0.06306794171556439,0.15394621823349716,15.928192851617684,15.928192851617684,system,0.0,17,0.5499552976328413,0.09519500151211568,meta_train_support,0,MARGO-SPLIT-v1,20,20,80,3,18,0.0,0.2,20,10,0.0005,0.0005,mrlco_first_order_mean_pseudogradient,fixed_literature_derived_defaults,0.02514540227692892,0.001257270113846444,0.19253796267814888,0.009626898133907436,0.00856288762754915,0.0004281443813774575,3.0,0.0,0.03736680367243288,0.26007866400864527,0.010601222948584762,,,,,,,,,,,,,,,,
0.05462156511203233,0.30325,0.65025,0.0465,-9.207944094669074e-05,0.08802702277898788,0.013888080852727098,0.1270833329608043,0.5247255923847358,0.0,0.0,0.0,0.0,0.0,0.0,0.6540166919986381,0.6226078271865845,publication,0.6880648136138916,3.9986774921417236,0.42258352110305863,0.47766350290402443,200,0.6412355202627362,2.284170367754996,-0.07799000898376107,0.4225835211030586,0.4776634939387441,577.3675909709931,mobile,0.060844730308315116,0.08731836017917555,28.868379239796194,28.868379239796194,system,0.0,18,0.4776634939387441,0.09373565868850532,meta_train_support,0,MARGO-SPLIT-v1,20,20,80,3,19,0.0,0.2,20,10,0.0005,0.0005,mrlco_first_order_mean_pseudogradient,fixed_literature_derived_defaults,0.02401689895334618,0.0012008449476673122,0.18464341218238736,0.00923217060911935,0.00850889477578245,0.0004254447387891224,3.0,0.0,0.03856764862010019,0.2693108346177646,0.011026667687373884,,,,,,,,,,,,,,,,
0.04610126094600372,0.2715,0.683,0.0455,-0.0033285284880548716,0.08364761620759964,0.010798432972903052,0.11633333489298821,0.4990528481702009,0.0,0.0,0.0,0.0,0.0,0.0,0.6225507883363929,0.6797862648963928,publication,0.6361873149871826,5.240787744522095,0.3321514750901966,0.3752402338017714,200,0.6562159526215571,2.4270538421114907,-0.11787558835931122,0.33215147509019655,0.37524023407837376,288.87705969810486,mobile,0.07349703826048125,0.1436221095002557,14.443852949429123,14.443852949429123,system,0.0,19,0.37524023407837376,0.09318700599176864,meta_train_support,0,MARGO-SPLIT-v1,20,20,80,3,20,0.0,0.2,20,10,0.0005,0.0005,mrlco_first_order_mean_pseudogradient,fixed_literature_derived_defaults,0.022906812321989167,0.0011453406160994578,0.1766295192707463,0.008831475963537339,0.00837177855111499,0.0004185889275557502,3.0,0.0,0.03971298923619965,0.27814231058130195,0.011445256614929634,,,,,,,,,,,,,,,,
0.07123758464818686,0.2425,0.70025,0.05725,-0.0022291780915111303,0.38018378615379333,0.011324856632078687,0.12041666693985462,0.7406777260204158,0.0,0.0,0.0,0.0,0.0,0.0,0.5879559177986191,0.6505469679832458,publication,0.6675996780395508,5.176417827606201,0.6848969817649645,0.7772821022703101,200,0.9107383534950205,3.129639906808734,-0.09437921398784965,0.6848969817649646,0.7772821064630989,224.7832425880432,mobile,0.05103072715004587,0.10250097187172451,11.23916219429786,11.23916219429786,system,0.0,20,0.7772821064630989,0.11566975624660293,meta_train_support,0,MARGO-SPLIT-v1,20,20,80,3,21,0.0,0.2,20,10,0.0005,0.0005,mrlco_first_order_mean_pseudogradient,fixed_literature_derived_defaults,0.021922710237504566,0.0010961355118752278,0.17040704983686372,0.008520352491843186,0.008474887696453283,0.0004237443848226635,3.0,0.0,0.040809124748074875,0.28666266307314514,0.011869000999752298,,,,,,,,,,,,,,,,
0.06968985282027226,0.20375,0.7245,0.07175,0.0031611621379852295,0.08474647253751755,0.014557778788730501,0.1404999993741512,0.8156976188222567,0.0,0.0,0.0,0.0,0.0,0.0,0.527941960062871,0.6719576120376587,publication,0.6800155639648438,4.851408004760742,0.5515455409403484,0.6261828899292118,200,0.6912933728840094,2.372323132120073,-0.0859975521452725,0.5515455409403485,0.6261828766018153,619.1316774749756,mobile,0.07594055025109464,0.17913335810832634,30.956584124164323,30.956584124164323,system,0.0,21,0.6261828766018153,0.110861675513946,meta_train_support,0,MARGO-SPLIT-v1,20,20,80,3,22,0.0,0.2,20,10,0.0005,0.0005,mrlco_first_order_mean_pseudogradient,fixed_literature_derived_defaults,0.021094233107213787,0.0010547116553606892,0.1635588051245646,0.008177940256228255,0.008134340768854092,0.00040671703844270476,3.0,0.0,0.041863836403435564,0.2948406033293734,0.012275718038195002,,,,,,,,,,,,,,,,
0.05867713597161944,0.1745,0.745,0.0805,0.002239736495539546,0.2235560417175293,0.010651550410936276,0.12183333275218804,1.008141895631949,0.0,0.0,0.0,0.0,0.0,0.0,0.489046622797368,0.6600096225738525,publication,0.6702017784118652,4.7927610874176025,0.6586876572424373,0.7472770611301894,200,0.8604334420408196,2.573219425044954,-0.031491748872213066,0.6586876572424373,0.7472770604875404,542.4294956207275,mobile,0.041361456191148435,0.0950408566204128,27.121474988888753,27.121474988888753,system,0.0,22,0.7472770604875404,0.08200345091866787,meta_train_support,0,MARGO-SPLIT-v1,20,20,80,3,23,0.0,0.2,20,10,0.0005,0.0005,mrlco_first_order_mean_pseudogradient,fixed_literature_derived_defaults,0.020252412067435326,0.001012620603371768,0.15712527897142425,0.007856263948571196,0.007931030661269637,0.00039655153306348244,3.0,0.0,0.04287645700680733,0.3026968672779446,0.012672269571258485,,,,,,,,,,,,,,,,
0.07703488765540042,0.1585,0.7635,0.078,0.0022039387840777636,0.29917165637016296,0.012933443983395892,0.13216666628917056,1.3372736165920895,0.0,0.0,0.0,0.0,0.0,0.0,0.4400859369807209,0.6975712180137634,publication,0.5995032787322998,4.773277997970581,0.8516351024877157,0.9714542272181461,200,0.8252356302159437,2.908091458491981,-0.07946667948272079,0.8516351024877158,0.9714542307704687,481.9943567276001,mobile,0.05487487521531717,0.14333924301682782,24.09971784400882,24.09971784400882,system,0.0,23,0.9714542307704687,0.11685942995515437,meta_train_support,0,MARGO-SPLIT-v1,20,20,80,3,24,0.0,0.2,20,10,0.0005,0.0005,mrlco_first_order_mean_pseudogradient,fixed_literature_derived_defaults,0.019475343411498185,0.0009737671705749087,0.15315165746883316,0.0076575828734416485,0.008479643071808471,0.0004239821535904232,3.0,0.0,0.04385022417738224,0.31035445015138624,0.013096251724848908,,,,,,,,,,,,,,,,
0.05312645014540773,0.1335,0.7845,0.082,0.00243344996124506,0.20807130634784698,0.013462709278489152,0.12608333379030226,1.30097672243913,0.0,0.0,0.0,0.0,0.0,0.0,0.40961680735551376,0.7593462467193604,publication,0.6670539379119873,4.5583655834198,0.6344006443083655,0.7177289121467766,200,0.7563732934523976,2.870270245708525,-0.001990865042898804,0.6344006443083655,0.7177289228874725,652.4001573562622,mobile,0.035862440082209845,0.07903992285342103,32.62000760266451,32.62000760266451,system,0.0,24,0.7177289228874725,0.07374889991643986,meta_train_support,0,MARGO-SPLIT-v1,20,20,80,3,25,0.0,0.2,20,10,0.0005,0.0005,mrlco_first_order_mean_pseudogradient,fixed_literature_derived_defaults,0.018737941799300124,0.0009368970899650067,0.14831047656039656,0.007415523828019854,0.008732194856046989,0.00043660974280235014,3.0,0.0,0.04478712126734725,0.3177699739794061,0.013532861467651258,,,,,,,,,,,,,,,,
0.0677041426962379,0.1295,0.7845,0.086,0.002507018158212304,0.43390780687332153,0.017670859443023802,0.14024999936421714,1.5694072122375171,0.0,0.0,0.0,0.0,0.0,0.0,0.37679468964888807,0.8207216858863831,publication,0.6651921272277832,4.985772132873535,0.9383682894839614,1.0658489014308725,200,0.9674959254730251,2.787065578624606,-0.07916393131017685,0.9383682894839614,1.0658488946314901,465.42108407974246,mobile,0.04334580960239938,0.12053297942913915,23.27105336931106,23.27105336931106,system,0.0,25,1.0658488946314901,0.08100213110086524,meta_train_support,0,MARGO-SPLIT-v1,20,20,80,3,26,0.0,0.2,20,10,0.0005,0.0005,mrlco_first_order_mean_pseudogradient,fixed_literature_derived_defaults,0.018026135782461677,0.0009013067891230839,0.1439490024676298,0.007197450123381466,0.00896726066394761,0.00044836303319738084,3.0,0.0,0.04568842805647033,0.32496742410278756,0.013981224500848639,,,,,,,,,,,,,,,,
0.05501282693617161,0.13325,0.80475,0.062,0.0010075299069285393,0.10297603905200958,0.010220834659412502,0.11641666690508526,1.2194911596675713,0.0,0.0,0.0,0.0,0.0,0.0,0.3576941480204456,0.9363296031951904,publication,0.6575717926025391,5.387541770935059,0.4545029333135371,0.5127785647868746,200,0.696591861841846,2.086076287087053,-0.06559548038057983,0.454502933313537,0.5127785686333663,460.9910681247711,mobile,0.04043243534379449,0.08990662694892856,23.049553472797676,23.049553472797676,system,0.0,26,0.5127785686333663,0.07447625049861233,meta_train_support,0,MARGO-SPLIT-v1,20,20,80,3,27,0.0,0.2,20,10,0.0005,0.0005,mrlco_first_order_mean_pseudogradient,fixed_literature_derived_defaults,0.017366498771334307,0.0008683249385667141,0.1387203803976875,0.006936019019884387,0.008636102024805085,0.0004318051012402544,3.0,0.0,0.046556752995037046,0.33190344312267195,0.014413029602088893,,,,,,,,,,,,,,,,
0.04787702249906635,0.1285,0.80575,0.06575,-0.0015139211900532246,0.13004975020885468,0.009635073427731792,0.10083333315948646,1.2792766908804576,0.0,0.0,0.0,0.0,0.0,0.0,0.35501100179439576,0.9603793621063232,publication,0.660956859588623,5.056814193725586,0.3829769075155772,0.43309928993119684,200,0.7500594504427377,2.1947823353111744,-0.054062167735537514,0.3829769075155772,0.43309928694274274,179.87163095474244,mobile,0.029388338007984703,0.07316726641839993,8.993581535082354,8.993581535082354,system,0.0,27,0.43309928694274274,0.06797777892205623,meta_train_support,0,MARGO-SPLIT-v1,20,20,80,3,28,0.0,0.2,20,10,0.0005,0.0005,mrlco_first_order_mean_pseudogradient,fixed_literature_derived_defaults,0.01674626667235808,0.0008373133336179034,0.1339472673940863,0.0066973633697043344,0.008444496282664169,0.0004222248141332076,3.0,0.0,0.04739406632865495,0.3386008064923763,0.014835254416222101,,,,,,,,,,,,,,,,
0.05324350306896484,0.129,0.8075,0.0635,-0.002657220931723714,0.26776015758514404,0.007176983465130131,0.08849999954303106,1.717835714419683,0.0,0.0,0.0,0.0,0.0,0.0,0.3379594762295419,0.9812420606613159,publication,0.6835172176361084,5.359626770019531,0.7477424955391985,0.8470700901890461,200,1.1141646857327547,2.962442204821855,-0.03040548121498432,0.7477424955391985,0.8470700995647349,429.7736058807373,mobile,0.03272965063441358,0.08448293233930221,21.48868075401673,21.48868075401673,system,0.0,28,0.8470700995647349,0.07556917071871809,meta_train_support,0,MARGO-SPLIT-v1,20,20,80,3,29,0.0,0.2,20,10,0.0005,0.0005,mrlco_first_order_mean_pseudogradient,fixed_literature_derived_defaults,0.016184651707708594,0.0008092325853854276,0.1305115896257085,0.006525579481285404,0.008698995659145586,0.0004349497829572793,3.0,0.0,0.04820329891404038,0.3451263859736617,0.01527020419917938,,,,,,,,,,,,,,,,
0.0742324942915084,0.1295,0.80775,0.06275,0.00047303223982453346,0.11758243292570114,0.007471015843718003,0.08191666690011819,1.8542369345823926,0.0,0.0,0.0,0.0,0.0,0.0,0.3191388655640828,0.9989901185035706,publication,0.6716587543487549,5.081481218338013,0.42434588449206173,0.48227658756677555,200,0.6249864439461266,2.281115693040192,-0.07426159374881536,0.42434588449206173,0.4822765861987136,590.4597632789612,mobile,0.03686011678592327,0.09774548025979467,29.52298834032659,29.52298834032659,system,0.0,29,0.4822765861987136,0.09420421957794202,meta_train_support,0,MARGO-SPLIT-v1,20,20,80,3,30,0.0,0.2,20,10,0.0005,0.0005,mrlco_first_order_mean_pseudogradient,fixed_literature_derived_defaults,0.015647684902698304,0.0007823842451349164,0.12689482334825247,0.006344741167412626,0.008739164814220202,0.00043695824071101133,3.0,0.0,0.04898568315917529,0.3514711271410743,0.01570716243989039,,,,,,,,,,,,,,,,
0.060219336628189776,0.127,0.814,0.059,0.006451434921473265,0.10459934920072556,0.01259990087710321,0.08783333202203114,1.7244696974754334,0.0,0.0,0.0,0.0,0.0,0.0,0.3168915507816298,0.9423335194587708,publication,0.6535818576812744,4.548599481582642,0.38538593844612296,0.43727903106415394,200,0.620730325474263,2.0943889440968633,-0.05231738230213523,0.38538593844612296,0.4372790378681384,369.3074747276306,mobile,0.03128450549541217,0.08062013432313556,18.465373866726708,18.465373866726708,system,0.0,30,0.4372790378681384,0.07672871421947373,meta_train_support,0,MARGO-SPLIT-v1,20,20,80,3,31,0.0,0.2,20,10,0.0005,0.0005,mrlco_first_order_mean_pseudogradient,fixed_literature_derived_defaults,0.015144024866852946,0.0007572012433426506,0.12315561939689988,0.006157780969844984,0.00852894134896781,0.00042644706744839056,3.0,0.0,0.049742884402517944,0.3576289081109193,0.016133609507338782,,,,,,,,,,,,,,,,
0.07656575633237662,0.10925,0.83625,0.0545,-0.0005309025291353464,0.18051661550998688,0.005522498911401877,0.06958333331470687,1.4449680591622989,0.0,0.0,0.0,0.0,0.0,0.0,0.3067439965201113,0.9068225622177124,publication,0.6792621612548828,5.135181665420532,0.7181562880982031,0.8134219968464186,200,1.003912976970066,3.1915434882976115,-0.007525508292019367,0.7181562880982033,0.8134220032067969,205.95240507125854,mobile,0.03277286397453463,0.06161539187150428,10.297620129311357,10.297620129311357,system,0.0,31,0.8134220032067969,0.09305471472669477,meta_train_support,0,MARGO-SPLIT-v1,20,20,80,3,32,0.0,0.2,20,10,0.0005,0.0005,mrlco_first_order_mean_pseudogradient,fixed_literature_derived_defaults,0.014683579490792777,0.0007341789745396385,0.11953441896816062,0.00597672094840801,0.008326781845146968,0.0004163390922573493,3.0,0.0,0.05047706337705758,0.3636056290593273,0.01654994859959613,,,,,,,,,,,,,,,,
0.052853643865145614,0.11925,0.8375,0.04325,0.0034473822452127934,0.19821949303150177,0.008457461115904152,0.07041666607062022,2.001191806793213,0.0,0.0,0.0,0.0,0.0,0.0,0.27599474962558257,0.9122605919837952,publication,0.6755571365356445,5.318350791931152,0.7494016305922093,0.8493498179959897,200,0.8016517173250965,2.9787951605394483,0.034526919247582555,0.7494016305922095,0.849349829312414,1217.6042206573486,mobile,0.030898499608319786,0.06627133748543347,60.88021146043785,60.88021146043785,system,0.0,32,0.849349829312414,0.06346025781624508,meta_train_support,0,MARGO-SPLIT-v1,20,20,80,3,33,0.0,0.2,20,10,0.0005,0.0005,mrlco_first_order_mean_pseudogradient,fixed_literature_derived_defaults,0.01423862253652633,0.0007119311268263193,0.11624750166244222,0.005812375083122101,0.008231477106604603,0.00041157385533022867,3.0,0.0,0.0511889945038839,0.3694180041424494,0.01696152245492636,,,,,,,,,,,,,,,,
0.06699000476542569,0.1075,0.8495,0.043,-0.0012393586803227663,0.14719505608081818,0.00603805745098119,0.062333333756153776,1.4261985371510186,0.0,0.0,0.0,0.0,0.0,0.0,0.2814247683548726,0.8865672945976257,publication,0.6022078990936279,4.666023254394531,0.44683064525103916,0.5065473535375895,200,0.5642181305542929,1.5879052579402924,0.014113139128312469,0.4468306452510391,0.5065473706973717,545.3406792640686,mobile,0.02338843500108332,0.05291838879006798,27.26703441816003,27.26703441816003,system,0.0,33,0.5065473706973717,0.06330928363344807,meta_train_support,0,MARGO-SPLIT-v1,20,20,80,3,34,0.0,0.2,20,10,0.0005,0.0005,mrlco_first_order_mean_pseudogradient,fixed_literature_derived_defaults,0.013819839520746143,0.0006909919760373084,0.11298161528118866,0.005649080764059455,0.008067279251427476,0.00040336396257137364,3.0,0.0,0.05187998647992121,0.37506708490650886,0.017364886417497734,,,,,,,,,,,,,,,,
0.05923974492655831,0.10075,0.85775,0.0415,-0.0005367014673538506,0.47435423731803894,0.004846593223434562,0.05216666689763466,1.616453768312931,0.0,0.0,0.0,0.0,0.0,0.0,0.27742442751023527,0.8375884294509888,publication,0.6697461605072021,4.896715879440308,0.6330076953540111,0.7163674245886728,200,1.0453272852105144,3.227482612244785,0.004029172821901739,0.6330076953540111,0.7163674200465903,254.41888249397277,mobile,0.028066291849815156,0.06243519748157856,12.720944065096841,12.720944065096841,system,0.0,34,0.7163674200465903,0.07069557195664886,meta_train_support,0,MARGO-SPLIT-v1,20,20,80,3,35,0.0,0.2,20,10,0.0005,0.0005,mrlco_first_order_mean_pseudogradient,fixed_literature_derived_defaults,0.01342498696301054,0.000671249348150528,0.10984330327254098,0.00549216516362705,0.007879936136527026,0.0003939968068263529,3.0,0.0,0.05255123582807174,0.3805592500701359,0.017758883224324087,,,,,,,,,,,,,,,,
0.0518834688392538,0.10625,0.8555,0.03825,-0.003041155869141221,0.35408738255500793,0.003943414514651523,0.050833332973221936,1.8305802921454108,0.0,0.0,0.0,0.0,0.0,0.0,0.27187888103669117,0.7893653512001038,publication,0.6685051918029785,5.193322658538818,0.7240169997327993,0.8202427689048499,200,0.8599526222384151,2.6175420098006725,0.02758915575395804,0.7240169997327993,0.8202427724469453,426.12330097198486,mobile,0.03313566659259479,0.059733361449490395,21.306164378691264,21.306164378691264,system,0.0,35,0.8202427724469453,0.06821084046902035,meta_train_support,0,MARGO-SPLIT-v1,20,20,80,3,36,0.0,0.2,20,10,0.0005,0.0005,mrlco_first_order_mean_pseudogradient,fixed_literature_derived_defaults,0.013068288470865223,0.000653414423543261,0.10718908786133284,0.0053594543930666205,0.007904422608709046,0.0003952211304354518,3.0,0.0,0.053204650251615,0.38591870446320253,0.01815410435475954,,,,,,,,,,,,,,,,
0.07247524030678773,0.08875,0.87325,0.038,-0.003079003421589732,0.20929554104804993,0.005565329687669874,0.0645833336437742,1.1232353883484998,0.0,0.0,0.0,0.0,0.0,0.0,0.2767182975574943,0.6957893967628479,publication,0.6064651012420654,3.6135778427124023,0.4848741941198353,0.5475311148334185,200,1.0125886845182381,3.409308194182813,-0.022245758860663045,0.48487419411983534,0.5475311146280728,94.63292624473571,mobile,0.034663600636687504,0.05416365559745512,4.731646350688729,4.731646350688729,system,0.0,36,0.5475311146280728,0.09199643920499981,meta_train_support,0,MARGO-SPLIT-v1,20,20,80,3,37,0.0,0.2,20,10,0.0005,0.0005,mrlco_first_order_mean_pseudogradient,fixed_literature_derived_defaults,0.012720839276752681,0.0006360419638376316,0.10440180513944104,0.005220090256972065,0.0077249983800025766,0.0003862499190001277,3.0,0.0,0.05384069221545263,0.3911387947201746,0.018540354273759666,,,,,,,,,,,,,,,,
0.06474545846477497,0.1035,0.8735,0.023,-0.002548067830502987,0.09368395805358887,0.005667253230543187,0.05991666722111403,1.3870446756482122,0.0,0.0,0.0,0.0,0.0,0.0,0.24787823530455239,0.7653660774230957,publication,0.6706011295318604,5.350547552108765,0.581725764609488,0.6576307212526808,200,0.444839229562353,1.4680200731381774,0.04662350856233388,0.581725764609488,0.6576307244040072,613.5165505409241,mobile,0.021492094575659718,0.040218950026815345,30.67582776369771,30.67582776369771,system,0.0,37,0.6576307244040072,0.06069591907668233,meta_train_support,0,MARGO-SPLIT-v1,20,20,80,3,38,0.0,0.2,20,10,0.0005,0.0005,mrlco_first_order_mean_pseudogradient,fixed_literature_derived_defaults,0.012386080348417084,0.0006193040174208575,0.10166936745645627,0.005083468372822808,0.007535668111818773,0.0003767834055909379,3.0,0.0,0.05445999623287349,0.3962222630929974,0.018917137679350604,,,,,,,,,,,,,,,,
0.0519841543099968,0.0885,0.89,0.0215,-0.0020028504077345133,0.2957907021045685,0.004761597223114222,0.06100000003352761,1.430720101296902,0.0,0.0,0.0,0.0,0.0,0.0,0.25749554667823893,0.9000368714332581,publication,0.6745388507843018,5.021435499191284,0.7027518611939708,0.7940484107869815,200,0.881323097609188,2.3157169856131077,-0.014577792258933187,0.7027518611939707,0.794048397121951,228.17504287719726,mobile,0.022419112231176885,0.03773713330605683,11.40875210607461,11.40875210607461,system,0.0,38,0.794048397121951,0.0654289139329438,meta_train_support,0,MARGO-SPLIT-v1,20,20,80,3,39,0.0,0.2,20,10,0.0005,0.0005,mrlco_first_order_mean_pseudogradient,fixed_literature_derived_defaults,0.012075574789827515,0.0006037787394913771,0.099141994433258,0.0049570997216629165,0.007368853415449167,0.0003684426707724585,3.0,0.0,0.055063774972364865,0.4011793628146603,0.019285580350123063,,,,,,,,,,,,,,,,
0.04670785690549766,0.0865,0.893,0.0205,0.0012975686695426702,0.06376691162586212,0.006090763490647078,0.060666666459292175,1.4929263035456342,0.0,0.0,0.0,0.0,0.0,0.0,0.2464237697829087,1.0731146335601807,publication,0.6796412467956543,5.085202693939209,0.42410581360249483,0.4788325086081568,200,0.5551674318597449,1.5128477257676423,-0.10798676032572985,0.42410581360249483,0.4788325138855726,874.3238575744629,mobile,0.023773525051864877,0.045158630148408346,43.716192532366925,43.716192532366925,system,0.0,39,0.4788325138855726,0.06032936784046007,meta_train_support,0,MARGO-SPLIT-v1,20,20,80,3,40,0.0,0.2,20,10,0.0005,0.0005,mrlco_first_order_mean_pseudogradient,fixed_literature_derived_defaults,0.011774071999927738,0.0005887035999963888,0.09667015325352214,0.004833507662676095,0.007191677361148445,0.0003595838680574212,3.0,0.0,0.055652478572361254,0.4060128704773364,0.019645164218180484,,,,,,,,,,,,,,,,
0.047670892004948826,0.08125,0.90175,0.017,0.0013119468931108713,0.15669755637645721,0.006858546015185614,0.058249999303370714,1.6511327912410099,0.0,0.0,0.0,0.0,0.0,0.0,0.2278259179274534,1.1946183443069458,publication,0.6795518398284912,5.149411201477051,0.7158164974311952,0.8129340886690807,200,0.8290464740175478,2.725117201684043,-0.05480151507072151,0.7158164974311954,0.8129340929444879,568.5942030143738,mobile,0.023948455206994596,0.050931713640112716,28.42971077828788,28.42971077828788,system,0.0,40,0.8129340929444879,0.058723595785661636,meta_train_support,0,MARGO-SPLIT-v1,20,20,80,3,41,0.0,0.2,20,10,0.0005,0.0005,mrlco_first_order_mean_pseudogradient,fixed_literature_derived_defaults,0.011486899512124622,0.0005743449756062322,0.09453649482611126,0.004726824741305535,0.007116265189043695,0.0003558132594521854,3.0,0.0,0.056226823547967486,0.41073969521864195,0.02000097747763267,,,,,,,,,,,,,,,,
0.04182917473136313,0.07875,0.909,0.01225,-0.0005696777370758355,0.19648657739162445,0.003718548128381371,0.053000000429650154,1.5703971271713575,0.0,0.0,0.0,0.0,0.0,0.0,0.2238945679537501,1.156769871711731,publication,0.5887160301208496,5.17059063911438,0.4684216067965526,0.527872076136282,200,0.6543316608711816,2.430028136819601,-0.0005357196932891384,0.4684216067965526,0.5278720660787076,1076.821354484558,mobile,0.020144523932725377,0.04433256767418804,53.841068267706184,53.841068267706184,system,0.0,41,0.5278720660787076,0.04244479022003466,meta_train_support,0,MARGO-SPLIT-v1,20,20,80,3,42,0.0,0.2,20,10,0.0005,0.0005,mrlco_first_order_mean_pseudogradient,fixed_literature_derived_defaults,0.011213401904693084,0.0005606700952346527,0.09235141557624114,0.00461757077881203,0.007012128119118478,0.00035060640595592496,3.0,0.0,0.05678749364320214,0.415357265997454,0.020351583883588594,,,,,,,,,,,,,,,,
0.06415473199219292,0.0735,0.9165,0.01,-0.0008784757810644805,0.21355357766151428,0.006525380992873882,0.05616666655987501,2.0372791578372316,0.0,0.0,0.0,0.0,0.0,0.0,0.1952415981853537,1.3676023483276367,publication,0.57737135887146,4.563471794128418,0.8174828692311681,0.9247878641818897,200,0.7516148016096272,2.058928514830768,0.017704610130749643,0.8174828692311682,0.9247878585383296,269.514143447876,mobile,0.024238479086586082,0.03393023473164736,13.47570722379741,13.47570722379741,system,0.0,42,0.9247878585383296,0.07428172123255487,meta_train_support,0,MARGO-SPLIT-v1,20,20,80,3,43,0.0,0.2,20,10,0.0005,0.0005,mrlco_first_order_mean_pseudogradient,fixed_literature_derived_defaults,0.010953484717051192,0.0005476742358525577,0.09060573998397319,0.004530286999198663,0.0069322048267232116,0.00034661024133616006,3.0,0.0,0.057335167879054696,0.41988755299665265,0.020698194124924754,,,,,,,,,,,,,,,,
0.04508639935981416,0.06725,0.92075,0.012,0.001727896393276751,0.15870364010334015,0.007371033424472748,0.05233333326565722,1.550714015463988,0.0,0.0,0.0,0.0,0.0,0.0,0.20423453868054683,1.3788323402404785,publication,0.671576738357544,5.496321678161621,0.5622676389823664,0.6340051339351339,200,0.7097999006156892,2.555285455659032,-0.009550003567710519,0.5622676389823663,0.6340051486575976,657.7598610877991,mobile,0.016604556535723358,0.03248924469884534,32.88799264451881,32.88799264451881,system,0.0,43,0.6340051486575976,0.04680925570702486,meta_train_support,0,MARGO-SPLIT-v1,20,20,80,3,44,0.0,0.2,20,10,0.0005,0.0005,mrlco_first_order_mean_pseudogradient,fixed_literature_derived_defaults,0.010722809324563168,0.0005361404662281577,0.08861950746011403,0.0044309753730056856,0.00678511771401556,0.0003392558857007767,3.0,0.0,0.057871308345282854,0.42431852836965833,0.02103745001062553,,,,,,,,,,,,,,,,
0.061538784739639515,0.072,0.92075,0.00725,0.0006098045269027352,0.060690395534038544,0.0035941077764922134,0.04466666694109638,1.2914053882161776,0.0,0.0,0.0,0.0,0.0,0.0,0.1960357824299915,1.4079362154006958,publication,0.6349422931671143,4.858241558074951,0.40559876443733367,0.4577663710077286,200,0.5832966205603467,2.040694670751691,0.014974725170759484,0.40559876443733367,0.45776636168826373,356.58702080726624,mobile,0.018447842406125757,0.03229572280642297,17.829350882607876,17.829350882607876,system,0.0,44,0.45776636168826373,0.06368984366621758,meta_train_support,0,MARGO-SPLIT-v1,20,20,80,3,45,0.0,0.2,20,10,0.0005,0.0005,mrlco_first_order_mean_pseudogradient,fixed_literature_derived_defaults,0.010492321252130316,0.0005246160626065158,0.08669287450908701,0.004334643725454335,0.006639305499862438,0.00033196527499312206,3.0,0.0,0.05839592440788937,0.42865317209511267,0.021369415285618653,,,,,,,,,,,,,,,,
0.08978325852832932,0.05675,0.933,0.01025,-0.00105106842238456,0.3537444770336151,0.0034461180114400726,0.03550000013783575,1.775731637080511,0.0,0.0,0.0,0.0,0.0,0.0,0.17682607786754018,1.24924635887146,publication,0.6355276107788086,5.044156551361084,0.8147057019163318,0.9193584976923739,200,1.075983549567739,2.9712537322193384,-0.00458686298225075,0.8147057019163318,0.9193585012294352,160.8546417617798,mobile,0.022196993415841727,0.0291862501663907,8.042732151500168,8.042732151500168,system,0.0,45,0.9193585012294352,0.07927543687262043,meta_train_support,0,MARGO-SPLIT-v1,20,20,80,3,46,0.0,0.2,20,10,0.0005,0.0005,mrlco_first_order_mean_pseudogradient,fixed_literature_derived_defaults,0.010264227311866611,0.0005132113655933329,0.08483016349816024,0.0042415081749080374,0.006519658735773727,0.00032598293678868726,3.0,0.0,0.0589091357734827,0.4328946802700207,0.02169539822240734,,,,,,,,,,,,,,,,
0.06775376404181811,0.06425,0.9255,0.01025,-0.0006851628422737122,0.10607647150754929,0.003769537181748698,0.04549999958835542,1.2294081203639506,0.0,0.0,0.0,0.0,0.0,0.0,0.20102704115486172,1.1360119581222534,publication,0.6868531703948975,5.494879245758057,0.4451832957685722,0.5020898243054341,200,0.8744937970986586,2.3503476665355265,-0.020497501944191754,0.44518329576857224,0.5020898074330762,138.94664420127867,mobile,0.021081121139965502,0.02859847863706337,6.947332209830097,6.947332209830097,system,0.0,46,0.5020898074330762,0.06881821063914544,meta_train_support,0,MARGO-SPLIT-v1,20,20,80,3,47,0.0,0.2,20,10,0.0005,0.0005,mrlco_first_order_mean_pseudogradient,fixed_literature_derived_defaults,0.010045839496720515,0.0005022919748360263,0.08302611072207809,0.0041513055361038775,0.006383857527560219,0.0003191928763780112,3.0,0.0,0.05941142774831873,0.4370459858061246,0.02201459109878535,,,,,,,,,,,,,,,,
0.045443453245631,0.058,0.93475,0.00725,-0.0007409817189909518,0.13861174881458282,0.004774038153118454,0.0473333330048869,1.5088390658299127,0.0,0.0,0.0,0.0,0.0,0.0,0.16925153456532321,0.9234045147895813,publication,0.7014575004577637,5.0606019496917725,0.7385202610616016,0.8306730106402028,200,0.6861462754710506,2.2351004062220454,0.04904414730845019,0.7385202610616017,0.8306730032712221,815.5997247600556,mobile,0.010660571083779742,0.06788679537497175,40.779986679210666,40.779986679210666,system,0.0,47,0.8306730032712221,0.04197929628914283,meta_train_support,0,MARGO-SPLIT-v1,20,20,80,3,48,0.0,0.2,20,10,0.0005,0.0005,mrlco_first_order_mean_pseudogradient,fixed_literature_derived_defaults,0.00983655117387217,0.0004918275586936055,0.0812964000820348,0.0040648200041017435,0.006250860495736048,0.000312543024786803,3.0,0.0,0.059903255307012335,0.4411108058102263,0.022327134123572154,,,,,,,,,,,,,,,,
0.053489002020622435,0.0585,0.93225,0.00925,0.00040031762910075486,0.2310781031847,0.004976764651170621,0.04549999999192854,1.4580836976567906,0.0,0.0,0.0,0.0,0.0,0.0,0.1838653846260339,0.9424028992652893,publication,0.6610925197601318,4.71538233757019,0.581399667809643,0.6554082419813131,200,1.0736137549549634,3.7144023748114705,-0.008134624687954783,0.5813996678096429,0.6554082473367453,625.3476168346405,mobile,0.01234323725063949,0.02530726902307196,31.267379902508686,31.267379902508686,system,0.0,48,0.6554082473367453,0.05379763559421351,meta_train_support,0,MARGO-SPLIT-v1,20,20,80,3,49,0.0,0.2,20,10,0.0005,0.0005,mrlco_first_order_mean_pseudogradient,fixed_literature_derived_defaults,0.009636250990478509,0.0004818125495239245,0.07967789628665206,0.003983894814332589,0.006125111667674579,0.00030625558338372855,3.0,0.0,0.06038506785653626,0.4450947006245589,0.022633389706955883,,,,,,,,,,,,,,,,
0.07041903203712876,0.05425,0.9395,0.00625,-0.0004062947118654847,0.3740832507610321,0.004393935398305379,0.03633333332836628,1.7648546335597834,0.0,0.0,0.0,0.0,0.0,0.0,0.16749341208644816,0.9434504508972168,publication,0.6268389225006104,4.746200799942017,0.996543354112624,1.1247570127708513,200,1.1227038558086413,3.250425051897764,0.03963775807642378,0.996543354112624,1.1247570138052105,236.27695306777954,mobile,0.010774023210978914,0.015461053418566224,11.81384784596161,11.81384784596161,system,0.0,49,1.1247570138052105,0.06168321067330382,meta_train_support,0,MARGO-SPLIT-v1,20,20,80,3,50,0.0,0.2,20,10,0.0005,0.0005,mrlco_first_order_mean_pseudogradient,fixed_literature_derived_defaults,0.009443525970668939,0.0004721762985334457,0.07809288497775753,0.0039046442488878674,0.0060099982637185235,0.0003004999131859254,3.0,0.0,0.060857244155069705,0.4489993448734468,0.02293388962014181,,,,,,,,,,,,,,,,
0.049531301477798315,0.0485,0.946,0.0055,0.0017676842398941517,0.23688091337680817,0.004830613383091986,0.03500000005587935,1.722436409195264,0.0,0.0,0.0,0.0,0.0,0.0,0.16035551510117313,1.006644606590271,publication,0.5367312431335449,3.3008646965026855,0.9396331601450437,1.0577456552980584,200,0.9317747140318339,2.3640058708842844,0.0400596151011996,0.9396331601450438,1.0577456550486386,848.795864238739,mobile,0.01083620111892221,0.020377221766683218,42.43979314956602,42.43979314956602,system,0.0,50,1.0577456550486386,0.0492548457331651,meta_train_support,0,MARGO-SPLIT-v1,20,20,80,3,51,0.0,0.2,20,10,0.0005,0.0005,mrlco_first_order_mean_pseudogradient,fixed_literature_derived_defaults,0.009289148673227703,0.00046445743366138603,0.07669087727686437,0.0038345438638432428,0.005892155160508356,0.000294607758025419,3.0,0.0,0.06132170158873109,0.45283388873729,0.023228497378167227,-0.14708213216747337,-0.15743347335975627,0.15743347335975627,0.1,0.4,0.025,0.0675,0.975,0.975,0.0,validation/automotive_lexicographic_v1,automotive_lexicographic_v1,a3bd00d5108237acdb706f561212b5d840bac151f48b5250a61c573d9c9ffb6c,296356175.0,0.15743347335975627,1.0
0.062359929717343124,0.03375,0.962,0.00425,0.005078351125121117,0.11981931328773499,0.00785886569841144,0.040916666512688,1.8374174068371456,0.0,0.0,0.0,0.0,0.0,0.0,0.12649656001933307,1.2592207193374634,publication,0.6356327533721924,4.394289970397949,0.9200167377482603,1.0385099050824373,200,0.6712630293606826,2.006300427019596,0.01869227015413344,0.92001673774826,1.0385098898038267,1095.7391856765746,mobile,0.012078080402793092,0.042567852465045124,54.78696064707787,54.78696064707787,system,0.0,51,1.0385098898038267,0.056249697167459686,meta_train_support,0,MARGO-SPLIT-v1,20,20,80,3,52,0.0,0.2,20,10,0.0005,0.0005,mrlco_first_order_mean_pseudogradient,fixed_literature_derived_defaults,0.009110511198742554,0.0004555255599371297,0.0752479414823126,0.003762397074115631,0.0057793095466554985,0.00028896547733277614,3.0,0.0,0.06177722714866822,0.45659628581140566,0.023517462855500004,,,,,,,,,,,,,,,,
0.07996932002853521,0.0445,0.9515,0.004,0.0017952515045180917,0.24040080606937408,0.003987412833763907,0.037416666528830925,1.8366137633721031,0.0,0.0,0.0,0.0,0.0,0.0,0.13880167175934513,1.4355874061584473,publication,0.6888909339904785,4.925472259521484,1.015101561548647,1.1432574218456284,200,1.0990710891119773,3.335527801886201,0.0505750174052082,1.015101561548647,1.1432574414275587,166.26268671035766,mobile,0.014041520574312214,0.018713883208621586,8.313134205988742,8.313134205988742,system,0.0,52,1.1432574414275587,0.07187673927130418,meta_train_support,0,MARGO-SPLIT-v1,20,20,80,3,53,0.0,0.2,20,10,0.0005,0.0005,mrlco_first_order_mean_pseudogradient,fixed_literature_derived_defaults,0.008950454194258686,0.00044752270971293306,0.07390745657611056,0.0036953728288055543,0.005680559281545179,0.0002840279640772582,3.0,0.0,0.062224749858381154,0.4602916586402112,0.023801490819577262,,,,,,,,,,,,,,,,
0.07023108998911969,0.03825,0.957,0.00475,0.0006548010860569775,0.11665181815624237,0.0033440410353553795,0.028249999973922968,1.977871572971344,0.0,0.0,0.0,0.0,0.0,0.0,0.13348983570938974,1.622881531715393,publication,0.6754162311553955,3.3465518951416016,0.865898205822092,0.9742494812414907,200,0.6957371334022452,2.191190638113767,0.04542779122130014,0.8658982058220921,0.9742494949512184,401.1289691543579,mobile,0.010450140831866966,0.03761927148080222,20.056448167495706,20.056448167495706,system,0.0,53,0.9742494949512184,0.05719111901404404,meta_train_support,0,MARGO-SPLIT-v1,20,20,80,3,54,0.0,0.2,20,10,0.0005,0.0005,mrlco_first_order_mean_pseudogradient,fixed_literature_derived_defaults,0.008784705042513155,0.0004392352521256637,0.07254459625013561,0.0036272298125067937,0.005575363739294343,0.0002787681869647167,3.0,0.0,0.06266398511050682,0.463918888452718,0.02408025900654198,,,,,,,,,,,,,,,,
0.06962403665699837,0.04175,0.95275,0.0055,-0.002393667120486498,0.05811723694205284,0.0020711151596818434,0.02149999989196658,1.3775071303049722,0.0,0.0,0.0,0.0,0.0,0.0,0.15851005059291895,1.691786289215088,publication,0.6779110431671143,5.188061952590942,0.5428669655493132,0.6120687713705046,200,0.6970896255532627,2.3975310008972883,0.058369664126075804,0.5428669655493132,0.6120688188448549,697.9167113685608,mobile,0.012806126741930315,0.045956346145352024,34.89583521616165,34.89583521616165,system,0.0,54,0.6120688188448549,0.06029713749780683,meta_train_support,0,MARGO-SPLIT-v1,20,20,80,3,55,0.0,0.2,20,10,0.0005,0.0005,mrlco_first_order_mean_pseudogradient,fixed_literature_derived_defaults,0.008644523137120311,0.00043222615685602206,0.07132042904165802,0.0035660214520829014,0.005473993489488991,0.00027369967447445076,3.0,0.0,0.06309621126736284,0.4674849099048009,0.02435395868101643,,,,,,,,,,,,,,,,
0.05898011340588525,0.04325,0.95225,0.0045,-0.0008948252652771771,0.09522532671689987,0.0029347106503943604,0.02499999987582366,1.8404530545075732,0.0,0.0,0.0,0.0,0.0,0.0,0.15229340795649265,1.692257285118103,publication,0.6645610332489014,4.643081188201904,0.6769763514383498,0.7618206093123444,200,0.7122881453971938,1.85473601706326,0.005008795531466603,0.6769763514383498,0.7618206165800803,465.92355851173403,mobile,0.010625564261594896,0.02043297968274622,23.29617691277014,23.29617691277014,system,0.0,55,0.7618206165800803,0.051168129913101816,meta_train_support,0,MARGO-SPLIT-v1,20,20,80,3,56,0.0,0.2,20,10,0.0005,0.0005,mrlco_first_order_mean_pseudogradient,fixed_literature_derived_defaults,0.00849072664065227,0.0004245363320326129,0.07006944009250049,0.00350347200462503,0.005376243605748116,0.00026881218028740675,3.0,0.0,0.06352074759939545,0.47098838190942593,0.024622770861303836,,,,,,,,,,,,,,,,
0.07574712925465527,0.042,0.9515,0.0065,-0.0023843294475227594,0.09135207533836365,0.0017799156456021592,0.024999999922389788,1.5318778177102406,0.0,0.0,0.0,0.0,0.0,0.0,0.15917930335023547,1.6523816585540771,publication,0.6716902256011963,5.492156028747559,0.6461668951731585,0.7278957750487097,200,0.8552707164525595,2.942923439666629,0.0396669484252925,0.6461668951731585,0.7278958017006516,342.19709916114806,mobile,0.011835338675466376,0.015412255880731822,17.10985530364379,17.10985530364379,system,0.0,56,0.7278958017006516,0.06520066673718691,meta_train_support,0,MARGO-SPLIT-v1,20,20,80,3,57,0.0,0.2,20,10,0.0005,0.0005,mrlco_first_order_mean_pseudogradient,fixed_literature_derived_defaults,0.008341766524149597,0.0004170883262074737,0.06884057877089725,0.003442028938544839,0.005281923542489377,0.00026409617712446973,3.0,0.0,0.06393783592560293,0.4744304108479708,0.024886867038428306,,,,,,,,,,,,,,,,
0.07713408001782067,0.03475,0.9605,0.00475,-0.001482653897255659,0.13960783183574677,0.003660517780614706,0.025166666647419334,2.0894607812166215,0.0,0.0,0.0,0.0,0.0,0.0,0.14118712952670787,1.5419224500656128,publication,0.6618797779083252,5.044028043746948,0.7952798555105427,0.8971172404682158,200,0.8515056236650362,2.3018889194354415,-0.0046003342140465975,0.7952798555105428,0.8971172392182052,310.8056307792664,mobile,0.008013989148385452,0.013196725359677976,15.540281696932766,15.540281696932766,system,0.0,57,0.8971172392182052,0.06439502529395157,meta_train_support,0,MARGO-SPLIT-v1,20,20,80,3,58,0.0,0.2,20,10,0.0005,0.0005,mrlco_first_order_mean_pseudogradient,fixed_literature_derived_defaults,0.008197942963388398,0.0004098971481694136,0.06765367224036453,0.0033826836120182113,0.005190855895205077,0.00025954279476025216,3.0,0.0,0.06434773307377234,0.477813094459989,0.025146409833188558,,,,,,,,,,,,,,,,
0.07039257040460592,0.02425,0.973,0.00275,-0.003160707652568817,0.126668319106102,0.0029732910358385807,0.020416666707023978,1.886286958058675,0.0,0.0,0.0,0.0,0.0,0.0,0.1310402443318223,1.3441274166107178,publication,0.6303603649139404,4.481767177581787,0.7769457792457466,0.8744926465580874,200,0.683758065347026,1.9648806611075997,0.007868373882956803,0.7769457792457466,0.8744926323043183,373.3118052864075,mobile,0.007101741144249527,0.010991841093010657,18.665590724786053,18.665590724786053,system,0.0,58,0.8744926323043183,0.05321677919824376,meta_train_support,0,MARGO-SPLIT-v1,20,20,80,3,59,0.0,0.2,20,10,0.0005,0.0005,mrlco_first_order_mean_pseudogradient,fixed_literature_derived_defaults,0.008064984935222995,0.0004032492467611476,0.06659860733748724,0.003329930366874345,0.005102875286811771,0.00025514376434059016,3.0,0.0,0.06475098232053349,0.48114302482686333,0.025401553597529148,,,,,,,,,,,,,,,,
0.06439542485434417,0.0335,0.961,0.0055,-0.0025251200422644615,0.04364706575870514,0.005897033963507662,0.02883333374435703,1.2665343614916007,0.0,0.0,0.0,0.0,0.0,0.0,0.14940971110898127,1.3313586711883545,publication,0.6802628040313721,4.939523696899414,0.5121056957542203,0.5765919308416505,200,0.6150644353615583,2.0530531499534845,0.003375714528374374,0.5121056957542203,0.5765919331461191,398.6164773464203,mobile,0.00833895106274134,0.027787594970433357,19.93082390267669,19.93082390267669,system,0.0,59,0.5765919331461191,0.06007555846220029,meta_train_support,0,MARGO-SPLIT-v1,20,20,80,3,60,0.0,0.2,20,10,0.0005,0.0005,mrlco_first_order_mean_pseudogradient,fixed_literature_derived_defaults,0.007930568519635946,0.0003965284259817986,0.06549064146906107,0.0032745320734530736,0.0050187990899512374,0.00025093995449756296,3.0,0.0,0.06514751074651529,0.4844175569003164,0.02565249355202671,,,,,,,,,,,,,,,,
0.05940563506107967,0.02975,0.96625,0.004,-0.0019302598666399717,0.16584280133247375,0.0030850600470633555,0.017499999981373547,1.6053239675859612,0.0,0.0,0.0,0.0,0.0,0.0,0.1348069068684027,1.226336121559143,publication,0.6803550720214844,5.25808572769165,0.8688910781417981,0.9788950578037475,200,0.9227840382180235,3.049593085423112,0.004467444086913019,0.8688910781417981,0.9788951047509908,340.41066638946535,mobile,0.007708271943563739,0.010500035213802132,17.020533440479348,17.020533440479348,system,0.0,60,0.9788951047509908,0.04723911243686882,meta_train_support,0,MARGO-SPLIT-v1,20,20,80,3,61,0.0,0.2,20,10,0.0005,0.0005,mrlco_first_order_mean_pseudogradient,fixed_literature_derived_defaults,0.007810870671277387,0.00039054353356386684,0.06445582956250126,0.003222791478125042,0.004936523695034003,0.00024682618475169865,3.0,0.0,0.06553805428007915,0.48764034837844145,0.02589931973677841,,,,,,,,,,,,,,,,
0.06220717238031622,0.025,0.97125,0.00375,-0.002015443053096533,0.06846939027309418,0.003145775602873376,0.01991666687342028,2.115158008038998,0.0,0.0,0.0,0.0,0.0,0.0,0.1317255488871375,1.3399733304977417,publication,0.6655607223510742,5.373956918716431,0.7209616971953271,0.8106559455122578,200,0.6737782965516569,1.686082150787115,0.021252111066132784,0.720961697195327,0.8106559400260448,394.38668394088745,mobile,0.006201734966803391,0.009165147829153545,19.719334044279066,19.719334044279066,system,0.0,61,0.8106559400260448,0.048938141974690874,meta_train_support,0,MARGO-SPLIT-v1,20,20,80,3,62,0.0,0.2,20,10,0.0005,0.0005,mrlco_first_order_mean_pseudogradient,fixed_literature_derived_defaults,0.007684888886256784,0.0003842444443128423,0.06341621940826736,0.0031708109704133847,0.0048569023451141,0.00024284511725570362,3.0,0.0,0.065922298724392,0.49081115934885483,0.026142164854034113,,,,,,,,,,,,,,,,
0.06659563428395324,0.028,0.96775,0.00425,-0.0029232364613562822,0.16292081773281097,0.003976225169026294,0.02191666664245228,2.1902848432461424,0.0,0.0,0.0,0.0,0.0,0.0,0.12819409167577678,1.2769747972488403,publication,0.6663539409637451,5.199044942855835,0.8670585069202649,0.9745962852194316,200,0.8980444045654722,2.3743243850767612,-0.004160975338891149,0.867058506920265,0.9745962857664563,224.99008415222167,mobile,0.006155301481260657,0.010174980607590221,11.24950407250848,11.24950407250848,system,0.0,62,0.9745962857664563,0.050376588229558115,meta_train_support,0,MARGO-SPLIT-v1,20,20,80,3,63,0.0,0.2,20,10,0.0005,0.0005,mrlco_first_order_mean_pseudogradient,fixed_literature_derived_defaults,0.007567758159512165,0.0003783879079756053,0.06244536979097469,0.0031222684895487185,0.004779808657096416,0.00023899043285481938,3.0,0.0,0.0663006866323676,0.49393342783840355,0.026381155286888933,,,,,,,,,,,,,,,,
0.0851121880130397,0.02575,0.97125,0.003,-0.0005217257421463728,0.18502290546894073,0.003063003889595469,0.015416666849826774,2.7693921620647117,0.0,0.0,0.0,0.0,0.0,0.0,0.11115855677548708,1.4864479303359985,publication,0.6509418487548828,5.150453090667725,0.9750402735463832,1.1007861775704988,200,0.9706401815099206,3.2539566978812218,0.01763850636780262,0.9750402735463833,1.1007861625868827,278.73300795555116,mobile,0.006183527826580575,0.011447819190639676,13.936650576375634,13.936650576375634,system,0.0,63,1.1007861625868827,0.06978497519023763,meta_train_support,0,MARGO-SPLIT-v1,20,20,80,3,64,0.0,0.2,20,10,0.0005,0.0005,mrlco_first_order_mean_pseudogradient,fixed_literature_derived_defaults,0.007451604604402873,0.00037258023022014586,0.06149367158466556,0.003074683579233295,0.004705196295368081,0.0002352598147684036,3.0,0.0,0.06667326686258775,0.49700811141763684,0.026616415101657336,,,,,,,,,,,,,,,,
0.044225012846743746,0.02725,0.96925,0.0035,-0.003761463100090623,0.031691983342170715,0.004099978366381644,0.01666666679084301,1.090931137651205,0.0,0.0,0.0,0.0,0.0,0.0,0.13849432260797406,1.5218738317489624,publication,0.7030084133148193,5.187394380569458,0.4436543190829231,0.49923850148901694,200,0.4287844720463334,1.1815701815139619,0.02958585845772177,0.443654319082923,0.499238506834954,1182.6370578193664,mobile,0.008656066929453834,0.08380262285275702,59.13185116587786,59.13185116587786,system,0.0,64,0.499238506834954,0.039957888353354745,meta_train_support,0,MARGO-SPLIT-v1,20,20,80,3,65,0.0,0.2,20,10,0.0005,0.0005,mrlco_first_order_mean_pseudogradient,fixed_literature_derived_defaults,0.0073369645335659055,0.0003668482266782902,0.06054775039623768,0.0030273875198118527,0.004632808660054726,0.00023164043300273607,3.0,0.0,0.06704011508926604,0.5000354989374487,0.026848055534660072,,,,,,,,,,,,,,,,
0.06306361737085332,0.022,0.974,0.004,-0.0009049621294252574,0.08394363522529602,0.002483937951061913,0.010083333418394128,1.818122962117195,0.0,0.0,0.0,0.0,0.0,0.0,0.11370615276641459,1.488264799118042,publication,0.6719651222229004,3.336185932159424,0.78928713093033,0.8914244163630065,200,0.9800978166609239,2.486136375926435,0.029980493534822017,0.7892871309303301,0.8914244113862515,751.2244236946106,mobile,0.008688219203524215,0.012393091770008111,37.56122104474583,37.56122104474583,system,0.0,65,0.8914244113862515,0.047139323675876504,meta_train_support,0,MARGO-SPLIT-v1,20,20,80,3,66,0.0,0.2,20,10,0.0005,0.0005,mrlco_first_order_mean_pseudogradient,fixed_literature_derived_defaults,0.007225798404269452,0.0003612899202134756,0.05963036023871893,0.002981518011935913,0.0045626145894478365,0.0002281307294723922,3.0,0.0,0.06740140500947951,0.5030170169493846,0.027076186264132465,,,,,,,,,,,,,,,,
0.04742128944483949,0.02775,0.96975,0.0025,-0.0005550154019147158,0.054350387305021286,0.0019741519097199976,0.011166666541248562,1.5507081786791483,0.0,0.0,0.0,0.0,0.0,0.0,0.13312896417970052,1.4607449769973755,publication,0.6740641593933105,4.9562828540802,0.3439952569932155,0.38582320138145404,200,0.5282544354593077,1.4275887422263622,0.01186018600128591,0.3439952569932155,0.3858232034463435,444.1228516769409,mobile,0.008143420245306413,0.026584339508795594,22.20614207332069,22.20614207332069,system,0.0,66,0.3858232034463435,0.04128866868957247,meta_train_support,0,MARGO-SPLIT-v1,20,20,80,3,67,0.0,0.2,20,10,0.0005,0.0005,mrlco_first_order_mean_pseudogradient,fixed_literature_derived_defaults,0.007117950666892296,0.0003558975333446124,0.05874035486202163,0.002937017743101067,0.004494515864232196,0.00022472579321160951,3.0,0.0,0.06775730254282412,0.5059540346924857,0.027300912057344074,,,,,,,,,,,,,,,,
0.059141549103469304,0.014,0.9845,0.0015,-0.0007399397436529398,0.22456970810890198,0.0030308799801180915,0.007583333288008967,2.864223646124204,0.0,0.0,0.0,0.0,0.0,0.0,0.06919756651931272,1.323164463043213,publication,0.6714768409729004,5.064970254898071,0.9265707280273173,1.0416589291856508,200,0.7309803630477155,2.236458126491925,0.03554715710924939,0.9265707280273177,1.0416589295491576,793.9042566490174,mobile,0.002145750677627579,0.008314460534020466,39.69521416520937,39.69521416520937,system,0.0,67,1.0416589295491576,0.046889476334612275,meta_train_support,0,MARGO-SPLIT-v1,20,20,80,3,68,0.0,0.2,20,10,0.0005,0.0005,mrlco_first_order_mean_pseudogradient,fixed_literature_derived_defaults,0.007015205953786985,0.0003507602976893509,0.057889026143843114,0.002894451307192125,0.004428420042699371,0.0002214210021349687,3.0,0.0,0.06810806284051348,0.5088484859996778,0.027522333059479043,,,,,,,,,,,,,,,,
0.06331259045228935,0.018,0.98075,0.00125,-0.00046867437777109444,0.05404006317257881,0.0026026856387034057,0.009999999900658927,1.7159539073705674,0.0,0.0,0.0,0.0,0.0,0.0,0.10294929313574877,1.1382044553756714,publication,0.6753292083740234,5.2161900997161865,0.38775625372288647,0.436353524731021,200,0.5802843494239894,1.5688301138579845,0.0028848060173913836,0.38775625372288636,0.4363535426347516,372.09818180084227,mobile,0.0033655589216572794,0.00827226725532025,18.60490886611006,18.60490886611006,system,0.0,68,0.4363535426347516,0.052455418053926006,meta_train_support,0,MARGO-SPLIT-v1,20,20,80,3,69,0.0,0.2,20,10,0.0005,0.0005,mrlco_first_order_mean_pseudogradient,fixed_literature_derived_defaults,0.006915020713146684,0.00034575103565732956,0.05706750781867709,0.0028533753909338877,0.004364240042080539,0.00021821200210402764,3.0,0.0,0.0684538138761708,0.5117018613906117,0.02774054506158307,,,,,,,,,,,,,,,,
0.07865393193273806,0.011,0.98775,0.00125,8.78684877534397e-05,0.5853605270385742,0.002885435169218909,0.006499999978890021,3.5973207419117292,0.0,0.0,0.0,0.0,0.0,0.0,0.0531375946367569,1.0546817779541016,publication,0.6719017028808594,5.063706636428833,1.2841439669362835,1.4468895400318615,200,1.247661281189468,3.5470506828278303,0.009969709703000262,1.2841439669362837,1.4468895267043262,353.3876383781433,mobile,0.001816358577950164,0.0031462044982980297,17.669381928871072,17.669381928871072,system,0.0,69,1.4468895267043262,0.0529303127836239,meta_train_support,0,MARGO-SPLIT-v1,20,20,80,3,70,0.0,0.2,20,10,0.0005,0.0005,mrlco_first_order_mean_pseudogradient,fixed_literature_derived_defaults,0.006816234702958874,0.00034081173514793894,0.05626854856158913,0.0028134274280794402,0.004303816353749623,0.00021519081768748075,3.0,0.0,0.06879462561131874,0.5145152888186911,0.02795573587927055,,,,,,,,,,,,,,,,
0.07544196446675915,0.009,0.99,0.001,-0.0009479311411269009,0.12086262553930283,0.0022550167769168185,0.005499999923631549,2.298844004670779,0.0,0.0,0.0,0.0,0.0,0.0,0.05733769752731011,1.0300825834274292,publication,0.6035783290863037,3.370469331741333,0.8496528018687133,0.9573868930609933,200,0.8909037465265708,2.5652213123394176,0.03966503916308284,0.8496528018687132,0.9573868879303337,454.3904948616028,mobile,0.0017909315440919741,0.0023951764759747563,22.719524046967184,22.719524046967184,system,0.0,70,0.9573868879303337,0.05532304972351299,meta_train_support,0,MARGO-SPLIT-v1,20,20,80,3,71,0.0,0.2,20,10,0.0005,0.0005,mrlco_first_order_mean_pseudogradient,fixed_literature_derived_defaults,0.006720231397283397,0.0003360115698641669,0.055476033793116046,0.002773801689655797,0.0042431992220066704,0.0002121599611003347,3.0,0.0,0.06913063718118291,0.5172890905083469,0.028167895840370886,,,,,,,,,,,,,,,,
0.060751294202888495,0.01325,0.98525,0.0015,-0.00039487757021561265,0.03996238484978676,0.002820754548883997,0.008499999965230624,1.6277071391542755,0.0,0.0,0.0,0.0,0.0,0.0,0.07362904322706988,0.9509881138801575,publication,0.6691555976867676,4.609575033187866,0.27979716165050283,0.3143270556882271,200,0.46955356391337705,1.3947897420730442,0.016911105893086642,0.27979716165050283,0.314327053707093,234.4904923248291,mobile,0.0023673038730521474,0.005401467671571919,11.724524721244439,11.724524721244439,system,0.0,71,0.314327053707093,0.04885652302766973,meta_train_support,0,MARGO-SPLIT-v1,20,20,80,3,72,0.0,0.2,20,10,0.0005,0.0005,mrlco_first_order_mean_pseudogradient,fixed_literature_derived_defaults,0.006626894850098906,0.0003313447425049437,0.05470553332376721,0.0027352766661883354,0.0041842658994788,0.00020921329497394087,3.0,0.0,0.06946198192368785,0.5200243671745353,0.028377109135344827,,,,,,,,,,,,,,,,
0.08320255484427351,0.00575,0.99325,0.001,-0.0009815228404477239,0.09712380915880203,0.0014083268982706917,0.004166666604578494,2.442057565102975,0.0,0.0,0.0,0.0,0.0,0.0,0.051270499565807925,1.0204846858978271,publication,0.6703941822052002,4.562541723251343,0.6012625811804823,0.6769030821481283,200,0.7295332395640173,1.9851641291752458,0.041065274039283395,0.6012625811804824,0.6769030909985304,125.65801105499267,mobile,0.0011738873583106914,0.0025571876020794677,6.282900585253668,6.282900585253668,system,0.0,72,0.6769030909985304,0.06116198831940824,meta_train_support,0,MARGO-SPLIT-v1,20,20,80,3,73,0.0,0.2,20,10,0.0005,0.0005,mrlco_first_order_mean_pseudogradient,fixed_literature_derived_defaults,0.006536115468590701,0.0003268057734295282,0.05395614245631834,0.002697807122815865,0.004126947188527036,0.00020634735942635235,3.0,0.0,0.06978878769711738,0.5227221742973511,0.02858345649477118,,,,,,,,,,,,,,,,
0.04059739751414805,0.00925,0.99,0.00075,0.00015481049194931984,0.031698863953351974,0.0018976791263166128,0.005416666561116774,1.3447696360448995,0.0,0.0,0.0,0.0,0.0,0.0,0.051705068524890235,0.8271229863166809,publication,0.6128132343292236,5.3387603759765625,0.2460177499027093,0.27525100834374827,200,0.2660723935334441,0.9650254078442231,0.03291574319882784,0.24601774990270928,0.2752509986795485,817.8492039489746,mobile,0.0028222983113146095,0.004150045823767719,40.89245668082373,40.89245668082373,system,0.0,73,0.2752509986795485,0.032847759536205716,meta_train_support,0,MARGO-SPLIT-v1,20,20,80,3,74,0.0,0.2,20,10,0.0005,0.0005,mrlco_first_order_mean_pseudogradient,fixed_literature_derived_defaults,0.006447789583880016,0.0003223894791939963,0.05322700539609783,0.002661350269804852,0.004071177631925319,0.00020355888159626426,3.0,0.0,0.07011117717631138,0.525383524567156,0.028787015376367443,,,,,,,,,,,,,,,,
0.06776643218374298,0.00425,0.9955,0.00025,-0.00044384581269696355,0.13928931951522827,0.0009677058633400293,0.0025833333687235913,3.5523607830206556,0.0,0.0,0.0,0.0,0.0,0.0,0.02244061359731865,1.1675509214401245,publication,0.661198616027832,5.159193754196167,0.9894851675994216,1.1182931011492747,200,0.8704951136898236,2.599121858831495,0.02315802196972072,0.9894851675994216,1.1182930712401866,518.6059779548646,mobile,0.003093979624064965,0.0045811229228319705,25.930297313713258,25.930297313713258,system,0.0,74,1.1182930712401866,0.05650449099475286,meta_train_support,0,MARGO-SPLIT-v1,20,20,80,3,75,0.0,0.2,20,10,0.0005,0.0005,mrlco_first_order_mean_pseudogradient,fixed_literature_derived_defaults,0.006361819056094949,0.00031809095280474486,0.05251731199081652,0.002625865599540811,0.004016895263499648,0.00020084476317498365,3.0,0.0,0.07042926812911612,0.5280093901666968,0.028987860139542427,,,,,,,,,,,,,,,,
0.06237368400839301,0.00175,0.99725,0.001,-0.00010398598533356562,0.3624282479286194,0.0006322459371702393,0.0015833333134651184,4.1675641824801755,0.0,0.0,0.0,0.0,0.0,0.0,0.017542627715354656,1.286760926246643,publication,0.6708989143371582,4.2566986083984375,1.2367052309095576,1.3939561637109728,200,1.1275998860891059,3.5930568892508745,0.015496991254622117,1.2367052309095574,1.3939561241306364,682.2221055221557,mobile,0.0013861333374038118,0.009386052847300645,34.11110681815729,34.11110681815729,system,0.0,75,1.3939561241306364,0.04528396498044666,meta_train_support,0,MARGO-SPLIT-v1,20,20,80,3,76,0.0,0.2,20,10,0.0005,0.0005,mrlco_first_order_mean_pseudogradient,fixed_literature_derived_defaults,0.006278110910620016,0.0003139055455309986,0.051826294727779464,0.002591314736388961,0.0039640413784536,0.00019820206892268155,3.0,0.0,0.07074317367464712,0.5306007049030858,0.02918606220846511,,,,,,,,,,,,,,,,
0.0661511085296177,0.003,0.99675,0.00025,-0.00024927567574195564,0.11156561225652695,0.0009235080028164569,0.0015833332979430757,3.558150457342466,0.0,0.0,0.0,0.0,0.0,0.0,0.01937504106649911,1.47073495388031,publication,0.6222312450408936,5.3424296379089355,0.7495357352761947,0.8453065131286712,200,0.7116485676649956,2.330270506441593,0.029976588673889637,0.7495357352761949,0.8453065325133502,693.4765573215485,mobile,0.0014561122889886929,0.002164028440168768,34.673824855482536,34.673824855482536,system,0.0,76,0.8453065325133502,0.051567211860893,meta_train_support,0,MARGO-SPLIT-v1,20,20,80,3,77,0.0,0.2,20,10,0.0005,0.0005,mrlco_first_order_mean_pseudogradient,fixed_literature_derived_defaults,0.006196577002689886,0.0003098288501344887,0.051153225965081026,0.002557661298254077,0.0039125603215905665,0.00019562801607952984,3.0,0.0,0.07105300252478161,0.5331583662013398,0.02938169022454464,,,,,,,,,,,,,,,,
0.05235702013175545,0.00175,0.99825,0.0,-0.00016342637536581606,0.14955827593803406,0.0003851013244866882,0.0007499999832361936,3.4950325548648835,0.0,0.0,0.0,0.0,0.0,0.0,0.019838722401824514,1.5477169752120972,publication,0.6350996494293213,4.449457168579102,1.0125640686970112,1.1407278309009417,200,0.9165979788984966,3.2804015018045902,0.04332668279312202,1.0125640686970114,1.1407278974354267,922.1418054199219,mobile,0.005379410790732659,0.00547722035978523,46.107091198380395,46.107091198380395,system,0.0,77,1.1407278974354267,0.03739768781926294,meta_train_support,0,MARGO-SPLIT-v1,20,20,80,3,78,0.0,0.2,20,10,0.0005,0.0005,mrlco_first_order_mean_pseudogradient,fixed_literature_derived_defaults,0.006127969436630835,0.00030639847183154545,0.050535868321503995,0.0025267934160752015,0.003862399291826585,0.00019311996459132896,3.0,0.0,0.07135940099661316,0.535685159617415,0.029574810189135967,,,,,,,,,,,,,,,,
0.06144546774374656,0.00375,0.99525,0.001,-0.00016041843628045171,0.16609016060829163,0.0009171165922621089,0.0027499999540547527,3.6270344873269402,0.0,0.0,0.0,0.0,0.0,0.0,0.02116998233371404,1.5558308362960815,publication,0.6037745475769043,5.33511209487915,1.0461644506196563,1.179559027314026,200,0.9658704709697529,3.2284883726388216,0.03540535211504903,1.0461644506196563,1.1795590316690505,607.0613892173767,mobile,0.0015203103072436266,0.0016113882844102758,30.353066557915458,30.353066557915458,system,0.0,78,1.1795590316690505,0.051973863271781794,meta_train_support,0,MARGO-SPLIT-v1,20,20,80,3,79,0.0,0.2,20,10,0.0005,0.0005,mrlco_first_order_mean_pseudogradient,fixed_literature_derived_defaults,0.0060898267326179875,0.0003044913366308938,0.05003167462055762,0.0025015837310279343,0.003813508161550299,0.00019067540807751401,3.0,0.0,0.07166389233324405,0.538186743348443,0.02976548559721348,,,,,,,,,,,,,,,,
0.06490381069289762,0.001,0.9985,0.0005,-0.00014634097169619054,0.10873767733573914,0.00024939485856898533,0.00041666665735344094,3.572167770067851,0.0,0.0,0.0,0.0,0.0,0.0,0.020922782979130597,1.5272542238235474,publication,0.6559772491455078,4.752572774887085,0.7953691430369682,0.898141066987664,200,0.6641554307851607,1.797728321980685,0.032398223636846524,0.7953691430369682,0.8981410400383174,876.6186399650574,mobile,0.0008493968586933008,0.0030947304056559506,43.83092852326132,43.83092852326132,system,0.0,79,0.8981410400383174,0.05257308307527934,meta_train_support,0,MARGO-SPLIT-v1,20,20,80,3,80,0.0,0.2,20,10,0.0005,0.0005,mrlco_first_order_mean_pseudogradient,fixed_literature_derived_defaults,0.006013703898460263,0.00030068519492301715,0.04940627868780065,0.0024703139343900116,0.00376583930953092,0.00018829196547654609,3.0,0.0,0.07196457752816707,0.540657057282833,0.029953777562690027,,,,,,,,,,,,,,,,
0.06591154584253518,0.00725,0.992,0.00075,-0.00023523281561210752,0.06368610262870789,0.0016115602926307794,0.003916666687776646,2.369342297315598,0.0,0.0,0.0,0.0,0.0,0.0,0.03234646615597569,1.4568846225738525,publication,0.6629416942596436,5.030076503753662,0.43874620469697817,0.49438202999943087,200,0.5648871910908821,1.7458213088102639,0.04087975574657321,0.4387462046969782,0.49438199259340765,194.6728169441223,mobile,0.0018802800247653994,0.0020997125770761543,9.733640685703852,9.733640685703852,system,0.0,80,0.49438199259340765,0.04919403014416585,meta_train_support,0,MARGO-SPLIT-v1,20,20,80,3,81,0.0,0.2,20,10,0.0005,0.0005,mrlco_first_order_mean_pseudogradient,fixed_literature_derived_defaults,0.005939460640454581,0.00029697303202272374,0.04880499849123105,0.0024402499245615994,0.003719347466203378,0.00018596737331016966,3.0,0.0,0.07226155056018979,0.5430973072073946,0.030139744936000197,,,,,,,,,,,,,,,,
0.07435366680578728,0.003,0.996,0.001,-0.0003683684626594186,0.13890601694583893,0.0008491751913377737,0.002333333312223355,2.9734852135181424,0.0,0.0,0.0,0.0,0.0,0.0,0.026395891486532187,1.2292366027832031,publication,0.5874707698822021,4.814192295074463,0.8677897503331583,0.978786564709153,200,1.1546546968050726,3.741956745274365,0.018973391968756914,0.8677897503331586,0.9787865364644677,187.75781419754028,mobile,0.0014783976324078826,0.0031059134911405866,9.387890150503718,9.387890150503718,system,0.0,81,0.9787865364644677,0.054939011537192224,meta_train_support,0,MARGO-SPLIT-v1,20,20,80,3,82,0.0,0.2,20,10,0.0005,0.0005,mrlco_first_order_mean_pseudogradient,fixed_literature_derived_defaults,0.005867471418185773,0.0002933735709092916,0.048225829742254006,0.002411291487112721,0.0036739895702740683,0.00018369947851370333,3.0,0.0,0.07255492413109908,0.5455085986945073,0.0303234444145139,,,,,,,,,,,,,,,,
0.05552202287733134,0.00575,0.993,0.00125,-0.0007334916735999286,0.09575441479682922,0.0014972260091478044,0.004333333298563957,2.271502468486627,0.0,0.0,0.0,0.0,0.0,0.0,0.03800673177888717,0.996600329875946,publication,0.6682178974151611,4.750460624694824,0.5209040747743042,0.5852837144585646,200,0.6673120784694355,1.6845110799185932,0.03857302253891248,0.5209040747743041,0.5852837035804987,756.4056160736084,mobile,0.0006204705236437097,0.0009187332025791365,37.82027749458607,37.82027749458607,system,0.0,82,0.5852837035804987,0.04015424355140447,meta_train_support,0,MARGO-SPLIT-v1,20,20,80,3,83,0.0,0.2,20,10,0.0005,0.0005,mrlco_first_order_mean_pseudogradient,fixed_literature_derived_defaults,0.0057967789914606434,0.0002898389495730319,0.047644795648973844,0.0023822397824486696,0.003629724635692453,0.00018148623178462428,3.0,0.0,0.07284476308067211,0.547890838476956,0.030504930646298525,,,,,,,,,,,,,,,,
0.05469053317461048,0.006,0.99325,0.00075,-0.00040728290332481265,0.04548413306474686,0.0015587517060206817,0.004166666604578496,1.6398831722637017,0.0,0.0,0.0,0.0,0.0,0.0,0.03923752334807785,0.7893205881118774,publication,0.6509451866149902,5.541537761688232,0.3742800453765634,0.4205442197488719,200,0.5667474404887521,1.5403591906651855,0.04358558934472967,0.3742800453765634,0.4205442178435624,489.46443097114565,mobile,0.0008806878230009715,0.0036757920405048232,24.473222285665376,24.473222285665376,system,0.0,83,0.4205442178435624,0.043302163570160666,meta_train_support,0,MARGO-SPLIT-v1,20,20,80,3,84,0.0,0.2,20,10,0.0005,0.0005,mrlco_first_order_mean_pseudogradient,fixed_literature_derived_defaults,0.005727769717752779,0.0002863884858876342,0.047077595700771774,0.0023538797850385373,0.003586513628124686,0.00017932568140623453,3.0,0.0,0.07313115156655975,0.5502447182619945,0.03068425632770476,,,,,,,,,,,,,,,,
0.07702178983776761,0.00425,0.995,0.00075,-0.0003828989574685693,0.13380680978298187,0.0008344155134030493,0.002249999980752667,2.090961551542083,0.0,0.0,0.0,0.0,0.0,0.0,0.027241310028442534,0.7614490985870361,publication,0.6282179355621338,4.5438878536224365,0.7653729035699283,0.8610839749935986,200,0.9310030518678346,2.891278003109619,0.01804417301900685,0.7653729035699283,0.8610839806590229,209.6976513671875,mobile,0.0028034478532257662,0.003124200859833244,10.484882096236936,10.484882096236936,system,0.0,84,0.8610839806590229,0.06040703799636332,meta_train_support,0,MARGO-SPLIT-v1,20,20,80,3,85,0.0,0.2,20,10,0.0005,0.0005,mrlco_first_order_mean_pseudogradient,fixed_literature_derived_defaults,0.00566255437819163,0.0002831277189095788,0.046540983493160555,0.0023270491746579802,0.0035443193501467486,0.00017721596750733606,3.0,0.0,0.07341427928546933,0.5525717674366525,0.030861472295212095,,,,,,,,,,,,,,,,
0.05738156895683699,0.003,0.9965,0.0005,-0.00028287232271395624,0.16644111275672913,0.0009544662233480494,0.002249999949708581,2.353779099136591,0.0,0.0,0.0,0.0,0.0,0.0,0.029241722711876358,0.7687525749206543,publication,0.6980423927307129,4.1449785232543945,0.9883563977384208,1.1134656316935252,200,0.916743991743167,2.6029793857596815,0.048123992601176724,0.9883563977384207,1.1134656089916826,1033.6917621040345,mobile,0.004032448784404185,0.004519029116545169,51.68458913146164,51.68458913146164,system,0.0,85,1.1134656089916826,0.04509574443258977,meta_train_support,0,MARGO-SPLIT-v1,20,20,80,3,86,0.0,0.2,20,10,0.0005,0.0005,mrlco_first_order_mean_pseudogradient,fixed_literature_derived_defaults,0.00560184429903782,0.0002800922149518853,0.04603050849961515,0.0023015254249807438,0.0035031063344473676,0.00017515531672236684,3.0,0.0,0.07369437150042121,0.5548732928616332,0.031036627611934462,,,,,,,,,,,,,,,,
0.06497371929478657,0.005,0.994,0.001,0.0002359485370106995,0.24557045102119446,0.0012044522985272957,0.0034166666058202586,2.788242027411858,0.0,0.0,0.0,0.0,0.0,0.0,0.03262511653566223,0.9376800656318665,publication,0.7041442394256592,4.813351631164551,1.0466992725556432,1.1795071692623607,200,1.1202755942825808,3.272926445119083,0.05124942335532978,1.0466992725556432,1.1795071672089399,474.28429225921633,mobile,0.0009392519299919068,0.004887356496175851,23.714213543781938,23.714213543781938,system,0.0,86,1.1795071672089399,0.04862569487819375,meta_train_support,0,MARGO-SPLIT-v1,20,20,80,3,87,0.0,0.2,20,10,0.0005,0.0005,mrlco_first_order_mean_pseudogradient,fixed_literature_derived_defaults,0.005557853824450683,0.00027789269122253935,0.04557196900812058,0.002278598450406011,0.003462840744396248,0.0001731420372198117,3.0,0.0,0.07397226419164375,0.5571518913120392,0.031209769649154274,,,,,,,,,,,,,,,,
0.039919818196019294,0.00525,0.9935,0.00125,-0.0004060236387886107,0.07126773148775101,0.0007897744151591724,0.0031666665958861506,1.6515326539675397,0.0,0.0,0.0,0.0,0.0,0.0,0.045687927100869115,0.9356825947761536,publication,0.6847705841064453,5.11945652961731,0.4032771473930012,0.4522926802853908,200,0.7124842585452699,2.3877205182798207,0.05047318642027676,0.40327714739300113,0.4522926625236869,580.7934728240966,mobile,0.0016792879724100804,0.004541402914705856,29.0396763203381,29.0396763203381,system,0.0,87,0.4522926625236869,0.0358529393122821,meta_train_support,0,MARGO-SPLIT-v1,20,20,80,3,88,0.0,0.2,20,10,0.0005,0.0005,mrlco_first_order_mean_pseudogradient,fixed_literature_derived_defaults,0.005494696394627379,0.0002747348197313648,0.045054105723937386,0.002252705286196921,0.003423490281391746,0.00017117451406958514,3.0,0.0,0.07424699901137512,0.5594045965982362,0.03138094416322386,,,,,,,,,,,,,,,,
0.06281929567692754,0.0065,0.992,0.0015,-0.0002826145791914314,0.12505456805229187,0.001544295462590147,0.0044999999149392044,1.9643404707312584,0.0,0.0,0.0,0.0,0.0,0.0,0.039515400274355676,1.266904592514038,publication,0.6742548942565918,5.275908470153809,0.742865544436473,0.8359398813773805,200,0.9987939734766257,3.227401740849018,0.05421818804461509,0.742865544436473,0.8359398694522678,445.23699655532835,mobile,0.0017414396584080716,0.002148907181798122,22.261851498805672,22.261851498805672,system,0.0,88,0.8359398694522678,0.047272689729782026,meta_train_support,0,MARGO-SPLIT-v1,20,20,80,3,89,0.0,0.2,20,10,0.0005,0.0005,mrlco_first_order_mean_pseudogradient,fixed_literature_derived_defaults,0.005432958232889993,0.00027164791164449587,0.04454787981692685,0.0022273939908463714,0.00338502409845476,0.0001692512049227407,3.0,0.0,0.07451864692301961,0.5616319905890825,0.0315501953681466,,,,,,,,,,,,,,,,
0.04717305043981192,0.007,0.99075,0.00225,-0.0007774416590109468,0.05563972517848015,0.001121946061781879,0.004333333283041914,1.7127448002497356,0.0,0.0,0.0,0.0,0.0,0.0,0.04588624463601031,1.1232117414474487,publication,0.6592674255371094,3.4494829177856445,0.6212680725631671,0.6986956658773488,200,1.0400746953640339,3.468941984232515,0.01787741945372545,0.6212680725631671,0.6986956569831818,768.6621510124206,mobile,0.001822934184980512,0.003968958862720248,38.43310678175183,38.43310678175183,system,0.0,89,0.6986956569831818,0.03909926081816932,meta_train_support,0,MARGO-SPLIT-v1,20,20,80,3,90,0.0,0.2,20,10,0.0005,0.0005,mrlco_first_order_mean_pseudogradient,fixed_literature_derived_defaults,0.0053725920303023264,0.00026862960151512183,0.044052903374516554,0.002202645168725814,0.00334741271958304,0.0001673706359791513,3.0,0.0,0.07478727652453473,0.5638346357578083,0.03171756600412575,,,,,,,,,,,,,,,,
0.08815002960244757,0.00525,0.99275,0.002,-0.0005815901095047593,0.3020959794521332,0.00111492964123651,0.0034166665902982153,2.8007606734832127,0.0,0.0,0.0,0.0,0.0,0.0,0.03884858009259832,1.4061930179595947,publication,0.6495358943939209,4.9744017124176025,1.1656198367770094,1.314912254485971,200,1.1725348677932694,3.3088454965036362,0.045284311461728066,1.1656198367770092,1.3149122426100075,240.78818201065064,mobile,0.0016179764069899113,0.017678182733914524,12.039409327235642,12.039409327235642,system,0.0,90,1.3149122426100075,0.061778700002751014,meta_train_support,0,MARGO-SPLIT-v1,20,20,80,3,91,0.0,0.2,20,10,0.0005,0.0005,mrlco_first_order_mean_pseudogradient,fixed_literature_derived_defaults,0.00531408189718697,0.0002657040948593481,0.04358292702775627,0.0021791463513878284,0.003310627964422787,0.0001655313982211401,3.0,0.0,0.07505298061939408,0.5660137821091962,0.03188309740234689,,,,,,,,,,,,,,,,
0.054810158175544285,0.007,0.99025,0.00275,-0.0006634920137003064,0.0540924072265625,0.001308923637892197,0.004666666608924667,1.942731442054113,0.0,0.0,0.0,0.0,0.0,0.0,0.04556028915534595,1.3062628507614136,publication,0.6775932312011719,5.066972732543945,0.612811600583866,0.6909368788170832,200,0.731990608130246,2.2628181476611644,-0.05708681128453463,0.6128116005838657,0.6909368981979788,615.340921163559,mobile,0.0028284194652994023,0.008615012678772892,30.76704419976337,30.76704419976337,system,0.0,91,0.6909368981979788,0.04734838472068154,meta_train_support,0,MARGO-SPLIT-v1,20,20,80,3,92,0.0,0.2,20,10,0.0005,0.0005,mrlco_first_order_mean_pseudogradient,fixed_literature_derived_defaults,0.005256320137434937,0.0002628160068717522,0.0431127301571797,0.0021556365078589934,0.0032746428778529743,0.00016373214389264756,3.0,0.0,0.07531579662626584,0.5681694186170552,0.03204682954623954,,,,,,,,,,,,,,,,
0.047567787078287904,0.0065,0.99075,0.00275,-0.0004932011943310499,0.24995702505111694,0.0019798367080814693,0.004333333314086,2.2875388875603675,0.0,0.0,0.0,0.0,0.0,0.0,0.04230233136181718,1.4065278768539429,publication,0.6513676643371582,5.003210067749023,0.9467584963115331,1.0655311906729183,200,1.2200769821061754,3.5020617553964257,0.0434574099490419,0.946758496311533,1.0655311715975404,778.6652407073975,mobile,0.0017463629750778073,0.003695380413464291,38.93325827439822,38.93325827439822,system,0.0,92,1.0655311715975404,0.04066208758218081,meta_train_support,0,MARGO-SPLIT-v1,20,20,80,3,93,0.0,0.2,20,10,0.0005,0.0005,mrlco_first_order_mean_pseudogradient,fixed_literature_derived_defaults,0.005199800566064669,0.00025999002830323636,0.04264915241355411,0.002132457620677708,0.0032394316641126196,0.00016197158320563343,3.0,0.0,0.07557578665456907,0.5703018762377329,0.03220880112944517,,,,,,,,,,,,,,,,
0.05319012436150341,0.00825,0.98925,0.0025,-0.000807634147349745,0.04150679334998131,0.0009844861621483383,0.0046666666244467095,1.473860266804695,0.0,0.0,0.0,0.0,0.0,0.0,0.0542786464468908,1.3397563695907593,publication,0.6610612869262695,5.444790363311768,0.5131644807851663,0.5771572525824513,200,0.7015384561021974,2.211068100295961,0.0339593916432932,0.5131644807851663,0.5771572531946003,512.4902935791016,mobile,0.0044074158548281965,0.00733790686807344,25.62451609332597,25.62451609332597,system,0.0,93,0.5771572531946003,0.040582652489533466,meta_train_support,0,MARGO-SPLIT-v1,20,20,80,3,94,0.0,0.2,20,10,0.0005,0.0005,mrlco_first_order_mean_pseudogradient,fixed_literature_derived_defaults,0.005144483538766109,0.00025722417693831157,0.042195438026175876,0.002109771901308788,0.003204969625132698,0.0001602484812566335,3.0,0.0,0.07583301083150738,0.5724116481390417,0.032369049610701806,,,,,,,,,,,,,,,,
0.062474487922963916,0.005,0.99125,0.00375,-0.0007582972175441682,0.05043031647801399,0.001343401498706953,0.005249999898175399,2.228665887316068,0.0,0.0,0.0,0.0,0.0,0.0,0.05542837548531193,1.311388373374939,publication,0.6585593223571777,4.229485034942627,0.420616044686646,0.4722070771176732,200,0.6534851023847718,1.734697436913848,0.04916834478353849,0.420616044686646,0.4722070695459843,157.21441650390625,mobile,0.0013361225276080047,0.004213954707069113,7.8607208494296685,7.8607208494296685,system,0.0,94,0.4722070695459843,0.0491445148900433,meta_train_support,0,MARGO-SPLIT-v1,20,20,80,3,95,0.0,0.2,20,10,0.0005,0.0005,mrlco_first_order_mean_pseudogradient,fixed_literature_derived_defaults,0.005090331080463308,0.00025451655402317086,0.041751275520637184,0.002087563776031809,0.00317123310276288,0.00015856165513814663,3.0,0.0,0.07608752738553055,0.5744992119150735,0.03252761126583995,,,,,,,,,,,,,,,,
0.06525300866216951,0.0075,0.99125,0.00125,-0.0005859883967787027,0.08539994806051254,0.0018420906851323103,0.004416666645556689,1.7855254987875622,0.0,0.0,0.0,0.0,0.0,0.0,0.04854124378609391,1.1303293704986572,publication,0.6776230335235596,4.868128538131714,0.6768779315111005,0.7612372062149189,200,0.9680015771916826,2.582911604549736,0.019655818105093203,0.6768779315111007,0.7612372158654034,475.9955996131897,mobile,0.0010125582577847345,0.002172634497115486,23.799777658840505,23.799777658840505,system,0.0,95,0.7612372158654034,0.04757657713178963,meta_train_support,0,MARGO-SPLIT-v1,20,20,80,3,96,0.0,0.2,20,10,0.0005,0.0005,mrlco_first_order_mean_pseudogradient,fixed_literature_derived_defaults,0.005037306798375148,0.0002518653399187637,0.04131636640063055,0.0020658183200314983,0.0031381994246091,0.00015690997123045392,3.0,0.0,0.07633939272544932,0.576565030235105,0.032684521237070406,,,,,,,,,,,,,,,,
0.06267083438720328,0.00375,0.9945,0.00175,-0.0001264349411940202,0.0989883616566658,0.0017812070981638802,0.0033333332898716136,2.9273313070336977,0.0,0.0,0.0,0.0,0.0,0.0,0.0340017486256507,1.0808204412460327,publication,0.6789460182189941,5.0693199634552,1.0022125529357764,1.1271271167416126,200,0.8044330989373026,2.6900132957380265,0.08071335061686113,1.0022125529357766,1.1271271244436503,442.4917670059204,mobile,0.0003764769788060854,0.011376074293345927,22.12458792565368,22.12458792565368,system,0.0,96,1.1271271244436503,0.04433028564123578,meta_train_support,0,MARGO-SPLIT-v1,20,20,80,3,97,0.0,0.2,20,10,0.0005,0.0005,mrlco_first_order_mean_pseudogradient,fixed_literature_derived_defaults,0.004985375800453755,0.0002492687900226831,0.04089042447897456,0.0020445212239487143,0.0031058468532213774,0.0001552923426610675,3.0,0.0,0.076588661515472,0.5786095514590537,0.032839813579731474,,,,,,,,,,,,,,,,
0.0504360189602478,0.00525,0.99225,0.0025,-0.0006770162144675851,0.06674974411725998,0.0009620073771884563,0.004166666589056452,1.745684697603186,0.0,0.0,0.0,0.0,0.0,0.0,0.03875368300001717,1.0872794389724731,publication,0.6320319175720215,5.332984924316406,0.5571251636104239,0.6267542061415771,200,0.6711632909240743,2.1290319045074284,0.02899775423884421,0.5571251636104237,0.6267541887424887,611.6554808044434,mobile,0.001516596707647577,0.008398733233624948,30.582772539816098,30.582772539816098,system,0.0,97,0.6267541887424887,0.038819112383251884,meta_train_support,0,MARGO-SPLIT-v1,20,20,80,3,98,0.0,0.2,20,10,0.0005,0.0005,mrlco_first_order_mean_pseudogradient,fixed_literature_derived_defaults,0.004942811121452791,0.0002471405560726392,0.04052698941994055,0.002026349470997002,0.003074154538392588,0.00015370772691963158,3.0,0.0,0.07683580207154464,0.5806359009300507,0.032993521306651105,,,,,,,,,,,,,,,,
0.07270857529177707,0.0035,0.99475,0.00175,-0.0005375722539611161,0.08791349828243256,0.0019099385453500873,0.0032499999273568393,2.4453808546066282,0.0,0.0,0.0,0.0,0.0,0.0,0.030129133537176184,1.2085999250411987,publication,0.669745922088623,5.225032567977905,0.7740674487368654,0.8723105002608645,200,0.8566388539096061,2.5568619426339865,0.039800480706617236,0.7740674487368653,0.8723105069808662,345.08663571357727,mobile,0.002806310389167603,0.01061291960414648,17.254331102220544,17.254331102220544,system,0.0,98,0.8723105069808662,0.053261513821313604,meta_train_support,0,MARGO-SPLIT-v1,20,20,80,3,99,0.0,0.2,20,10,0.0005,0.0005,mrlco_first_order_mean_pseudogradient,fixed_literature_derived_defaults,0.004900564345342708,0.0002450282172671292,0.04015330360973194,0.002007665180486562,0.0030431024723482185,0.00015215512361740902,3.0,0.0,0.07708083028881177,0.5826435661105372,0.033145676430268514,,,,,,,,,,,,,,,,
0.07357619904695101,0.00175,0.99725,0.001,-0.0006054452387616038,0.0922621563076973,0.0006014794041040736,0.0016666666294137638,2.056425639490287,0.0,0.0,0.0,0.0,0.0,0.0,0.025742706042603366,1.3064278364181519,publication,0.6805377006530762,5.265554666519165,0.6910659419188171,0.7786788802556657,200,0.774913872505576,2.207339309155941,0.011178057873621583,0.691065941918817,0.7786788765667007,506.14668541908264,mobile,0.002193650570214789,0.005527520451619919,25.307335044644596,25.307335044644596,system,0.0,99,0.7786788765667007,0.05530159456030725,meta_train_support,0,MARGO-SPLIT-v1,20,20,80,3,100,0.0,0.2,20,10,0.0005,0.0005,mrlco_first_order_mean_pseudogradient,fixed_literature_derived_defaults,0.004851558701889281,0.0002425779350944679,0.03975963140059671,0.001987981570029884,0.003012671447624736,0.00015063357238123687,3.0,0.0,0.07732340822390624,0.5846315476805671,0.03329631000264975,,,,,,,,,,,,,,,,
0.06505922267061036,0.003,0.996,0.001,-0.0007142095710150898,0.05051072686910629,0.0006372130704410969,0.0022499999497085812,2.1037270966296395,0.0,0.0,0.0,0.0,0.0,0.0,0.029826666671048652,1.5034739971160889,publication,0.6448450088500977,5.342820167541504,0.552116336571417,0.6216335035554584,200,0.6913411483959059,1.7267028596252203,0.025660510815214366,0.552116336571417,0.6216335022263229,427.33984155654906,mobile,0.0017100755441518795,0.001987947524830229,21.366994031085273,21.366994031085273,system,0.0,100,0.6216335022263229,0.04559667690272435,meta_train_support,0,MARGO-SPLIT-v1,20,20,80,3,101,0.0,0.2,20,10,0.0005,0.0005,mrlco_first_order_mean_pseudogradient,fixed_literature_derived_defaults,0.00480352346721711,0.00024017617336086206,0.039365971683759125,0.0019682985841880107,0.0029828430174502337,0.0001491421508725138,3.0,0.0,0.0775635843972671,0.5865998462647551,0.033445452153522265,-0.15696710691117993,-0.11308167485591883,0.11308167485591883,0.05,0.2,0.05,0.04,0.975,0.975,0.0,validation/automotive_lexicographic_v1,automotive_lexicographic_v1,a3bd00d5108237acdb706f561212b5d840bac151f48b5250a61c573d9c9ffb6c,644584388.0,0.11308167485591883,1.0
0.07288416246145453,0.00325,0.99525,0.0015,4.697070471593179e-05,0.05877341702580452,0.0005915060064573651,0.002833333270003398,2.2183482418457667,0.0,0.0,0.0,0.0,0.0,0.0,0.023768637983551673,1.606553316116333,publication,0.6711270809173584,5.042552471160889,0.5132974178428134,0.5786208439829261,200,0.7167623615095436,2.175918135792017,0.010240612056804821,0.5132974178428136,0.578620828827843,499.0209448051453,mobile,0.0010944562775744807,0.004216441724369703,24.95104925905885,24.95104925905885,system,0.0,101,0.578620828827843,0.057238884475788156,meta_train_support,0,MARGO-SPLIT-v1,20,20,80,3,102,0.0,0.2,20,10,0.0005,0.0005,mrlco_first_order_mean_pseudogradient,fixed_literature_derived_defaults,0.004756430099891452,0.0002378215049945731,0.03898003078489874,0.0019490015392449322,0.0029535994584556236,0.0001476799729227818,3.0,0.0,0.07780140590226167,0.5885488478040001,0.03359313212644505,,,,,,,,,,,,,,,,
0.06688108213067728,0.00325,0.99625,0.0005,-0.0001893717417260632,0.04298456758260727,0.0004268513498923691,0.0019166666238258283,2.060400965809822,0.0,0.0,0.0,0.0,0.0,0.0,0.030095485610148083,1.5755457878112793,publication,0.6670770645141602,5.413925886154175,0.4342853736836469,0.48837083940213233,200,0.7677140925691112,2.5290718087926507,-0.02691170503385365,0.4342853736836469,0.4883708583004773,166.3453194999695,mobile,0.0019797676897631462,0.0031936429804511695,8.31726607059383,8.31726607059383,system,0.0,102,0.4883708583004773,0.05048047867178076,meta_train_support,0,MARGO-SPLIT-v1,20,20,80,3,103,0.0,0.2,20,10,0.0005,0.0005,mrlco_first_order_mean_pseudogradient,fixed_literature_derived_defaults,0.004710251166882797,0.00023551255834414198,0.03860158388407448,0.0019300791942037376,0.0029249237355579963,0.00014624618677790135,3.0,0.0,0.07803691846060581,0.5904789269982038,0.03373937831322295,,,,,,,,,,,,,,,,
0.06212000547885747,0.00175,0.99725,0.001,-0.0003570055996533483,0.07997728139162064,0.0005896439318400818,0.0017499999608844518,2.872951470812162,0.0,0.0,0.0,0.0,0.0,0.0,0.022018034814175042,1.4256560802459717,publication,0.6717209815979004,5.111978054046631,0.7544688284478908,0.8489293572054885,200,0.7862782022896923,2.4111332779284567,0.0537250128982123,0.7544688284478906,0.8489293385855854,328.9785615539551,mobile,0.0009019928997936946,0.0009538374636497011,16.4489288827169,16.4489288827169,system,0.0,103,0.8489293385855854,0.0484615125918014,meta_train_support,0,MARGO-SPLIT-v1,20,20,80,3,104,0.0,0.2,20,10,0.0005,0.0005,mrlco_first_order_mean_pseudogradient,fixed_literature_derived_defaults,0.004664960290278155,0.0002332480145139093,0.03823041480826607,0.0019115207404133416,0.0028967994688699388,0.0001448399734435002,3.0,0.0,0.07827016647511972,0.5923904477386172,0.03388421828666645,,,,,,,,,,,,,,,,
0.05762514691350107,0.00225,0.996,0.00175,-0.00010910375567618757,0.15731900930404663,0.0009084467017113221,0.002499999944120646,2.3879165999591354,0.0,0.0,0.0,0.0,0.0,0.0,0.026875132387797512,1.2097835540771484,publication,0.6871044635772705,4.7462522983551025,0.7835348512590835,0.883046887241544,200,1.1319279090554353,3.6504289554432034,0.02202461613342166,0.7835348512590834,0.8830468858778476,578.6858136367798,mobile,0.0015446304988134994,0.004209838432182968,28.93429212927448,28.93429212927448,system,0.0,104,0.8830468858778476,0.04468004968518142,meta_train_support,0,MARGO-SPLIT-v1,20,20,80,3,105,0.0,0.2,20,10,0.0005,0.0005,mrlco_first_order_mean_pseudogradient,fixed_literature_derived_defaults,0.00462053209703741,0.0002310266048518722,0.03786631561961592,0.001893315780980842,0.0028692109024997486,0.00014346054512498485,3.0,0.0,0.0785011930799716,0.594283763519598,0.03402767883179143,,,,,,,,,,,,,,,,
0.03602551431570596,0.00475,0.99475,0.0005,-0.000359134137397632,0.04827059432864189,0.0008477465712237138,0.002833333301047484,1.802605224897464,0.0,0.0,0.0,0.0,0.0,0.0,0.025289002161757196,1.123679518699646,publication,0.6119809150695801,5.19249153137207,0.4689420301241809,0.5282641947062439,200,0.5276445803652201,1.8604709096252918,0.027372728480258957,0.46894203012418084,0.5282641862239689,1498.2312800598145,mobile,0.0014321385286000254,0.005158083948197454,74.91156583500175,74.91156583500175,system,0.0,105,0.5282641862239689,0.026181524723429907,meta_train_support,0,MARGO-SPLIT-v1,20,20,80,3,106,0.0,0.2,20,10,0.0005,0.0005,mrlco_first_order_mean_pseudogradient,fixed_literature_derived_defaults,0.004576942171593662,0.00022884710857967727,0.03750908622697803,0.0018754543113489452,0.0028421428751176756,0.00014210714375588462,3.0,0.0,0.07873004018855127,0.5961592178309469,0.03416978597554732,,,,,,,,,,,,,,,,
0.04893505329308571,0.00475,0.99425,0.001,-0.00019034705474041402,0.12470436841249466,0.0009282174099557968,0.003416666590298216,2.5992174035559095,0.0,0.0,0.0,0.0,0.0,0.0,0.022394552939057427,1.0998623371124268,publication,0.6419920921325684,4.256979942321777,0.8742090350134346,0.9845162516102574,200,0.8435182983699089,2.3114804244833067,0.057202738698833855,0.8742090350134344,0.9845162575691938,452.7403874206543,mobile,0.0008113535642539891,0.011344287293546624,22.637019689585646,22.637019689585646,system,0.0,106,0.9845162575691938,0.04039061434464214,meta_train_support,0,MARGO-SPLIT-v1,20,20,80,3,107,0.0,0.2,20,10,0.0005,0.0005,mrlco_first_order_mean_pseudogradient,fixed_literature_derived_defaults,0.00453627271531528,0.00022681363576576574,0.03717881525077853,0.0018589407625388965,0.0028155807921726506,0.00014077903960862947,3.0,0.0,0.07895685382431704,0.5980181585934858,0.03431056501515595,,,,,,,,,,,,,,,,
0.051597238745720905,0.003,0.997,0.0,-0.0003485872584860772,0.12195131927728653,0.00047532952645970756,0.001583333328987161,1.9493133912483849,0.0,0.0,0.0,0.0,0.0,0.0,0.02937843469225508,1.0478624105453491,publication,0.6593358516693115,5.529878854751587,0.7058266662100994,0.7934573191208051,200,0.8332040845214439,2.213059404399246,0.0390302872256143,0.7058266662100993,0.7934573239274323,301.7641290283203,mobile,0.0007139723156033385,0.0040540905488481525,15.088206259752381,15.088206259752381,system,0.0,107,0.7934573239274323,0.040313930147963105,meta_train_support,0,MARGO-SPLIT-v1,20,20,80,3,108,0.0,0.2,20,10,0.0005,0.0005,mrlco_first_order_mean_pseudogradient,fixed_literature_derived_defaults,0.004495797911555785,0.0002247898955777955,0.03685611193513262,0.001842805596756647,0.0027895105996525336,0.00013947552998262724,3.0,0.0,0.07918164371989483,0.5998609641902425,0.034450040545138574,,,,,,,,,,,,,,,,
0.06556063642815657,0.003,0.99675,0.00025,-0.00018989338423125446,0.05182916298508644,0.0003951284005476433,0.001916666623825828,1.7419576762864988,0.0,0.0,0.0,0.0,0.0,0.0,0.031343605996365986,1.154447317123413,publication,0.5556857585906982,5.310844421386719,0.6506917426937686,0.7342814896524033,200,0.762794109916658,2.0022834511473775,0.025721840793266892,0.6506917426937686,0.7342814709618688,526.9281805419922,mobile,0.0009360766363791428,0.0034272060375153835,26.34641087549925,26.34641087549925,system,0.0,108,0.7342814709618688,0.044092394757927096,meta_train_support,0,MARGO-SPLIT-v1,20,20,80,3,109,0.0,0.2,20,10,0.0005,0.0005,mrlco_first_order_mean_pseudogradient,fixed_literature_derived_defaults,0.004454552059156191,0.00022272760295781457,0.03651798246783783,0.0018258991233919275,0.002763918759288749,0.00013819593796443597,3.0,0.0,0.07940437132285265,0.6016868633136344,0.03458823648310301,,,,,,,,,,,,,,,,
0.07068213155945058,0.00475,0.99525,0.0,0.0002310518902959302,0.050073180347681046,0.0009629618022548433,0.0021666666182378926,1.819352997839451,0.0,0.0,0.0,0.0,0.0,0.0,0.030814147721623036,1.2399637699127197,publication,0.6102986335754395,4.891586780548096,0.7006560353637429,0.7875702675126377,200,0.6736349859740323,2.021202502772212,0.024076322093605995,0.7006560353637428,0.7875702778622508,744.8006492424012,mobile,0.0014927755110526989,0.0028892535749182203,37.24003298018567,37.24003298018567,system,0.0,109,0.7875702778622508,0.051303785856824866,meta_train_support,0,MARGO-SPLIT-v1,20,20,80,3,110,0.0,0.2,20,10,0.0005,0.0005,mrlco_first_order_mean_pseudogradient,fixed_literature_derived_defaults,0.00441405613134568,0.00022070280656728836,0.036186000809039304,0.0018093000404519888,0.0027387922251133965,0.00013693961125566673,3.0,0.0,0.07962507412941994,0.6034961633540864,0.03472517609435868,,,,,,,,,,,,,,,,
0.08610940758611334,0.0045,0.99375,0.00175,-0.0006811211933381855,0.1436242163181305,0.00056748032482119,0.0028333333010474838,2.453192097942034,0.0,0.0,0.0,0.0,0.0,0.0,0.03534299705616193,1.2942262887954712,publication,0.6673357486724854,5.358503580093384,0.7724987067267657,0.8704318295568737,200,0.7543300476326193,2.182491049170494,0.027076961239799857,0.7724987067267656,0.8704318571370095,151.82351221084593,mobile,0.0012402638660721074,0.002938223779513815,7.5911751959476,7.5911751959476,system,0.0,110,0.8704318571370095,0.0620733359356558,meta_train_support,0,MARGO-SPLIT-v1,20,20,80,3,111,0.0,0.2,20,10,0.0005,0.0005,mrlco_first_order_mean_pseudogradient,fixed_literature_derived_defaults,0.004374289859892116,0.0002187144929946122,0.035868442131009814,0.0017934221065505351,0.002714118421283546,0.00013570592106417617,3.0,0.0,0.07984378862241455,0.6052895854606369,0.03486088201542285,,,,,,,,,,,,,,,,
0.04209067533197848,0.00525,0.99275,0.002,-0.0006989492103457451,0.038683321326971054,0.0009846979196936442,0.004166666604578495,1.4704371203978857,0.0,0.0,0.0,0.0,0.0,0.0,0.04424968278196177,1.2564598321914673,publication,0.6584217548370361,5.345226287841797,0.6005024101373291,0.6762317489282214,200,0.7094880168031608,2.4319640584290028,0.022854899216326885,0.6005024101373291,0.6762317516934127,1010.1118100738526,mobile,0.002792808904151541,0.026257121409653555,50.50559263087349,50.50559263087349,system,0.0,111,0.6762317516934127,0.033874632379513915,meta_train_support,0,MARGO-SPLIT-v1,20,20,80,3,112,0.0,0.2,20,10,0.0005,0.0005,mrlco_first_order_mean_pseudogradient,fixed_literature_derived_defaults,0.004344987821699966,0.0002172493910850004,0.03559130814843626,0.001779565407421857,0.0026898852210935145,0.00013449426105467677,3.0,0.0,0.08006103801349955,0.6070691508680588,0.03499537627647753,,,,,,,,,,,,,,,,
0.04890042109472138,0.00675,0.99075,0.0025,-0.0009632724686525762,0.028256548568606377,0.0009954323040877475,0.00466666662444671,1.1675150190790495,0.0,0.0,0.0,0.0,0.0,0.0,0.05282645429794547,0.9926369786262512,publication,0.6656663417816162,5.4256064891815186,0.4638609786285842,0.5218102240337521,200,0.5791490159312606,1.560848373977933,0.035058262990787625,0.46386097862858416,0.5218102134205401,415.4035846710205,mobile,0.002613869221881574,0.0542285297293707,20.770179170872048,20.770179170872048,system,0.0,112,0.5218102134205401,0.04247509029420361,meta_train_support,0,MARGO-SPLIT-v1,20,20,80,3,113,0.0,0.2,20,10,0.0005,0.0005,mrlco_first_order_mean_pseudogradient,fixed_literature_derived_defaults,0.004306536602038904,0.0002153268301019473,0.035276340819689035,0.0017638170409844944,0.0026660809271015365,0.00013330404635508025,3.0,0.0,0.0802763648436015,0.6088329679090433,0.03512868032283261,,,,,,,,,,,,,,,,
0.05643609859621681,0.0075,0.98925,0.00325,-0.0011221044696867466,0.028930246829986572,0.0015307366343525548,0.005916666627551119,1.4210566163063048,0.0,0.0,0.0,0.0,0.0,0.0,0.058238264024734254,1.1976794004440308,publication,0.641223669052124,5.213214874267578,0.4019781369040665,0.4518031170210452,200,0.5766700904126915,1.8877958874218166,0.05244690444669686,0.4019781369040665,0.45180312942713496,488.2506630516052,mobile,0.002985741957554095,0.00851204910586743,24.41253358548481,24.41253358548481,system,0.0,113,0.45180312942713496,0.044073465439748584,meta_train_support,0,MARGO-SPLIT-v1,20,20,80,3,114,0.0,0.2,20,10,0.0005,0.0005,mrlco_first_order_mean_pseudogradient,fixed_literature_derived_defaults,0.004273213293014027,0.0002136606646507,0.034991999746581744,0.0017495999873290424,0.0026426942523024,0.00013213471261511872,3.0,0.0,0.0804900255082522,0.6105825678963723,0.03526081503544773,,,,,,,,,,,,,,,,
0.03856397766940397,0.00525,0.99375,0.001,-0.0010282029397785664,0.11370102316141129,0.0013323424502762766,0.0033333332898716128,1.9621912519137066,0.0,0.0,0.0,0.0,0.0,0.0,0.048212498239022,1.1381317377090454,publication,0.6375293731689453,4.800050258636475,0.7754659680961774,0.8734188907311,200,0.5923126217990738,2.197236267500557,0.11338908551260829,0.7754659680961773,0.8734188750758767,1946.414103527069,mobile,0.0016048341971149954,0.011708191060845356,97.3207046772295,97.3207046772295,system,0.0,114,0.8734188750758767,0.02858139918140844,meta_train_support,0,MARGO-SPLIT-v1,20,20,80,3,115,0.0,0.2,20,10,0.0005,0.0005,mrlco_first_order_mean_pseudogradient,fixed_literature_derived_defaults,0.004236054916553035,0.0002118027458276467,0.03468772148791581,0.0017343860743957995,0.0026197143022823792,0.00013098571511412083,3.0,0.0,0.08070182825407984,0.6123169539707681,0.03539180075056185,,,,,,,,,,,,,,,,
0.0764229884305561,0.00875,0.98675,0.0045,-0.0007905035745352507,0.15891461074352264,0.0023914546734886246,0.007333333247030775,1.6491412495573363,0.0,0.0,0.0,0.0,0.0,0.0,0.07276578947595808,1.0512415170669556,publication,0.6689326763153076,5.472556829452515,0.7517688258417037,0.848804774758064,200,1.1721846610442137,3.679416596889496,-0.007680652037379332,0.7517688258417038,0.8488047776720486,145.78452342033387,mobile,0.0038864605873309057,0.007955224720014592,7.289226246722478,7.289226246722478,system,0.0,115,0.8488047776720486,0.053705074380654666,meta_train_support,0,MARGO-SPLIT-v1,20,20,80,3,116,0.0,0.2,20,10,0.0005,0.0005,mrlco_first_order_mean_pseudogradient,fixed_literature_derived_defaults,0.004212617468738495,0.00021063087343692333,0.03443138788276044,0.001721569394138034,0.0025971305582971863,0.00012985652791486224,3.0,0.0,0.08091245912751677,0.6140385233649062,0.03552165727847671,,,,,,,,,,,,,,,,
0.07776439718800228,0.00825,0.987,0.00475,-0.0012339274398982525,0.03608405217528343,0.002582614092413375,0.008166666639347871,1.375447114308675,0.0,0.0,0.0,0.0,0.0,0.0,0.0717562277608159,0.9816596508026123,publication,0.6660752296447754,5.023038625717163,0.5859948481086675,0.6592283832959765,200,0.671959775572595,1.8803121969103813,-0.033773569855839014,0.5859948481086675,0.6592283948510885,401.68982206344606,mobile,0.0035022328396190684,0.034620838085844215,20.08449013785312,20.08449013785312,system,0.0,116,0.6592283948510885,0.05717892836638919,meta_train_support,0,MARGO-SPLIT-v1,20,20,80,3,117,0.0,0.2,20,10,0.0005,0.0005,mrlco_first_order_mean_pseudogradient,fixed_literature_derived_defaults,0.004177573194131192,0.00020887865970656283,0.03415322335682946,0.00170766116784149,0.0025749328612177233,0.0001287466430608883,3.0,0.0,0.08112133778722333,0.6157461845327477,0.0356504039215376,,,,,,,,,,,,,,,,
0.06723916472653627,0.00725,0.987,0.00575,-0.0008449725573882461,0.06568513810634613,0.003759817126168249,0.007416666531935334,1.6912073207398255,0.0,0.0,0.0,0.0,0.0,0.0,0.07093655998210976,0.9099947214126587,publication,0.6342048645019531,4.983066082000732,0.9954537775815987,1.1205641249573637,200,0.6896560345515709,2.1824526868294924,0.05416214084107196,0.9954537775815986,1.1205641462281346,622.4881231498719,mobile,0.007601844139716544,0.04605376303998344,31.124405983345383,31.124405983345383,system,0.0,117,1.1205641462281346,0.05354447501876677,meta_train_support,0,MARGO-SPLIT-v1,20,20,80,3,118,0.0,0.2,20,10,0.0005,0.0005,mrlco_first_order_mean_pseudogradient,fixed_literature_derived_defaults,0.00415550012088755,0.0002077750060443806,0.033930248803466824,0.0016965124401733256,0.002553111396292149,0.00012765556981460952,3.0,0.0,0.08132911279326771,0.617442696972921,0.03577805949135221,,,,,,,,,,,,,,,,
0.06404682284775295,0.0115,0.9815,0.007,-0.00013525808753911406,0.3810211718082428,0.0031128873369501283,0.010250000050291417,2.147940292457739,0.0,0.0,0.0,0.0,0.0,0.0,0.09036656150924255,0.93841153383255,publication,0.62026047706604,5.2000672817230225,0.9310146981079268,1.0474099260026584,200,1.1495581688837333,3.221412966027856,0.04285018741575186,0.9310146981079267,1.0474099117890001,294.92467638969424,mobile,0.002163377694687234,0.014416532474315123,14.746233770182975,14.746233770182975,system,0.0,118,1.0474099117890001,0.05031275516169143,meta_train_support,0,MARGO-SPLIT-v1,20,20,80,3,119,0.0,0.2,20,10,0.0005,0.0005,mrlco_first_order_mean_pseudogradient,fixed_literature_derived_defaults,0.004135171913781063,0.00020675859568905497,0.03370366997528069,0.001685183498764009,0.002531656678676249,0.00012658283393381098,3.0,0.0,0.08153587138895677,0.619127880471685,0.03590464232528602,,,,,,,,,,,,,,,,
0.04612499903927666,0.0065,0.98875,0.00475,-0.002532308455556631,0.1718776822090149,0.002067989586309219,0.0059166665654629465,1.6613355696201328,0.0,0.0,0.0,0.0,0.0,0.0,0.09266586657031271,0.984039843082428,publication,0.5867016315460205,3.334489583969116,0.8655504918425296,0.9765290336541511,200,1.1491143127701886,3.6976315043866634,0.04790835579842678,0.8655504918425295,0.9765290368720889,815.0649577522278,mobile,0.0038015595723425288,0.09494305004004273,40.75324810281512,40.75324810281512,system,0.0,119,0.9765290368720889,0.03766048790491898,meta_train_support,0,MARGO-SPLIT-v1,20,20,80,3,120,0.0,0.2,20,10,0.0005,0.0005,mrlco_first_order_mean_pseudogradient,fixed_literature_derived_defaults,0.004108810866154837,0.0002054405433077472,0.0334585744303471,0.0016729287215173638,0.00251055953968728,0.00012552797698436174,3.0,0.0,0.08174131193226451,0.6208008091932024,0.03603017030227038,,,,,,,,,,,,,,,,
0.04904751795771252,0.01125,0.9805,0.00825,-0.0006230230210348964,0.06637389957904816,0.00198305991361849,0.008999999907488624,1.1001324951648712,0.0,0.0,0.0,0.0,0.0,0.0,0.11427314072614139,1.1185232400894165,publication,0.5955333709716797,5.214484214782715,0.409510873260147,0.4603067005273624,200,0.8171983159130946,3.0480323024094105,-0.029525792866479605,0.409510873260147,0.46030670317821204,773.644357624054,mobile,0.0031044660899949166,0.014810266018452525,38.68221796929849,38.68221796929849,system,0.0,120,0.46030670317821204,0.04309290445107798,meta_train_support,0,MARGO-SPLIT-v1,20,20,80,3,121,0.0,0.2,20,10,0.0005,0.0005,mrlco_first_order_mean_pseudogradient,fixed_literature_derived_defaults,0.004092799825985538,0.00020463999129927135,0.03324548758129007,0.0016622743790645211,0.002489811113739451,0.00012449055568697354,3.0,0.0,0.08194595192356378,0.6224630835722669,0.036154660857957356,,,,,,,,,,,,,,,,
0.04598859862718695,0.01175,0.9805,0.00775,-0.0006491249660030007,0.04270515963435173,0.001555260276654735,0.007583333365619183,1.0400058527787528,0.0,0.0,0.0,0.0,0.0,0.0,0.10378522493966529,1.0359352827072144,publication,0.6470489501953125,5.000428915023804,0.5052190160232388,0.5664762323977629,200,0.739475667470502,2.455145894899033,0.045225966518046334,0.5052190160232388,0.566476234588772,641.1376831626892,mobile,0.003986645886212449,0.038839794379376624,32.05688442913391,32.05688442913391,system,0.0,121,0.566476234588772,0.040624280636393444,meta_train_support,0,MARGO-SPLIT-v1,20,20,80,3,122,0.0,0.2,20,10,0.0005,0.0005,mrlco_first_order_mean_pseudogradient,fixed_literature_derived_defaults,0.004062920940424452,0.00020314604702122152,0.03298838443350038,0.0016494192216750525,0.002469402825921915,0.0001234701412960934,3.0,0.0,0.082149097970585,0.6241125027939419,0.03627813099925345,,,,,,,,,,,,,,,,
0.054667809225511524,0.0135,0.981,0.0055,-0.0007736756233498454,0.0314275361597538,0.002359012163166577,0.010749999930461248,1.1322231009602546,0.0,0.0,0.0,0.0,0.0,0.0,0.09523933654201297,1.1879069805145264,publication,0.6955013275146484,5.484680891036987,0.5109255551745779,0.5731056643220837,200,0.7467822617923613,2.4926108778454363,-0.044843382260296494,0.5109255551745782,0.5731056665815413,389.1908386516571,mobile,0.007033989419482879,0.040018599561531545,19.459541347155053,19.459541347155053,system,0.0,122,0.5731056665815413,0.052694859402865474,meta_train_support,0,MARGO-SPLIT-v1,20,20,80,3,123,0.0,0.2,20,10,0.0005,0.0005,mrlco_first_order_mean_pseudogradient,fixed_literature_derived_defaults,0.0040330902295968455,0.00020165451147984015,0.0327404480633187,0.0016370224031659886,0.0024493263801827125,0.00012246631900913324,3.0,0.0,0.08235075248206485,0.6257495251971079,0.03640059731826258,,,,,,,,,,,,,,,,
0.06870705704639571,0.0115,0.9855,0.003,-0.001146988826803863,0.021278133615851402,0.0028457801585773266,0.006833333304772775,1.067704619963964,0.0,0.0,0.0,0.0,0.0,0.0,0.08321183952841667,1.1664291620254517,publication,0.5773749351501465,5.01960563659668,0.41363824251923403,0.46547349725893583,200,0.556034297871512,1.6651608883403242,0.00476445141248405,0.4136382425192341,0.4654734978219494,319.5885893344879,mobile,0.005233767414955388,0.022846928265381504,15.979428991994048,15.979428991994048,system,0.0,123,0.4654734978219494,0.06280059922575655,meta_train_support,0,MARGO-SPLIT-v1,20,20,80,3,124,0.0,0.2,20,10,0.0005,0.0005,mrlco_first_order_mean_pseudogradient,fixed_literature_derived_defaults,0.004004605624946216,0.0002002302812473128,0.03251361432644469,0.0016256807163221865,0.0024295737480844646,0.00012147868740422507,3.0,0.0,0.08255098276331216,0.6273752059134301,0.03652207600566681,,,,,,,,,,,,,,,,
0.06365732544151255,0.01325,0.9815,0.00525,-0.0003123389324173331,0.14105990529060364,0.0024207984319521833,0.011000000002483527,1.6535498460133868,0.0,0.0,0.0,0.0,0.0,0.0,0.08948428647627957,1.0538209676742554,publication,0.6701185703277588,4.435553073883057,0.7119742244014493,0.8009262229580236,200,0.9957517890148642,2.9042546916753054,0.018392649824818363,0.7119742244014493,0.8009262088127435,272.1682914352417,mobile,0.003322285776557647,0.00874578377310861,13.608415987819255,13.608415987819255,system,0.0,124,0.8009262088127435,0.049703838138348895,meta_train_support,0,MARGO-SPLIT-v1,20,20,80,3,125,0.0,0.2,20,10,0.0005,0.0005,mrlco_first_order_mean_pseudogradient,fixed_literature_derived_defaults,0.003977247114714338,0.00019886235573571276,0.032275095089812814,0.0016137547544906594,0.002410137158099789,0.0001205068579049895,3.0,0.0,0.08274984511904787,0.6289889606679208,0.0366425828635718,,,,,,,,,,,,,,,,
0.042871806999486804,0.01225,0.98475,0.003,-0.0020012573804706335,0.028441287577152252,0.004363501342595555,0.009666666543732088,1.0443272275229296,0.0,0.0,0.0,0.0,0.0,0.0,0.07169727535206456,0.9898697137832642,publication,0.5823051929473877,5.362069368362427,0.3822787308957721,0.4291773113943054,200,0.39419162088963694,1.2149228529306129,0.054987819923553616,0.382278730895772,0.4291773122176528,1153.4543352794647,mobile,0.0015283351894013557,0.005576047989098622,57.67271647345842,57.67271647345842,system,0.0,125,0.4291773122176528,0.036741314814252156,meta_train_support,0,MARGO-SPLIT-v1,20,20,80,3,126,0.0,0.2,20,10,0.0005,0.0005,mrlco_first_order_mean_pseudogradient,fixed_literature_derived_defaults,0.003945681661422954,0.00019728408307115308,0.03202257145812536,0.0016011285729062852,0.0023910090854164573,0.00011955045427082533,3.0,0.0,0.08294712920211902,0.630590089240827,0.03676213331784262,,,,,,,,,,,,,,,,
0.049300981470482654,0.00575,0.992,0.00225,-0.0019411775283515453,0.0975799486041069,0.001250942121744932,0.0034999999372909473,1.78397353241841,0.0,0.0,0.0,0.0,0.0,0.0,0.04838342181358064,0.9462940096855164,publication,0.6261389255523682,4.9235076904296875,0.995100185678077,1.1224413287994865,200,0.7776708990216536,2.3893680770415813,0.030912845533748623,0.9951001856780769,1.122441335245967,935.4758840560913,mobile,0.004889450047266941,0.06551268252149083,46.773792620940675,46.773792620940675,system,0.0,126,1.122441335245967,0.039278462968813654,meta_train_support,0,MARGO-SPLIT-v1,20,20,80,3,127,0.0,0.2,20,10,0.0005,0.0005,mrlco_first_order_mean_pseudogradient,fixed_literature_derived_defaults,0.00391461330188419,0.000195730665094207,0.031770425226171614,0.0015885212613085953,0.0023721822422242017,0.00011860911211120789,3.0,0.0,0.08314285986721323,0.6321786105021356,0.03688074242995383,,,,,,,,,,,,,,,,
0.054595079108180136,0.00825,0.9895,0.00225,-0.001465681241825223,0.0648629292845726,0.0022428392921028718,0.006416666709507505,1.5061337068676948,0.0,0.0,0.0,0.0,0.0,0.0,0.05055492094229929,1.0069642066955566,publication,0.6523056030273438,4.351100206375122,0.6131600697707846,0.6901579542939089,200,0.6680723964833156,1.8942632758116815,0.0021005464950576425,0.6131600697707847,0.6901579581014812,737.938543996811,mobile,0.006151191013637706,0.012678731892070355,36.896928115189205,36.896928115189205,system,0.0,127,0.6901579581014812,0.04709865445436092,meta_train_support,0,MARGO-SPLIT-v1,20,20,80,3,128,0.0,0.2,20,10,0.0005,0.0005,mrlco_first_order_mean_pseudogradient,fixed_literature_derived_defaults,0.0038899899290715705,0.00019449949645357345,0.03156436000147231,0.0015782180000736279,0.002353649568456825,0.0001176824784228439,3.0,0.0,0.0833373593636668,0.6337568285022093,0.036998424908376674,,,,,,,,,,,,,,,,
0.05582046387384797,0.0085,0.98975,0.00175,-0.0010858933674171567,0.07433780282735825,0.0020751899924410584,0.005833333327124516,1.5489199551443258,0.0,0.0,0.0,0.0,0.0,0.0,0.05620143920895431,1.112718105316162,publication,0.5852594375610352,5.083181619644165,0.6303645442127694,0.7100958064050974,200,0.8271347454970867,2.6556660765782,0.03577107528690249,0.6303645442127694,0.7100958061404526,580.9696403312684,mobile,0.002410941973098653,0.003880027361049681,29.04848139369959,29.04848139369959,system,0.0,128,0.7100958061404526,0.039056189026696365,meta_train_support,0,MARGO-SPLIT-v1,20,20,80,3,129,0.0,0.2,20,10,0.0005,0.0005,mrlco_first_order_mean_pseudogradient,fixed_literature_derived_defaults,0.003859834968381093,0.00019299174841905242,0.03131967504022059,0.001565983752011002,0.002335404222964912,0.00011677021114824687,3.0,0.0,0.08353035111208586,0.6353228122542203,0.03711519511952492,,,,,,,,,,,,,,,,
0.05638560601260102,0.00425,0.9945,0.00125,-0.0024402523413300514,0.034725382924079895,0.0006806711745108865,0.0034999999372909473,1.6377721836169559,0.0,0.0,0.0,0.0,0.0,0.0,0.049760585541745665,1.2350867986679077,publication,0.6462292671203613,4.491611957550049,0.6817562950897245,0.7660210037075558,200,0.682771552044527,2.033888137899339,0.02659649692941457,0.6817562950897245,0.7660210300050676,835.731642036438,mobile,0.006287707474852486,0.11270865940864905,41.78658482047045,41.78658482047045,system,0.0,129,0.7660210300050676,0.04763398374189969,meta_train_support,0,MARGO-SPLIT-v1,20,20,80,3,130,0.0,0.2,20,10,0.0005,0.0005,mrlco_first_order_mean_pseudogradient,fixed_literature_derived_defaults,0.003839838993678968,0.00019199194968394506,0.0311170230668595,0.001555851153343002,0.002317439575095951,0.00011587197875479599,3.0,0.0,0.0837223430617698,0.6368786634075633,0.03723106709827972,,,,,,,,,,,,,,,,
0.07146048377567968,0.009,0.9885,0.0025,-0.0010811821557581425,0.032402023673057556,0.0014165212428376129,0.005750000026697914,1.5224901775519055,0.0,0.0,0.0,0.0,0.0,0.0,0.05903616019392039,1.3147790431976318,publication,0.6396694183349609,5.357396841049194,0.5449966274513804,0.6150764370780234,200,0.7630057459150317,2.3103419300168753,0.05001017567701638,0.5449966274513803,0.6150764190033078,353.1945453453064,mobile,0.0015815147624504038,0.003152616187605041,17.659727483787762,17.659727483787762,system,0.0,130,0.6150764190033078,0.054724327516254105,meta_train_support,0,MARGO-SPLIT-v1,20,20,80,3,131,0.0,0.2,20,10,0.0005,0.0005,mrlco_first_order_mean_pseudogradient,fixed_literature_derived_defaults,0.003810527245635617,0.00019052636228178432,0.030879488539631565,0.0015439744269816202,0.002299749196660104,0.00011498745983300196,3.0,0.0,0.08391286942405159,0.6384226378345449,0.03734605455811272,,,,,,,,,,,,,,,,
0.05470165422067665,0.00825,0.98925,0.0025,-0.0007655275403521955,0.026421278715133667,0.0008666538732313711,0.004999999996895592,1.5504845201969149,0.0,0.0,0.0,0.0,0.0,0.0,0.062123293631246086,1.4330111742019653,publication,0.5897698402404785,5.091623544692993,0.43039945381212774,0.48322792859872155,200,0.5023175442578244,1.3159334398806095,0.03282422228949145,0.43039945381212774,0.48322792526334524,295.20547580718994,mobile,0.0016566127153938995,0.005554667518294155,14.760274549129571,14.760274549129571,system,0.0,131,0.48322792526334524,0.04165563686514227,meta_train_support,0,MARGO-SPLIT-v1,20,20,80,3,132,0.0,0.2,20,10,0.0005,0.0005,mrlco_first_order_mean_pseudogradient,fixed_literature_derived_defaults,0.0037816596149868624,0.00018908298074934993,0.030645553020391934,0.001532277651019598,0.002282326854261164,0.00011411634271305676,3.0,0.0,0.08410195240480094,0.6399549154855645,0.037460170900825776,,,,,,,,,,,,,,,,
0.06738484792166806,0.0025,0.996,0.0015,-0.0005418246728368104,0.05958667770028114,0.0015771836884899437,0.0020833332867672043,2.271128612756729,0.0,0.0,0.0,0.0,0.0,0.0,0.04251663129113461,1.384667992591858,publication,0.6548821926116943,5.206032752990723,0.9168426166109637,1.0371430172495821,200,0.7499492724698601,2.051052736118436,0.027701321843778715,0.9168426166109637,1.0371430266834796,1075.17477684021,mobile,0.0017162996605212027,0.005885915130882071,53.75873768262696,53.75873768262696,system,0.0,132,1.0371430266834796,0.056067208004518324,meta_train_support,0,MARGO-SPLIT-v1,20,20,80,3,133,0.0,0.2,20,10,0.0005,0.0005,mrlco_first_order_mean_pseudogradient,fixed_literature_derived_defaults,0.003753226084047112,0.0001876613042023495,0.030415135328509285,0.0015207567664254906,0.0022651665019734857,0.00011325832509867517,3.0,0.0,0.08428961370900329,0.64147567225199,0.03757342922592445,,,,,,,,,,,,,,,,
0.04383274586328616,0.00725,0.9905,0.00225,-0.0009379861294291914,0.026541078463196754,0.00035538152363490854,0.0034166666058202586,1.5257964044809342,0.0,0.0,0.0,0.0,0.0,0.0,0.0569376892163348,1.2776910066604614,publication,0.5635323524475098,5.190017461776733,0.32798389379477155,0.36880772195800093,200,0.4519310651545115,1.5405740197747946,0.0007176813669502735,0.3279838937947716,0.36880771586555056,1133.13698513031,mobile,0.002156749540687322,0.005170478175781638,56.6568524525452,56.6568524525452,system,0.0,133,0.36880771586555056,0.03611045020690681,meta_train_support,0,MARGO-SPLIT-v1,20,20,80,3,134,0.0,0.2,20,10,0.0005,0.0005,mrlco_first_order_mean_pseudogradient,fixed_literature_derived_defaults,0.003725216934166163,0.00018626084670830823,0.03018815670665474,0.00150940783533271,0.002248262274346818,0.00011241311371733981,3.0,0.0,0.0844758745557116,0.6429850800873227,0.03768584233964179,,,,,,,,,,,,,,,,
0.045654038702799084,0.0075,0.99125,0.00125,-0.0010549966245889664,0.05606503039598465,0.0005575782548930873,0.004500000085681677,1.5170155167579649,0.0,0.0,0.0,0.0,0.0,0.0,0.05013934062220472,1.092816710472107,publication,0.626044511795044,5.2502923011779785,0.6306957701728205,0.7105141098081185,200,0.632507256830815,1.9262229204177856,0.05626389919780195,0.6306957701728206,0.7105141238123178,1420.439326171875,mobile,0.002082912820526957,0.007485087966878399,71.02196188715027,71.02196188715027,system,0.0,134,0.7105141238123178,0.03591728784306445,meta_train_support,0,MARGO-SPLIT-v1,20,20,80,3,135,0.0,0.2,20,10,0.0005,0.0005,mrlco_first_order_mean_pseudogradient,fixed_literature_derived_defaults,0.003699811983431877,0.00018499059917159721,0.029973586637527534,0.001498679331876418,0.002231608479722027,0.00011158042398610318,3.0,0.0,0.08466086515488319,0.6444837594191991,0.037797422763627894,,,,,,,,,,,,,,,,
0.06535721649851282,0.005,0.993,0.002,-0.0009663436794653535,0.034811537712812424,0.001411243384033393,0.0037499999161809683,1.3973619098464647,0.0,0.0,0.0,0.0,0.0,0.0,0.04628403619272282,0.9573029279708862,publication,0.6050915718078613,5.125655889511108,0.5652685723075724,0.6361885766892829,200,0.6372023884046732,1.7687822869047523,0.019873356124662678,0.5652685723075724,0.6361885710060596,549.0840145874023,mobile,0.0009775676538932901,0.0014552935790146909,27.454199127417922,27.454199127417922,system,0.0,135,0.6361885710060596,0.05053127877841487,meta_train_support,0,MARGO-SPLIT-v1,20,20,80,3,136,0.0,0.2,20,10,0.0005,0.0005,mrlco_first_order_mean_pseudogradient,fixed_literature_derived_defaults,0.0036726074835537015,0.00018363037417767902,0.029753192618133948,0.0014876596309066903,0.0022151995938417177,0.00011075997969208634,3.0,0.0,0.08484449552906087,0.6459714190501058,0.03790818274331998,,,,,,,,,,,,,,,,
0.07401840351872928,0.00575,0.993,0.00125,-0.0007500177598558366,0.08409532159566879,0.0012010860601852377,0.003999999941637118,1.7265617303550242,0.0,0.0,0.0,0.0,0.0,0.0,0.041314805976367705,0.8626867532730103,publication,0.5997178554534912,5.299892902374268,0.7566987002811996,0.8547469544741534,200,0.7909723928094362,2.2332616727799177,0.04651074029970914,0.7566987002811996,0.8547469568252564,619.1276163482667,mobile,0.002093453599833713,0.007716668822060163,30.95638035253254,30.95638035253254,system,0.0,136,0.8547469568252564,0.0572052688069809,meta_train_support,0,MARGO-SPLIT-v1,20,20,80,3,137,0.0,0.2,20,10,0.0005,0.0005,mrlco_first_order_mean_pseudogradient,fixed_literature_derived_defaults,0.0036603592323478963,0.00018301796161739048,0.029590296112196462,0.0014795148056098162,0.0021990302537406832,0.00010995151268703568,3.0,0.0,0.08502751349067826,0.6474509338557156,0.038018134256007016,,,,,,,,,,,,,,,,
0.0592036818200555,0.00375,0.99525,0.001,-0.0006873771781101823,0.3647416830062866,0.0008718243351571196,0.002333333281179269,2.2882038639237483,0.0,0.0,0.0,0.0,0.0,0.0,0.038474607426559296,0.8599405288696289,publication,0.6439087390899658,5.1757590770721436,0.7908790160700301,0.8897354370525136,200,1.1496709892927168,3.41519492585212,0.10573711839970201,0.7908790160700299,0.8897354517132043,795.6379462051392,mobile,0.00051181346858393,0.0005829691412955585,39.78189776031646,39.78189776031646,system,0.0,137,0.8897354517132043,0.046993147386548556,meta_train_support,0,MARGO-SPLIT-v1,20,20,80,3,138,0.0,0.2,20,10,0.0005,0.0005,mrlco_first_order_mean_pseudogradient,fixed_literature_derived_defaults,0.003640948468093173,0.00018204742340466318,0.029400577302741874,0.0014700288651371407,0.0021830952519019827,0.00010915476259509838,3.0,0.0,0.08520956091408292,0.6489209627208528,0.038127289018602115,,,,,,,,,,,,,,,,
0.074490882975715,0.0055,0.99325,0.00125,-0.00035411101998761296,0.1729549616575241,0.0012439426143221984,0.003999999910593032,1.82353320295612,0.0,0.0,0.0,0.0,0.0,0.0,0.03997237412260226,0.9579439163208008,publication,0.6439554691314697,5.143331289291382,0.6791534101426151,0.7656603087385702,200,1.2944395781639544,4.389431553892791,0.03756091551622376,0.6791534101426155,0.7656602944806218,267.2241473197937,mobile,0.0019558477640901077,0.004765990173170014,13.361208114464871,13.361208114464871,system,0.0,138,0.7656602944806218,0.06339104447010506,meta_train_support,0,MARGO-SPLIT-v1,20,20,80,3,139,0.0,0.2,20,10,0.0005,0.0005,mrlco_first_order_mean_pseudogradient,fixed_literature_derived_defaults,0.0036165643633579315,0.0001808282181678944,0.02920759871746767,0.001460379935873335,0.002167389530665278,0.00010836947653326129,3.0,0.0,0.08539038913225082,0.6503813426567261,0.038235658495135376,,,,,,,,,,,,,,,,
0.06043673830768369,0.0055,0.99225,0.00225,-0.0010605364805087447,0.02359233982861042,0.0016321148655454938,0.004666666593402624,1.5247258335351943,0.0,0.0,0.0,0.0,0.0,0.0,0.0451287019114865,1.1214582920074463,publication,0.6577649116516113,5.136079549789429,0.24365452516462327,0.2732829772066179,200,0.4437757373164425,1.5546692293137312,0.039767791124177165,0.2436545251646233,0.2732829833589494,280.04781967163086,mobile,0.000515561115107009,0.0006670288498939317,14.002390941509397,14.002390941509397,system,0.0,139,0.2732829833589494,0.04531854799132807,meta_train_support,0,MARGO-SPLIT-v1,20,20,80,3,140,0.0,0.2,20,10,0.0005,0.0005,mrlco_first_order_mean_pseudogradient,fixed_literature_derived_defaults,0.0035907317607625174,0.0001795365880381261,0.028998973012342902,0.0014499486506170944,0.0021519081768748114,0.00010759540884373864,3.0,0.0,0.08556992572028894,0.6518312913073432,0.038343253903979115,,,,,,,,,,,,,,,,
0.06185743796271639,0.00325,0.99475,0.002,-0.0005713742575608194,0.06562651693820953,0.0010825256111464418,0.0029999999795109035,1.983366889258226,0.0,0.0,0.0,0.0,0.0,0.0,0.03455003804893067,1.2514878511428833,publication,0.6055309772491455,3.391934394836426,0.7618539018186448,0.8568081586752669,200,0.8292688121026164,2.1346166122239083,0.05508009793993551,0.7618539018186448,0.8568081724271178,380.2215814208984,mobile,0.003470950383435948,0.004545274833236213,19.011079765689054,19.011079765689054,system,0.0,140,0.8568081724271178,0.049419615588234454,meta_train_support,0,MARGO-SPLIT-v1,20,20,80,3,141,0.0,0.2,20,10,0.0005,0.0005,mrlco_first_order_mean_pseudogradient,fixed_literature_derived_defaults,0.003571895154747006,0.00017859475773734923,0.028818953894341554,0.0014409476947170319,0.002136646416755132,0.00010683232083775335,3.0,0.0,0.0857485204780263,0.6532722390020602,0.03845008622481687,,,,,,,,,,,,,,,,
0.0578428246292436,0.005,0.99375,0.00125,-0.000555971753783524,0.017917508259415627,0.0007838208133724341,0.0035833332532395922,1.234994790951411,0.0,0.0,0.0,0.0,0.0,0.0,0.03693773469540858,0.2870028018951416,publication,0.6093134880065918,5.4166929721832275,0.08035329882868801,0.08869893638724989,200,0.04390781960303888,0.18952882196754217,0.026207878370769322,0.08035329882868802,0.08869893535971642,145.5406892967224,mobile,0.0009776635968148835,0.0016586642512505384,7.27703421767325,7.27703421767325,system,0.0,141,0.08869893535971642,0.04631318692191902,meta_train_support,0,MARGO-SPLIT-v1,20,20,80,3,142,0.0,0.2,20,10,0.0005,0.0005,mrlco_first_order_mean_pseudogradient,fixed_literature_derived_defaults,0.003546740963516393,0.00017733704817582407,0.028616003514803937,0.0014308001757401545,0.0021215996110033352,0.00010607998055016388,3.0,0.0,0.08592585752620212,0.6547030391778004,0.03855616620536703,,,,,,,,,,,,,,,,
0.08173986798738123,0.0025,0.99675,0.00075,-0.00016205628344323486,0.25921547412872314,0.002713904411865542,0.001916666623825828,3.499373473227024,0.0,0.0,0.0,0.0,0.0,0.0,0.020769231553977266,1.3575465679168701,publication,0.6254959106445312,4.231688022613525,1.2411213153254035,1.40147955864109,200,0.8812017466416896,3.2446379270404577,0.08409601682797074,1.2411213153254035,1.401479562073946,860.3510739898682,mobile,0.0007756743184149543,0.013360752494162473,43.01755308045979,43.01755308045979,system,0.0,142,1.401479562073946,0.050609856920431046,meta_train_support,0,MARGO-SPLIT-v1,20,20,80,3,143,0.0,0.2,20,10,0.0005,0.0005,mrlco_first_order_mean_pseudogradient,fixed_literature_derived_defaults,0.0035219385791561385,0.00017609692895780016,0.028415891602113,0.0014207945801056887,0.002106763250087228,0.00010533816250436062,3.0,0.0,0.08610195445515992,0.6561238337579061,0.03866150436787139,,,,,,,,,,,,,,,,
0.07448887008197189,0.002,0.99675,0.00125,-0.0003556125739123672,0.06823056191205978,0.0017226609704588708,0.0020833332867672043,2.7332791561881704,0.0,0.0,0.0,0.0,0.0,0.0,0.023856463225758587,1.311426043510437,publication,0.6742870807647705,5.0287981033325195,0.8429518066617365,0.9499959884773125,200,0.7878295358137384,2.4139757603406906,0.03452871369518107,0.8429518066617364,0.9499959952570498,309.5456757545471,mobile,0.0006087970638079276,0.001384074536848288,15.477283984810486,15.477283984810486,system,0.0,143,0.9499959952570498,0.04897544067245919,meta_train_support,0,MARGO-SPLIT-v1,20,20,80,3,144,0.0,0.2,20,10,0.0005,0.0005,mrlco_first_order_mean_pseudogradient,fixed_literature_derived_defaults,0.003501204802010248,0.00017506024010051358,0.028235931939113463,0.0014117965969556723,0.0020921329497394,0.00010460664748696696,3.0,0.0,0.08627701469526043,0.6575356303548617,0.03876611101535836,,,,,,,,,,,,,,,,
0.05544880682261274,0.002,0.9975,0.0005,-0.0004341418680269271,0.04408441483974457,0.00041791637581998955,0.001333333303531011,2.3545923943320917,0.0,0.0,0.0,0.0,0.0,0.0,0.024668230349897194,1.3408355712890625,publication,0.639683723449707,5.192602872848511,0.5155804269110682,0.5789351901403279,200,0.627246866235099,1.5968723022378981,0.05142185089061968,0.5155804269110682,0.5789351935498417,378.30551901817324,mobile,0.0017666220874209917,0.0025303360867639656,18.9152757430898,18.9152757430898,system,0.0,144,0.5789351935498417,0.04038064661532872,meta_train_support,0,MARGO-SPLIT-v1,20,20,80,3,145,0.0,0.2,20,10,0.0005,0.0005,mrlco_first_order_mean_pseudogradient,fixed_literature_derived_defaults,0.003477058561996384,0.00017385292809982134,0.02804120137401613,0.0014020600687008056,0.002077704446637749,0.00010388522233188702,3.0,0.0,0.08645086762336025,0.6589376904235625,0.038869996237690246,,,,,,,,,,,,,,,,
0.06815975370925338,0.00275,0.9965,0.00075,-0.00043168137199245393,0.041369255632162094,0.0013841688724880899,0.0018333332923551402,2.2596876790126164,0.0,0.0,0.0,0.0,0.0,0.0,0.020788015999489522,1.2798757553100586,publication,0.6938819885253906,5.470747947692871,0.41599300574984466,0.4673518522840459,200,0.556647478909602,1.6257653199136257,0.029605834570247687,0.4159930057498446,0.4673518427833915,633.7722394943237,mobile,0.00039470290494987006,0.0007458588601349927,31.688608854627983,31.688608854627983,system,0.0,145,0.4673518427833915,0.05528011947023817,meta_train_support,0,MARGO-SPLIT-v1,20,20,80,3,146,0.0,0.2,20,10,0.0005,0.0005,mrlco_first_order_mean_pseudogradient,fixed_literature_derived_defaults,0.0034532430923936695,0.00017266215461968215,0.027849138350906428,0.0013924569175453039,0.002063473594263518,0.0001031736797131727,3.0,0.0,0.08662352977797994,0.6603301473411078,0.03897316991740342,,,,,,,,,,,,,,,,
0.0435258026733792,0.0025,0.9975,0.0,-0.00038599048275500536,0.042519185692071915,0.0015992987563796155,0.0015833332979430753,2.306224814305703,0.0,0.0,0.0,0.0,0.0,0.0,0.017666959730875297,1.007926106452942,publication,0.6743147373199463,4.556713819503784,0.512266664281124,0.5752189645850012,200,0.5777294199522104,1.6096994808176532,0.046451921691186726,0.5122666642811239,0.5752189643308521,633.5501741981507,mobile,0.0005077243483618248,0.000561344753069544,31.677508966789297,31.677508966789297,system,0.0,146,0.5752189643308521,0.034626147446682215,meta_train_support,0,MARGO-SPLIT-v1,20,20,80,3,147,0.0,0.2,20,10,0.0005,0.0005,mrlco_first_order_mean_pseudogradient,fixed_literature_derived_defaults,0.003429751642785549,0.00017148758213927917,0.027659688430151964,0.0013829844215076381,0.0020494363589283917,0.00010247181794641874,3.0,0.0,0.08679501736011921,0.6617131317626155,0.03907564173534984,,,,,,,,,,,,,,,,
0.0892227847505179,0.00175,0.99825,0.0,-0.0015435523819178343,0.03663529083132744,0.00047471707937347675,0.0009999999776482583,1.634614098072052,0.0,0.0,0.0,0.0,0.0,0.0,0.01755200991880829,1.0747185945510864,publication,0.6601827144622803,4.659627914428711,0.604647579967817,0.68203013212129,200,0.7217477994426683,1.633916463702917,0.016502876591403037,0.604647579967817,0.6820301327481866,116.934703540802,mobile,0.0009188641464703193,0.004195210800000613,5.846735100357015,5.846735100357015,system,0.0,147,0.6820301327481866,0.06517950236245984,meta_train_support,0,MARGO-SPLIT-v1,20,20,80,3,148,0.0,0.2,20,10,0.0005,0.0005,mrlco_first_order_mean_pseudogradient,fixed_literature_derived_defaults,0.0034081009756410834,0.0001704050487820602,0.027483511644086637,0.0013741755822043178,0.0020355888159626595,0.0001017794407981304,3.0,0.0,0.08696542240890127,0.6630873073448198,0.03917742117614797,,,,,,,,,,,,,,,,
0.05357194869190211,0.003,0.99675,0.00025,-0.0007485112291760743,0.03878883644938469,0.0008125305812351751,0.001916666654869914,1.352758101373911,0.0,0.0,0.0,0.0,0.0,0.0,0.02529977864449409,0.9956480264663696,publication,0.636479377746582,4.816521644592285,0.3581366964551368,0.40111098514262267,200,0.5817070057623047,1.6178760607726872,0.023878526146290824,0.35813669645513685,0.40111099150963125,397.32037479400634,mobile,0.0012914412835352107,0.0035718790745804543,19.866019872869913,19.866019872869913,system,0.0,148,0.40111099150963125,0.039074391977369914,meta_train_support,0,MARGO-SPLIT-v1,20,20,80,3,149,0.0,0.2,20,10,0.0005,0.0005,mrlco_first_order_mean_pseudogradient,fixed_literature_derived_defaults,0.0033852278147307405,0.00016926139073653035,0.027299058545804174,0.0013649529272902194,0.00202192714605687,0.000101096357302842,3.0,0.0,0.0871346837996378,0.66445226027211,0.03927851753345081,,,,,,,,,,,,,,,,
0.06711982669056415,0.00125,0.9985,0.00025,-0.0007824486820027232,0.3748268783092499,0.0005105839264416545,0.0006666666517655055,3.3948605584601568,0.0,0.0,0.0,0.0,0.0,0.0,0.014925533215019314,1.0559465885162354,publication,0.6379044055938721,4.998346567153931,0.920912108626903,1.0370500269859257,200,0.9606319980950928,3.0528313321992755,0.027510573279869277,0.9209121086269029,1.0370500384364276,854.489791431427,mobile,0.0012224895591158944,0.00245893783565514,42.724488025183476,42.724488025183476,system,0.0,149,1.0370500384364276,0.047353884442679524,meta_train_support,0,MARGO-SPLIT-v1,20,20,80,3,150,0.0,0.2,20,10,0.0005,0.0005,mrlco_first_order_mean_pseudogradient,fixed_literature_derived_defaults,0.003362659629299202,0.00016813298146496625,0.02711706482216548,0.001355853241108318,0.002008447631749824,0.00010042238158749356,3.0,0.0,0.08730281678110277,0.6658081135132183,0.039378939915038304,,,,,,,,,,,,,,,,
0.0735940248396749,0.00325,0.99625,0.0005,-0.0007641297997906804,0.07002536207437515,0.000549199217941047,0.0018333333078771829,2.633054078370333,0.0,0.0,0.0,0.0,0.0,0.0,0.018351689371162074,1.1566846370697021,publication,0.549304723739624,4.878148317337036,1.0233869746501116,1.1544419439781632,200,0.8845442330024189,2.92312582815066,0.05618812417378649,1.0233869746501114,1.154441939536482,530.2912432479858,mobile,0.0002736621919318865,0.000377533816794226,26.514561607983193,26.514561607983193,system,0.0,150,1.154441939536482,0.05321546019837599,meta_train_support,0,MARGO-SPLIT-v1,20,20,80,3,151,0.0,0.2,20,10,0.0005,0.0005,mrlco_first_order_mean_pseudogradient,fixed_literature_derived_defaults,0.0033403903602309956,0.00016701951801155468,0.02693748161142266,0.0013468740805711032,0.0019951466540561167,9.975733270280868e-05,3.0,0.0,0.08746983629911433,0.6671549875937894,0.03947869724774111,-0.11400535997602457,-0.10589851561246447,0.10589851561246447,0.025,0.2,0.025,0.02625,0.975,0.975,0.0,validation/automotive_lexicographic_v1,automotive_lexicographic_v1,a3bd00d5108237acdb706f561212b5d840bac151f48b5250a61c573d9c9ffb6c,76119787.0,0.10589851561246447,1.0
0.058837977352942814,0.0025,0.99725,0.00025,6.392104114638641e-05,0.1586957722902298,0.0005268826006357586,0.0008333333147068819,2.5043877586722374,0.0,0.0,0.0,0.0,0.0,0.0,0.019121385866674948,1.2032196521759033,publication,0.6484363079071045,5.281515836715698,0.7793036664802924,0.8766619063026883,200,1.0047700859605657,2.9567726477980614,-0.05274792271666229,0.7793036664802924,0.8766619456931949,975.4549548912048,mobile,0.0015673388066028743,0.0361458747124462,48.77274572527319,48.77274572527319,system,0.0,151,0.8766619456931949,0.04654224823054507,meta_train_support,0,MARGO-SPLIT-v1,20,20,80,3,152,0.0,0.2,20,10,0.0005,0.0005,mrlco_first_order_mean_pseudogradient,fixed_literature_derived_defaults,0.003318414107861055,0.00016592070539304948,0.026760261337663304,0.0013380130668831924,0.0019820206892268,9.910103446134078e-05,3.0,0.0,0.08763575700450738,0.6684930006606726,0.03957779828220245,,,,,,,,,,,,,,,,
0.07249959014443766,0.003,0.99475,0.00225,-0.0003337283560540527,0.043289508670568466,0.0026393530484635145,0.0033333332898716128,2.15580680022637,0.0,0.0,0.0,0.0,0.0,0.0,0.03038710794963803,1.2729785442352295,publication,0.6410691738128662,5.357041358947754,0.6565576284701344,0.7382532469942089,200,0.7017894264862563,1.7873629666864872,0.06368610383651685,0.6565576284701345,0.7382532643154264,383.7973993015289,mobile,0.0009488827206207473,0.0019838912808311467,19.189869418947612,19.189869418947612,system,0.0,152,0.7382532643154264,0.054696342308001605,meta_train_support,0,MARGO-SPLIT-v1,20,20,80,3,153,0.0,0.2,20,10,0.0005,0.0005,mrlco_first_order_mean_pseudogradient,fixed_literature_derived_defaults,0.003296725126763924,0.0001648362563382022,0.026585357668789687,0.0013292678834394556,0.0019690663056370823,9.845331528185453e-05,3.0,0.0,0.08780059326084558,0.6698222685441121,0.03967625159748431,,,,,,,,,,,,,,,,
0.06608070628314609,0.004,0.99475,0.00125,-0.0007019201875664294,0.04598402604460716,0.0014650199962806217,0.0032499999584009245,1.9775860677162806,0.0,0.0,0.0,0.0,0.0,0.0,0.03694287416984053,1.300054907798767,publication,0.5191783905029297,5.241350412368774,0.6799306754548553,0.7637288759069634,200,0.8647569596132634,2.7358045051805675,0.055310508236289024,0.6799306754548554,0.7637288577109576,649.365036354065,mobile,0.0004566300991674878,0.0005875377563168623,32.46825093709769,32.46825093709769,system,0.0,153,0.7637288577109576,0.044356095237968206,meta_train_support,0,MARGO-SPLIT-v1,20,20,80,3,154,0.0,0.2,20,10,0.0005,0.0005,mrlco_first_order_mean_pseudogradient,fixed_literature_derived_defaults,0.003275317820745976,0.00016376589103729577,0.02641272547613521,0.0013206362738067412,0.0019562801607952832,9.781400803976492e-05,3.0,0.0,0.08796435915188287,0.6711429048179188,0.03977406560552407,,,,,,,,,,,,,,,,
0.05043420548885217,0.00575,0.993,0.00125,-0.00031528252293355763,0.12650831043720245,0.001496721554819184,0.004166666573534409,1.6100217334926128,0.0,0.0,0.0,0.0,0.0,0.0,0.04443336124335042,1.3296563625335693,publication,0.6915671825408936,5.152870416641235,0.5489209937462334,0.615988332594643,200,0.7390790765651195,2.1248043205123395,0.02646995174291078,0.5489209937462334,0.615988338291645,471.9419035625458,mobile,0.0024951504083822727,0.010307136443071976,23.597094184912,23.597094184912,system,0.0,154,0.615988338291645,0.03942736774841174,meta_train_support,0,MARGO-SPLIT-v1,20,20,80,3,155,0.0,0.2,20,10,0.0005,0.0005,mrlco_first_order_mean_pseudogradient,fixed_literature_derived_defaults,0.0032557568430491516,0.00016278784215245645,0.02625566256010754,0.0013127831280054236,0.0019436589984675717,9.718294992337728e-05,3.0,0.0,0.08812714699403533,0.6724556879459243,0.03987124855544745,,,,,,,,,,,,,,,,
0.0693565799460743,0.00675,0.992,0.00125,-0.0008545958553440869,0.05701712891459465,0.001936816986805449,0.00449999994598329,1.829110848158598,0.0,0.0,0.0,0.0,0.0,0.0,0.045124531775346796,1.370721459388733,publication,0.6128273010253906,3.4054713249206543,0.7582805183297258,0.8556519659622427,200,0.7496278867674102,1.9063700889237225,0.027115809607494157,0.7582805183297257,0.8556519939657301,754.4862051582336,mobile,0.001339412994951954,0.0023825522174569565,37.724308181105016,37.724308181105016,system,0.0,155,0.8556519939657301,0.05377456590232331,meta_train_support,0,MARGO-SPLIT-v1,20,20,80,3,156,0.0,0.2,20,10,0.0005,0.0005,mrlco_first_order_mean_pseudogradient,fixed_literature_derived_defaults,0.003236667658267077,0.00016183338291335392,0.026098063974926443,0.001304903198746321,0.0019311996459132924,9.655998229566448e-05,3.0,0.0,0.08828898037694868,0.6737605911446706,0.039967808537743114,,,,,,,,,,,,,,,,
0.0718495212993764,0.0055,0.99375,0.00075,-0.0009463801980018616,0.0413053035736084,0.0011854179657423932,0.003416666590298216,1.4630232180158296,0.0,0.0,0.0,0.0,0.0,0.0,0.051136223789311576,1.3513264656066895,publication,0.6622128486633301,4.900654315948486,0.439554811742866,0.4958534615485769,200,0.5850076982816039,1.6195929031819105,0.031198592274449766,0.43955481174286604,0.4958534732554108,606.5535695743561,mobile,0.0012761690441706645,0.009534147792269488,30.327678810700178,30.327678810700178,system,0.0,156,0.4958534732554108,0.05260067914248363,meta_train_support,0,MARGO-SPLIT-v1,20,20,80,3,157,0.0,0.2,20,10,0.0005,0.0005,mrlco_first_order_mean_pseudogradient,fixed_literature_derived_defaults,0.0032160519406984967,0.00016080259703492306,0.025931834268079778,0.0012965917134040161,0.0019188990112259466,9.594495056129693e-05,3.0,0.0,0.0884497829739836,0.6750571828580746,0.04006375348830441,,,,,,,,,,,,,,,,
0.07327427553867003,0.00525,0.99275,0.002,-0.0007562193786725402,0.05943478271365166,0.00266273647697138,0.0041666665735344095,1.6842598314086596,0.0,0.0,0.0,0.0,0.0,0.0,0.05335093603393735,1.2956733703613281,publication,0.6571378707885742,5.063657760620117,0.8664034956884084,0.9756194489423797,200,0.8509910473699829,2.411425339989364,0.031930228346027434,0.8664034956884082,0.9756194252334535,236.21231576919556,mobile,0.0016116134169692924,0.004352450067357297,11.810615889876571,11.810615889876571,system,0.0,157,0.9756194252334535,0.05944784360253887,meta_train_support,0,MARGO-SPLIT-v1,20,20,80,3,158,0.0,0.2,20,10,0.0005,0.0005,mrlco_first_order_mean_pseudogradient,fixed_literature_derived_defaults,0.003197714373901856,0.00015988571869508805,0.025782162698362202,0.0012891081349181155,0.0019067540807751495,9.533770403875874e-05,3.0,0.0,0.0886096686926787,0.6763462909929927,0.04015909119234317,,,,,,,,,,,,,,,,
0.06113127191050903,0.00725,0.98975,0.003,-0.0005812668823637068,0.15925399959087372,0.0018737058031395766,0.00441666659899056,1.9618547538916271,0.0,0.0,0.0,0.0,0.0,0.0,0.05305470081037569,1.2872527837753296,publication,0.6650991439819336,5.346865177154541,0.9120860610096208,1.0265219394046836,200,1.1734267800605158,3.4721077093854547,0.035552121931687,0.9120860610096205,1.0265219595097006,617.8510322761535,mobile,0.001493735490413321,0.02694841152979058,30.892550774980222,30.892550774980222,system,0.0,158,1.0265219595097006,0.0400153671961152,meta_train_support,0,MARGO-SPLIT-v1,20,20,80,3,159,0.0,0.2,20,10,0.0005,0.0005,mrlco_first_order_mean_pseudogradient,fixed_literature_derived_defaults,0.0031810855093234998,0.00015905427546616946,0.02563297708791043,0.001281648854395523,0.0018947619167451171,9.473809583725873e-05,3.0,0.0,0.08876872296814486,0.6776279398473882,0.04025382928818043,,,,,,,,,,,,,,,,
0.062279769660694595,0.006,0.9915,0.0025,-0.0008121791761368513,0.03425532579421997,0.0026927532539048117,0.0050833332973221936,1.4676189184188844,0.0,0.0,0.0,0.0,0.0,0.0,0.05333469535959874,1.2356656789779663,publication,0.584904670715332,5.423313140869141,0.5429925344219073,0.609741730543028,200,0.5862536150726448,1.8989923484623432,0.04768972602323629,0.5429925344219073,0.609741739910096,249.16346412658692,mobile,0.0007298313232032415,0.0017990585950167929,12.45817286023356,12.45817286023356,system,0.0,159,0.609741739910096,0.04652175950032139,meta_train_support,0,MARGO-SPLIT-v1,20,20,80,3,160,0.0,0.2,20,10,0.0005,0.0005,mrlco_first_order_mean_pseudogradient,fixed_literature_derived_defaults,0.0031623324284556584,0.00015811662142278804,0.025481187268471792,0.0012740593634236186,0.00188291965476546,9.414598273826957e-05,3.0,0.0,0.08892683958956765,0.6789019992108118,0.0403479752709187,,,,,,,,,,,,,,,,
0.04464839063445709,0.005,0.99325,0.00175,-0.000649142952170223,0.03608668968081474,0.0006978433734426896,0.0035833332532395914,1.6154788583517075,0.0,0.0,0.0,0.0,0.0,0.0,0.044983301977835156,1.1826945543289185,publication,0.6824994087219238,5.204149961471558,0.5275170277296135,0.5939782306202688,200,0.6341994561995944,2.211607056669891,0.024262141494546086,0.5275170277296136,0.5939782417193055,1528.834123916626,mobile,0.003981674225486687,0.010821891295991416,76.44170832888366,76.44170832888366,system,0.0,160,0.5939782417193055,0.034797206528707145,meta_train_support,0,MARGO-SPLIT-v1,20,20,80,3,161,0.0,0.2,20,10,0.0005,0.0005,mrlco_first_order_mean_pseudogradient,fixed_literature_derived_defaults,0.003142893834900598,0.0001571446917450342,0.02532855507985977,0.0012664277539929936,0.0018712245016302708,9.356122508151488e-05,3.0,0.0,0.08908398428131269,0.6801684269648048,0.04044153649600021,,,,,,,,,,,,,,,,
0.05450401398555549,0.00425,0.995,0.00075,-0.0005624831537716091,0.10111197084188461,0.0007399083593744156,0.0024999999751647312,2.078900929292043,0.0,0.0,0.0,0.0,0.0,0.0,0.04114345847167613,1.1239190101623535,publication,0.6352188587188721,5.002151250839233,0.990866780880737,1.1165333106077742,200,1.143150054717589,3.3431134782731533,0.056293831032235175,0.9908667808807369,1.116533287242055,673.1376103782654,mobile,0.0026167338948540854,0.011928135034782598,33.656878992047425,33.656878992047425,system,0.0,161,1.116533287242055,0.04838280486567314,meta_train_support,0,MARGO-SPLIT-v1,20,20,80,3,162,0.0,0.2,20,10,0.0005,0.0005,mrlco_first_order_mean_pseudogradient,fixed_literature_derived_defaults,0.0031342650774291354,0.0001567132538714544,0.025233280122376554,0.0012616640061188233,0.001859673733101689,9.298368665508483e-05,3.0,0.0,0.08924069753518414,0.6814300909709237,0.0405345201826553,,,,,,,,,,,,,,,,
0.05653498570911205,0.00575,0.99175,0.0025,-0.0007696569082327187,0.11064755916595459,0.0016724245879383183,0.004749999955917398,1.9151625177512568,0.0,0.0,0.0,0.0,0.0,0.0,0.04674367721764939,1.1771435737609863,publication,0.6812834739685059,5.423600912094116,0.7143554646439237,0.801958858808648,200,0.9141192401984426,2.7609533712966368,0.04731993761379272,0.7143554646439239,0.8019588689506054,480.53979904174804,mobile,0.001674379377503651,0.0028994961747381594,24.026988932027137,24.026988932027137,system,0.0,162,0.8019588689506054,0.042517446691976254,meta_train_support,0,MARGO-SPLIT-v1,20,20,80,3,163,0.0,0.2,20,10,0.0005,0.0005,mrlco_first_order_mean_pseudogradient,fixed_literature_derived_defaults,0.003115036457322208,0.00015575182286610423,0.02507847472285277,0.001253923736142637,0.0018482646917943166,9.241323458971523e-05,3.0,0.0,0.08939644935805025,0.6826840147070663,0.04062693341724501,,,,,,,,,,,,,,,,
0.04778582722719873,0.00825,0.99,0.00175,-0.001182951731607318,0.007813161239027977,0.0013087376813928132,0.005916666705161332,0.5815046186248461,0.0,0.0,0.0,0.0,0.0,0.0,0.06050332221393644,0.10664235055446625,publication,0.6013171672821045,3.6639633178710938,0.08016140241126342,0.08842598282622931,200,0.04218396298208411,0.17030172154773027,0.013916235737269744,0.08016140241126343,0.08842598192859441,159.65408301353455,mobile,0.0027767413242566945,0.007798379397878003,7.982704237393289,7.982704237393289,system,0.0,163,0.08842598192859441,0.041568259190878844,meta_train_support,0,MARGO-SPLIT-v1,20,20,80,3,164,0.0,0.2,20,10,0.0005,0.0005,mrlco_first_order_mean_pseudogradient,fixed_literature_derived_defaults,0.0030960423325824384,0.00015480211662911858,0.024925557194054888,0.0012462778597027713,0.0018369947851370342,9.184973925685513e-05,3.0,0.0,0.08955125147467936,0.6839302925667691,0.04071878315650187,,,,,,,,,,,,,,,,
0.05037401360452311,0.008,0.99,0.002,-0.0007356993155553937,0.018147388473153114,0.0010618394286420123,0.005333333276212215,1.105368271097541,0.0,0.0,0.0,0.0,0.0,0.0,0.05539914627936035,1.2354739904403687,publication,0.6594498157501221,5.065670490264893,0.2699220956862216,0.3032291229218572,200,0.4351066151760803,1.4572721030563116,0.031050084624439485,0.26992209568622155,0.30322912231087684,523.3491234207154,mobile,0.0019326505672539207,0.003750788339951009,26.167456286830383,26.167456286830383,system,0.0,164,0.30322912231087684,0.03943532980125282,meta_train_support,0,MARGO-SPLIT-v1,20,20,80,3,165,0.0,0.2,20,10,0.0005,0.0005,mrlco_first_order_mean_pseudogradient,fixed_literature_derived_defaults,0.0030772784396576962,0.000153863921982883,0.024774493211060615,0.001238724660553081,0.001825861483408931,9.12930741704468e-05,3.0,0.0,0.08970511539666225,0.6851690172273222,0.040810076230672315,,,,,,,,,,,,,,,,
0.05982361345190494,0.00375,0.993,0.00325,-0.0010532110463827848,0.037309564650058746,0.0020838762760831747,0.004083333288629849,1.6283009712894756,0.0,0.0,0.0,0.0,0.0,0.0,0.04083864143966026,1.2280091047286987,publication,0.6590402126312256,5.083834886550903,0.5988451992803847,0.6733892858080799,200,0.627938874254003,1.695908585563302,0.04094991402234882,0.5988451992803847,0.673389271311462,648.9599255752563,mobile,0.001705231137628401,0.005054181539129985,32.44799754700528,32.44799754700528,system,0.0,165,0.673389271311462,0.05104514870673873,meta_train_support,0,MARGO-SPLIT-v1,20,20,80,3,166,0.0,0.2,20,10,0.0005,0.0005,mrlco_first_order_mean_pseudogradient,fixed_literature_derived_defaults,0.003062450314974843,0.00015312251574874092,0.02465305886579322,0.0012326529432896693,0.0018148623178462265,9.074311589231387e-05,3.0,0.0,0.08985823791241099,0.6864016701706118,0.04090081934656463,,,,,,,,,,,,,,,,
0.054610455686856865,0.0045,0.99425,0.00125,-0.00011289760004729033,0.02981957606971264,0.00040745804576545195,0.0023333332811792695,1.769365988175074,0.0,0.0,0.0,0.0,0.0,0.0,0.036224742500911206,1.2301313877105713,publication,0.6806576251983643,4.971694231033325,0.491070583084933,0.5524529505929149,200,0.4386505552827247,1.3895624298602343,0.048849524406250566,0.4910705830849332,0.5524529614113272,1215.657603559494,mobile,0.0011034869170046075,0.025123077566734753,60.78288284109623,60.78288284109623,system,0.0,166,0.5524529614113272,0.03949401660535182,meta_train_support,0,MARGO-SPLIT-v1,20,20,80,3,167,0.0,0.2,20,10,0.0005,0.0005,mrlco_first_order_mean_pseudogradient,fixed_literature_derived_defaults,0.00304411228913667,0.00015220561445683511,0.02450543575881242,0.0012252717879406294,0.0018039948788172073,9.019974394085944e-05,3.0,0.0,0.09001044352686782,0.6876269419585525,0.04099101909050549,,,,,,,,,,,,,,,,
0.05026311770819277,0.00575,0.99275,0.0015,-0.0013160569360479712,0.019768495112657547,0.0003585662663075103,0.0028333332855254413,1.0287015778323014,0.0,0.0,0.0,0.0,0.0,0.0,0.04452541667830256,1.2140941619873047,publication,0.6267809867858887,4.996905088424683,0.4479932592105005,0.5038678744888603,200,0.5647351393363009,1.6348266871646047,0.03973047964973375,0.4479932592105005,0.5038678894750774,563.8930298233032,mobile,0.001025401353167913,0.0035049766872188503,28.194649696241765,28.194649696241765,system,0.0,167,0.5038678894750774,0.038996680555929225,meta_train_support,0,MARGO-SPLIT-v1,20,20,80,3,168,0.0,0.2,20,10,0.0005,0.0005,mrlco_first_order_mean_pseudogradient,fixed_literature_derived_defaults,0.0030259925731299046,0.0001512996286564955,0.024359570069771873,0.0012179785034885926,0.001793256814062343,8.966284070311553e-05,3.0,0.0,0.09016174315552432,0.688844920462041,0.041080681931208604,,,,,,,,,,,,,,,,
0.04513959495602058,0.005,0.99325,0.00175,-0.001890874933451414,0.016017498448491096,0.0007979077546224289,0.002833333270003398,0.9806253338853518,0.0,0.0,0.0,0.0,0.0,0.0,0.04486072735740733,1.1403312683105469,publication,0.6281266212463379,5.470698118209839,0.3548492600263634,0.398932478783704,200,0.5410544821810556,1.8181303166784346,0.01776842781691812,0.3548492600263634,0.39893247119151054,673.3560242462158,mobile,0.0014328493840970876,0.007071208862447891,33.66780102983212,33.66780102983212,system,0.0,168,0.39893247119151054,0.03868421488679873,meta_train_support,0,MARGO-SPLIT-v1,20,20,80,3,169,0.0,0.2,20,10,0.0005,0.0005,mrlco_first_order_mean_pseudogradient,fixed_literature_derived_defaults,0.0030080872916320943,0.00015040436458160777,0.024215877890625216,0.0012107938945312702,0.0017826458269968853,8.913229134984574e-05,3.0,0.0,0.09031214752010593,0.6900557143565723,0.04116981422255845,,,,,,,,,,,,,,,,
0.06899230014092875,0.006,0.9935,0.0005,-0.002876037498936057,0.04390869289636612,0.0009129209164105608,0.002999999948466818,1.4056694084157546,0.0,0.0,0.0,0.0,0.0,0.0,0.03719838115228515,1.1555927991867065,publication,0.66776442527771,5.201060056686401,0.7039402310925204,0.7926909518601133,200,0.7613016400964531,1.9331654142588377,0.029851030512872967,0.7039402310925204,0.792690952718258,330.1124777030945,mobile,0.002064219675802395,0.094019105159647,16.505623304686043,16.505623304686043,system,0.0,169,0.792690952718258,0.05392831237396825,meta_train_support,0,MARGO-SPLIT-v1,20,20,80,3,170,0.0,0.2,20,10,0.0005,0.0005,mrlco_first_order_mean_pseudogradient,fixed_literature_derived_defaults,0.0029932538307970973,0.00014966269153984801,0.024093004636324567,0.0012046502318162622,0.0017721596750733743,8.86079837536663e-05,3.0,0.0,0.09046181021164577,0.6912603645883886,0.041258422206312116,,,,,,,,,,,,,,,,
0.056792543341282045,0.00725,0.992,0.00075,-0.0013976424233987927,0.023588674142956734,0.002244394132859876,0.005083333312844237,1.0528501570224762,0.0,0.0,0.0,0.0,0.0,0.0,0.043603651953299724,1.1038585901260376,publication,0.639916181564331,5.34910249710083,0.4445510361479613,0.4996893906672631,200,0.6076111744261692,1.8804016360081732,0.031384051020722836,0.4445510361479612,0.4996893912740052,260.3843516349792,mobile,0.0016365790586997902,0.0020881282476886754,13.019217599736383,13.019217599736383,system,0.0,170,0.4996893912740052,0.04200652965319371,meta_train_support,0,MARGO-SPLIT-v1,20,20,80,3,171,0.0,0.2,20,10,0.0005,0.0005,mrlco_first_order_mean_pseudogradient,fixed_literature_derived_defaults,0.002975749422429863,0.0001487874711214865,0.023952109872369454,0.00119760549361847,0.0017617961682016002,8.808980841008146e-05,3.0,0.0,0.09061059768276726,0.692457970082007,0.0413465120147222,,,,,,,,,,,,,,,,
0.06327714428520112,0.00525,0.992,0.00275,-0.0012113399570807815,0.03751348331570625,0.0010656456230814606,0.004666666593402624,1.4341866001486776,0.0,0.0,0.0,0.0,0.0,0.0,0.04094578567522604,1.1381782293319702,publication,0.6211507320404053,3.492872476577759,0.5639366899070681,0.633242265858571,200,0.7823122446883628,2.3634719867259264,0.048352781450375915,0.563936689907068,0.6332422443851828,380.10520703315734,mobile,0.0011119682641308895,0.002739868824247418,19.00525977699334,19.00525977699334,system,0.0,171,0.6332422443851828,0.05061746844597945,meta_train_support,0,MARGO-SPLIT-v1,20,20,80,3,172,0.0,0.2,20,10,0.0005,0.0005,mrlco_first_order_mean_pseudogradient,fixed_literature_derived_defaults,0.0029584485536948055,0.0001479224276847435,0.02381285341962312,0.0011906426709811235,0.0017515531672236838,8.757765836118342e-05,3.0,0.0,0.090758520110452,0.6936486127529882,0.04143408967308338,,,,,,,,,,,,,,,,
0.061226921048630166,0.00525,0.99325,0.0015,-0.0008052230696193874,0.08081434667110443,0.0011898045192234954,0.0034999999217689036,1.8071856419245402,0.0,0.0,0.0,0.0,0.0,0.0,0.0381576472933213,1.2375284433364868,publication,0.5656914710998535,5.431696891784668,0.5706908101731983,0.6421541775155493,200,0.6708941084698417,2.0433064156677574,0.04219872257090174,0.5706908101731986,0.642154184076935,610.1691120529175,mobile,0.002316010321280394,0.09982363949781256,30.508454195146584,30.508454195146584,system,0.0,172,0.642154184076935,0.05188183320942638,meta_train_support,0,MARGO-SPLIT-v1,20,20,80,3,173,0.0,0.2,20,10,0.0005,0.0005,mrlco_first_order_mean_pseudogradient,fixed_literature_derived_defaults,0.0029419023671162004,0.00014709511835581113,0.023679870022688652,0.001183993501134406,0.001741428582442044,8.707142912210003e-05,3.0,0.0,0.09090561522880782,0.6948326062541226,0.04152116110220548,,,,,,,,,,,,,,,,
0.059259395429840045,0.003,0.994,0.003,0.000258192972978577,0.3137313723564148,0.0018039346532229196,0.0029166666014740867,3.186962639292081,0.0,0.0,0.0,0.0,0.0,0.0,0.03756443093385913,1.2624728679656982,publication,0.6550185680389404,5.026861906051636,1.3641112728118887,1.534831645363447,200,1.019580210423871,3.492292962037027,0.04972991213435307,1.3641112728118885,1.5348316918313503,752.9168731689454,mobile,0.0005570328818225333,0.003292609740385743,37.64584508766852,37.64584508766852,system,0.0,173,1.5348316918313503,0.03886892610381058,meta_train_support,0,MARGO-SPLIT-v1,20,20,80,3,174,0.0,0.2,20,10,0.0005,0.0005,mrlco_first_order_mean_pseudogradient,fixed_literature_derived_defaults,0.002926112691931779,0.00014630563459658297,0.02354979981129946,0.001177489990564995,0.001731420372198124,8.657101860990585e-05,3.0,0.0,0.0910519208634044,0.6960100962446876,0.04160773212081539,,,,,,,,,,,,,,,,
0.07524336819285557,0.00725,0.99025,0.0025,-0.0003402013098821044,0.10620478540658951,0.0018284792630159548,0.004833333287388087,1.8957422335942584,0.0,0.0,0.0,0.0,0.0,0.0,0.04300954129913698,1.3176214694976807,publication,0.6480188369750977,5.356413841247559,0.7045256591441509,0.7920569764558241,200,1.0956004821938377,2.773187276441604,0.017579080631549004,0.7045256591441509,0.7920569805894047,115.21023405075073,mobile,0.0016409626802524674,0.004221388361232576,5.760511864767228,5.760511864767228,system,0.0,174,0.7920569805894047,0.06341802761490464,meta_train_support,0,MARGO-SPLIT-v1,20,20,80,3,175,0.0,0.2,20,10,0.0005,0.0005,mrlco_first_order_mean_pseudogradient,fixed_literature_derived_defaults,0.0029252796971575377,0.0001462639848578834,0.023474497597810156,0.0011737248798905364,0.0017215265414998492,8.607632707498952e-05,3.0,0.0,0.09119818484826228,0.6971838211245781,0.041693808447890376,,,,,,,,,,,,,,,,
0.04023396159001284,0.006,0.993,0.001,-0.0007440966437570751,0.04238295182585716,0.002365334015667031,0.0039166666101664305,1.470967209835847,0.0,0.0,0.0,0.0,0.0,0.0,0.04564539422939234,1.338091492652893,publication,0.6682605743408203,4.780243873596191,0.7909327658598919,0.8909721936094138,200,0.6847779273246895,1.9204509388655424,-0.0057974259834736586,0.790932765859892,0.8909722108859569,1126.741314163208,mobile,0.0029174090762777356,0.011748532942325656,56.33706520817925,56.33706520817925,system,0.0,175,0.8909722108859569,0.03133649537216024,meta_train_support,0,MARGO-SPLIT-v1,20,20,80,3,176,0.0,0.2,20,10,0.0005,0.0005,mrlco_first_order_mean_pseudogradient,fixed_literature_derived_defaults,0.0029086587897873247,0.0001454329394893622,0.023341731167241184,0.0011670865583620627,0.001711745140695873,8.55872570347943e-05,3.0,0.0,0.09134361778775164,0.6983509076829402,0.04177939570492517,,,,,,,,,,,,,,,,
0.075081943786999,0.0065,0.992,0.0015,-0.0005339559866115451,0.22909121215343475,0.0011997665489464754,0.004416666661078731,2.2466795716434715,0.0,0.0,0.0,0.0,0.0,0.0,0.04424832119062952,1.418009877204895,publication,0.5426912307739258,5.248382806777954,0.7737248104642012,0.8703340065830707,200,1.0646066402502703,3.785060530528426,0.03666529658585205,0.773724810464201,0.870334015712142,233.28152109146117,mobile,0.0009465202316128382,0.004596972722653643,11.664075911854138,11.664075911854138,system,0.0,176,0.870334015712142,0.056443100126978035,meta_train_support,0,MARGO-SPLIT-v1,20,20,80,3,177,0.0,0.2,20,10,0.0005,0.0005,mrlco_first_order_mean_pseudogradient,fixed_literature_derived_defaults,0.0029117294729017196,0.0001455864736450846,0.02327618498563968,0.001163809249281944,0.0017020742641947661,8.510371320973736e-05,3.0,0.0,0.09148920426139673,0.6995147169322221,0.04186449941813491,,,,,,,,,,,,,,,,
0.06223891009153683,0.006,0.993,0.001,-0.0008168548229150474,0.015999924391508102,0.0008198265129673624,0.0035833332842836784,1.122769993543625,0.0,0.0,0.0,0.0,0.0,0.0,0.04054539355617073,1.4327508211135864,publication,0.6738765239715576,5.443939685821533,0.3370800990759338,0.3796905374362723,200,0.48347177115851686,1.6420505361165851,0.03686996269971132,0.33708009907593367,0.3796905490383506,908.1337868118286,mobile,0.0009351239056526363,0.0019126852374265681,45.406691172511685,45.406691172511685,system,0.0,177,0.3796905490383506,0.04894265129654376,meta_train_support,0,MARGO-SPLIT-v1,20,20,80,3,178,0.0,0.2,20,10,0.0005,0.0005,mrlco_first_order_mean_pseudogradient,fixed_literature_derived_defaults,0.0028953714421550807,0.0001447685721077535,0.023145419901450692,0.001157270995072568,0.00169251204922738,8.462560246137035e-05,3.0,0.0,0.09163397283350448,0.7006719879272947,0.04194912502059628,,,,,,,,,,,,,,,,
0.07683580819031813,0.0065,0.9925,0.001,-0.0009212713339366019,0.032856740057468414,0.002639974144297715,0.0037499999317030116,1.7261852105458577,0.0,0.0,0.0,0.0,0.0,0.0,0.039910504216711135,1.3067148923873901,publication,0.6092066764831543,3.475677490234375,0.4645540616448497,0.5224579205541948,200,0.5879398625147154,1.8450467069633305,0.029522057547296754,0.4645540616448497,0.5224579272884875,271.35275710105896,mobile,0.002346637780721453,0.0030734463639809162,13.56763743967089,13.56763743967089,system,0.0,178,0.5224579272884875,0.05290646128194958,meta_train_support,0,MARGO-SPLIT-v1,20,20,80,3,179,0.0,0.2,20,10,0.0005,0.0005,mrlco_first_order_mean_pseudogradient,fixed_literature_derived_defaults,0.0028791961827017002,0.00014395980913509132,0.023016115879654877,0.0011508057939827454,0.0016830566746506906,8.415283373253146e-05,3.0,0.0,0.09177793264263957,0.7018227937212774,0.04203327785432881,,,,,,,,,,,,,,,,
0.06440748431683727,0.0055,0.99375,0.00075,-0.0007707607583142817,0.07949968427419662,0.0008560134631503995,0.002916666616996129,1.6592482353250186,0.0,0.0,0.0,0.0,0.0,0.0,0.037584749945547155,1.1919517517089844,publication,0.6697437763214111,4.923846483230591,0.7175702979959763,0.8078277506101039,200,0.9744729319717822,2.5290974993258715,0.055295410682447255,0.7175702979959766,0.8078277986682951,241.76071117401122,mobile,0.001048412664318753,0.0013914342014366302,12.08803572615405,12.08803572615405,system,0.0,179,0.8078277986682951,0.04976055063306309,meta_train_support,0,MARGO-SPLIT-v1,20,20,80,3,180,0.0,0.2,20,10,0.0005,0.0005,mrlco_first_order_mean_pseudogradient,fixed_literature_derived_defaults,0.0028632006483533573,0.00014316003241766906,0.02288824856921235,0.0011444124284606394,0.00167370635979152,8.368531798957912e-05,3.0,0.0,0.09192109267505724,0.7029672061497381,0.04211696317231839,,,,,,,,,,,,,,,,
0.07415096671911889,0.0055,0.99325,0.00125,-0.0008136070100590587,0.046282775700092316,0.001268490057903193,0.0036666665847102805,1.4495654709637165,0.0,0.0,0.0,0.0,0.0,0.0,0.036111596724755814,1.0954805612564087,publication,0.6540579795837402,4.514103889465332,0.7442401435417978,0.8381047023840074,200,0.7737203070266899,2.3177802154095843,0.07242767940260819,0.7442401435417975,0.8381047239527106,464.26324090957644,mobile,0.0009011987619906738,0.0027789697356869125,23.21316172538039,23.21316172538039,system,0.0,180,0.8381047239527106,0.054585961960146,meta_train_support,0,MARGO-SPLIT-v1,20,20,80,3,181,0.0,0.2,20,10,0.0005,0.0005,mrlco_first_order_mean_pseudogradient,fixed_literature_derived_defaults,0.002850919814164493,0.0001425459907082316,0.02277981564707593,0.0011389907823537992,0.0016644593633285834,8.322296816642982e-05,3.0,0.0,0.09206363866576547,0.7041061969320919,0.04220018614048482,,,,,,,,,,,,,,,,
0.06971635269191494,0.0055,0.99375,0.00075,-0.0008545852033421397,0.0350068062543869,0.0011815667575622987,0.0033333332588275275,1.1237084073324999,0.0,0.0,0.0,0.0,0.0,0.0,0.03435465698946055,1.0384060144424438,publication,0.5719571113586426,4.301543474197388,0.29566890905958293,0.331560587623826,200,0.4227339726095052,1.4580031083896756,0.03980719385435805,0.29566890905958293,0.33156058978289366,423.0304130268097,mobile,0.0011271290418949779,0.001510432968254648,21.151519393243188,21.151519393243188,system,0.0,181,0.33156058978289366,0.05643406389065797,meta_train_support,0,MARGO-SPLIT-v1,20,20,80,3,182,0.0,0.2,20,10,0.0005,0.0005,mrlco_first_order_mean_pseudogradient,fixed_literature_derived_defaults,0.002835255419581172,0.00014176277097906198,0.022654651824839247,0.001132732591241914,0.0016553139822113934,8.276569911056658e-05,3.0,0.0,0.09220540143674454,0.7052389295233338,0.042282951839595385,,,,,,,,,,,,,,,,
0.054805185803600866,0.006,0.992,0.002,-0.00022069041733630002,0.022716160863637924,0.0017338658188236877,0.004916666587814689,1.3988259151577949,0.0,0.0,0.0,0.0,0.0,0.0,0.03876437310539565,1.000730276107788,publication,0.6043529510498047,4.895085573196411,0.4463536307398817,0.5031772986510259,200,0.4829434862164489,1.2352999742142856,0.02798605870339088,0.4463536307398817,0.5031772772129625,572.7764390277863,mobile,0.0010890731387332873,0.002632643340797216,28.638822989304117,28.638822989304117,system,0.0,182,0.5031772772129625,0.04283727125896796,meta_train_support,0,MARGO-SPLIT-v1,20,20,80,3,183,0.0,0.2,20,10,0.0005,0.0005,mrlco_first_order_mean_pseudogradient,fixed_literature_derived_defaults,0.0028201626163845473,0.00014100813081922847,0.022539284844888874,0.0011269642422444548,0.0016462685506146099,8.231342753073356e-05,3.0,0.0,0.09234640956756376,0.7063658937655782,0.04236526526712612,,,,,,,,,,,,,,,,
0.05453399016086706,0.006,0.993,0.001,-0.0007209877367131412,0.1199050173163414,0.0012589028740573366,0.003999999941637119,1.4764571084330478,0.0,0.0,0.0,0.0,0.0,0.0,0.03107656712511836,0.9001283645629883,publication,0.5140423774719238,4.943720817565918,0.6744162230637847,0.759422447643019,200,1.1163195226098062,3.8346332712098956,0.04288856449420564,0.6744162230637846,0.7594224738515913,689.2975942611695,mobile,0.0016583668213891742,0.0024455035680009526,34.46488026794407,34.46488026794407,system,0.0,183,0.7594224738515913,0.044776688728918546,meta_train_support,0,MARGO-SPLIT-v1,20,20,80,3,184,0.0,0.2,20,10,0.0005,0.0005,mrlco_first_order_mean_pseudogradient,fixed_literature_derived_defaults,0.002804835645643327,0.00014024178228216888,0.022416788731601436,0.0011208394365800345,0.0016373214389264871,8.186607194632378e-05,3.0,0.0,0.09248665134984593,0.7074867332021583,0.04244713133907244,,,,,,,,,,,,,,,,
0.05526092130709852,0.00575,0.9935,0.00075,-0.00014235705020837486,0.03347504511475563,0.0013628901313040844,0.004249999936049183,1.1700914508352676,0.0,0.0,0.0,0.0,0.0,0.0,0.03437595909239551,0.9841012954711914,publication,0.5772607326507568,5.4449310302734375,0.4288915453346174,0.48304775293137936,200,0.865046044805753,2.8419021274894476,0.04084843216696754,0.42889154533461743,0.48304773181676863,215.09074098587035,mobile,0.00178616279588063,0.024866804495996573,10.754537438466796,10.754537438466796,system,0.0,184,0.48304773181676863,0.050946847418735924,meta_train_support,0,MARGO-SPLIT-v1,20,20,80,3,185,0.0,0.2,20,10,0.0005,0.0005,mrlco_first_order_mean_pseudogradient,fixed_literature_derived_defaults,0.0027896743718830927,0.0001394837185941522,0.022295616900619805,0.001114780845031027,0.0016284710527701277,8.142355263850848e-05,3.0,0.0,0.09262613506844009,0.7086015140471893,0.04252855489171095,,,,,,,,,,,,,,,,
0.05782493341498536,0.0045,0.9955,0.0,-0.0011106417514383793,0.054652903228998184,0.0005424206220444223,0.0018333332923551402,1.4468523101881148,0.0,0.0,0.0,0.0,0.0,0.0,0.03429492647559548,1.0174670219421387,publication,0.5555384159088135,3.8298583030700684,0.41402993924286946,0.46485908541651044,200,0.7289076498815532,2.254066314722877,0.029119932441972196,0.41402993924286935,0.46485907495953144,260.6647621536255,mobile,0.002426789813824355,0.0030222288907548116,13.033238373262643,13.033238373262643,system,0.0,185,0.46485907495953144,0.045275423809316546,meta_train_support,0,MARGO-SPLIT-v1,20,20,80,3,186,0.0,0.2,20,10,0.0005,0.0005,mrlco_first_order_mean_pseudogradient,fixed_literature_derived_defaults,0.0027769430073204043,0.0001388471503660227,0.02218898603577965,0.0011094493017890228,0.0016197158320563098,8.098579160281671e-05,3.0,0.0,0.09276498221880611,0.7097109633489783,0.04260954068331377,,,,,,,,,,,,,,,,
0.035899340387149245,0.00425,0.99475,0.001,-0.0005949519691057503,0.1102762445807457,0.0005115430951870319,0.002416666628172,1.6091017617533603,0.0,0.0,0.0,0.0,0.0,0.0,0.036707904718471136,1.0295286178588867,publication,0.6505107879638672,5.373785495758057,0.5232448514277956,0.5871602315631335,200,0.7776866442494911,2.581538681872189,0.04108190173501214,0.5232448514277956,0.5871602557040752,559.9139752578735,mobile,0.002587739229777341,0.0027538210395682576,27.995698669570046,27.995698669570046,system,0.0,186,0.5871602557040752,0.028615539826559705,meta_train_support,0,MARGO-SPLIT-v1,20,20,80,3,187,0.0,0.2,20,10,0.0005,0.0005,mrlco_first_order_mean_pseudogradient,fixed_literature_derived_defaults,0.0027639827311785737,0.00013819913655892246,0.022078140967900384,0.0011039070483950253,0.0016110542500667039,8.055271250333174e-05,3.0,0.0,0.09290318135536503,0.7108148703973733,0.0426900933958171,,,,,,,,,,,,,,,,
0.0642683240899299,0.004,0.99475,0.00125,-0.0002724084770306945,0.03424074873328209,0.0009989538136020808,0.0029166666014740867,1.4717918689052265,0.0,0.0,0.0,0.0,0.0,0.0,0.03317121624627413,1.188673734664917,publication,0.6549451351165771,4.877420425415039,0.63648278815752,0.716991594147621,200,0.7866043870390671,2.433336072601378,0.029149736452382058,0.6364827881575199,0.7169915738794953,397.56862297058103,mobile,0.0036355308950740484,0.0037430841109317914,19.878431260667938,19.878431260667938,system,0.0,187,0.7169915738794953,0.04761627585127824,meta_train_support,0,MARGO-SPLIT-v1,20,20,80,3,188,0.0,0.2,20,10,0.0005,0.0005,mrlco_first_order_mean_pseudogradient,fixed_literature_derived_defaults,0.0027492806953744323,0.0001374640347687195,0.02196070404785836,0.001098035202392933,0.001602484812566349,8.012424062831675e-05,3.0,0.0,0.09304064539013375,0.7119129055997663,0.042770217636445416,,,,,,,,,,,,,,,,
0.08163959014127327,0.0035,0.99625,0.00025,-0.00045380089432001114,0.2936953604221344,0.0004448150668395101,0.0016666666604578495,2.7986635893583296,0.0,0.0,0.0,0.0,0.0,0.0,0.028937495176554074,1.2276054620742798,publication,0.6031262874603271,4.9282777309417725,1.3779085499004582,1.5561625969797206,200,1.3156513566853378,4.147127193398774,0.04498890059767291,1.3779085499004582,1.5561625976860523,351.51083419799807,mobile,0.0018175291194403925,0.005676679862579158,17.57554077486031,17.57554077486031,system,0.0,188,1.5561625976860523,0.06437262669846812,meta_train_support,0,MARGO-SPLIT-v1,20,20,80,3,189,0.0,0.2,20,10,0.0005,0.0005,mrlco_first_order_mean_pseudogradient,fixed_literature_derived_defaults,0.002746236175019209,0.00013731180875095617,0.021883917216779087,0.0010941958608389202,0.0015940060569443048,7.970030284721458e-05,3.0,0.0,0.0931779571988847,0.7130071014606052,0.04284991793929263,,,,,,,,,,,,,,,,
0.06511445215211549,0.00475,0.995,0.00025,-0.000515650724992156,0.026556270197033882,0.0010228247720268278,0.0027499999385327102,1.6190891812245052,0.0,0.0,0.0,0.0,0.0,0.0,0.033246825043635214,1.375494122505188,publication,0.6532018184661865,5.284891843795776,0.4958263039214961,0.5571942953567759,200,0.6083766210030469,1.6613948635931592,0.028246600180864334,0.49582630392149607,0.5571942752227187,210.12733651161193,mobile,0.0023249014200978474,0.0027328680541182843,10.506366511470006,10.506366511470006,system,0.0,189,0.5571942752227187,0.048324384389183045,meta_train_support,0,MARGO-SPLIT-v1,20,20,80,3,190,0.0,0.2,20,10,0.0005,0.0005,mrlco_first_order_mean_pseudogradient,fixed_literature_derived_defaults,0.0027317823004138447,0.00013658911502069382,0.02176873870511183,0.0010884369352556211,0.00158561655138144,7.928082756906984e-05,3.0,0.0,0.0933145463139054,0.7140955383958608,0.0429291987668617,,,,,,,,,,,,,,,,
0.04643735647217706,0.0055,0.9935,0.001,-0.0004419484466779977,0.08163139224052429,0.0005229890663751273,0.0024166666281720006,1.4215093391637008,0.0,0.0,0.0,0.0,0.0,0.0,0.04382134419924937,1.43538498878479,publication,0.6549093723297119,5.304572582244873,0.5766714105488492,0.6501215402028038,200,0.964114492953511,2.9377970956265926,0.02639075728075113,0.5766714105488491,0.6501215340569615,311.6426782989502,mobile,0.0020485287249128585,0.004286665264683596,15.582134686048123,15.582134686048123,system,0.0,190,0.6501215340569615,0.03843927054546983,meta_train_support,0,MARGO-SPLIT-v1,20,20,80,3,191,0.0,0.2,20,10,0.0005,0.0005,mrlco_first_order_mean_pseudogradient,fixed_literature_derived_defaults,0.002717479775280788,0.00013587398876403756,0.021654766251158364,0.001082738312557896,0.0015773148940443644,7.886574470222091e-05,3.0,0.0,0.09345042030266944,0.7151782767084187,0.04300806451156392,,,,,,,,,,,,,,,,
0.06870150514595479,0.0055,0.994,0.0005,-0.00041752977995201945,0.4145853817462921,0.0005088634706908124,0.0033333332743495704,3.1529854148626333,0.0,0.0,0.0,0.0,0.0,0.0,0.03013484715178869,1.4371659755706787,publication,0.6313865184783936,4.986650228500366,1.2140914243049938,1.3682122409665316,200,1.2240610284154831,4.230647932738066,0.023207468359032646,1.2140914243049938,1.368212279835716,639.2904345321655,mobile,0.0009854097586141832,0.005247601301357645,31.964519633378583,31.964519633378583,system,0.0,191,1.368212279835716,0.04977425763916572,meta_train_support,0,MARGO-SPLIT-v1,20,20,80,3,192,0.0,0.2,20,10,0.0005,0.0005,mrlco_first_order_mean_pseudogradient,fixed_literature_derived_defaults,0.002706264257549033,0.0001353132128774498,0.02156043296437824,0.0010780216482189076,0.00156909971230455,7.845498561522696e-05,3.0,0.0,0.09358573351554689,0.7162562983566376,0.04308651949717915,,,,,,,,,,,,,,,,
0.04396959189043311,0.00825,0.99075,0.001,-0.0009279901278205216,0.015658995136618614,0.0005722557722416847,0.0038333332942177855,1.167501190304756,0.0,0.0,0.0,0.0,0.0,0.0,0.051927365607688784,1.3676159381866455,publication,0.66471266746521,4.885435104370117,0.3080703572737185,0.3475661075159405,200,0.45482282631514326,1.3459116164594889,0.026429400691995397,0.30807035727371845,0.34756609602831307,713.3051505851746,mobile,0.0060913993752169816,0.006176709964918423,35.66525889756726,35.66525889756726,system,0.0,192,0.34756609602831307,0.03667410255237553,meta_train_support,0,MARGO-SPLIT-v1,20,20,80,3,193,0.0,0.2,20,10,0.0005,0.0005,mrlco_first_order_mean_pseudogradient,fixed_literature_derived_defaults,0.0026922421629503334,0.000134612108147511,0.02144875380703432,0.0010724376903517019,0.0015609696619817285,7.804848309908574e-05,3.0,0.0,0.0937203456236944,0.7173287360469893,0.043164567980278234,,,,,,,,,,,,,,,,
0.05951995136173475,0.00775,0.99125,0.001,-0.0005986575852148235,0.37413832545280457,0.0015248265492876574,0.005166666582226753,2.598024842639764,0.0,0.0,0.0,0.0,0.0,0.0,0.040430703748122084,1.3508638143539429,publication,0.6351268291473389,4.47205924987793,0.9199508175078722,1.0352047799480237,200,1.141732307906947,3.466494712047279,0.07638315035728738,0.9199508175078721,1.035204828605056,496.16401235580446,mobile,0.001445504068580192,0.002050599464735525,24.80819985652244,24.80819985652244,system,0.0,193,1.035204828605056,0.04303880849804267,meta_train_support,0,MARGO-SPLIT-v1,20,20,80,3,194,0.0,0.2,20,10,0.0005,0.0005,mrlco_first_order_mean_pseudogradient,fixed_literature_derived_defaults,0.002678364626027909,0.00013391823130139147,0.02133819322040012,0.0010669096610199658,0.0015529234266106887,7.764617133053375e-05,3.0,0.0,0.09385426385499579,0.7183956457080093,0.04324221415160877,,,,,,,,,,,,,,,,
0.04848994977425012,0.00925,0.99,0.00075,-0.0006898637511767447,0.020116858184337616,0.001346161570836557,0.005749999902521572,1.2808895161996285,0.0,0.0,0.0,0.0,0.0,0.0,0.051569711656945176,1.3298981189727783,publication,0.6741559505462646,4.8719801902771,0.5250086519376819,0.5917823168805854,200,0.7469062205451317,2.213179886341095,0.028571081471454818,0.525008651937682,0.591782334856689,535.2478923797607,mobile,0.008188410763125452,0.0107506523150006,26.762392636246624,26.762392636246624,system,0.0,194,0.591782334856689,0.03621708689363156,meta_train_support,0,MARGO-SPLIT-v1,20,20,80,3,195,0.0,0.2,20,10,0.0005,0.0005,mrlco_first_order_mean_pseudogradient,fixed_literature_derived_defaults,0.0026646294228175097,0.00013323147114087386,0.021228766588500633,0.0010614383294250684,0.0015449597167306339,7.724798583653297e-05,3.0,0.0,0.09398749532613666,0.7194570840374344,0.0433194621374453,,,,,,,,,,,,,,,,
0.05803325646538045,0.0055,0.99275,0.00175,-0.001019403338432312,0.04632345959544182,0.0013582716593949344,0.0034999999528129897,1.3351679999381303,0.0,0.0,0.0,0.0,0.0,0.0,0.04766883623214106,1.2888153791427612,publication,0.653576135635376,4.741461515426636,0.7855380501766033,0.8849966635010788,200,1.0031060490511796,3.026430881698616,0.04080016519583296,0.7855380501766033,0.8849966576136649,683.127063331604,mobile,0.0008597842210183062,0.002001992369572976,34.15635271971704,34.15635271971704,system,0.0,195,0.8849966576136649,0.043395157982717744,meta_train_support,0,MARGO-SPLIT-v1,20,20,80,3,196,0.0,0.2,20,10,0.0005,0.0005,mrlco_first_order_mean_pseudogradient,fixed_literature_derived_defaults,0.0026510343747419103,0.00013255171873709226,0.021120456554885834,0.0010560228277443073,0.001537077269196294,7.685386345981232e-05,3.0,0.0,0.09412004704487376,0.7205131068651787,0.043396316000905114,,,,,,,,,,,,,,,,
0.05441035057173621,0.00875,0.98975,0.0015,-0.0005495114019140601,0.06727423518896103,0.0015275537565988388,0.004999999965851506,1.346838691830635,0.0,0.0,0.0,0.0,0.0,0.0,0.05282323215782716,1.2920867204666138,publication,0.647181510925293,5.35727334022522,0.5047589308330669,0.5667781871551597,200,0.76170060394428,2.411228509270586,0.04546330409357324,0.5047589308330669,0.5667781813070178,251.94575038909912,mobile,0.0016644335800244491,0.0034507284102922747,12.597287357440655,12.597287357440655,system,0.0,196,0.5667781813070178,0.04362731570460916,meta_train_support,0,MARGO-SPLIT-v1,20,20,80,3,197,0.0,0.2,20,10,0.0005,0.0005,mrlco_first_order_mean_pseudogradient,fixed_literature_derived_defaults,0.002641560993188012,0.0001320780496593954,0.02103735585453318,0.0010518677927267017,0.0015292748465100183,7.646374232549852e-05,3.0,0.0,0.09425212509453315,0.7215649746579054,0.04347277974323061,,,,,,,,,,,,,,,,
0.057981359566917044,0.0055,0.993,0.0015,-0.00020166851754765958,0.06591642647981644,0.0023747393691034326,0.003083333279937505,1.993742494657636,0.0,0.0,0.0,0.0,0.0,0.0,0.03750873078731082,1.3431528806686401,publication,0.616217851638794,5.101305961608887,0.9874665171809659,1.1112755710389683,200,0.7847058927084172,2.661189983598888,0.08214384759776294,0.9874665171809657,1.1112755749374628,969.7179502677917,mobile,0.0018615930367723774,0.0030655242887731417,48.48589872757299,48.48589872757299,system,0.0,197,1.1112755749374628,0.046122477362318434,meta_train_support,0,MARGO-SPLIT-v1,20,20,80,3,198,0.0,0.2,20,10,0.0005,0.0005,mrlco_first_order_mean_pseudogradient,fixed_literature_derived_defaults,0.0026284088733472227,0.00013142044366735994,0.020940899500254715,0.0010470449750127342,0.0015215512361741092,7.607756180870451e-05,3.0,0.0,0.09438354553820051,0.7226120196329181,0.04354885730503932,,,,,,,,,,,,,,,,
0.06247838395965799,0.0065,0.993,0.0005,-0.0011894480558112264,0.031205374747514725,0.0008686665581137731,0.0034999999528129897,1.146465136234959,0.0,0.0,0.0,0.0,0.0,0.0,0.044126016070925186,1.4151339530944824,publication,0.6652588844299316,5.520385980606079,0.4078465743108975,0.4580556798604084,200,0.7539292494176372,2.160576933529228,0.002688863081857562,0.4078465743108974,0.45805569146061315,225.82346612930297,mobile,0.003146279125041019,0.004051073677509272,11.291173839896253,11.291173839896253,system,0.0,198,0.45805569146061315,0.052345298297664794,meta_train_support,0,MARGO-SPLIT-v1,20,20,80,3,199,0.0,0.2,20,10,0.0005,0.0005,mrlco_first_order_mean_pseudogradient,fixed_literature_derived_defaults,0.0026152007885565333,0.00013076003942782966,0.020835668849499667,0.001041783442474964,0.0015139052500626816,7.569526250313097e-05,3.0,0.0,0.09451430557762834,0.7236538030753931,0.04362455256754245,,,,,,,,,,,,,,,,
0.06700677786449818,0.0065,0.99225,0.00125,-0.0007345995400100946,0.11783840507268906,0.00046913276173654605,0.0037499999317030116,1.9466858565807346,0.0,0.0,0.0,0.0,0.0,0.0,0.040879453332569454,1.4668524265289307,publication,0.5885329246520996,4.984815359115601,0.7357168199780036,0.8283271882199915,200,0.9317790577193213,2.604795277118683,0.04848781033069827,0.7357168199780035,0.8283271604403853,631.7009532356262,mobile,0.0014403359996278688,0.003072728002086362,31.58504711055248,31.58504711055248,system,0.0,199,0.8283271604403853,0.05008855082117318,meta_train_support,0,MARGO-SPLIT-v1,20,20,80,3,200,0.0,0.2,20,10,0.0005,0.0005,mrlco_first_order_mean_pseudogradient,fixed_literature_derived_defaults,0.0026021247846137506,0.00013010623923068176,0.020731490505252168,0.0010365745252626235,0.001506335723812368,7.531678619061843e-05,3.0,0.0,0.09464441181685902,0.7246903776006557,0.043699869353733066,,,,,,,,,,,,,,,,
0.05812198508991982,0.00825,0.991,0.00075,-0.0011920749675482512,0.03644077107310295,0.0010274601650356392,0.004083333304151893,1.3706376617153486,0.0,0.0,0.0,0.0,0.0,0.0,0.04460001162233474,1.5559327602386475,publication,0.659552812576294,4.585890769958496,0.6056896855650261,0.6817037497139722,200,0.8341954455887051,2.7753832042217255,0.05004200112307444,0.605689685565026,0.6817037407495081,575.5931833839417,mobile,0.000860839651283162,0.0009923409213903848,28.779659956363222,28.779659956363222,system,0.0,200,0.6817037407495081,0.041942665137924794,meta_train_support,0,MARGO-SPLIT-v1,20,20,80,3,201,0.0,0.2,20,10,0.0005,0.0005,mrlco_first_order_mean_pseudogradient,fixed_literature_derived_defaults,0.0025891788901629357,0.0001294589445081512,0.020628348761444943,0.001031417438072224,0.001498841516231212,7.494207581155987e-05,3.0,0.0,0.09477387076136717,0.7257217950387279,0.043774811429544626,-0.09058004731599782,-0.09295890763878185,0.09295890763878185,0.025,0.1,0.05,0.02625,0.975,0.975,0.0,validation/automotive_lexicographic_v1,automotive_lexicographic_v1,a3bd00d5108237acdb706f561212b5d840bac151f48b5250a61c573d9c9ffb6c,229566624.0,0.09295890763878185,1.0
0.05736611212050795,0.0065,0.9925,0.001,-0.0014419198269024491,0.02648194506764412,0.001745609826669655,0.0042500000291814406,1.4223374774058661,0.0,0.0,0.0,0.0,0.0,0.0,0.04340664954294685,1.5544893741607666,publication,0.6422216892242432,5.124716758728027,0.5742011241617051,0.6464276692571002,200,0.6178795911119979,2.0704698369372636,0.05111275872332044,0.5742011241617051,0.6464276674389839,643.0485136413574,mobile,0.0006836424980198477,0.0007973029589178263,32.15242593149371,32.15242593149371,system,0.0,201,0.6464276674389839,0.04177782404878262,meta_train_support,0,MARGO-SPLIT-v1,20,20,80,3,202,0.0,0.2,20,10,0.0005,0.0005,mrlco_first_order_mean_pseudogradient,fixed_literature_derived_defaults,0.0025763611728849014,0.000128818058644245,0.02052622822302195,0.0010263114111510596,0.0014914215087251169,7.45710754362569e-05,3.0,0.0,0.09490268882001142,0.726748106449879,0.04384938250498088,,,,,,,,,,,,,,,,
0.06497672504286,0.00725,0.99175,0.001,-0.0011673654662445188,0.05271948128938675,0.0016251365559431484,0.004333333267519872,1.5217079763611159,0.0,0.0,0.0,0.0,0.0,0.0,0.04314366850060711,1.4110691547393799,publication,0.6084225177764893,3.3392391204833984,0.6986642616834686,0.784839637750265,200,0.8367210260029025,2.6906125554814935,0.03234104058356024,0.6986642616834685,0.78483960499987,647.2042443084716,mobile,0.0010684085373086397,0.0023416264792795005,32.36021342438249,32.36021342438249,system,0.0,202,0.78483960499987,0.048376367043450365,meta_train_support,0,MARGO-SPLIT-v1,20,20,80,3,203,0.0,0.2,20,10,0.0005,0.0005,mrlco_first_order_mean_pseudogradient,fixed_literature_derived_defaults,0.002563669738535715,0.0001281834869267806,0.020425113798277997,0.001021255689913847,0.0014840746047412494,7.420373023706017e-05,3.0,0.0,0.0950308723069382,0.7277693621397928,0.04392358623521794,,,,,,,,,,,,,,,,
0.05787086090325685,0.00525,0.99425,0.0005,-0.0006398180848918855,0.05949225276708603,0.0005526415890130921,0.002666666607062022,1.518709950149059,0.0,0.0,0.0,0.0,0.0,0.0,0.04030525121325393,1.353381633758545,publication,0.6198279857635498,5.545608997344971,0.5026075235702704,0.5644487742152705,200,0.7857735931765248,2.3918497767299414,0.018556807306595147,0.5026075235702705,0.564448773059994,393.3461996936798,mobile,0.0015096856185689458,0.0017855472074469949,19.66731038751014,19.66731038751014,system,0.0,203,0.564448773059994,0.04264489887452097,meta_train_support,0,MARGO-SPLIT-v1,20,20,80,3,204,0.0,0.2,20,10,0.0005,0.0005,mrlco_first_order_mean_pseudogradient,fixed_literature_derived_defaults,0.0025530338510190097,0.00012765169255095354,0.020332747805807485,0.0010166373902903425,0.0014767997292278118,7.38399864613909e-05,3.0,0.0,0.09515852399948915,0.7287859995300832,0.043997426221679334,,,,,,,,,,,,,,,,
0.07631063527877735,0.0075,0.991,0.0015,-0.0012710422743111849,0.0720449686050415,0.004765891086640295,0.00491666664990286,1.9822853690634172,0.0,0.0,0.0,0.0,0.0,0.0,0.03980985543571698,1.448209285736084,publication,0.5587224960327148,5.240301847457886,0.9975946029222539,1.1254685734750456,200,0.9507240990843808,3.119357424788177,0.07234431593678892,0.9975946029222538,1.125468561463058,240.22348196029662,mobile,0.0008127731980842264,0.0014006524592811472,12.011173419434668,12.011173419434668,system,0.0,204,1.125468561463058,0.052687424569408156,meta_train_support,0,MARGO-SPLIT-v1,20,20,80,3,205,0.0,0.2,20,10,0.0005,0.0005,mrlco_first_order_mean_pseudogradient,fixed_literature_derived_defaults,0.002540580027355502,0.0001270290013677816,0.0202335636701694,0.0010116781835084465,0.0014695958281096273,7.347979140548411e-05,3.0,0.0,0.09528555300085693,0.7297976777135916,0.04407090601308482,,,,,,,,,,,,,,,,
0.053961993471604366,0.00375,0.99575,0.0005,-0.0008016984211280942,0.022087877616286278,0.0005812920788306048,0.002166666618237893,1.3358171237011751,0.0,0.0,0.0,0.0,0.0,0.0,0.0346690761293119,1.4996079206466675,publication,0.6342928409576416,5.509959697723389,0.3627301973370312,0.4058877077622674,200,0.41774240011779346,1.3444206796120852,0.0703089579474181,0.36273019733703127,0.4058877053111792,739.4840256118774,mobile,0.004952938056537765,0.005605800005678094,36.97420168111385,36.97420168111385,system,0.0,205,0.4058877053111792,0.04559460123601061,meta_train_support,0,MARGO-SPLIT-v1,20,20,80,3,206,0.0,0.2,20,10,0.0005,0.0005,mrlco_first_order_mean_pseudogradient,fixed_literature_derived_defaults,0.002528247114601349,0.00012641235573006282,0.0201353424873045,0.0010067671243652043,0.0014624618677789982,7.312309338895068e-05,3.0,0.0,0.095411965356587,0.7308044448379568,0.04414402910647377,,,,,,,,,,,,,,,,
0.04787266329187904,0.00675,0.9915,0.00175,-0.0003556945885065943,0.12905322015285492,0.0012767137703576736,0.004333333298563957,1.7498370158175625,0.0,0.0,0.0,0.0,0.0,0.0,0.04415153214572171,1.4682862758636475,publication,0.6506860256195068,3.530144214630127,0.6702828219625357,0.7550144268405439,200,1.0513060649669028,3.3569428347982466,0.05684235686203465,0.6702828219625359,0.7550144309550524,491.58227615356446,mobile,0.0019883828092243246,0.006821971678279632,24.57911505211811,24.57911505211811,system,0.0,206,0.7550144309550524,0.04185479892617917,meta_train_support,0,MARGO-SPLIT-v1,20,20,80,3,207,0.0,0.2,20,10,0.0005,0.0005,mrlco_first_order_mean_pseudogradient,fixed_literature_derived_defaults,0.00253075333160926,0.0001265376665804674,0.020088782139809067,0.0010044391069904401,0.0014553968346013217,7.27698417300679e-05,3.0,0.0,0.09553850302316746,0.7318088839449473,0.044216798948203836,,,,,,,,,,,,,,,,
0.05329540960046505,0.00475,0.99525,0.0,-0.0005691847181878984,0.06357317417860031,0.0009576227456970324,0.0027499999385327102,1.790655017644167,0.0,0.0,0.0,0.0,0.0,0.0,0.0417879543379561,1.4940316677093506,publication,0.5626790523529053,5.350942611694336,0.5711229948962031,0.6436230935600542,200,0.9921767786125514,3.2029370656237006,0.029737389904767042,0.5711229948962032,0.6436230621207506,272.9102837276459,mobile,0.0011497034314038102,0.0014514172653443045,13.645514074698537,13.645514074698537,system,0.0,207,0.6436230621207506,0.04197588594327175,meta_train_support,0,MARGO-SPLIT-v1,20,20,80,3,208,0.0,0.2,20,10,0.0005,0.0005,mrlco_first_order_mean_pseudogradient,fixed_literature_derived_defaults,0.002518586248284216,0.00012592931241421634,0.019992201456444602,0.0009996100728222324,0.0014483997344349694,7.24199867217501e-05,3.0,0.0,0.09566443233558168,0.7328084940177695,0.04428921893492559,,,,,,,,,,,,,,,,
0.030456302624412252,0.00575,0.99375,0.0005,-0.0009325732826255262,0.013611151836812496,0.0007902765973161269,0.0034999999372909464,1.0578749711314839,0.0,0.0,0.0,0.0,0.0,0.0,0.044023601428592574,1.2302125692367554,publication,0.4061267375946045,3.985131025314331,0.3237521435835194,0.3633194483036823,200,0.4417705555873946,1.2698225167114288,0.018634325261700724,0.3237521435835194,0.36331944366917013,653.3217866325379,mobile,0.0005775919336294088,0.0019350692800013155,32.66608794866276,32.66608794866276,system,0.0,208,0.36331944366917013,0.025605438412041815,meta_train_support,0,MARGO-SPLIT-v1,20,20,80,3,209,0.0,0.2,20,10,0.0005,0.0005,mrlco_first_order_mean_pseudogradient,fixed_literature_derived_defaults,0.0025065355963785497,0.0001253267798189267,0.01989654499014582,0.0009948272495072796,0.0014414695921649455,7.207347960824784e-05,3.0,0.0,0.09578975911540061,0.7338033212672768,0.044361292414533834,,,,,,,,,,,,,,,,
0.06512192960957572,0.00725,0.99225,0.0005,0.00023361711646430194,0.04191002622246742,0.0013130236307006271,0.0035833332687616347,2.1095905919869744,0.0,0.0,0.0,0.0,0.0,0.0,0.03558819500425412,1.6019521951675415,publication,0.5223226547241211,5.220371961593628,0.5191758592085531,0.5842919979298449,200,0.4470330024005805,1.2178837393876165,0.04441976165981032,0.5191758592085531,0.5842919853702188,856.6290957641602,mobile,0.000716604933980184,0.0016372319388648195,42.83145447448822,42.83145447448822,system,0.0,209,0.5842919853702188,0.04692313426874779,meta_train_support,0,MARGO-SPLIT-v1,20,20,80,3,210,0.0,0.2,20,10,0.0005,0.0005,mrlco_first_order_mean_pseudogradient,fixed_literature_derived_defaults,0.002494599712586271,0.00012472998562931825,0.019801799537811794,0.0009900899768905402,0.0014346054512498743,7.173027256249243e-05,3.0,0.0,0.09591448910102993,0.7347934112441673,0.04443302268709633,,,,,,,,,,,,,,,,
0.06079037731996486,0.0065,0.9925,0.001,-0.00036820495733991265,0.073626309633255,0.0019304909674853355,0.004083333273107807,2.0409131815036137,0.0,0.0,0.0,0.0,0.0,0.0,0.03360793068928015,1.4919986724853516,publication,0.6353387832641602,5.149316072463989,0.7621764194388742,0.8565900489275373,200,0.7162964096373923,2.169348559807986,0.04468032770091668,0.7621764194388743,0.8565900496579707,704.3785632610321,mobile,0.003339041630499025,0.10693691420146224,35.21892744075437,35.21892744075437,system,0.0,210,0.8565900496579707,0.04853314358053506,meta_train_support,0,MARGO-SPLIT-v1,20,20,80,3,211,0.0,0.2,20,10,0.0005,0.0005,mrlco_first_order_mean_pseudogradient,fixed_literature_derived_defaults,0.002484775625019105,0.00012423878125095156,0.019726841724251067,0.0009863420862125105,0.0014278063732818655,7.139031866409268e-05,3.0,0.0,0.09603872788228088,0.7357797533303798,0.04450441300576042,,,,,,,,,,,,,,,,
0.04525872331475705,0.0045,0.995,0.0005,-0.0012680270010605454,0.022717008367180824,0.0006974652064248706,0.0024999999596426884,1.552286062637965,0.0,0.0,0.0,0.0,0.0,0.0,0.030487797135184413,1.3267521858215332,publication,0.6294949054718018,5.450674295425415,0.42615790193914466,0.4779669342010061,200,0.5582634392048444,1.7297506998293102,0.03680008283117786,0.4261579019391446,0.47796695152297614,774.7587103176116,mobile,0.004915425387404985,0.0058202138436730414,38.73793520438445,38.73793520438445,system,0.0,211,0.47796695152297614,0.03417708466442549,meta_train_support,0,MARGO-SPLIT-v1,20,20,80,3,212,0.0,0.2,20,10,0.0005,0.0005,mrlco_first_order_mean_pseudogradient,fixed_literature_derived_defaults,0.002473054985278449,0.00012365274926391667,0.019633790584042337,0.0009816895292020789,0.0014210714375588378,7.105357187794231e-05,3.0,0.0,0.0961623806315448,0.7367614428595819,0.04457546657763836,,,,,,,,,,,,,,,,
0.07910366720901897,0.00325,0.99575,0.001,-0.00017085576837416738,0.04048937186598778,0.001395931712674307,0.0027499999385327107,1.8403538105388482,0.0,0.0,0.0,0.0,0.0,0.0,0.030663173090922098,1.3261699676513672,publication,0.6058335304260254,5.14769172668457,0.5299000412893867,0.5962312495163496,200,0.8382971611419805,2.6257088501006365,0.04046045464929193,0.5299000412893868,0.5962312634289265,98.0405682182312,mobile,0.001316045970904006,0.0022349694638289716,4.9020284834783,4.9020284834783,system,0.0,212,0.5962312634289265,0.06507626307608724,meta_train_support,0,MARGO-SPLIT-v1,20,20,80,3,213,0.0,0.2,20,10,0.0005,0.0005,mrlco_first_order_mean_pseudogradient,fixed_literature_derived_defaults,0.002467965691690348,0.0001233982845845194,0.019567494245252143,0.0009783747122625863,0.0014143997406688901,7.07199870334449e-05,3.0,0.0,0.09628577891612931,0.7377398175718445,0.04464618656467181,,,,,,,,,,,,,,,,
0.07471630820923203,0.004,0.99475,0.00125,-0.0005624687764793634,0.06713533401489258,0.0015385916212456627,0.0020833332867672043,2.106897871320446,0.0,0.0,0.0,0.0,0.0,0.0,0.03304877229908716,1.2733155488967896,publication,0.6566259860992432,5.07759690284729,0.6959740404431827,0.7816700499894796,200,0.9836250808022746,2.8671038416214287,0.03610940487124026,0.6959740404431825,0.7816700471006334,260.24731711387636,mobile,0.0014861635278903247,0.001804818682831382,13.012366382252264,13.012366382252264,system,0.0,213,0.7816700471006334,0.06081507448140099,meta_train_support,0,MARGO-SPLIT-v1,20,20,80,3,214,0.0,0.2,20,10,0.0005,0.0005,mrlco_first_order_mean_pseudogradient,fixed_literature_derived_defaults,0.0024564331417291784,0.00012282165708646375,0.019476057356255638,0.0009738028678127897,0.0014077903960863253,7.038951980431474e-05,3.0,0.0,0.09640860057321578,0.7387136204396573,0.04471657608447612,,,,,,,,,,,,,,,,
0.07184591949416484,0.00675,0.99225,0.001,-0.0014116992242634296,0.2544586956501007,0.002739072926222737,0.004416666661078731,3.172904216249784,0.0,0.0,0.0,0.0,0.0,0.0,0.03323652859789063,1.2321025133132935,publication,0.5920326709747314,4.935934543609619,1.0563588723607205,1.1883589883206513,200,1.0660845031628792,3.287525702267885,0.04230071301572025,1.0563588723607205,1.1883590166456997,707.1207406902313,mobile,0.0019936793070341025,0.020162013331129915,35.35603934590569,35.35603934590569,system,0.0,214,1.1883590166456997,0.05614390795910582,meta_train_support,0,MARGO-SPLIT-v1,20,20,80,3,215,0.0,0.2,20,10,0.0005,0.0005,mrlco_first_order_mean_pseudogradient,fixed_literature_derived_defaults,0.002445061775438463,0.0001222530887719231,0.01938993932642441,0.0009694969663212039,0.001401242533778947,7.006212668894674e-05,3.0,0.0,0.0965308536619877,0.7396831174059785,0.04478663821116507,,,,,,,,,,,,,,,,
0.046369164188889075,0.008,0.9915,0.0005,-6.30887079751119e-05,0.015775766223669052,0.0021918878938625617,0.005499999970197677,1.187711312373479,0.0,0.0,0.0,0.0,0.0,0.0,0.033076468461609505,0.9933385848999023,publication,0.6477069854736328,5.499454498291016,0.2641077293045542,0.29610170899907645,200,0.34167376059173926,0.9149872338748537,0.03450299259566236,0.2641077293045543,0.296101700514555,777.4163045787811,mobile,0.009517972313795664,0.009586846287073257,38.87081418879788,38.87081418879788,system,0.0,215,0.296101700514555,0.03695738677967821,meta_train_support,0,MARGO-SPLIT-v1,20,20,80,3,216,0.0,0.2,20,10,0.0005,0.0005,mrlco_first_order_mean_pseudogradient,fixed_literature_derived_defaults,0.0024337420449966184,0.00012168710224982893,0.019300171088802075,0.0009650085544401499,0.0013947552998262668,6.973776499131362e-05,3.0,0.0,0.09665254076423753,0.7406481259604186,0.04485637597615638,,,,,,,,,,,,,,,,
0.046920769362385116,0.00825,0.991,0.00075,-8.961776075011585e-06,0.018408989533782005,0.0014163804458727708,0.005166666597748796,1.309251092125972,0.0,0.0,0.0,0.0,0.0,0.0,0.03900387792231796,1.2227342128753662,publication,0.5826168060302734,5.452806234359741,0.3499154808942721,0.39338924972196765,200,0.5273738285323207,1.871475262567401,0.02756929097813554,0.34991548089427216,0.3933892548829317,775.2254591369629,mobile,0.0008426543813394305,0.0013254395209806153,38.7612723846679,38.7612723846679,system,0.0,216,0.3933892548829317,0.03498994013558973,meta_train_support,0,MARGO-SPLIT-v1,20,20,80,3,217,0.0,0.2,20,10,0.0005,0.0005,mrlco_first_order_mean_pseudogradient,fixed_literature_derived_defaults,0.002422526643867602,0.00012112633219338309,0.019211230208208516,0.0009605615104104626,0.0013883278560482654,6.941639280241135e-05,3.0,0.0,0.09677366709643091,0.7416086874708291,0.04492579236895879,,,,,,,,,,,,,,,,
0.05537306126122891,0.0065,0.992,0.0015,-0.0015135142020881176,0.017462411895394325,0.0036119636039378135,0.004249999905005098,1.4256860574086507,0.0,0.0,0.0,0.0,0.0,0.0,0.044328866771072124,1.217611312866211,publication,0.6115071773529053,4.683889865875244,0.3628566247075183,0.4094880155032752,200,0.5035250131677249,1.6338264613877982,0.024445946590276435,0.3628566247075183,0.40948801682330666,562.1073882102967,mobile,0.002222977418405062,0.0026312679398280705,28.10537149225884,28.10537149225884,system,0.0,217,0.40948801682330666,0.042169788594863526,meta_train_support,0,MARGO-SPLIT-v1,20,20,80,3,218,0.0,0.2,20,10,0.0005,0.0005,mrlco_first_order_mean_pseudogradient,fixed_literature_derived_defaults,0.0024114141363269248,0.00012057070681634197,0.01912310529899655,0.0009561552649498539,0.0013819593796443744,6.909796898221798e-05,3.0,0.0,0.09689423780324725,0.7425648427357789,0.04499489033794101,,,,,,,,,,,,,,,,
0.05304297775745002,0.0055,0.994,0.0005,-0.0016741742147132754,0.344295859336853,0.0027046806292977026,0.0034166665902982153,2.7043601320435604,0.0,0.0,0.0,0.0,0.0,0.0,0.03740736568914062,1.019126057624817,publication,0.5832149982452393,4.936674118041992,0.976538614683206,1.0995774364469981,200,1.4294771327728126,4.705676607787609,0.05821171589195728,0.976538614683206,1.099577430151403,409.3276059341431,mobile,0.003106023058746388,0.016206673878758217,20.46638012098313,20.46638012098313,system,0.0,218,1.099577430151403,0.05666340874053275,meta_train_support,0,MARGO-SPLIT-v1,20,20,80,3,219,0.0,0.2,20,10,0.0005,0.0005,mrlco_first_order_mean_pseudogradient,fixed_literature_derived_defaults,0.002439767772376994,0.00012198838861884886,0.019164783084873925,0.0009582391542436453,0.0013756490628423453,6.878245314211745e-05,3.0,0.0,0.0970162261918661,0.7435230818900226,0.04506367279108313,,,,,,,,,,,,,,,,
0.07936801828394034,0.00525,0.993,0.00175,-0.00020615993707906455,0.09173143655061722,0.002749791754740727,0.0038333332786957427,1.9677884757518764,0.0,0.0,0.0,0.0,0.0,0.0,0.035424170461524414,1.0177327394485474,publication,0.5811476707458496,3.4185431003570557,0.7013324957196246,0.7887802570498207,200,0.9173754993609498,2.547177222557366,0.04480640747351572,0.7013324957196245,0.7887802431732416,341.56759570121767,mobile,0.0011316997573433934,0.001792791566538032,17.078378782611257,17.078378782611257,system,0.0,219,0.7887802431732416,0.06340659601632632,meta_train_support,0,MARGO-SPLIT-v1,20,20,80,3,220,0.0,0.2,20,10,0.0005,0.0005,mrlco_first_order_mean_pseudogradient,fixed_literature_derived_defaults,0.0024330360658686126,0.00012165180329343217,0.019099603337795232,0.0009549801668897739,0.0013693961125566983,6.846980562783683e-05,3.0,0.0,0.09713787799515954,0.7444780620569124,0.045132142596710965,,,,,,,,,,,,,,,,
0.05381370478252023,0.007,0.992,0.001,-0.0023289949167519808,0.08448322862386703,0.0017557706565488238,0.0074166666871557626,1.9475669230024022,0.0,0.0,0.0,0.0,0.0,0.0,0.04241435805845539,1.0713591575622559,publication,0.6568679809570312,5.069324254989624,0.7497516835380057,0.8438397491321666,200,0.8703771403627476,2.729679786367342,0.026286687760148197,0.7497516835380056,0.8438397374376655,322.35979108810426,mobile,0.0029390360150596873,0.012153017673512068,16.1179898528419,16.1179898528419,system,0.0,220,0.8438397374376655,0.04733388519717782,meta_train_support,0,MARGO-SPLIT-v1,20,20,80,3,221,0.0,0.2,20,10,0.0005,0.0005,mrlco_first_order_mean_pseudogradient,fixed_literature_derived_defaults,0.0024308816725833516,0.00012154408362917424,0.019053799994288,0.0009526899997144289,0.0013631997500564417,6.815998750282076e-05,3.0,0.0,0.09725942207878871,0.7454307520566268,0.045200302584213786,,,,,,,,,,,,,,,,
0.06389846466353162,0.0065,0.99275,0.00075,-5.1092491048621014e-05,0.21192871034145355,0.0014259972603023622,0.003333333258827527,2.806032260258992,0.0,0.0,0.0,0.0,0.0,0.0,0.04775352608007623,1.1564489603042603,publication,0.5679574012756348,5.22780704498291,0.779769563405984,0.8793158970123978,200,0.9997402892528372,3.2633198713883758,0.03585878130979836,0.779769563405984,0.8793158909492195,539.4994960021972,mobile,0.0018962519984492656,0.002289248315687179,26.974974850023838,26.974974850023838,system,0.0,221,0.8793158909492195,0.0434834212798175,meta_train_support,0,MARGO-SPLIT-v1,20,20,80,3,222,0.0,0.2,20,10,0.0005,0.0005,mrlco_first_order_mean_pseudogradient,fixed_literature_derived_defaults,0.002420318588685112,0.00012101592943425388,0.018972427346245522,0.00094862136731233,0.001357059210641773,6.785296053209156e-05,3.0,0.0,0.09738043800822296,0.7463793734239391,0.04526815554474588,,,,,,,,,,,,,,,,
0.06539324175411936,0.00925,0.989,0.00175,0.0006055708508938551,0.1071380227804184,0.007295113662803487,0.005333333322778344,2.8360731293757757,0.0,0.0,0.0,0.0,0.0,0.0,0.04981656496218696,1.223045825958252,publication,0.6302204132080078,5.109212160110474,1.0250139430168714,1.1557472643833648,200,0.7628881456096126,2.654986552937771,0.05141502855451563,1.0250139430168717,1.155747219696641,925.5394315719604,mobile,0.0005681489735836249,0.0006712974188878651,46.27696924715687,46.27696924715687,system,0.0,222,1.155747219696641,0.0508237837149877,meta_train_support,0,MARGO-SPLIT-v1,20,20,80,3,223,0.0,0.2,20,10,0.0005,0.0005,mrlco_first_order_mean_pseudogradient,fixed_literature_derived_defaults,0.002413226036317507,0.00012066130181587198,0.018900445423601555,0.000945022271180096,0.0013509737433294782,6.75486871664771e-05,3.0,0.0,0.09750109931003884,0.7473243956951192,0.045335704231912355,,,,,,,,,,,,,,,,
0.05706738340840779,0.01175,0.9865,0.00175,0.00012339657405391335,0.027902014553546906,0.003126730170333758,0.007749999966472387,1.6098798851172131,0.0,0.0,0.0,0.0,0.0,0.0,0.05248544646241125,1.2970296144485474,publication,0.6334798336029053,5.4918224811553955,0.5907206598907346,0.6629566269901624,200,0.9016156001699682,2.4836695360718295,0.04461829132196726,0.5907206598907349,0.6629566570557653,176.45643352508546,mobile,0.001286034172141815,0.0014303343752151095,8.82282174809828,8.82282174809828,system,0.0,223,0.6629566570557653,0.04292327541286939,meta_train_support,0,MARGO-SPLIT-v1,20,20,80,3,224,0.0,0.2,20,10,0.0005,0.0005,mrlco_first_order_mean_pseudogradient,fixed_literature_derived_defaults,0.002403677074340723,0.00012018385371703744,0.018834548734893895,0.0009417274367446993,0.0013449426105467573,6.724713052733838e-05,3.0,0.0,0.09762128316375587,0.7482661231318639,0.04540295136243969,,,,,,,,,,,,,,,,
0.08139845168997523,0.01425,0.98325,0.0025,0.0008947381284087896,0.11718115955591202,0.0042809981274331225,0.008583333327745399,2.590124268333117,0.0,0.0,0.0,0.0,0.0,0.0,0.05452207001036319,1.389025092124939,publication,0.602736234664917,5.17402195930481,0.9832147182003845,1.1076356551083153,200,1.02843587765199,3.2630530325695872,0.04300423321546987,0.9832147182003842,1.1076356889493764,217.54847101211547,mobile,0.003711804315303057,0.00712508409877887,10.877423644242516,10.877423644242516,system,0.0,224,1.1076356889493764,0.05760537120531746,meta_train_support,0,MARGO-SPLIT-v1,20,20,80,3,225,0.0,0.2,20,10,0.0005,0.0005,mrlco_first_order_mean_pseudogradient,fixed_literature_derived_defaults,0.0023933282694624737,0.00011966641347312124,0.018755598725280986,0.0009377799362640937,0.001338965087833216,6.694825439165775e-05,3.0,0.0,0.097740949577229,0.749203903068128,0.04546989961683135,,,,,,,,,,,,,,,,
0.04610399508397155,0.00675,0.99225,0.001,-0.001257589552551508,0.026904864236712456,0.005006711468134502,0.003916666594644387,1.6022575698792934,0.0,0.0,0.0,0.0,0.0,0.0,0.04393517337190664,1.4097959995269775,publication,0.5736215114593506,4.9514241218566895,0.5619675717660837,0.6308784611192823,200,0.6172331478390993,1.737267080694437,0.07383933347591665,0.5619675717660837,0.6308784922212363,755.5009349632263,mobile,0.0011971558766363669,0.001357239855051925,37.77504785155488,37.77504785155488,system,0.0,225,0.6308784922212363,0.03804370328096189,meta_train_support,0,MARGO-SPLIT-v1,20,20,80,3,226,0.0,0.2,20,10,0.0005,0.0005,mrlco_first_order_mean_pseudogradient,fixed_literature_derived_defaults,0.002382738321367507,0.00011913691606837973,0.018672609350390362,0.0009336304675194862,0.0013330404635507683,6.665202317753666e-05,3.0,0.0,0.09786008649329737,0.7501375335356475,0.04553655164000889,,,,,,,,,,,,,,,,
0.054515648946329695,0.008,0.991,0.001,-0.0019896971061825752,0.025912050157785416,0.003453612583992556,0.011750000109896064,1.644605419288079,0.0,0.0,0.0,0.0,0.0,0.0,0.05289422305966682,1.4381077289581299,publication,0.6137259006500244,5.270015478134155,0.6322912279284134,0.7109058747996095,200,0.55405691511344,1.7397868316620588,0.0906101893633604,0.6322912279284134,0.7109058777242899,627.2980816078186,mobile,0.0012198829775410085,0.0017459428176391607,31.36490394479288,31.36490394479288,system,0.0,226,0.7109058777242899,0.04307967077424801,meta_train_support,0,MARGO-SPLIT-v1,20,20,80,3,227,0.0,0.2,20,10,0.0005,0.0005,mrlco_first_order_mean_pseudogradient,fixed_literature_derived_defaults,0.0023756535631848865,0.00011878267815924881,0.018607517038136664,0.0009303758519068062,0.0013271680386012054,6.635840193006115e-05,3.0,0.0,0.09797886917145662,0.7510679093875543,0.04560291004193895,,,,,,,,,,,,,,,,
0.04734470885900667,0.00675,0.9925,0.00075,-0.0008142453152686357,0.01248781569302082,0.0031921209017051902,0.004333333236475786,1.1413118124008177,0.0,0.0,0.0,0.0,0.0,0.0,0.04661204704141206,1.3283201456069946,publication,0.6415090560913086,5.631568670272827,0.24389480421831167,0.2741564230689619,200,0.3848908585070532,1.2602820415049791,0.037751882045995444,0.24389480421831164,0.2741564329341054,434.0254634094238,mobile,0.007436954291009071,0.007530648568190967,21.70127491986386,21.70127491986386,system,0.0,227,0.2741564329341054,0.037767807016511654,meta_train_support,0,MARGO-SPLIT-v1,20,20,80,3,228,0.0,0.2,20,10,0.0005,0.0005,mrlco_first_order_mean_pseudogradient,fixed_literature_derived_defaults,0.002365234030013023,0.00011826170150065762,0.01852590512130273,0.000926295256065135,0.0013213471261512,6.606735630756283e-05,3.0,0.0,0.09809713087295728,0.7519942046436194,0.04566897739824651,,,,,,,,,,,,,,,,
0.05101306272825532,0.00725,0.99175,0.001,-0.0006209879065863788,0.01371463481336832,0.0049115714591001355,0.0051666666598369675,1.1719369918107987,0.0,0.0,0.0,0.0,0.0,0.0,0.04409469728991823,1.14853036403656,publication,0.6485104560852051,5.199828863143921,0.328293541951776,0.3692273622323501,200,0.4110951492712462,1.1225166516378522,0.043765133537817746,0.328293541951776,0.3692273567803204,526.5692552375793,mobile,0.004963622957254911,0.004963622957254911,26.328463404853455,26.328463404853455,system,0.0,228,0.3692273567803204,0.03629672509818055,meta_train_support,0,MARGO-SPLIT-v1,20,20,80,3,229,0.0,0.2,20,10,0.0005,0.0005,mrlco_first_order_mean_pseudogradient,fixed_literature_derived_defaults,0.00235490549713087,0.00011774527485654274,0.01844500597230141,0.0009222502986150349,0.0013155770513645136,6.57788525682268e-05,3.0,0.0,0.09821487614781382,0.7529164549422345,0.04573475625081474,,,,,,,,,,,,,,,,
0.06347904533562947,0.009,0.98975,0.00125,-0.001282004057429731,0.21714654564857483,0.0014823542762921233,0.004583333292976021,2.1952946652347842,0.0,0.0,0.0,0.0,0.0,0.0,0.041645494893249015,0.8965490460395813,publication,0.6598002910614014,5.161877632141113,0.6675942121832625,0.7494320117019561,200,0.8824454673341869,2.941633865237236,0.03461151194642298,0.6675942121832625,0.7494320087134838,442.37652851104735,mobile,0.006105534826898943,0.009735863931917655,22.11882646730247,22.11882646730247,system,0.0,229,0.7494320087134838,0.04750496483836344,meta_train_support,0,MARGO-SPLIT-v1,20,20,80,3,230,0.0,0.2,20,10,0.0005,0.0005,mrlco_first_order_mean_pseudogradient,fixed_literature_derived_defaults,0.002344666777578127,0.00011723333887890541,0.01836691331715155,0.0009183456658575784,0.0013098571511411896,6.549285755706041e-05,3.0,0.0,0.09833210948669273,0.753834800608092,0.0458002491083718,,,,,,,,,,,,,,,,
0.0785429409490855,0.00725,0.9925,0.00025,-0.001561044598929584,0.09810522198677063,0.0011143623150701386,0.0035833332532395922,1.8548480262358986,0.0,0.0,0.0,0.0,0.0,0.0,0.030838766019999603,0.7851729393005371,publication,0.6122415065765381,4.774142265319824,0.5567253038534158,0.6262177259875853,200,0.7455593636975384,2.260308681987226,0.035114037862513214,0.5567253038534157,0.6262177325040102,323.3966455936432,mobile,0.001603824618717369,0.021929057642078496,16.169831504596942,16.169831504596942,system,0.0,230,0.6262177325040102,0.06562203230771377,meta_train_support,0,MARGO-SPLIT-v1,20,20,80,3,231,0.0,0.2,20,10,0.0005,0.0005,mrlco_first_order_mean_pseudogradient,fixed_literature_derived_defaults,0.0023442404328749286,0.00011721202164374778,0.0183304006058714,0.0009165200302935217,0.0013041867738635222,6.52093386931743e-05,3.0,0.0,0.09844932150833648,0.7547513206383856,0.04586545844706497,,,,,,,,,,,,,,,,
0.060310337128958544,0.00425,0.9945,0.00125,-0.004504398908466101,0.1196991354227066,0.0018587397117395689,0.002416666628172,2.0266367793083195,0.0,0.0,0.0,0.0,0.0,0.0,0.03284497184021834,0.7383471131324768,publication,0.5830013751983643,5.241700172424316,0.7552418998558269,0.8490163251233025,200,0.7407848927236692,2.0191644551232457,0.023444505262887105,0.7552418998558269,0.8490163386054337,848.2309027290344,mobile,0.003697347005618673,0.004821395393855248,42.41154478413113,42.41154478413113,system,0.0,231,0.8490163386054337,0.045287636428624864,meta_train_support,0,MARGO-SPLIT-v1,20,20,80,3,232,0.0,0.2,20,10,0.0005,0.0005,mrlco_first_order_mean_pseudogradient,fixed_literature_derived_defaults,0.0023346434570010507,0.00011673217285004811,0.01826955140139464,0.000913477570069765,0.0012985652791485931,6.492826395743112e-05,3.0,0.0,0.09856605368118652,0.7556647982084553,0.045930386711022404,,,,,,,,,,,,,,,,
0.05321817985659917,0.006,0.99175,0.00225,-0.0026047632563859224,0.03717586770653725,0.0010891569995995572,0.0042499999360491834,1.2677231216182312,0.0,0.0,0.0,0.0,0.0,0.0,0.04804377897757376,0.8449454307556152,publication,0.680938720703125,5.588620185852051,0.3906909842381593,0.43888101322940204,200,0.5126861521552627,1.7830796845955774,0.04417833332263399,0.39069098423815934,0.4388810201361775,461.7473302841187,mobile,0.0032921557194795304,0.009533502708986962,23.08736697654063,23.08736697654063,system,0.0,232,0.4388810201361775,0.05927363461487754,meta_train_support,0,MARGO-SPLIT-v1,20,20,80,3,233,0.0,0.2,20,10,0.0005,0.0005,mrlco_first_order_mean_pseudogradient,fixed_literature_derived_defaults,0.002343292873318496,0.00011716464366592905,0.018316585420669117,0.0009158292710335081,0.001292992037607183,6.464960188035801e-05,3.0,0.0,0.09868321832485245,0.7565806274794888,0.04599503631290276,,,,,,,,,,,,,,,,
0.06639430791551675,0.0075,0.99125,0.00125,-0.0007331026718020439,0.11694146692752838,0.0016801404999265894,0.0035833332687616347,1.8772695392370224,0.0,0.0,0.0,0.0,0.0,0.0,0.050991682399346865,0.9713701605796814,publication,0.6615340709686279,5.056341886520386,0.6353666629948911,0.7143911846930859,200,0.8004331202705532,2.510547172278166,0.0437335630558664,0.635366662994891,0.714391192290932,323.5242983531952,mobile,0.0020050648811640553,0.0070767641657097525,16.17621392915611,16.17621392915611,system,0.0,233,0.714391192290932,0.05265161629941293,meta_train_support,0,MARGO-SPLIT-v1,20,20,80,3,234,0.0,0.2,20,10,0.0005,0.0005,mrlco_first_order_mean_pseudogradient,fixed_literature_derived_defaults,0.002339964956335548,0.00011699824781677415,0.018279391332272427,0.0009139695666136038,0.0012874664306088616,6.437332153044067e-05,3.0,0.0,0.09880021657266923,0.7574945970461024,0.0460594096344332,,,,,,,,,,,,,,,,
0.07057790520075519,0.0135,0.98375,0.00275,-0.0007660183473490179,0.13179631531238556,0.006105558048147941,0.007916666691501937,2.244607212146123,0.0,0.0,0.0,0.0,0.0,0.0,0.06173533590564286,1.1598081588745117,publication,0.6495475769042969,5.081379413604736,0.9335675225272976,1.0524269991946493,200,0.8961458121513256,2.403812380041927,0.042510318860877305,0.9335675225272977,1.052426965702325,397.95585428237916,mobile,0.0034069909753647954,0.013750367320723147,19.897793384975145,19.897793384975145,system,0.0,234,1.052426965702325,0.056044752613528995,meta_train_support,0,MARGO-SPLIT-v1,20,20,80,3,235,0.0,0.2,20,10,0.0005,0.0005,mrlco_first_order_mean_pseudogradient,fixed_literature_derived_defaults,0.002335754232075939,0.00011678771160379686,0.018225676869375543,0.0009112838434687243,0.0012819878500530792,6.40993925026534e-05,3.0,0.0,0.09891700428427302,0.7584058808895712,0.046123509026935856,,,,,,,,,,,,,,,,
0.06821503617028862,0.01675,0.9815,0.00175,-0.0006272961036302149,0.033559203147888184,0.010551467942908252,0.00949999998944501,1.8157236295441788,0.0,0.0,0.0,0.0,0.0,0.0,0.07245037743499902,1.3115273714065552,publication,0.6779615879058838,5.236017942428589,0.6800440875277919,0.7678425610122304,200,0.7576842932926928,1.9916626224294305,0.024282470636535436,0.680044087527792,0.7678425823803992,555.7114888572693,mobile,0.0020641419138774956,0.003067953297032142,27.785572037473273,27.785572037473273,system,0.0,235,0.7678425823803992,0.04974289107035475,meta_train_support,0,MARGO-SPLIT-v1,20,20,80,3,236,0.0,0.2,20,10,0.0005,0.0005,mrlco_first_order_mean_pseudogradient,fixed_literature_derived_defaults,0.0023283471136428474,0.00011641735568214406,0.0181590107127088,0.0009079505356354156,0.0012765556981460746,6.382778490730129e-05,3.0,0.0,0.09903342163995517,0.7593138314252066,0.04618733681184316,,,,,,,,,,,,,,,,
0.08260120353168972,0.014,0.98525,0.00075,-0.0011254652636125684,0.035589106380939484,0.009480755056010063,0.006916666651765506,1.4859318837523463,0.0,0.0,0.0,0.0,0.0,0.0,0.073266857921104,1.4135595560073853,publication,0.6483838558197021,4.5265209674835205,0.7718209127602529,0.8700751172389891,200,0.7142566687922591,2.077573260758072,0.02773657935904339,0.7718209127602529,0.8700751499459147,235.43679986953737,mobile,0.0015746021019068391,0.001845404060851717,11.771840203411282,11.771840203411282,system,0.0,236,0.8700751499459147,0.0618477868836603,meta_train_support,0,MARGO-SPLIT-v1,20,20,80,3,237,0.0,0.2,20,10,0.0005,0.0005,mrlco_first_order_mean_pseudogradient,fixed_literature_derived_defaults,0.002318522864218194,0.00011592614321090378,0.01808239041434294,0.0009041195207171171,0.001271169387183433,6.355846935917481e-05,3.0,0.0,0.09914934778316607,0.7602179509459237,0.04625089528120233,,,,,,,,,,,,,,,,
0.0486130345947135,0.0105,0.98675,0.00275,-0.001359637244604528,0.020691249519586563,0.002243361536723872,0.005416666592160861,0.9220147629578909,0.0,0.0,0.0,0.0,0.0,0.0,0.0715334966226273,1.3686108589172363,publication,0.5975546836853027,3.5242416858673096,0.3867791657153786,0.43454512596661515,200,0.6450815267180575,2.1338824294507504,0.03896916244411841,0.3867791657153786,0.4345451340265572,325.7801831054687,mobile,0.0025677457988007163,0.00453221858507314,16.28900993067241,16.28900993067241,system,0.0,237,0.4345451340265572,0.040651181897992876,meta_train_support,0,MARGO-SPLIT-v1,20,20,80,3,238,0.0,0.2,20,10,0.0005,0.0005,mrlco_first_order_mean_pseudogradient,fixed_literature_derived_defaults,0.002309836561350345,0.00011549182806751268,0.01801243744628144,0.0009006218723141002,0.0012658283393381245,6.329141696690549e-05,3.0,0.0,0.09926483961123359,0.7611185728182378,0.04631418669816924,,,,,,,,,,,,,,,,
0.07209637075022918,0.01525,0.9835,0.00125,-0.001946627045981586,0.036749910563230515,0.005775801792333368,0.009583333476136126,1.765212975939115,0.0,0.0,0.0,0.0,0.0,0.0,0.07584649833733874,1.3573249578475952,publication,0.6382572650909424,5.180527448654175,0.8426507458815787,0.9480381230736384,200,0.5842826693412823,1.5838386109098792,0.04533220600569621,0.8426507458815788,0.9480380741134286,426.6621843338013,mobile,0.0013144516355614408,0.013197568314277654,21.333109978154084,21.333109978154084,system,0.0,238,0.9480380741134286,0.04622148969382118,meta_train_support,0,MARGO-SPLIT-v1,20,20,80,3,239,0.0,0.2,20,10,0.0005,0.0005,mrlco_first_order_mean_pseudogradient,fixed_literature_derived_defaults,0.00230017197322754,0.00011500859866137025,0.017938867096900332,0.0008969433548450256,0.0012605319864538644,6.302659932269639e-05,3.0,0.0,0.09937984820989496,0.7620155161730828,0.046377213297491934,,,,,,,,,,,,,,,,
0.050375909493387216,0.00875,0.99075,0.0005,-0.0012462217127904296,0.05621021240949631,0.0011360803081970517,0.0033333332898716136,1.1923067251841228,0.0,0.0,0.0,0.0,0.0,0.0,0.06766975099268116,1.2491968870162964,publication,0.6227622032165527,5.305923938751221,0.6112534812669956,0.6882827286311476,200,1.1787516151468174,4.347376665100455,0.047073076595552266,0.6112534812669957,0.6882827563025057,974.5415392494201,mobile,0.0034933235747000384,0.012397819445485833,48.7270798026984,48.7270798026984,system,0.0,239,0.6882827563025057,0.051938127221650116,meta_train_support,0,MARGO-SPLIT-v1,20,20,80,3,240,0.0,0.2,20,10,0.0005,0.0005,mrlco_first_order_mean_pseudogradient,fixed_literature_derived_defaults,0.002311528080961619,0.0001155764040480789,0.01792950431509524,0.0008964752157547551,0.00125527976984364,6.276398849218434e-05,3.0,0.0,0.09949542461394303,0.7629119913888376,0.04643997728598412,,,,,,,,,,,,,,,,
0.04805088676664342,0.01275,0.98675,0.0005,-0.0008089537150226533,0.09465391933917999,0.004285817296567984,0.004833333318432172,1.4027490466833115,0.0,0.0,0.0,0.0,0.0,0.0,0.07411570484960625,1.1866668462753296,publication,0.674339771270752,5.372912406921387,0.577122120900221,0.651028796119872,200,0.9565797436633576,3.2559568439610302,0.03637332370271906,0.5771221209002209,0.6510288161598146,529.0868261146545,mobile,0.0073196357598431065,0.007945874194620785,26.454341905064066,26.454341905064066,system,0.0,240,0.6510288161598146,0.03589989976132265,meta_train_support,0,MARGO-SPLIT-v1,20,20,80,3,241,0.0,0.2,20,10,0.0005,0.0005,mrlco_first_order_mean_pseudogradient,fixed_literature_derived_defaults,0.002301936678136052,0.00011509683390679981,0.017855108031630117,0.0008927554015815131,0.0012500711400932514,6.250355700466309e-05,3.0,0.0,0.09961052144784983,0.7638047467904191,0.04650248084298878,,,,,,,,,,,,,,,,
0.05358523806294824,0.012,0.98625,0.00175,-0.0013032901333644986,0.013969332911074162,0.002542579957904915,0.007333333293596904,0.9529047598441442,0.0,0.0,0.0,0.0,0.0,0.0,0.06893438201407118,1.0368096828460693,publication,0.6344413757324219,5.257741451263428,0.48684995419157145,0.5487016680992565,200,0.6240829950155127,1.9946072599850595,0.08485538663808256,0.48684995419157157,0.548701669536531,782.9710090637207,mobile,0.0027236210278486933,0.0496724084732341,39.14855089922113,39.14855089922113,system,0.0,241,0.548701669536531,0.043478645052389464,meta_train_support,0,MARGO-SPLIT-v1,20,20,80,3,242,0.0,0.2,20,10,0.0005,0.0005,mrlco_first_order_mean_pseudogradient,fixed_literature_derived_defaults,0.0022924245431024323,0.00011462122715512335,0.017781326593482884,0.0008890663296741153,0.0012449055568697256,6.224527784348677e-05,3.0,0.0,0.09972514267500496,0.7646938131200932,0.04656472612083227,,,,,,,,,,,,,,,,
0.06700061575196595,0.00775,0.98975,0.0025,-0.003904026700183749,0.5006777048110962,0.0014425166260480181,0.00541666663872699,2.9639742900927857,0.0,0.0,0.0,0.0,0.0,0.0,0.05979731861785721,1.0143771171569824,publication,0.6602761745452881,4.720893383026123,1.0580441998068624,1.1915673826233684,200,1.0581461834691253,3.2541445242241025,0.04696182799807502,1.0580441998068626,1.1915673877857627,762.0132032394409,mobile,0.00746580528333422,0.012678396878881379,38.10065733391882,38.10065733391882,system,0.0,242,1.1915673877857627,0.06280446382263044,meta_train_support,0,MARGO-SPLIT-v1,20,20,80,3,243,0.0,0.2,20,10,0.0005,0.0005,mrlco_first_order_mean_pseudogradient,fixed_literature_derived_defaults,0.002286746917794237,0.00011433734588971178,0.017743586550496213,0.0008871793275248008,0.0012397824887344594,6.198912443672322e-05,3.0,0.0,0.09983948002089467,0.765580992447618,0.04662671524526899,,,,,,,,,,,,,,,,
0.04998310967750336,0.01225,0.986,0.00175,-0.0018378831446170807,0.1198987290263176,0.0016783404328937952,0.008333333271245162,1.2564782616992791,0.0,0.0,0.0,0.0,0.0,0.0,0.07463881890802103,0.945638120174408,publication,0.6661989688873291,4.5771872997283936,0.5068377350508366,0.5679915679852092,200,0.890381282786685,3.2687437292188406,0.04254644567845389,0.5068377350508365,0.5679915753006936,214.16927576065063,mobile,0.0030243085610399904,0.010365775490589675,10.708463992451144,10.708463992451144,system,0.0,243,0.5679915753006936,0.05016443012362904,meta_train_support,0,MARGO-SPLIT-v1,20,20,80,3,244,0.0,0.2,20,10,0.0005,0.0005,mrlco_first_order_mean_pseudogradient,fixed_literature_derived_defaults,0.0022905196569700053,0.00011452598284850124,0.017718948377972315,0.0008859474188985805,0.0012347014129609575,6.173507064805017e-05,3.0,0.0,0.09995400600374317,0.7664669398665166,0.04668845031591704,,,,,,,,,,,,,,,,
0.05206002672831517,0.01075,0.98775,0.0015,-0.005987487267702818,0.1010129526257515,0.0016120926986332052,0.005833333311602473,1.4418360297878583,0.0,0.0,0.0,0.0,0.0,0.0,0.06901932017224877,1.0164028406143188,publication,0.6434519290924072,5.219300985336304,0.7629457005775307,0.860197783466574,200,0.9552784510032897,2.7598943458870053,0.0469786830508383,0.7629457005775307,0.8601978328637778,779.523813829422,mobile,0.007334332473178316,0.08592450295966997,38.976189451766324,38.976189451766324,system,0.0,244,0.8601978328637778,0.047194976729167025,meta_train_support,0,MARGO-SPLIT-v1,20,20,80,3,245,0.0,0.2,20,10,0.0005,0.0005,mrlco_first_order_mean_pseudogradient,fixed_literature_derived_defaults,0.0022877928221162144,0.00011438964110581373,0.017677841769185746,0.0008838920884592927,0.001229661815357035,6.148309076785263e-05,3.0,0.0,0.10006839564484898,0.7673508319549759,0.046749933406684895,,,,,,,,,,,,,,,,
0.06475784884672305,0.0115,0.98725,0.00125,-0.004514068365097046,0.031352974474430084,0.0017028615021748312,0.0072499998689939575,1.4437128474315009,0.0,0.0,0.0,0.0,0.0,0.0,0.06978976482383938,1.1747019290924072,publication,0.6815595626831055,4.96407413482666,0.7868591165082557,0.8863168737402884,200,0.6904404385660594,2.0277006924152374,0.027658021805109456,0.7868591165082558,0.8863168821390718,542.0395799446106,mobile,0.0033716979771155264,0.06222206680675717,27.101978655894076,27.101978655894076,system,0.0,245,0.8863168821390718,0.05897527411985272,meta_train_support,0,MARGO-SPLIT-v1,20,20,80,3,246,0.0,0.2,20,10,0.0005,0.0005,mrlco_first_order_mean_pseudogradient,fixed_literature_derived_defaults,0.0022799238454786655,0.00011399619227393798,0.01762415261665021,0.0008812076308325478,0.0012246631900913563,6.123315950457009e-05,3.0,0.0,0.10018239183712292,0.7682320395858084,0.046811166566189465,,,,,,,,,,,,,,,,
0.06198485486640202,0.0145,0.98225,0.00325,-0.0009209744748659432,0.038177307695150375,0.004989728725437697,0.008916666622584066,1.4416075314084689,0.0,0.0,0.0,0.0,0.0,0.0,0.08222822864177456,1.3059147596359253,publication,0.6466267108917236,5.180821418762207,0.724826831928387,0.8169463822500256,200,0.7083502811142194,2.10677953902632,0.05626230640336871,0.7248268319283871,0.8169463661499321,643.7974879455567,mobile,0.002087444666753844,0.013046331787902226,32.18987237097293,32.18987237097293,system,0.0,246,0.8169463661499321,0.05140967673551399,meta_train_support,0,MARGO-SPLIT-v1,20,20,80,3,247,0.0,0.2,20,10,0.0005,0.0005,mrlco_first_order_mean_pseudogradient,fixed_literature_derived_defaults,0.002272714027924333,0.0001136357013962197,0.01757422289936096,0.0008787111449680696,0.0012197050395241847,6.098525197621024e-05,3.0,0.0,0.10029602753851914,0.7691107507307765,0.046872151818165675,,,,,,,,,,,,,,,,
0.04660579263889514,0.0155,0.98175,0.00275,-0.0008301850757561624,0.03734419867396355,0.002403078802550832,0.008999999969576795,1.184408219655355,0.0,0.0,0.0,0.0,0.0,0.0,0.09131293783870009,1.3595118522644043,publication,0.6703462600708008,4.860839605331421,0.5237132844153797,0.588758582321384,200,0.6631612724150165,2.039150613360107,0.02587652592046652,0.5237132844153798,0.5887585709895938,895.6138333129883,mobile,0.0032295597029378623,0.003767380308818041,44.780690064026004,44.780690064026004,system,0.0,247,0.5887585709895938,0.04153495451157063,meta_train_support,0,MARGO-SPLIT-v1,20,20,80,3,248,0.0,0.2,20,10,0.0005,0.0005,mrlco_first_order_mean_pseudogradient,fixed_literature_derived_defaults,0.0022685513675204487,0.00011342756837602608,0.01752790439037904,0.0008763952195189884,0.0012147868740422323,6.0739343702112536e-05,3.0,0.0,0.10040945510689517,0.7699871459502955,0.04693289116186779,,,,,,,,,,,,,,,,
0.04667480484265457,0.0185,0.979,0.0025,-0.0014580078423023224,0.022512346506118774,0.0072785471992877614,0.012749999839191634,1.2388918244590363,0.0,0.0,0.0,0.0,0.0,0.0,0.09539846384173077,1.2325763702392578,publication,0.6027810573577881,5.0811967849731445,0.6767755495389821,0.7619646008835116,200,0.6260923507820044,2.0316585961263627,0.09836199643905275,0.6767755495389821,0.7619646173343062,565.078570985794,mobile,0.0023437324658413185,0.003635255447049084,28.25392851114665,28.25392851114665,system,0.0,248,0.7619646173343062,0.041020176983460416,meta_train_support,0,MARGO-SPLIT-v1,20,20,80,3,249,0.0,0.2,20,10,0.0005,0.0005,mrlco_first_order_mean_pseudogradient,fixed_literature_derived_defaults,0.0022594407194581174,0.00011297203597290806,0.01745751120005623,0.0008728755600028171,0.0012099082118974844,6.049541059487129e-05,3.0,0.0,0.10052242714286808,0.7708600215102983,0.04699338657246266,,,,,,,,,,,,,,,,
0.05368889668539224,0.02,0.9765,0.0035,-0.0036091855727136135,0.04239897057414055,0.005998776868606607,0.012833333372448883,1.1444006130099296,0.0,0.0,0.0,0.0,0.0,0.0,0.11416725673067243,1.4091795682907104,publication,0.6482853889465332,4.347347259521484,0.5703070197450476,0.6404512261640412,200,0.8320552384148765,2.780015744268894,0.01861448970157653,0.5703070197450477,0.6404512144625187,277.16341976165774,mobile,0.004745716380150975,0.012444989625535608,13.858170848506528,13.858170848506528,system,0.0,249,0.6404512144625187,0.0520643493873306,meta_train_support,0,MARGO-SPLIT-v1,20,20,80,3,250,0.0,0.2,20,10,0.0005,0.0005,mrlco_first_order_mean_pseudogradient,fixed_literature_derived_defaults,0.0022666567060824583,0.00011333283530412519,0.01747184694191968,0.0008735923470959417,0.0012062132450333125,6.031066225166415e-05,3.0,0.0,0.1006357599781722,0.7717336138573943,0.04705369723471432,,,,,,,,,,,,,,,,
0.06223739317939675,0.02175,0.976,0.00225,-0.0031721233390271664,0.07705878466367722,0.011738850664308605,0.01308333327372869,1.3572750459114709,0.0,0.0,0.0,0.0,0.0,0.0,0.10841028016503454,1.4281115531921387,publication,0.5926194190979004,3.4395248889923096,0.5520061907153523,0.622086069707226,200,0.6657166029438052,1.9750452926382422,0.04004530294332653,0.5520061907153523,0.6220860534347594,589.6197136688232,mobile,0.0024527906470569122,0.008791429889239913,29.480983059350507,29.480983059350507,system,0.0,250,0.6220860534347594,0.044229523028963665,meta_train_support,0,MARGO-SPLIT-v1,20,20,80,3,251,0.0,0.2,20,10,0.0005,0.0005,mrlco_first_order_mean_pseudogradient,fixed_literature_derived_defaults,0.002257626201277349,0.00011288131006387259,0.01740223798995984,0.0008701118994980384,0.0012014076145750124,6.0070380728749484e-05,3.0,0.0,0.10074864128823607,0.7726037257568923,0.04711376761544307,-0.08528080447070237,-0.08545730931566517,0.08545730931566517,0.0,0.175,0.025,0.0225,0.975,0.975,0.0,validation/automotive_lexicographic_v1,automotive_lexicographic_v1,a3bd00d5108237acdb706f561212b5d840bac151f48b5250a61c573d9c9ffb6c,727254778.0,0.08545730931566517,1.0
0.06897068889963694,0.025,0.96775,0.00725,-0.001172964577563107,0.03486023098230362,0.011724629988505816,0.01541666666356226,1.1609934536119302,0.0,0.0,0.0,0.0,0.0,0.0,0.10746625167184623,1.3683050870895386,publication,0.6855728626251221,5.189125061035156,0.559012073022698,0.6292228858732415,200,0.7673576349705356,2.170532885356806,0.02875785290962085,0.559012073022698,0.6292228870280087,271.3906224632263,mobile,0.0031817566433794075,0.0038797009647105626,13.56953065507321,13.56953065507321,system,0.0,251,0.6292228870280087,0.05764096258884708,meta_train_support,0,MARGO-SPLIT-v1,20,20,80,3,252,0.0,0.2,20,10,0.0005,0.0005,mrlco_first_order_mean_pseudogradient,fixed_literature_derived_defaults,0.0022522349251191784,0.00011261174625595838,0.017356955020033964,0.0008678477510016824,0.0011966401240409846,5.983200620204854e-05,3.0,0.0,0.10086125303449203,0.773471573507894,0.04717359962164512,,,,,,,,,,,,,,,,
0.04949428433688531,0.01625,0.982,0.00175,-0.0012602199567481875,0.022205330431461334,0.005728167180010738,0.009916666662320495,1.0953160479664803,0.0,0.0,0.0,0.0,0.0,0.0,0.08958893558728823,1.3314560651779175,publication,0.6836690902709961,5.129990339279175,0.48930049940111614,0.5498301550832729,200,0.5852433033657986,1.8174850763753057,0.04607713098812383,0.4893004994011161,0.5498301381617785,654.5596233272553,mobile,0.0029670002863133116,0.013104847899476482,32.72798246285632,32.72798246285632,system,0.0,252,0.5498301381617785,0.04180016385723054,meta_train_support,0,MARGO-SPLIT-v1,20,20,80,3,253,0.0,0.2,20,10,0.0005,0.0005,mrlco_first_order_mean_pseudogradient,fixed_literature_derived_defaults,0.002243332810790644,0.00011216664053953496,0.017292877343160137,0.0008646438671580103,0.0011919103211791625,5.959551605895508e-05,3.0,0.0,0.10097341967503157,0.774336217375052,0.047233195137704076,,,,,,,,,,,,,,,,
0.05321517847942923,0.01475,0.98125,0.004,-0.0006603417568840086,0.04621278867125511,0.007711793196601015,0.010083333294217785,1.5547656784454982,0.0,0.0,0.0,0.0,0.0,0.0,0.0849411204702596,1.2778877019882202,publication,0.6458964347839355,5.063184976577759,0.6651451190809127,0.7487826912880121,200,0.7153358538973195,2.067037330940366,0.05533893988467753,0.6651451190809127,0.7487826918438077,751.0818676757813,mobile,0.002320905544939136,0.013435700258419527,37.5540943880566,37.5540943880566,system,0.0,253,0.7487826918438077,0.04695970220040456,meta_train_support,0,MARGO-SPLIT-v1,20,20,80,3,254,0.0,0.2,20,10,0.0005,0.0005,mrlco_first_order_mean_pseudogradient,fixed_literature_derived_defaults,0.0022394493680351893,0.00011197246840176367,0.017256297859334975,0.0008628148929668011,0.0011872177608595596,5.9360888042980786e-05,3.0,0.0,0.10108539214343333,0.7751990322680188,0.04729255602574706,,,,,,,,,,,,,,,,
0.06270824062729496,0.0135,0.98525,0.00125,-0.0006034162361174822,0.01329068187624216,0.006661014838815997,0.008416666618237891,0.9131249748170376,0.0,0.0,0.0,0.0,0.0,0.0,0.0694323851403388,1.2442240715026855,publication,0.5681588649749756,5.734968900680542,0.15847618407309227,0.17730713681605267,200,0.3042359936850243,1.0864137383177876,0.0325749190087663,0.15847618407309233,0.17730713659897446,107.68555841445922,mobile,0.002828995235834577,0.004692759611801114,5.3842778147689465,5.3842778147689465,system,0.0,254,0.17730713659897446,0.05165071192944998,meta_train_support,0,MARGO-SPLIT-v1,20,20,80,3,255,0.0,0.2,20,10,0.0005,0.0005,mrlco_first_order_mean_pseudogradient,fixed_literature_derived_defaults,0.0022306672136507377,0.00011153336068253639,0.01718862610302386,0.0008594313051512037,0.00118256200493462,5.9128100246733095e-05,3.0,0.0,0.10119692550411587,0.77605846357317,0.04735168412599379,,,,,,,,,,,,,,,,
0.060655702606492654,0.00875,0.99,0.00125,-0.0023522856645286083,0.021370168775320053,0.001604258799428256,0.005749999933565657,1.385595958928267,0.0,0.0,0.0,0.0,0.0,0.0,0.06317809150659488,1.173567533493042,publication,0.6427178382873535,5.3528172969818115,0.5639728781784076,0.6352770342232452,200,0.6471635063932447,1.7997383065521717,0.03391891830142413,0.5639728781784076,0.6352770506031811,377.7956153869629,mobile,0.001874327459657584,0.0033621926748664947,18.889781745131717,18.889781745131717,system,0.0,255,0.6352770506031811,0.04815431278319119,meta_train_support,0,MARGO-SPLIT-v1,20,20,80,3,256,0.0,0.2,20,10,0.0005,0.0005,mrlco_first_order_mean_pseudogradient,fixed_literature_derived_defaults,0.0022220050976685096,0.00011110025488342279,0.017129542030066825,0.0008564771015033834,0.0011779426221028442,5.889713110514283e-05,3.0,0.0,0.10130802575899929,0.7769149406746734,0.04741058125709893,,,,,,,,,,,,,,,,
0.042459453054720105,0.00975,0.98925,0.001,-0.005806819535791874,0.05113667994737625,0.0021508066226184988,0.005833333249514302,1.356438410654664,0.0,0.0,0.0,0.0,0.0,0.0,0.048560895868151197,1.1581852436065674,publication,0.6755144596099854,5.255799293518066,0.8013934587078723,0.9006590568542743,200,0.9888941709464926,2.7566082375124097,0.03904233284993097,0.8013934587078723,0.9006590348854661,756.3645053863526,mobile,0.013178341087351799,0.03557144499023401,37.81822556213512,37.81822556213512,system,0.0,256,0.9006590348854661,0.04422782816072074,meta_train_support,0,MARGO-SPLIT-v1,20,20,80,3,257,0.0,0.2,20,10,0.0005,0.0005,mrlco_first_order_mean_pseudogradient,fixed_literature_derived_defaults,0.0022200391251234733,0.00011100195625617093,0.017100126161134262,0.0008550063080566828,0.0011733591877755958,5.8667959388782054e-05,3.0,0.0,0.10141902771525546,0.77776994698273,0.047469249216487715,,,,,,,,,,,,,,,,
0.04753816624742458,0.008,0.992,0.0,-0.005040646065026522,0.02102227322757244,0.0012124193633402077,0.004666666593402624,1.0252508789300918,0.0,0.0,0.0,0.0,0.0,0.0,0.04360392421173101,1.1678556203842163,publication,0.6592011451721191,5.127726316452026,0.42270336061791014,0.47432290785955045,200,0.5961857774626679,2.1177061051130295,0.037350450584199286,0.42270336061791014,0.47432289259508253,693.1710795974732,mobile,0.005155300982295343,0.01776433137456656,34.65855447956673,34.65855447956673,system,0.0,257,0.47432289259508253,0.04671782838345687,meta_train_support,0,MARGO-SPLIT-v1,20,20,80,3,258,0.0,0.2,20,10,0.0005,0.0005,mrlco_first_order_mean_pseudogradient,fixed_literature_derived_defaults,0.0022192583287651813,0.00011096291643826472,0.01707481065502595,0.0008537405327513348,0.0011688112839470083,5.8440564197348444e-05,3.0,0.0,0.10152999063169373,0.7786236875154814,0.04752768978068506,,,,,,,,,,,,,,,,
0.060746225611901,0.0055,0.993,0.0015,-0.00954065565019846,0.13566748797893524,0.0016074391222597718,0.009250000026077032,1.9092116913447783,0.0,0.0,0.0,0.0,0.0,0.0,0.03720464621142716,1.2395635843276978,publication,0.6799631118774414,4.813530921936035,1.0636544647125483,1.1986354966949897,200,1.2613632658392173,4.476163508370519,0.030109947780147195,1.0636544647125483,1.1986354876309633,655.1717424964904,mobile,0.010172139890215967,0.04171890967394253,32.758588391863654,32.758588391863654,system,0.0,258,1.1986354876309633,0.0664726116143427,meta_train_support,0,MARGO-SPLIT-v1,20,20,80,3,259,0.0,0.2,20,10,0.0005,0.0005,mrlco_first_order_mean_pseudogradient,fixed_literature_derived_defaults,0.002219318556892764,0.00011096592784463899,0.01708416960272775,0.000854208480136398,0.001164298499066904,5.821492495334396e-05,3.0,0.0,0.10164095655953836,0.7794778959956178,0.04758590470563841,,,,,,,,,,,,,,,,
0.04420450772523565,0.00675,0.993,0.00025,-0.0027766688726842403,0.03357135131955147,0.007593872116387955,0.004249999967093269,1.44701147377491,0.0,0.0,0.0,0.0,0.0,0.0,0.0383878951986953,1.3496140241622925,publication,0.669971227645874,5.358740329742432,0.5206473881022756,0.5848301850465486,200,0.6319484627745668,2.1250555720180273,0.0429205383406952,0.5206473881022755,0.5848301536217332,967.1586915493011,mobile,0.0015307336868382504,0.014261981089470495,48.35793290224112,48.35793290224112,system,0.0,259,0.5848301536217332,0.04054214388443745,meta_train_support,0,MARGO-SPLIT-v1,20,20,80,3,260,0.0,0.2,20,10,0.0005,0.0005,mrlco_first_order_mean_pseudogradient,fixed_literature_derived_defaults,0.0022107827162893305,0.00011053913581446362,0.017018461258101872,0.000850923062905129,0.0011598204279166466,5.7991021395829845e-05,3.0,0.0,0.10175149569535283,0.7803288190585229,0.04764389572703424,,,,,,,,,,,,,,,,
0.06010233972431711,0.00475,0.9945,0.00075,-0.008168504573404789,0.12071730196475983,0.00166134530556216,0.009416666782150666,2.2811851193507513,0.0,0.0,0.0,0.0,0.0,0.0,0.03701103850750999,1.3858973979949951,publication,0.6824395656585693,5.093257188796997,0.996864923108022,1.123278320080135,200,0.9357067195091073,2.8582767099142075,0.03735911659896374,0.9968649231080219,1.1232783158682287,1097.3089846706391,mobile,0.003048508788241751,0.010133692884975334,54.86544830820717,54.86544830820717,system,0.0,260,1.1232783158682287,0.05532278715637195,meta_train_support,0,MARGO-SPLIT-v1,20,20,80,3,261,0.0,0.2,20,10,0.0005,0.0005,mrlco_first_order_mean_pseudogradient,fixed_literature_derived_defaults,0.002204959839828238,0.00011024799199141344,0.016999244317009915,0.0008499622158505415,0.0011553766714878472,5.776883357438978e-05,3.0,0.0,0.10186174368734424,0.7811787812743735,0.04770166456060863,,,,,,,,,,,,,,,,
0.04403982372111262,0.008,0.99125,0.00075,-0.004238308873027563,0.01890021376311779,0.000825608972218106,0.004499999945983291,1.146849502126376,0.0,0.0,0.0,0.0,0.0,0.0,0.04799719741791444,1.494513988494873,publication,0.6030547618865967,5.284820318222046,0.4209128063993752,0.47281150096350755,200,0.5297661434352801,1.6379431394161656,0.03137211001012474,0.4209128063993751,0.47281150478869677,649.25511302948,mobile,0.004911319765484785,0.013712402339465938,32.46275521773079,32.46275521773079,system,0.0,261,0.47281150478869677,0.03970251643244131,meta_train_support,0,MARGO-SPLIT-v1,20,20,80,3,262,0.0,0.2,20,10,0.0005,0.0005,mrlco_first_order_mean_pseudogradient,fixed_literature_derived_defaults,0.0021997305711914427,0.00010998652855957747,0.016960311900962637,0.0008480155950481016,0.0011509668368638478,5.754834184319019e-05,3.0,0.0,0.10197173021590382,0.7820267968694216,0.04775921290245182,,,,,,,,,,,,,,,,
0.04905082810785494,0.01,0.9885,0.0015,-0.002218819223344326,0.030723655596375465,0.000597183696997187,0.004000000019247333,1.5728074605266253,0.0,0.0,0.0,0.0,0.0,0.0,0.053742479313010905,1.5080078840255737,publication,0.6398508548736572,5.414889574050903,0.7243864757446875,0.8148073561144509,200,0.9107456379615307,2.139419849961996,0.02536876559315715,0.7243864757446874,0.8148073473572731,435.1881933879852,mobile,0.0012248515708628356,0.0018478282474639995,21.759408051519785,21.759408051519785,system,0.0,262,0.8148073473572731,0.03623055443635586,meta_train_support,0,MARGO-SPLIT-v1,20,20,80,3,263,0.0,0.2,20,10,0.0005,0.0005,mrlco_first_order_mean_pseudogradient,fixed_literature_derived_defaults,0.0021913665766241748,0.00010956832883120271,0.01689582402301221,0.0008447912011506631,0.0011465905371039092,5.7329526855193214e-05,3.0,0.0,0.10208129854473502,0.7828715880705722,0.04781654242930701,,,,,,,,,,,,,,,,
0.05869477995497481,0.01075,0.98625,0.003,-0.0006367206806316972,0.05735350772738457,0.008543877660387503,0.006499999901279807,2.033341846615076,0.0,0.0,0.0,0.0,0.0,0.0,0.06117349767820184,1.6100852489471436,publication,0.6257879734039307,5.10120153427124,0.8744282854974174,0.9850585906032938,200,1.0493242554661892,3.251557103358209,0.06146111662383191,0.8744282854974175,0.985058578196913,921.3095368576049,mobile,0.0006145592582933984,0.0007378852713492578,46.06547313171541,46.06547313171541,system,0.0,263,0.985058578196913,0.046768626365512114,meta_train_support,0,MARGO-SPLIT-v1,20,20,80,3,264,0.0,0.2,20,10,0.0005,0.0005,mrlco_first_order_mean_pseudogradient,fixed_literature_derived_defaults,0.0021847209424898477,0.00010923604712449742,0.01683796950440232,0.0008418984752200931,0.0011422473911300308,5.711236955650151e-05,3.0,0.0,0.10219053459185952,0.7837134865457923,0.04787365479886351,,,,,,,,,,,,,,,,
0.06974607072134605,0.015,0.98425,0.00075,-0.00173465465195477,0.057674068957567215,0.0057299068312810664,0.01124999979510903,1.8124635338783264,0.0,0.0,0.0,0.0,0.0,0.0,0.066017372991019,1.5875458717346191,publication,0.6375012397766113,5.05045485496521,0.5634618465044746,0.63332175106465,200,0.8529690421485353,2.333175801904872,0.055989668413531035,0.5634618465044745,0.6333217679522931,108.28054166793824,mobile,0.002096876440771092,0.004398742143594355,5.414027160439912,5.414027160439912,system,0.0,264,0.6333217679522931,0.06115086901950994,meta_train_support,0,MARGO-SPLIT-v1,20,20,80,3,265,0.0,0.2,20,10,0.0005,0.0005,mrlco_first_order_mean_pseudogradient,fixed_literature_derived_defaults,0.0021881616042632485,0.00010940808021316084,0.01681672958560857,0.0008408364792804601,0.0011379370236163325,5.6896851180814056e-05,3.0,0.0,0.10229994267207268,0.7845543230250728,0.047930551650044326,,,,,,,,,,,,,,,,
0.06089798269794312,0.021,0.975,0.004,-0.003720893757417798,0.06977217644453049,0.01719807764796618,0.01366666671819985,1.890251796444257,0.0,0.0,0.0,0.0,0.0,0.0,0.09526142019555975,1.5137414932250977,publication,0.6297643184661865,5.338397264480591,1.0149680361421707,1.1459800082029141,200,1.2290288530683173,4.289553035981953,0.05069780442863703,1.014968036142171,1.1459800172969699,412.936838722229,mobile,0.0013424824331362691,0.007136394538436541,20.64684197498702,20.64684197498702,system,0.0,265,1.1459800172969699,0.05158235528618171,meta_train_support,0,MARGO-SPLIT-v1,20,20,80,3,266,0.0,0.2,20,10,0.0005,0.0005,mrlco_first_order_mean_pseudogradient,fixed_literature_derived_defaults,0.0021902108937469525,0.000109510544687344,0.016793814419942255,0.0008396907209970994,0.0011336590648809328,5.668295324404854e-05,3.0,0.0,0.10240945321676002,0.7853940137460699,0.047987234603288374,,,,,,,,,,,,,,,,
0.057327502557798504,0.016,0.981,0.003,-0.0037283150013536215,0.06575017422437668,0.010006754467273518,0.012833333201706409,1.6915982663631435,0.0,0.0,0.0,0.0,0.0,0.0,0.07989007598141822,1.367010235786438,publication,0.6774759292602539,5.041783332824707,0.7479921659582911,0.8421360031137374,200,0.9264277497748107,2.5107917934656143,0.04118453850969672,0.7479921659582911,0.8421360182389617,705.4284704780579,mobile,0.0013479936322285363,0.003267204641317309,35.271423540448865,35.271423540448865,system,0.0,266,0.8421360182389617,0.0402161220340932,meta_train_support,0,MARGO-SPLIT-v1,20,20,80,3,267,0.0,0.2,20,10,0.0005,0.0005,mrlco_first_order_mean_pseudogradient,fixed_literature_derived_defaults,0.0021820078566917207,0.00010910039283458517,0.016730916238594157,0.000836545811929712,0.0011294131507802552,5.647065753901226e-05,3.0,0.0,0.10251855360959461,0.7862305595579996,0.048043705260827387,,,,,,,,,,,,,,,,
0.07173443961819437,0.02175,0.9755,0.00275,-0.0034502700436860323,0.041591450572013855,0.016593988752477647,0.014583333240201075,1.6572110096613564,0.0,0.0,0.0,0.0,0.0,0.0,0.08910833212125448,1.2278841733932495,publication,0.6263461112976074,5.172805070877075,0.9375011012831191,1.0566159017328756,200,0.8126947332729643,2.6893677012994885,0.0438791110063903,0.9375011012831195,1.0566158650815487,736.6060053062439,mobile,0.0009229661882837835,0.0009366047442786362,36.83030318151102,36.83030318151102,system,0.0,267,1.0566158650815487,0.05186950214799934,meta_train_support,0,MARGO-SPLIT-v1,20,20,80,3,268,0.0,0.2,20,10,0.0005,0.0005,mrlco_first_order_mean_pseudogradient,fixed_literature_derived_defaults,0.0021738660363309304,0.0001086933018165509,0.016668487446659105,0.0008334243723329138,0.001125198922605702,5.6259946130288174e-05,3.0,0.0,0.10262724691141116,0.7870639839303325,0.048099965206957675,,,,,,,,,,,,,,,,
0.038188433301894247,0.0125,0.98575,0.00175,-0.0015507040079683065,0.051670271903276443,0.004824538303122001,0.007249999884516,1.1382859678318102,0.0,0.0,0.0,0.0,0.0,0.0,0.06386292467001317,1.0299383401870728,publication,0.6596381664276123,4.832171201705933,0.5258464028562907,0.5903798854327943,200,0.7313989298999328,2.3924100146396086,0.04196184279862791,0.5258464028562907,0.590379881169647,428.7886902999878,mobile,0.0024899541152529213,0.005270974593434614,21.43943522296903,21.43943522296903,system,0.0,268,0.590379881169647,0.0337985026762483,meta_train_support,0,MARGO-SPLIT-v1,20,20,80,3,269,0.0,0.2,20,10,0.0005,0.0005,mrlco_first_order_mean_pseudogradient,fixed_literature_derived_defaults,0.0021660762212114375,0.00010830381106056997,0.01661367779214228,0.0008306838896071644,0.0011210160269826323,5.6050801349134816e-05,3.0,0.0,0.10273555072247173,0.7878946678199397,0.04815601600830681,,,,,,,,,,,,,,,,
0.04665451968285351,0.013,0.98525,0.00175,-0.0015397754032164812,0.016763996332883835,0.00884883709732094,0.00908333328552544,1.0281904865056277,0.0,0.0,0.0,0.0,0.0,0.0,0.05585744024119916,1.087222933769226,publication,0.670647382736206,4.9604856967926025,0.38329715119526364,0.4309281027717134,200,0.5055473097726321,1.7261580964550376,0.043266975379083306,0.3832971511952636,0.43092812355607746,902.8607664108276,mobile,0.001201999564507583,0.001201999564507583,45.143037784293654,45.143037784293654,system,0.0,269,0.43092812355607746,0.038633462871087515,meta_train_support,0,MARGO-SPLIT-v1,20,20,80,3,270,0.0,0.2,20,10,0.0005,0.0005,mrlco_first_order_mean_pseudogradient,fixed_literature_derived_defaults,0.002158053716688432,0.00010790268583442397,0.01655214565217138,0.0008276072826085556,0.0011168641157715856,5.5843205788580486e-05,3.0,0.0,0.10284345340830615,0.7887222751025482,0.04821185921409539,,,,,,,,,,,,,,,,
0.04779512356747203,0.0095,0.98925,0.00125,-0.0022255617659538984,0.03219772130250931,0.0011049555562446282,0.004583333261931936,1.0110411440332732,0.0,0.0,0.0,0.0,0.0,0.0,0.053810591660493505,0.9720772504806519,publication,0.6596245765686035,5.673972129821777,0.34997111458733293,0.39285374062512346,200,0.6285064680084492,1.9410446106921881,0.03563269617734477,0.34997111458733293,0.3928537500649691,235.5640274620056,mobile,0.001783326962479449,0.002859851039649429,11.778201459395296,11.778201459395296,system,0.0,270,0.3928537500649691,0.039936306022666894,meta_train_support,0,MARGO-SPLIT-v1,20,20,80,3,271,0.0,0.2,20,10,0.0005,0.0005,mrlco_first_order_mean_pseudogradient,fixed_literature_derived_defaults,0.0021500904188408733,0.00010750452094204777,0.016491067623934586,0.000824553381196691,0.0011127428459716906,5.563714229858685e-05,3.0,0.0,0.1029509579292482,0.7895468284837449,0.04826749635639398,,,,,,,,,,,,,,,,
0.06808884855130069,0.01475,0.98375,0.0015,-0.0005218050209805369,0.056107424199581146,0.005230005600151345,0.0077499999354283,1.589739522089561,0.0,0.0,0.0,0.0,0.0,0.0,0.06387555599790562,0.9713608026504517,publication,0.677011251449585,5.234619617462158,0.653516776591293,0.7363624660573623,200,0.6735556691816074,1.8442073403857648,0.0558677576482296,0.653516776591293,0.7363624661974609,373.2373966693878,mobile,0.0006749864586501902,0.0016017973082983305,18.661869539219023,18.661869539219023,system,0.0,271,0.7363624661974609,0.05011754883450068,meta_train_support,0,MARGO-SPLIT-v1,20,20,80,3,272,0.0,0.2,20,10,0.0005,0.0005,mrlco_first_order_mean_pseudogradient,fixed_literature_derived_defaults,0.0021421856746539586,0.00010710928373269812,0.01643043869884659,0.0008215219349423375,0.0011086518796262063,5.5432593981309675e-05,3.0,0.0,0.1030580672129809,0.7903683504186872,0.048322928950375287,,,,,,,,,,,,,,,,
0.0765419942140921,0.012,0.98475,0.00325,-0.0025266229640692472,0.3282749354839325,0.006032625666072515,0.012499999937911828,2.402382216850916,0.0,0.0,0.0,0.0,0.0,0.0,0.0706057711689306,1.0256788730621338,publication,0.6633419990539551,5.231403827667236,0.9279524097154073,1.0459461024956545,200,1.1616345426154775,4.010359458159655,0.03310333330591675,0.927952409715407,1.0459461036510767,220.41259559631348,mobile,0.0035947780392851063,0.006370299372676868,11.020629309449035,11.020629309449035,system,0.0,272,1.0459461036510767,0.0725314525016606,meta_train_support,0,MARGO-SPLIT-v1,20,20,80,3,273,0.0,0.2,20,10,0.0005,0.0005,mrlco_first_order_mean_pseudogradient,fixed_literature_derived_defaults,0.0021559502535188533,0.00010779751267593618,0.01646168839192024,0.0008230844195959985,0.0011045908837301398,5.5229544186505275e-05,3.0,0.0,0.10316586472565684,0.7911914348382832,0.04837815849456179,,,,,,,,,,,,,,,,
0.06926193780439946,0.01275,0.985,0.00225,-0.001407144358381629,0.0864548534154892,0.00352449839253192,0.007416666531935334,1.7398865719636283,0.0,0.0,0.0,0.0,0.0,0.0,0.06166098874650987,1.069831132888794,publication,0.6900835037231445,5.165424585342407,0.6217778291008849,0.6997444448910005,200,0.8424545365962461,2.31364911980927,0.001887401333078742,0.6217778291008849,0.6997444408480078,208.5231141757965,mobile,0.0011836034786565492,0.0017137218185425485,10.42615508327073,10.42615508327073,system,0.0,273,0.6997444408480078,0.04925537471497103,meta_train_support,0,MARGO-SPLIT-v1,20,20,80,3,274,0.0,0.2,20,10,0.0005,0.0005,mrlco_first_order_mean_pseudogradient,fixed_literature_derived_defaults,0.0021480818219366676,0.00010740409109682991,0.016407096362049154,0.0008203548181024978,0.0011005595301398837,5.502797650699248e-05,3.0,0.0,0.10327326881675367,0.7920117896563857,0.048433186471068784,,,,,,,,,,,,,,,,
0.06474621474532247,0.008,0.9915,0.0005,-0.000759836402721703,0.022894637659192085,0.0015943680135327063,0.0049166665878146885,1.1773318752646447,0.0,0.0,0.0,0.0,0.0,0.0,0.045131886180764205,1.1162210702896118,publication,0.6776316165924072,5.043386697769165,0.31130608883209965,0.34873373900143634,200,0.5194388164589351,1.8585172602906823,0.023273455211892724,0.3113060888320997,0.34873374599963425,337.9893318939209,mobile,0.0017531945642483878,0.005496948996386246,16.899465105993087,16.899465105993087,system,0.0,274,0.34873374599963425,0.05129249364086081,meta_train_support,0,MARGO-SPLIT-v1,20,20,80,3,275,0.0,0.2,20,10,0.0005,0.0005,mrlco_first_order_mean_pseudogradient,fixed_literature_derived_defaults,0.0021407555388745026,0.00010703777694372196,0.016354722208209185,0.0008177361104104719,0.0010965574954848296,5.4827874774239505e-05,3.0,0.0,0.10338030659369739,0.7928295257667962,0.048488014345843024,,,,,,,,,,,,,,,,
0.057891616924371725,0.01275,0.986,0.00125,-0.0009726298158057034,0.05775059014558792,0.007877473662180516,0.00833333325572312,1.9725418438514073,0.0,0.0,0.0,0.0,0.0,0.0,0.06049613746526447,1.1887516975402832,publication,0.6608071327209473,3.8127830028533936,0.808488256911097,0.911728184592721,200,0.7945910264698995,2.426211371086538,0.04941447282908484,0.8084882569110972,0.911728145070374,844.1965387153625,mobile,0.0015609762994213646,0.005414918770719462,42.20982821070899,42.20982821070899,system,0.0,275,0.911728145070374,0.04262932122824672,meta_train_support,0,MARGO-SPLIT-v1,20,20,80,3,276,0.0,0.2,20,10,0.0005,0.0005,mrlco_first_order_mean_pseudogradient,fixed_literature_derived_defaults,0.002135944460429495,0.0001067972230214681,0.01632172543761106,0.0008160862718805673,0.0010925844610808991,5.462922305404794e-05,3.0,0.0,0.10348710381671886,0.7936456120386768,0.04854264356889707,,,,,,,,,,,,,,,,
0.05616514755650811,0.00725,0.99175,0.001,-0.0006461709854193032,0.015853386372327805,0.0031769929630892577,0.004083333304151893,1.2306860874096552,0.0,0.0,0.0,0.0,0.0,0.0,0.043810193810058295,1.2014738321304321,publication,0.6791951656341553,4.755720853805542,0.3535713642423772,0.3978844889020911,200,0.41840157800693883,1.17195625603199,0.035480284175719135,0.35357136424237723,0.3978844780288637,499.06716888427735,mobile,0.0008592488672923565,0.0018065398153124634,24.953359137974836,24.953359137974836,system,0.0,276,0.3978844780288637,0.0418292899560942,meta_train_support,0,MARGO-SPLIT-v1,20,20,80,3,277,0.0,0.2,20,10,0.0005,0.0005,mrlco_first_order_mean_pseudogradient,fixed_literature_derived_defaults,0.0021282334695976197,0.00010641167347988367,0.01626280224108539,0.0008131401120542447,0.00108864011284595,5.443200564229922e-05,3.0,0.0,0.10359351549019874,0.794458752150731,0.04859707557453937,,,,,,,,,,,,,,,,
0.0615798432277753,0.0095,0.98925,0.00125,-0.002314597601071,0.22373045980930328,0.0024414031179882537,0.010500000153357784,2.520134011904399,0.0,0.0,0.0,0.0,0.0,0.0,0.04661708107613115,1.1764492988586426,publication,0.6758935451507568,3.990661144256592,1.210799673071901,1.364685353760724,200,1.244736059843641,4.112234866712242,0.04918586017447524,1.2107996730719013,1.3646853785030544,610.9301858139038,mobile,0.0023759448731013174,0.019167478293357187,30.546510322120007,30.546510322120007,system,0.0,277,1.3646853785030544,0.05283587856138716,meta_train_support,0,MARGO-SPLIT-v1,20,20,80,3,278,0.0,0.2,20,10,0.0005,0.0005,mrlco_first_order_mean_pseudogradient,fixed_literature_derived_defaults,0.002126646644449003,0.00010633233222244465,0.01622906373028184,0.0008114531865140995,0.0010847241412170077,5.423620706085375e-05,3.0,0.0,0.10369984782242118,0.7952702053372451,0.048651311781600225,,,,,,,,,,,,,,,,
0.06373738839013794,0.00975,0.9895,0.00075,-0.0028310278430581093,0.023981643840670586,0.002881282678329929,0.0064166666008532046,1.4808748722076417,0.0,0.0,0.0,0.0,0.0,0.0,0.046549310949341324,1.2237029075622559,publication,0.6183500289916992,4.6834423542022705,0.5908474188660895,0.6642254167534338,200,0.6174162693398236,1.5791110363788903,0.04083530174102634,0.5908474188660894,0.6642254086211323,282.39971927642824,mobile,0.0025680230208696775,0.003151191450268056,14.119985763218402,14.119985763218402,system,0.0,278,0.6642254086211323,0.05115079942718064,meta_train_support,0,MARGO-SPLIT-v1,20,20,80,3,279,0.0,0.2,20,10,0.0005,0.0005,mrlco_first_order_mean_pseudogradient,fixed_literature_derived_defaults,0.002119380066361929,0.00010596900331809322,0.01618326383039667,0.0008091631915198017,0.0010808362410692765,5.404181205346387e-05,3.0,0.0,0.10380581682573928,0.7960793685287649,0.04870535359365369,,,,,,,,,,,,,,,,
0.05501369884545224,0.008,0.9915,0.0005,-0.00229400722309947,0.04478146880865097,0.0025711584394457537,0.004916666618858775,1.723830761512121,0.0,0.0,0.0,0.0,0.0,0.0,0.03875525470856161,1.2601736783981323,publication,0.5836381912231445,5.033000946044922,0.6562587722720035,0.7379818860185332,200,0.7046135173996795,2.6033849269733764,0.029002775670960546,0.6562587722720034,0.7379818853083998,903.7436203193664,mobile,0.00361676027426144,0.008882066284368599,45.18718138607603,45.18718138607603,system,0.0,279,0.7379818853083998,0.04755389712061081,meta_train_support,0,MARGO-SPLIT-v1,20,20,80,3,280,0.0,0.2,20,10,0.0005,0.0005,mrlco_first_order_mean_pseudogradient,fixed_literature_derived_defaults,0.002124153350103769,0.00010620766750518706,0.016167883199460237,0.0008083941599730249,0.0010769761116368863,5.384880558184646e-05,3.0,0.0,0.10391202449324446,0.796887762688738,0.048759202399235535,,,,,,,,,,,,,,,,
0.053271909037215716,0.00525,0.99375,0.001,-0.0013735960237681866,0.01673041842877865,0.0006687727642353516,0.0036666666312764086,1.2054873953262966,0.0,0.0,0.0,0.0,0.0,0.0,0.036842811555624036,1.2250715494155884,publication,0.6775412559509277,5.420238494873047,0.4040277590532248,0.45375396740288126,200,0.4993990291112259,1.285380512548727,0.028874451643787324,0.40402775905322474,0.45375398337841033,549.6323297023773,mobile,0.0029303351206334347,0.0037823687638369108,27.481616950452928,27.481616950452928,system,0.0,280,0.45375398337841033,0.043610681238269215,meta_train_support,0,MARGO-SPLIT-v1,20,20,80,3,281,0.0,0.2,20,10,0.0005,0.0005,mrlco_first_order_mean_pseudogradient,fixed_literature_derived_defaults,0.002116594085512653,0.00010582970427563954,0.01611034624857248,0.0008055173124286163,0.0010731434564353315,5.3657172821769406e-05,3.0,0.0,0.1040178541975201,0.7976932800011666,0.048812859572057304,,,,,,,,,,,,,,,,
0.061656283950050496,0.0075,0.99225,0.00025,-0.004334883764386177,0.019109832122921944,0.001814824474240595,0.011166666665424905,1.2142111765841643,0.0,0.0,0.0,0.0,0.0,0.0,0.03962496675003285,1.2293084859848022,publication,0.5481421947479248,5.119189500808716,0.4853258941633817,0.5447477574240475,200,0.5871905723952213,1.7367230646777898,0.04609993865597062,0.4853258941633817,0.5447477627359331,236.77609545707702,mobile,0.0033725773850340653,0.0099507838000845,11.838804355940278,11.838804355940278,system,0.0,281,0.5447477627359331,0.060577242152673974,meta_train_support,0,MARGO-SPLIT-v1,20,20,80,3,282,0.0,0.2,20,10,0.0005,0.0005,mrlco_first_order_mean_pseudogradient,fixed_literature_derived_defaults,0.00211105568197542,0.0001055527840987669,0.016084049509825005,0.0008042024754912891,0.0010693379831855608,5.3466899159276826e-05,3.0,0.0,0.10412340698161887,0.7984974824766579,0.04886632647121658,,,,,,,,,,,,,,,,
0.04656405158271828,0.00625,0.9935,0.00025,-0.003145623952150345,0.015472659841179848,0.0011797154219190516,0.008666666535039742,0.98144523948431,0.0,0.0,0.0,0.0,0.0,0.0,0.03805520136290174,1.1633200645446777,publication,0.6016862392425537,5.4720470905303955,0.46179086434548067,0.519152783804966,200,0.5730398667247609,1.6764261667849496,0.03475228091701865,0.46179086434548067,0.5191527941823005,965.3362790107727,mobile,0.0008633494572737098,0.03542484835933491,48.266814810359186,48.266814810359186,system,0.0,282,0.5191527941823005,0.04074762907760581,meta_train_support,0,MARGO-SPLIT-v1,20,20,80,3,283,0.0,0.2,20,10,0.0005,0.0005,mrlco_first_order_mean_pseudogradient,fixed_literature_derived_defaults,0.0021035961212617256,0.00010517980606308819,0.016027215412617143,0.0008013607706308656,0.0010655594037396754,5.3277970186983714e-05,3.0,0.0,0.10422858678768196,0.7992988432472887,0.048919604441403565,,,,,,,,,,,,,,,,
0.06788924978529023,0.00525,0.9935,0.00125,-0.007825189270079136,0.04259388893842697,0.004673183789661076,0.02991666686721146,1.5363785102963448,0.0,0.0,0.0,0.0,0.0,0.0,0.05152977160396853,1.2163608074188232,publication,0.6657609939575195,5.0058815479278564,0.712410814194988,0.8007356366276508,200,0.7997138039740292,2.2928951093927026,0.06131903687492013,0.7124108141949881,0.8007356437295675,243.012308177948,mobile,0.004752861428604156,0.011483080175488327,12.150615925473478,12.150615925473478,system,0.0,283,0.8007356437295675,0.062411324134358265,meta_train_support,0,MARGO-SPLIT-v1,20,20,80,3,284,0.0,0.2,20,10,0.0005,0.0005,mrlco_first_order_mean_pseudogradient,fixed_literature_derived_defaults,0.0021145282685270782,0.00010572641342634914,0.016044694377248394,0.0008022347188624268,0.0010618074340081976,5.30903717004122e-05,3.0,0.0,0.10433431320110831,0.8001010779661512,0.04897269481310398,,,,,,,,,,,,,,,,
0.06803981555602436,0.01025,0.9875,0.00225,-0.0020526458974927664,0.13865533471107483,0.0032732927647884935,0.007166666615133485,2.339857007066409,0.0,0.0,0.0,0.0,0.0,0.0,0.05978669207058395,1.3222990036010742,publication,0.6721456050872803,5.101473808288574,1.0541014977678045,1.184507960610017,200,0.8848630164777779,3.043170209042728,0.03512921066430863,1.0541014977678045,1.1845079251751303,493.4042880821228,mobile,0.0035340334689496176,0.011094480740672687,24.67021428931894,24.67021428931894,system,0.0,284,1.1845079251751303,0.055045522179052,meta_train_support,0,MARGO-SPLIT-v1,20,20,80,3,285,0.0,0.2,20,10,0.0005,0.0005,mrlco_first_order_mean_pseudogradient,fixed_literature_derived_defaults,0.0021087718981587676,0.00010543859490794172,0.016002673668418274,0.0008001336834209116,0.0010580817938888707,5.2904089694445766e-05,3.0,0.0,0.10443975179601625,0.8009012116495721,0.04902559890279842,,,,,,,,,,,,,,,,
0.05731402892557114,0.0145,0.984,0.0015,-0.0011983602307736874,0.234568253159523,0.005310457877809919,0.007333333247030775,2.235625610252222,0.0,0.0,0.0,0.0,0.0,0.0,0.06512368454985666,1.4103729724884033,publication,0.565960168838501,4.980917453765869,1.2241675817643864,1.3754042973091418,200,1.1432863913420215,3.4490619376301765,0.1389108852017671,1.2241675817643867,1.3754042867571115,1294.11935546875,mobile,0.00506738156610373,0.007924128354742526,64.70596862350814,64.70596862350814,system,0.0,285,1.3754042867571115,0.05497262321580621,meta_train_support,0,MARGO-SPLIT-v1,20,20,80,3,286,0.0,0.2,20,10,0.0005,0.0005,mrlco_first_order_mean_pseudogradient,fixed_literature_derived_defaults,0.0021158386446700254,0.00010579193223350658,0.016003977732255432,0.0008001988866127574,0.0010543822071969514,5.2719110359845944e-05,3.0,0.0,0.10454554372824976,0.8017014105361848,0.04907831801315827,,,,,,,,,,,,,,,,
0.048520469104098816,0.01025,0.988,0.00175,-0.002519570989534259,0.01349884644150734,0.004135739640696557,0.006749999864647785,1.0514326959848403,0.0,0.0,0.0,0.0,0.0,0.0,0.06011673589502089,1.558389663696289,publication,0.5706815719604492,4.517892837524414,0.37522812015468504,0.421517965940875,200,0.4654024963173559,1.4668649844825268,0.045498171064537025,0.3752281201546851,0.4215179930254817,1024.3216913604736,mobile,0.001777295762466911,0.006681411114121598,51.21608680672444,51.21608680672444,system,0.0,286,0.4215179930254817,0.041441805221549215,meta_train_support,0,MARGO-SPLIT-v1,20,20,80,3,287,0.0,0.2,20,10,0.0005,0.0005,mrlco_first_order_mean_pseudogradient,fixed_literature_derived_defaults,0.002108466384584067,0.00010542331922920589,0.0159482147436413,0.0007974107371820915,0.001050708401596962,5.2535420079845296e-05,3.0,0.0,0.10465096704747896,0.8024988212733669,0.049130853433238114,,,,,,,,,,,,,,,,
0.05485670969457157,0.0165,0.981,0.0025,-0.0018067482160404325,0.06497085839509964,0.008484869079853753,0.010333333273107804,1.4453424443801244,0.0,0.0,0.0,0.0,0.0,0.0,0.07522797917348964,1.5729904174804688,publication,0.6635560989379883,4.925408601760864,0.6983349791231401,0.7847098679337069,200,0.7049412623722252,2.1812792625278234,0.05276771678472869,0.6983349791231401,0.7847098884917796,1390.611960697174,mobile,0.0020756054032679177,0.008269583504611289,69.53059402579964,69.53059402579964,system,0.0,287,0.7847098884917796,0.040083955721637546,meta_train_support,0,MARGO-SPLIT-v1,20,20,80,3,288,0.0,0.2,20,10,0.0005,0.0005,mrlco_first_order_mean_pseudogradient,fixed_literature_derived_defaults,0.0021023499726501235,0.00010511749863251207,0.0158995449243646,0.0007949772462182425,0.0010470601085358616,5.235300542679594e-05,3.0,0.0,0.10475608454611147,0.8032937985195852,0.04918320643866491,,,,,,,,,,,,,,,,
0.053854205311386315,0.01175,0.986,0.00225,-0.0006396130193024874,0.010016530752182007,0.001360954074455852,0.007000000029802322,0.7834285346170267,0.0,0.0,0.0,0.0,0.0,0.0,0.06380974525788885,0.9753026962280273,publication,0.6330664157867432,5.305353879928589,0.1912025640875782,0.2134854324953494,200,0.22954269436849867,0.6674912521266378,0.03349955566227437,0.19120256408757824,0.2134854303859174,749.1065445041656,mobile,0.0013865654628838408,0.0015250436820505658,37.45532606892908,37.45532606892908,system,0.0,288,0.2134854303859174,0.04119651265930585,meta_train_support,0,MARGO-SPLIT-v1,20,20,80,3,289,0.0,0.2,20,10,0.0005,0.0005,mrlco_first_order_mean_pseudogradient,fixed_literature_derived_defaults,0.002095075405270711,0.00010475377026353261,0.015844529197982717,0.0007922264598991813,0.001043437063177606,5.217185315888051e-05,3.0,0.0,0.10486083831637501,0.8040860249794843,0.04923537829182379,,,,,,,,,,,,,,,,
0.05102666807775582,0.02075,0.9765,0.00275,-0.003921824973076582,0.029445018619298935,0.011604933239868841,0.018583333600933352,1.2328165382146836,0.0,0.0,0.0,0.0,0.0,0.0,0.096851749978252,1.5684356689453125,publication,0.5593197345733643,4.566532850265503,0.7176888107762474,0.807472614347862,200,0.9706349685603013,3.163672582246363,0.026743170281406492,0.7176888107762476,0.8074726132769138,559.8480113220215,mobile,0.001094855336288487,0.007862448307036446,27.992399359888196,27.992399359888196,system,0.0,289,0.8074726132769138,0.03865378387379547,meta_train_support,0,MARGO-SPLIT-v1,20,20,80,3,290,0.0,0.2,20,10,0.0005,0.0005,mrlco_first_order_mean_pseudogradient,fixed_literature_derived_defaults,0.002091679994837278,0.00010458399974186405,0.015805986926516767,0.0007902993463257957,0.0010398390043390626,5.199195021695496e-05,3.0,0.0,0.10496542231611687,0.8048763243258101,0.049287370242040746,,,,,,,,,,,,,,,,
0.05960415739522249,0.01725,0.98075,0.002,-0.0016272731591016054,0.11585025489330292,0.008424838900100439,0.01816666650896271,1.3501050225148599,0.0,0.0,0.0,0.0,0.0,0.0,0.07864229592878921,1.5404342412948608,publication,0.6393899917602539,4.986629962921143,0.49330234858094796,0.5560931637310569,200,0.8665611075217763,3.046942521817982,0.03946014237590134,0.493302348580948,0.5560931653343141,387.6654509925842,mobile,0.0021194178603991588,0.002231211455190718,19.383273000998727,19.383273000998727,system,0.0,290,0.5560931653343141,0.050278966339517464,meta_train_support,0,MARGO-SPLIT-v1,20,20,80,3,291,0.0,0.2,20,10,0.0005,0.0005,mrlco_first_order_mean_pseudogradient,fixed_literature_derived_defaults,0.0020942690319453857,0.00010471345159726586,0.015784828875760618,0.0007892414437880024,0.0010362656744272445,5.181328372136362e-05,3.0,0.0,0.10507013576771414,0.8056655657695981,0.04933918352576211,,,,,,,,,,,,,,,,
0.05164272423228418,0.0165,0.98075,0.00275,-0.0016891765408217907,0.019976431503891945,0.010782765465167663,0.01799999967527886,1.1420109555125235,0.0,0.0,0.0,0.0,0.0,0.0,0.07786470010537586,1.470717191696167,publication,0.663738489151001,5.045677900314331,0.45206223695958314,0.5071301988738469,200,0.571159924317634,1.592952225357294,0.027063214452937245,0.45206223695958325,0.5071302031073719,729.627768535614,mobile,0.0007656789436687728,0.0007656789436687728,36.48139053164749,36.48139053164749,system,0.0,291,0.5071302031073719,0.03739863255531776,meta_train_support,0,MARGO-SPLIT-v1,20,20,80,3,292,0.0,0.2,20,10,0.0005,0.0005,mrlco_first_order_mean_pseudogradient,fixed_literature_derived_defaults,0.0020870968777263947,0.00010435484388632288,0.01573077124262445,0.0007865385621311782,0.0010327168193778361,5.163584096889301e-05,3.0,0.0,0.10517449061160046,0.8064521043317293,0.049390819366731,,,,,,,,,,,,,,,,
0.07386785451586406,0.017,0.98075,0.00225,-0.0009964111959561706,0.052573367953300476,0.006902081289930115,0.018500000036632026,1.5975853860378266,0.0,0.0,0.0,0.0,0.0,0.0,0.08055254283125093,1.3380838632583618,publication,0.6144881248474121,5.14235258102417,0.8341521215319022,0.9397759270193637,200,1.0687790764547396,2.6462428448721766,0.042998968880056054,0.8341521215319023,0.9397759145312011,153.96767493247987,mobile,0.001694851585801088,0.0019544331493661737,7.698384339757784,7.698384339757784,system,0.0,292,0.9397759145312011,0.05861805960781691,meta_train_support,0,MARGO-SPLIT-v1,20,20,80,3,293,0.0,0.2,20,10,0.0005,0.0005,mrlco_first_order_mean_pseudogradient,fixed_literature_derived_defaults,0.0020849919959957004,0.00010424959979977999,0.0156988316197452,0.0007849415809872973,0.0010291921885949766,5.145960942974648e-05,3.0,0.0,0.10527874021140024,0.8072370459127166,0.04944227897616075,,,,,,,,,,,,,,,,
0.07251481772088178,0.01375,0.9825,0.00375,-0.0025745597667992115,0.031138945370912552,0.0043326527455974425,0.012583333315948648,1.553017398218314,0.0,0.0,0.0,0.0,0.0,0.0,0.07649763456322342,1.345823049545288,publication,0.5586271286010742,4.3771538734436035,0.8098485981410875,0.9136515546517694,200,0.9173055841042899,3.189426869386807,0.04093150653352495,0.8098485981410875,0.913651578053832,294.8253545188904,mobile,0.002290248314824404,0.0023612652347371225,14.741267378235728,14.741267378235728,system,0.0,293,0.913651578053832,0.0638370111966145,meta_train_support,0,MARGO-SPLIT-v1,20,20,80,3,294,0.0,0.2,20,10,0.0005,0.0005,mrlco_first_order_mean_pseudogradient,fixed_literature_derived_defaults,0.002079235120599603,0.00010396175602997437,0.015663790280360433,0.0007831895140180123,0.0010256915348922726,5.1284576744616006e-05,3.0,0.0,0.10538270196743021,0.8080202354267346,0.049493563552905365,,,,,,,,,,,,,,,,
0.03911153792688274,0.0095,0.98825,0.00225,-0.0038941488601267338,0.0660276785492897,0.0038137462283581655,0.014333333261311055,1.4957562461495402,0.0,0.0,0.0,0.0,0.0,0.0,0.05021146968255353,1.2997218370437622,publication,0.6682147979736328,5.106868505477905,0.7344314236857922,0.8260697745318611,200,1.1091561148875424,3.8935809209942818,0.060706734424456954,0.7344314236857922,0.8260697833821178,1318.7109021091462,mobile,0.012832209021248113,0.014487374123662482,65.93554376609694,65.93554376609694,system,0.0,294,0.8260697833821178,0.03858829469755403,meta_train_support,0,MARGO-SPLIT-v1,20,20,80,3,295,0.0,0.2,20,10,0.0005,0.0005,mrlco_first_order_mean_pseudogradient,fixed_literature_derived_defaults,0.0020721868659535026,0.00010360934329767257,0.01561426223119873,0.0007807131115599164,0.0010222146144350107,5.111073072175398e-05,3.0,0.0,0.10548631131072789,0.8088009485382945,0.04954467428362712,,,,,,,,,,,,,,,,
0.06703927994556223,0.01475,0.982,0.00325,-0.001750568742863834,0.028638802468776703,0.012013057308649877,0.013583333122854433,1.2466924987733363,0.0,0.0,0.0,0.0,0.0,0.0,0.06430244810482343,1.396634817123413,publication,0.6560153961181641,5.31308913230896,0.6218473587454172,0.6993070591591095,200,0.7986219358674195,2.110091108828783,0.048752425209386274,0.6218473587454171,0.6993070707097649,221.47367727279664,mobile,0.0032032264270120884,0.01448110118527632,11.073683958139576,11.073683958139576,system,0.0,295,0.6993070707097649,0.05490900756068335,meta_train_support,0,MARGO-SPLIT-v1,20,20,80,3,296,0.0,0.2,20,10,0.0005,0.0005,mrlco_first_order_mean_pseudogradient,fixed_literature_derived_defaults,0.0020675001372954605,0.00010337500686477541,0.015580002565034978,0.0007790001282517167,0.001018761186683541,5.093805933417683e-05,3.0,0.0,0.10558968631759266,0.8095799486665463,0.049595612342961296,,,,,,,,,,,,,,,,
0.052049599719631835,0.00875,0.99025,0.001,-0.00379321095533669,0.013094707392156124,0.002915936654956871,0.010249999926115078,0.8990858389685551,0.0,0.0,0.0,0.0,0.0,0.0,0.04583553174015454,1.1303240060806274,publication,0.6643240451812744,4.881196022033691,0.3566744305225577,0.39932158556577635,200,0.4198124863166869,1.2539682146016276,0.04731586217531003,0.35667443052255765,0.3993215863779187,606.8684877490997,mobile,0.005226352843779083,0.06304897545812481,30.343424278556654,30.343424278556654,system,0.0,296,0.3993215863779187,0.045747310053289185,meta_train_support,0,MARGO-SPLIT-v1,20,20,80,3,297,0.0,0.2,20,10,0.0005,0.0005,mrlco_first_order_mean_pseudogradient,fixed_literature_derived_defaults,0.0020605388573719068,0.00010302694286859482,0.015527544643940584,0.0007763772321970341,0.0010153310143378052,5.076655071688946e-05,3.0,0.0,0.10569271326046126,0.8103563258987433,0.049646378893678185,,,,,,,,,,,,,,,,
0.054558822382461694,0.01175,0.98575,0.0025,-0.0038280761800706387,0.03605686128139496,0.0018741688260585458,0.015250000233451527,1.29420797030131,0.0,0.0,0.0,0.0,0.0,0.0,0.06279724595373772,1.5166878700256348,publication,0.6498913764953613,5.365017414093018,0.516610144566285,0.5798822298471714,200,0.8725738153085373,2.843250198988244,0.048912774116615765,0.5166101445662851,0.5798822183534503,393.5710581588745,mobile,0.004092863380023545,0.007640356272440606,19.678553718090523,19.678553718090523,system,0.0,297,0.5798822183534503,0.0566819829281137,meta_train_support,0,MARGO-SPLIT-v1,20,20,80,3,298,0.0,0.2,20,10,0.0005,0.0005,mrlco_first_order_mean_pseudogradient,fixed_literature_derived_defaults,0.0020788301720731685,0.00010394150860365547,0.015560499862901374,0.0007780249931450545,0.0010119238632829803,5.0596193164151315e-05,3.0,0.0,0.10579665476906491,0.8111343508918883,0.049696975086842336,,,,,,,,,,,,,,,,
0.08694250103602033,0.02375,0.97125,0.005,-0.0024966506753116846,0.06823132187128067,0.004407454487712433,0.028666667003805435,2.2515068133672074,0.0,0.0,0.0,0.0,0.0,0.0,0.0938558157660577,1.641423225402832,publication,0.5919699668884277,5.220336675643921,0.8740225196616968,0.9852786049043061,200,0.9677466832378118,2.4872684981673956,0.03743857319932431,0.8740225196616966,0.9852786044403911,149.26371413230896,mobile,0.0015109161806423058,0.00214399623544797,7.463185150557258,7.463185150557258,system,0.0,298,0.9852786044403911,0.06628215997885416,meta_train_support,0,MARGO-SPLIT-v1,20,20,80,3,299,0.0,0.2,20,10,0.0005,0.0005,mrlco_first_order_mean_pseudogradient,fixed_literature_derived_defaults,0.0020769724018097455,0.00010384862009048257,0.01552889682313059,0.0007764448411565761,0.0010085395025362144,5.042697512681188e-05,3.0,0.0,0.1059005033891554,0.8119107957330449,0.04974740206196915,,,,,,,,,,,,,,,,
0.07036616472762,0.026,0.9695,0.0045,0.00046700137318111956,0.1322377771139145,0.005934095239111534,0.036333333188667896,2.1733446379502612,0.0,0.0,0.0,0.0,0.0,0.0,0.1069653497638335,1.7545011043548584,publication,0.5654873847961426,3.3510193824768066,0.9405186517468129,1.0573393589838087,200,1.0840122175573155,3.1898916102945805,0.04293067802791484,0.9405186517468132,1.0573393444903194,244.15725708007812,mobile,0.002499440706991483,0.019524973249427556,12.207863121169842,12.207863121169842,system,0.0,299,1.0573393444903194,0.05314607078442068,meta_train_support,0,MARGO-SPLIT-v1,20,20,80,3,300,0.0,0.2,20,10,0.0005,0.0005,mrlco_first_order_mean_pseudogradient,fixed_literature_derived_defaults,0.00207503495295421,0.00010375174764770678,0.015494883167343296,0.0007747441583672021,0.001005177704194427,5.025888520972244e-05,3.0,0.0,0.1060042551368031,0.8126855398914121,0.04979766094717887,,,,,,,,,,,,,,,,
0.06248402442208406,0.03,0.964,0.006,0.0003839792334474623,0.07211869210004807,0.00703986956796143,0.02333333360341688,1.7789383925497533,0.0,0.0,0.0,0.0,0.0,0.0,0.122300229733472,1.8664507865905762,publication,0.6390092372894287,5.251904010772705,0.7820113553957796,0.8815737565197196,200,0.8596586432717126,2.2846072744578123,0.05122409381874604,0.7820113553957795,0.8815737445466221,472.1170604324341,mobile,0.001067338697620103,0.014771075178154559,23.60585149900096,23.60585149900096,system,0.0,300,0.8815737445466221,0.04814329420559089,meta_train_support,0,MARGO-SPLIT-v1,20,20,80,3,301,0.0,0.2,20,10,0.0005,0.0005,mrlco_first_order_mean_pseudogradient,fixed_literature_derived_defaults,0.0020681411491237974,0.00010340705745619239,0.015443405150176044,0.000772170257508753,0.00100183824338315,5.009191216915482e-05,3.0,0.0,0.1061076621942593,0.8134577101489209,0.049847752859348025,-0.0982270338237636,-0.08999934519778172,0.08999934519778172,0.05,0.1,0.025,0.0175,0.975,0.975,0.0,validation/automotive_lexicographic_v1,automotive_lexicographic_v1,a3bd00d5108237acdb706f561212b5d840bac151f48b5250a61c573d9c9ffb6c,250279042.0,0.08999934519778172,0.0
0.06921227273137888,0.023,0.97325,0.00375,-0.002923299092799425,0.019229790195822716,0.008449387115736803,0.01983333349538346,0.9981731578707695,0.0,0.0,0.0,0.0,0.0,0.0,0.11030084713399897,1.4689027070999146,publication,0.6608295440673828,5.298343181610107,0.38294679684369276,0.42860056126344714,200,0.5323900279371313,1.3911364850500831,0.02910438785329461,0.38294679684369276,0.4286005500145256,313.8148564529419,mobile,0.0038800847976320236,0.006358495892238557,15.690742137124815,15.690742137124815,system,0.0,301,0.4286005500145256,0.06262731820650652,meta_train_support,0,MARGO-SPLIT-v1,20,20,80,3,302,0.0,0.2,20,10,0.0005,0.0005,mrlco_first_order_mean_pseudogradient,fixed_literature_derived_defaults,0.0020612929996233873,0.00010306464998116605,0.015395591193158555,0.0007697795596579571,0.0009985208982063846,4.992604491031727e-05,3.0,0.0,0.10621072684424046,0.8142274897085788,0.04989767890425834,,,,,,,,,,,,,,,,
0.07227424357270543,0.04325,0.95125,0.0055,0.0009129798854701221,0.0374971367418766,0.019126219644870917,0.04950000061653555,1.8062046150366462,0.0,0.0,0.0,0.0,0.0,0.0,0.14594792282215688,1.7857462167739868,publication,0.6579298973083496,5.179540395736694,0.9485953211369522,1.0696154987817863,200,0.8579136648772352,2.6315636058570817,0.04685609130683588,0.9485953211369523,1.069615557268262,372.3151891994476,mobile,0.0006492439821466778,0.006310497543729575,18.615759669229547,18.615759669229547,system,0.0,302,1.069615557268262,0.05018715046806963,meta_train_support,0,MARGO-SPLIT-v1,20,20,80,3,303,0.0,0.2,20,10,0.0005,0.0005,mrlco_first_order_mean_pseudogradient,fixed_literature_derived_defaults,0.0020544900524299106,0.00010272450262149846,0.015344780661167933,0.00076723903305842,0.0009952254496974526,4.9761272484870334e-05,3.0,0.0,0.10631345134686196,0.8149947287416373,0.04994744017674321,,,,,,,,,,,,,,,,
0.06195201438326424,0.0315,0.963,0.0055,0.0013010372640565038,0.018544761463999748,0.016832941246684642,0.03599999987830718,1.198344912628333,0.0,0.0,0.0,0.0,0.0,0.0,0.11358913059530268,1.558073878288269,publication,0.6774804592132568,5.072418451309204,0.5262196613598591,0.5914576339126324,200,0.7673991877370714,2.35502099362202,0.033652669764705934,0.5262196613598591,0.591457631867379,300.5227395248413,mobile,0.0011374195674250522,0.001525928328887964,15.02613713910649,15.02613713910649,system,0.0,303,0.591457631867379,0.04455028796076273,meta_train_support,0,MARGO-SPLIT-v1,20,20,80,3,304,0.0,0.2,20,10,0.0005,0.0005,mrlco_first_order_mean_pseudogradient,fixed_literature_derived_defaults,0.0020477318614679704,0.00010238659307339193,0.015294304408993039,0.0007647152204496299,0.0009919516817708163,4.959758408853987e-05,3.0,0.0,0.10641583793993535,0.8157594439620869,0.04999703776083175,,,,,,,,,,,,,,,,
0.05894951609654632,0.02875,0.96575,0.0055,0.0013552072923630476,0.05391769856214523,0.013146884449330778,0.031666666005427634,1.6147565046946208,0.0,0.0,0.0,0.0,0.0,0.0,0.11349208775096056,1.3627341985702515,publication,0.67592453956604,5.187336683273315,0.7843267282635784,0.8820788038910269,200,0.8597240348483625,2.645923944655806,0.05844945973194626,0.7843267282635784,0.8820788300223649,997.0611862468719,mobile,0.0012034611877655666,0.0069617820989464774,49.85306047457635,49.85306047457635,system,0.0,304,0.8820788300223649,0.044652767361720205,meta_train_support,0,MARGO-SPLIT-v1,20,20,80,3,305,0.0,0.2,20,10,0.0005,0.0005,mrlco_first_order_mean_pseudogradient,fixed_literature_derived_defaults,0.0020410179865123375,0.00010205089932562028,0.01525349747737363,0.0007626748738687184,0.0009886993811748462,4.943496905874395e-05,3.0,0.0,0.10651788883926097,0.8165221188359556,0.0500464727298905,,,,,,,,,,,,,,,,
0.05809046276354618,0.019,0.977,0.004,-0.00010545554687269032,0.061933763325214386,0.010367260039007911,0.024583333094293874,1.5516846793393293,0.0,0.0,0.0,0.0,0.0,0.0,0.08196731841020032,1.1970865726470947,publication,0.662665843963623,5.045510768890381,0.747247511702133,0.8397124257096584,200,0.8739703562473425,2.5389829460764304,0.023964718682691455,0.7472475117021327,0.8397124162316323,857.5995399475098,mobile,0.0015108193032717624,0.004963835823871564,42.87997889984187,42.87997889984187,system,0.0,305,0.8397124162316323,0.050474061360862625,meta_train_support,0,MARGO-SPLIT-v1,20,20,80,3,306,0.0,0.2,20,10,0.0005,0.0005,mrlco_first_order_mean_pseudogradient,fixed_literature_derived_defaults,0.002038991816749345,0.00010194959083746624,0.015223047665420132,0.0007611523832710132,0.0009854683374455168,4.9273416872275266e-05,3.0,0.0,0.10661983843009844,0.8172832712192266,0.05009574614676277,,,,,,,,,,,,,,,,
0.0558567496324095,0.01775,0.97925,0.003,-0.005403928458690643,0.24809975922107697,0.00451251904056941,0.032000000355765224,2.2633344804247217,0.0,0.0,0.0,0.0,0.0,0.0,0.07540997785736099,1.023519515991211,publication,0.5806572437286377,5.297178506851196,0.8596532811513142,0.9651076372981333,200,1.007255969630281,3.0736688210163265,0.04999917093664408,0.8596532811513145,0.9651076540350914,471.07380979537965,mobile,0.014907864794339967,0.07083265349118183,23.553690813368103,23.553690813368103,system,0.0,306,0.9651076540350914,0.052714442965952735,meta_train_support,0,MARGO-SPLIT-v1,20,20,80,3,307,0.0,0.2,20,10,0.0005,0.0005,mrlco_first_order_mean_pseudogradient,fixed_literature_derived_defaults,0.002043370834034898,0.00010216854170173872,0.015218079424113929,0.0007609039712056509,0.0009822583428610037,4.9112917143052937e-05,3.0,0.0,0.10672200697180018,0.8180441751904323,0.050144859063905825,,,,,,,,,,,,,,,,
0.05413255836811941,0.01275,0.98575,0.0015,-0.00877534318715334,0.018062293529510498,0.0038111714552239093,0.02091666669584811,1.0846447785695394,0.0,0.0,0.0,0.0,0.0,0.0,0.05331995666929151,1.0992605686187744,publication,0.5791771411895752,3.7959282398223877,0.4329342918882773,0.48559638119564624,200,0.5780467928943168,1.8463050718419254,0.03312515397556126,0.4329342918882773,0.48559638623148205,503.7104127693176,mobile,0.053283044298078897,0.12386161861186354,25.18552175487285,25.18552175487285,system,0.0,307,0.48559638623148205,0.06345591239610282,meta_train_support,0,MARGO-SPLIT-v1,20,20,80,3,308,0.0,0.2,20,10,0.0005,0.0005,mrlco_first_order_mean_pseudogradient,fixed_literature_derived_defaults,0.002050099498949252,0.00010250497494745936,0.015237394174990012,0.0007618697087494741,0.0009790691923971693,4.895345961986042e-05,3.0,0.0,0.10682451194674764,0.8188060448991817,0.050193812523525685,,,,,,,,,,,,,,,,
0.06446831580536867,0.01275,0.98525,0.002,-0.007661531213670969,0.035632021725177765,0.002028899452125188,0.016500000221033893,1.3744748315463464,0.0,0.0,0.0,0.0,0.0,0.0,0.05606917651991335,1.1508285999298096,publication,0.6638128757476807,5.0829017162323,0.6662594203214315,0.7501859092884114,200,0.6507047655689381,1.7922756227198988,0.05672157742083073,0.6662594203214314,0.7501859344542027,947.8129038429261,mobile,0.004860279989232863,0.00973910308726144,47.39064473702315,47.39064473702315,system,0.0,308,0.7501859344542027,0.06695120860027089,meta_train_support,0,MARGO-SPLIT-v1,20,20,80,3,309,0.0,0.2,20,10,0.0005,0.0005,mrlco_first_order_mean_pseudogradient,fixed_literature_derived_defaults,0.002045936517575388,0.00010229682587876987,0.015232479481727372,0.0007616239740864117,0.0009759006836839098,4.879503418419445e-05,3.0,0.0,0.1069268087726264,0.8195676688732682,0.05024260755770988,,,,,,,,,,,,,,,,
0.05396089633167661,0.01,0.988,0.002,-0.0006149328546598554,0.05329463258385658,0.01077166874698984,0.015916666543732083,1.497581698000431,0.0,0.0,0.0,0.0,0.0,0.0,0.05880164481800576,1.3058557510375977,publication,0.6786227226257324,5.213357210159302,0.7342892431289502,0.8259470940112078,200,0.9813595798991115,2.7681284872815013,0.025724660663399845,0.7342892431289498,0.8259470696561039,443.67267983436585,mobile,0.0011435146120765782,0.0019243808501239448,22.18363380196948,22.18363380196948,system,0.0,309,0.8259470696561039,0.04284894736869396,meta_train_support,0,MARGO-SPLIT-v1,20,20,80,3,310,0.0,0.2,20,10,0.0005,0.0005,mrlco_first_order_mean_pseudogradient,fixed_literature_derived_defaults,0.0020393367223574027,0.00010196683611786439,0.015183342451141155,0.0007591671225570806,0.0009727526169623488,4.863763084811401e-05,3.0,0.0,0.10702877560874427,0.8203268359958252,0.050291245188557994,,,,,,,,,,,,,,,,
0.03759794000936197,0.0085,0.99025,0.00125,-0.0022118263877928257,0.01393413171172142,0.007930007859613399,0.011333333250756066,1.0411033083995183,0.0,0.0,0.0,0.0,0.0,0.0,0.0533995574754617,1.4124995470046997,publication,0.6317405700683594,5.085255146026611,0.3901314934699385,0.4383398925389338,200,0.42743796238462123,1.4331764618400484,0.053733704204205424,0.39013149346993853,0.438339898083359,1104.3315802001953,mobile,0.006266223342988054,0.01131328377586159,55.21657817702394,55.21657817702394,system,0.0,310,0.438339898083359,0.030904860508349556,meta_train_support,0,MARGO-SPLIT-v1,20,20,80,3,311,0.0,0.2,20,10,0.0005,0.0005,mrlco_first_order_mean_pseudogradient,fixed_literature_derived_defaults,0.002032779369552395,0.00010163896847761866,0.015134521414320765,0.000756726070716085,0.0009696247950428558,4.8481239752144745e-05,3.0,0.0,0.10713041457722189,0.8210835620665413,0.05033972642831014,,,,,,,,,,,,,,,,
0.03647583995532644,0.01125,0.988,0.00075,-0.005604589357972145,0.021203430369496346,0.0021053591956539702,0.022083332762122154,1.0971942777434984,0.0,0.0,0.0,0.0,0.0,0.0,0.05820459423627145,1.430503249168396,publication,0.6246538162231445,5.121264219284058,0.5033298279061843,0.5659161612271055,200,0.6292230374799471,2.2925386472434184,0.04677248001098633,0.5033298279061845,0.5659161590784788,975.6004812812805,mobile,0.008484096937274348,0.038230476980944124,48.78002587087936,48.78002587087936,system,0.0,311,0.5659161590784788,0.06396470787438428,meta_train_support,0,MARGO-SPLIT-v1,20,20,80,3,312,0.0,0.2,20,10,0.0005,0.0005,mrlco_first_order_mean_pseudogradient,fixed_literature_derived_defaults,0.002053091114628641,0.00010265455573142679,0.015237305104245619,0.0007618652552122684,0.0009665170232638722,4.832585116319038e-05,3.0,0.0,0.10723306913295332,0.8218454273217536,0.05038805227947333,,,,,,,,,,,,,,,,
0.05086000273629846,0.01125,0.98775,0.001,-0.0048591094091534615,0.03950732946395874,0.003311048723602046,0.019250000485529502,1.2969997396071753,0.0,0.0,0.0,0.0,0.0,0.0,0.06283604621847144,1.494251012802124,publication,0.6512985229492188,4.5674073696136475,0.6179061205025637,0.6933543906146588,200,1.053865837348216,3.7264329129830003,0.024805285705951974,0.6179061205025638,0.6933543791715056,319.7923984527588,mobile,0.008476699676192545,0.029729757835302996,15.989619438395982,15.989619438395982,system,0.0,312,0.6933543791715056,0.060672331585076913,meta_train_support,0,MARGO-SPLIT-v1,20,20,80,3,313,0.0,0.2,20,10,0.0005,0.0005,mrlco_first_order_mean_pseudogradient,fixed_literature_derived_defaults,0.002089567642959878,0.00010447838214799887,0.015333922390799677,0.0007666961195399447,0.0009634291094515276,4.817145547257595e-05,3.0,0.0,0.10733754751510131,0.8226121234412935,0.050436223734945905,,,,,,,,,,,,,,,,
0.06069046174026046,0.0115,0.9855,0.003,-0.0050697969272732735,0.016815844923257828,0.0025549596224057796,0.023083333438262344,1.0841593419512114,0.0,0.0,0.0,0.0,0.0,0.0,0.06577644167211077,1.5815403461456299,publication,0.662752628326416,5.042440176010132,0.4629008611226098,0.5195045463899624,200,0.6196232790679727,2.0601505218073726,0.046285705611808226,0.4629008611226098,0.5195045567303896,384.8360974216461,mobile,0.0037097693362119493,0.011940854135307044,19.241804405695145,19.241804405695145,system,0.0,313,0.5195045567303896,0.053588277334898675,meta_train_support,0,MARGO-SPLIT-v1,20,20,80,3,314,0.0,0.2,20,10,0.0005,0.0005,mrlco_first_order_mean_pseudogradient,fixed_literature_derived_defaults,0.0020905056644609545,0.00010452528322305032,0.015318818262024046,0.0007659409131012263,0.0009603608638800258,4.8018043194000826e-05,3.0,0.0,0.10744207279832436,0.8233780643543948,0.050484241778139906,,,,,,,,,,,,,,,,
0.06179304883786731,0.021,0.97725,0.00175,0.0007119940128177404,0.033249568194150925,0.01070915807140409,0.01724999981621901,1.511748789250851,0.0,0.0,0.0,0.0,0.0,0.0,0.0791022981998106,1.531542181968689,publication,0.6204431056976318,5.0347981452941895,0.7121561145871123,0.8004516765474137,200,0.6186636673545645,1.843954423442483,0.047295020171986835,0.7121561145871123,0.8004516632296145,541.1834079170227,mobile,0.0071148947943935545,0.011746527732244778,27.05917018694887,27.05917018694887,system,0.0,314,0.8004516632296145,0.052132692605478585,meta_train_support,0,MARGO-SPLIT-v1,20,20,80,3,315,0.0,0.2,20,10,0.0005,0.0005,mrlco_first_order_mean_pseudogradient,fixed_literature_derived_defaults,0.002087607795007295,0.00010438038975035813,0.015285346731829302,0.0007642673365915176,0.0009573120992327877,4.786560496163744e-05,3.0,0.0,0.10754645318807472,0.8241423316909863,0.05053210738310154,,,,,,,,,,,,,,,,
0.055511748079590716,0.01775,0.9795,0.00275,-0.002616861602291465,0.09908195585012436,0.004712962016067954,0.02383333374746144,1.648924037317435,0.0,0.0,0.0,0.0,0.0,0.0,0.07975002924211107,1.4753531217575073,publication,0.6667153835296631,4.875847578048706,0.9234640548615575,1.0364098366258987,200,1.169329991416884,3.543836735188961,0.042164010024862364,0.9234640548615574,1.0364098435081541,377.6591593933106,mobile,0.0011340256922007894,0.0029141287093031425,18.8829571044817,18.8829571044817,system,0.0,315,1.0364098435081541,0.04900103970778715,meta_train_support,0,MARGO-SPLIT-v1,20,20,80,3,316,0.0,0.2,20,10,0.0005,0.0005,mrlco_first_order_mean_pseudogradient,fixed_literature_derived_defaults,0.0020898809064005147,0.00010449404532002216,0.01526651566643417,0.0007633257833217222,0.0009542826305643296,4.7714131528216186e-05,3.0,0.0,0.10765094723339474,0.824905657474308,0.05057982151462976,,,,,,,,,,,,,,,,
0.054674855209214314,0.0165,0.9815,0.002,-0.002298276638612151,0.07188577950000763,0.007540435827650072,0.015999999782070513,1.6795265187819801,0.0,0.0,0.0,0.0,0.0,0.0,0.07941054966694536,1.438594937324524,publication,0.6970736980438232,4.79242205619812,0.8197664703863725,0.9220452376620778,200,0.8027748046094865,3.1441779285669327,0.0353696710371878,0.8197664703863724,0.9220452270098031,1150.851609802246,mobile,0.007928630238037275,0.015084948016877575,57.54258190818821,57.54258190818821,system,0.0,316,0.9220452270098031,0.03994980686867817,meta_train_support,0,MARGO-SPLIT-v1,20,20,80,3,317,0.0,0.2,20,10,0.0005,0.0005,mrlco_first_order_mean_pseudogradient,fixed_literature_derived_defaults,0.002087681207047544,0.00010438406035237491,0.015234451111948868,0.0007617225555974771,0.0009512722752628648,4.756361376314494e-05,3.0,0.0,0.10775533129374712,0.8256673800299055,0.050627385128392904,,,,,,,,,,,,,,,,
0.07729323327944777,0.028,0.9695,0.0025,0.00196982198394835,0.05173679441213608,0.011170493224926758,0.0164166665636003,1.882394801080227,0.0,0.0,0.0,0.0,0.0,0.0,0.08935845802936937,1.3856765031814575,publication,0.6380190849304199,5.06341814994812,0.8721859239520867,0.9831077220603766,200,0.8882424556416264,2.7048399415798485,0.049373745277989656,0.8721859239520867,0.9831077281199395,266.84889585494994,mobile,0.0010746970541079127,0.009815259753474906,13.342445515055282,13.342445515055282,system,0.0,317,0.9831077281199395,0.05611574459193282,meta_train_support,0,MARGO-SPLIT-v1,20,20,80,3,318,0.0,0.2,20,10,0.0005,0.0005,mrlco_first_order_mean_pseudogradient,fixed_literature_derived_defaults,0.002082710818175376,0.00010413554090876742,0.015195793757193782,0.0007597896878597243,0.0009482808530136105,4.7414042650677224e-05,3.0,0.0,0.10785946683465589,0.8264271697177652,0.05067479917104358,,,,,,,,,,,,,,,,
0.04214094385031787,0.01175,0.9875,0.00075,-0.0007176225772127509,0.023281889036297798,0.005038576244866514,0.008000000038494668,1.0908248160034417,0.0,0.0,0.0,0.0,0.0,0.0,0.05528242678512948,1.3704389333724976,publication,0.6268882751464844,5.12225341796875,0.4891011251627929,0.551498430599313,200,0.6780834195514013,2.1434155255556107,0.0289343484910205,0.4891011251627928,0.5514984292630106,1251.5963424110412,mobile,0.00109396833964661,0.004809898016200241,62.57981591940526,62.57981591940526,system,0.0,318,0.5514984292630106,0.03529819206001322,meta_train_support,0,MARGO-SPLIT-v1,20,20,80,3,319,0.0,0.2,20,10,0.0005,0.0005,mrlco_first_order_mean_pseudogradient,fixed_literature_derived_defaults,0.002076181944137209,0.00010380909720686393,0.015148158040086592,0.0007574079020042923,0.0009453081857627841,4.726540928813583e-05,3.0,0.0,0.10796327593186275,0.8271845776197695,0.05072206458033172,,,,,,,,,,,,,,,,
0.06533452434307947,0.024,0.972,0.004,-0.00021336559439077973,0.06898413598537445,0.006284159332593238,0.020000000204890966,1.9921964322527246,0.0,0.0,0.0,0.0,0.0,0.0,0.0854129017976143,1.3800878524780273,publication,0.6797552108764648,5.192134380340576,0.9905368582636023,1.1151723946265701,200,0.6429469799820541,2.024305477272719,0.04452170943841338,0.9905368582636023,1.115172405615449,530.4893104553223,mobile,0.006577173856086676,0.042053965920116135,26.524464514379183,26.524464514379183,system,0.0,319,1.115172405615449,0.047910665154194766,meta_train_support,0,MARGO-SPLIT-v1,20,20,80,3,320,0.0,0.2,20,10,0.0005,0.0005,mrlco_first_order_mean_pseudogradient,fixed_literature_derived_defaults,0.0020701612371424338,0.0001035080618571188,0.015107182425628836,0.0007553591212814403,0.0009423540976822754,4.711770488411565e-05,3.0,0.0,0.10806678399371987,0.8279399367410509,0.05076918228521583,,,,,,,,,,,,,,,,
0.04937437506039236,0.00975,0.99,0.00025,-0.0007885018712840974,0.009525609202682972,0.004345925149391405,0.005416666545594731,0.7637944965312878,0.0,0.0,0.0,0.0,0.0,0.0,0.04485970131774121,1.0672589540481567,publication,0.6751790046691895,5.270991325378418,0.26098142769027044,0.2918486087824749,200,0.39804562466747007,1.1638136906549335,0.024828745066770352,0.2609814276902704,0.2918486019317061,251.86830742836,mobile,0.0014848069972318103,0.0025879213478893675,12.593415367302043,12.593415367302043,system,0.0,320,0.2918486019317061,0.04177484667170987,meta_train_support,0,MARGO-SPLIT-v1,20,20,80,3,321,0.0,0.2,20,10,0.0005,0.0005,mrlco_first_order_mean_pseudogradient,fixed_literature_derived_defaults,0.0020637121367151987,0.00010318560683575395,0.015060119552028748,0.0007530059776014175,0.0009394184151349786,4.697092075674897e-05,3.0,0.0,0.10816996960055562,0.8286929427186523,0.05081615320597258,,,,,,,,,,,,,,,,
0.07017898508439634,0.00925,0.98925,0.0015,-0.0031194116454571486,0.13094781339168549,0.002624159780922734,0.004333333220953742,1.3462716744591794,0.0,0.0,0.0,0.0,0.0,0.0,0.04697027502608967,1.329460859298706,publication,0.5228092670440674,5.040730953216553,0.5788756425656088,0.6527580010473867,200,1.0959605466308397,3.911962803453207,0.024091787647193996,0.5788756425656089,0.6527580040786415,564.7068868255615,mobile,0.018791679765205085,0.025402946041818305,28.23534479672406,28.23534479672406,system,0.0,321,0.6527580040786415,0.06219026912675367,meta_train_support,0,MARGO-SPLIT-v1,20,20,80,3,322,0.0,0.2,20,10,0.0005,0.0005,mrlco_first_order_mean_pseudogradient,fixed_literature_derived_defaults,0.0020668921343613756,0.00010334460671806989,0.015044494099378244,0.0007522247049689401,0.0009365009666407706,4.68250483320401e-05,3.0,0.0,0.1082733142072737,0.8294451674236213,0.05086297825430462,,,,,,,,,,,,,,,,
0.08375539003564764,0.0175,0.9795,0.003,-0.003988250624388456,0.023649459704756737,0.008515756704825132,0.00983333323771755,1.6651775225996972,0.0,0.0,0.0,0.0,0.0,0.0,0.07860179397685703,1.4378118515014648,publication,0.6546144485473633,5.201616287231445,0.8150254562571078,0.9206196751911375,200,0.699104663305788,2.3113951655104756,0.03922595456242561,0.8150254562571078,0.9206196712516248,343.5276177215576,mobile,0.0052538344686396,0.005455054567471269,17.17638004029231,17.17638004029231,system,0.0,322,0.9206196712516248,0.05978287115318423,meta_train_support,0,MARGO-SPLIT-v1,20,20,80,3,323,0.0,0.2,20,10,0.0005,0.0005,mrlco_first_order_mean_pseudogradient,fixed_literature_derived_defaults,0.0020644915229879354,0.00010322457614939107,0.015015192941260228,0.0007507596470630595,0.0009336015828431211,4.668007914215844e-05,3.0,0.0,0.10837653878342308,0.8301959270706843,0.05090965833344678,,,,,,,,,,,,,,,,
0.06688730664705211,0.007,0.99,0.003,-0.0030839138198643923,0.04486934095621109,0.009457338154121924,0.016083333734422917,1.2905648395419118,0.0,0.0,0.0,0.0,0.0,0.0,0.049752682906576494,1.4318633079528809,publication,0.6568567752838135,4.697433948516846,0.517467187728339,0.5816557973285671,200,0.7752031162986077,2.4415383730083704,0.06426193955121562,0.517467187728339,0.5816557992622257,243.21930643081666,mobile,0.0015787745049246438,0.0032844857752358236,12.160966044249417,12.160966044249417,system,0.0,323,0.5816557992622257,0.054672299812071265,meta_train_support,0,MARGO-SPLIT-v1,20,20,80,3,324,0.0,0.2,20,10,0.0005,0.0005,mrlco_first_order_mean_pseudogradient,fixed_literature_derived_defaults,0.002061840808661975,0.00010309204043310038,0.01498379211242505,0.0007491896056212033,0.0009307200964763214,4.653600482381476e-05,3.0,0.0,0.10847963082385619,0.8309451166763056,0.050956194338270595,,,,,,,,,,,,,,,,
0.0474896871978034,0.0055,0.9925,0.002,-0.0008075131918303668,0.012063534930348396,0.0027784472537556817,0.00424999992052714,0.9655874577040475,0.0,0.0,0.0,0.0,0.0,0.0,0.04153925911066744,1.1613471508026123,publication,0.6068630218505859,5.26149845123291,0.2965530763381112,0.33246006328712613,200,0.4635562681543258,1.532862141251826,-0.025561452144756913,0.2965530763381111,0.3324600703828037,651.4285436725617,mobile,0.0026600767756740323,0.003730434622578079,32.57142547730561,32.57142547730561,system,0.0,324,0.3324600703828037,0.038472593089963654,meta_train_support,0,MARGO-SPLIT-v1,20,20,80,3,325,0.0,0.2,20,10,0.0005,0.0005,mrlco_first_order_mean_pseudogradient,fixed_literature_derived_defaults,0.0020554966830968616,0.00010277483415484234,0.014937688136694511,0.0007468844068346803,0.0009278563423333173,4.6392817116665264e-05,3.0,0.0,0.10858240565801103,0.8316920010831402,0.05100258715538726,,,,,,,,,,,,,,,,
0.06248944412417878,0.0085,0.98925,0.00225,-0.00316024967469275,0.01581784337759018,0.008825240177854236,0.0060833333836247516,1.0065085982282955,0.0,0.0,0.0,0.0,0.0,0.0,0.047051581728423275,1.4273324012756348,publication,0.6809256076812744,5.458374977111816,0.5056971805832695,0.5691442734283919,200,0.6153357455776518,2.0173401469364762,0.05364995670970529,0.5056971805832695,0.5691442665085197,508.1464932918549,mobile,0.003887273304617833,0.005109304274776872,25.407324389596674,25.407324389596674,system,0.0,325,0.5691442665085197,0.054967365575239936,meta_train_support,0,MARGO-SPLIT-v1,20,20,80,3,326,0.0,0.2,20,10,0.0005,0.0005,mrlco_first_order_mean_pseudogradient,fixed_literature_derived_defaults,0.0020491914785474847,0.00010245957392737703,0.014891867007440848,0.0007445933503720248,0.0009250119326922807,4.6250596634614394e-05,3.0,0.0,0.1086848652319384,0.8324365944335123,0.051048837752021875,,,,,,,,,,,,,,,,
0.06607282571326609,0.016,0.981,0.003,0.00041800213512033224,0.04894115403294563,0.010863654726805786,0.008750000068296989,1.4740120261907577,0.0,0.0,0.0,0.0,0.0,0.0,0.0619613328203691,1.4085675477981567,publication,0.6801974773406982,5.4304139614105225,0.8150665298649798,0.9170043102863735,200,0.9914089497683405,2.674081264063716,0.03522725514812919,0.8150665298649796,0.9170043391175569,433.84642992019656,mobile,0.0015265021856688682,0.001834784283597349,21.69232192894138,21.69232192894138,system,0.0,326,0.9170043391175569,0.05365645834661988,meta_train_support,0,MARGO-SPLIT-v1,20,20,80,3,327,0.0,0.2,20,10,0.0005,0.0005,mrlco_first_order_mean_pseudogradient,fixed_literature_derived_defaults,0.0020458881453036476,0.00010229440726518269,0.014859640826345877,0.0007429820413172861,0.000922183150023497,4.6109157501174336e-05,3.0,0.0,0.10878715963920359,0.8331795764748295,0.05109494690952305,,,,,,,,,,,,,,,,
0.05677267030401865,0.0095,0.98925,0.00125,-0.0017219200963154435,0.016022823750972748,0.003718056772292281,0.006083333290492495,1.1052932483454545,0.0,0.0,0.0,0.0,0.0,0.0,0.05175757737424375,1.4268076419830322,publication,0.6696712970733643,5.197865724563599,0.3065722685518138,0.3449395739669853,200,0.3504287971863573,1.0489869955927134,0.05064110198873095,0.30657226855181374,0.34493956515565516,543.7884497833252,mobile,0.0009779476347499016,0.0013297628687513555,27.18942248660954,27.18942248660954,system,0.0,327,0.34493956515565516,0.038795132397160634,meta_train_support,0,MARGO-SPLIT-v1,20,20,80,3,328,0.0,0.2,20,10,0.0005,0.0005,mrlco_first_order_mean_pseudogradient,fixed_literature_derived_defaults,0.0020396506814460147,0.00010198253407230073,0.014814337043338725,0.0007407168521669227,0.000919371616029523,4.5968580801476755e-05,3.0,0.0,0.10888914217327589,0.8339202933269965,0.051140915490324526,,,,,,,,,,,,,,,,
0.05481610233094453,0.016,0.98275,0.00125,-0.0012896370608359575,0.026502186432480812,0.003486932373198215,0.007333333324640988,1.4901761785149577,0.0,0.0,0.0,0.0,0.0,0.0,0.06841396349831362,1.4346963167190552,publication,0.5882260799407959,4.983899116516113,0.5982469168472337,0.674006719758836,200,0.5517225203382115,1.7239357526414096,0.03515423956559971,0.5982469168472336,0.6740067205391824,655.5441249465943,mobile,0.0013737880041895425,0.004832337484285567,32.777208017795544,32.777208017795544,system,0.0,328,0.6740067205391824,0.04178959492228495,meta_train_support,0,MARGO-SPLIT-v1,20,20,80,3,329,0.0,0.2,20,10,0.0005,0.0005,mrlco_first_order_mean_pseudogradient,fixed_literature_derived_defaults,0.002034299359935189,0.00010171496799675495,0.014777908107807724,0.0007388954053904051,0.0009165771734276095,4.5828858671381756e-05,3.0,0.0,0.10899085714127264,0.8346591887323869,0.05118674434899591,,,,,,,,,,,,,,,,
0.07059348325222031,0.01475,0.98425,0.001,-0.0005720049375668168,0.06621746718883514,0.004031770667643287,0.007833333328987162,1.456133502845963,0.0,0.0,0.0,0.0,0.0,0.0,0.05539952565001201,1.2800711393356323,publication,0.6721322536468506,5.056013107299805,0.6218346359197615,0.7017328062609749,200,0.8764558884790359,2.3809475349262357,0.042011527965769346,0.6218346359197616,0.7017328020557762,329.8832960128784,mobile,0.000583379571231451,0.0008482658210187847,16.494164289614183,16.494164289614183,system,0.0,329,0.7017328020557762,0.05489602403438865,meta_train_support,0,MARGO-SPLIT-v1,20,20,80,3,330,0.0,0.2,20,10,0.0005,0.0005,mrlco_first_order_mean_pseudogradient,fixed_literature_derived_defaults,0.0020281348164202344,0.00010140674082101397,0.014733126568087094,0.0007366563284043615,0.0009137996668414653,4.568998334207597e-05,3.0,0.0,0.10909226388209366,0.8353958450607912,0.051232434332337984,,,,,,,,,,,,,,,,
0.0635341097858405,0.009,0.991,0.0,-0.003550234017893672,0.027475738897919655,0.007992572644919467,0.011916666462396582,1.318400067339341,0.0,0.0,0.0,0.0,0.0,0.0,0.04630535690894933,1.1844464540481567,publication,0.6510183811187744,5.40222430229187,0.48156945960403896,0.5403559307632532,200,0.6895578458282946,2.3432329799979925,0.029304212890565395,0.4815694596040389,0.5403559385426342,420.18253321647643,mobile,0.0019150449918761536,0.002589878973357742,21.009128391150824,21.009128391150824,system,0.0,330,0.5403559385426342,0.04911331382209028,meta_train_support,0,MARGO-SPLIT-v1,20,20,80,3,331,0.0,0.2,20,10,0.0005,0.0005,mrlco_first_order_mean_pseudogradient,fixed_literature_derived_defaults,0.0020220075209023483,0.00010110037604511846,0.014688615611688039,0.0007344307805844386,0.0009110389427724577,4.555194713862232e-05,3.0,0.0,0.10919336425813878,0.8361302758413757,0.051277986279476606,,,,,,,,,,,,,,,,
0.07378597178756316,0.01675,0.98225,0.001,-0.00012989809329155833,0.16062088310718536,0.005810782895544738,0.010833333355064194,2.031629112487038,0.0,0.0,0.0,0.0,0.0,0.0,0.06162001585630903,1.1480402946472168,publication,0.6512789726257324,5.377667665481567,0.8728215916245721,0.9839455492176421,200,1.0778291610740223,2.977890473790467,0.04890030362003017,0.8728215916245722,0.9839455461502076,223.5612657737732,mobile,0.0033517544641784693,0.0037265016195443847,11.178062936040595,11.178062936040595,system,0.0,331,0.9839455461502076,0.06002242811620784,meta_train_support,0,MARGO-SPLIT-v1,20,20,80,3,332,0.0,0.2,20,10,0.0005,0.0005,mrlco_first_order_mean_pseudogradient,fixed_literature_derived_defaults,0.0020191095720571853,0.00010095547860286547,0.014668637796741426,0.0007334318898370995,0.0009082948495713359,4.5414742478565306e-05,3.0,0.0,0.10929431973674164,0.8368637077312128,0.05132340102195517,,,,,,,,,,,,,,,,
0.06856650507132814,0.01225,0.98625,0.0015,-0.0038357111625373363,0.19507193565368652,0.005077244938972096,0.015083333229025206,2.157465220863621,0.0,0.0,0.0,0.0,0.0,0.0,0.05504747979633342,1.1137545108795166,publication,0.6359968185424805,4.4965293407440186,0.9212595685266811,1.0376573520148304,200,1.1947347351727953,3.5238392492756248,0.03844442211266142,0.9212595685266812,1.0376573558710516,542.621844587326,mobile,0.005812743120438638,0.006362169509342442,27.13109231954812,27.13109231954812,system,0.0,332,1.0376573558710516,0.04992114663669753,meta_train_support,0,MARGO-SPLIT-v1,20,20,80,3,333,0.0,0.2,20,10,0.0005,0.0005,mrlco_first_order_mean_pseudogradient,fixed_literature_derived_defaults,0.0020130461799489053,0.00010065230899744537,0.01462458783338785,0.0007312293916693635,0.000905567237410461,4.527836187052242e-05,3.0,0.0,0.10939497204573909,0.8375949371228821,0.051368679383825694,,,,,,,,,,,,,,,,
0.07598001824553502,0.01125,0.9865,0.00225,-0.0032010895665735006,0.03185078874230385,0.004912214109208435,0.012583333222816389,1.590430967509746,0.0,0.0,0.0,0.0,0.0,0.0,0.05616308281273853,1.1857998371124268,publication,0.6525092124938965,5.078247785568237,0.5199932260491834,0.5849264788757137,200,0.6407034954687126,1.8001669459044933,0.014456585049629211,0.5199932260491833,0.5849264873564244,156.69342485427856,mobile,0.0023635591240637093,0.002999237167206497,7.83467108412805,7.83467108412805,system,0.0,333,0.5849264873564244,0.0537052003754426,meta_train_support,0,MARGO-SPLIT-v1,20,20,80,3,334,0.0,0.2,20,10,0.0005,0.0005,mrlco_first_order_mean_pseudogradient,fixed_literature_derived_defaults,0.002007019095577801,0.00010035095477889389,0.01458080164226992,0.0007290400821134968,0.0009028559582565375,4.5142797912824106e-05,3.0,0.0,0.10949532300051798,0.8383239772049956,0.05141382218173852,,,,,,,,,,,,,,,,
0.049821018617562905,0.0135,0.98625,0.00025,-0.002537398599088192,0.045750878751277924,0.010068828146904707,0.014833333467443782,1.458996659517288,0.0,0.0,0.0,0.0,0.0,0.0,0.05796226171538508,1.2150765657424927,publication,0.6580500602722168,5.432709455490112,0.6135282845252025,0.6910461262722675,200,0.7001789307118579,1.9762465484673157,0.03550479195837397,0.6135282845252024,0.6910461498983205,583.5819195365906,mobile,0.0019509531030837484,0.002535603634153913,29.179095821606417,29.179095821606417,system,0.0,334,0.6910461498983205,0.040861413222488,meta_train_support,0,MARGO-SPLIT-v1,20,20,80,3,335,0.0,0.2,20,10,0.0005,0.0005,mrlco_first_order_mean_pseudogradient,fixed_literature_derived_defaults,0.002001386638955208,0.00010006933194775525,0.01453972135070119,0.0007269860675350737,0.0009001608658438314,4.500804329218844e-05,3.0,0.0,0.10959539233246574,0.8390509632725307,0.051458830225030706,,,,,,,,,,,,,,,,
0.07373284292914234,0.02425,0.974,0.00175,-0.001832159236073494,0.020031863823533058,0.013452588552657593,0.018666666420176628,1.6523970921834308,0.0,0.0,0.0,0.0,0.0,0.0,0.08568119293939147,1.3095601797103882,publication,0.6618194580078125,4.746042013168335,0.7166572934122937,0.8089159429064694,200,0.5054872721874697,1.7589506087824702,0.04822547137882793,0.7166572934122937,0.8089159592799843,581.9135523223877,mobile,0.0047337999380329945,0.008421070005860487,29.095678280994306,29.095678280994306,system,0.0,335,0.8089159592799843,0.05828369843166087,meta_train_support,0,MARGO-SPLIT-v1,20,20,80,3,336,0.0,0.2,20,10,0.0005,0.0005,mrlco_first_order_mean_pseudogradient,fixed_literature_derived_defaults,0.001998238908699777,9.991194543498838e-05,0.014533069837054881,0.0007266534918527467,0.0008974818156478676,4.487409078239579e-05,3.0,0.0,0.10969530427790072,0.8397776167643834,0.0515037043158131,,,,,,,,,,,,,,,,
0.08248373156663022,0.02175,0.9775,0.00075,-0.00234437407925725,0.01986897923052311,0.007057092341710813,0.012666666554287078,1.572924796740214,0.0,0.0,0.0,0.0,0.0,0.0,0.07977353585779055,1.327077031135559,publication,0.6259188652038574,4.459974765777588,0.6662949026618966,0.7505350542355518,200,0.6872422244264043,1.7724106423556805,0.05776321841403842,0.6662949026618967,0.7505350317619741,383.736545381546,mobile,0.002765086971908379,0.002894693748804703,19.18682771285401,19.18682771285401,system,0.0,336,0.7505350317619741,0.06659476994171877,meta_train_support,0,MARGO-SPLIT-v1,20,20,80,3,337,0.0,0.2,20,10,0.0005,0.0005,mrlco_first_order_mean_pseudogradient,fixed_literature_derived_defaults,0.0019935260855386107,9.967630427692997e-05,0.014515001612949406,0.0007257500806474582,0.000894818664859595,4.47409332429774e-05,3.0,0.0,0.10979498058217765,0.8405033668450309,0.05154844524905608,,,,,,,,,,,,,,,,
0.05980437631032568,0.01575,0.98325,0.001,-0.000793405226431787,0.021022481843829155,0.0067713625856413275,0.017166666624446707,1.2238841320077578,0.0,0.0,0.0,0.0,0.0,0.0,0.06908242663438613,1.2827097177505493,publication,0.6753346920013428,4.732751131057739,0.4407041387546579,0.4956303140823002,200,0.796411844224099,2.213588610989973,0.041273957118391984,0.44070413875465786,0.4956303155235946,251.0868198299408,mobile,0.0009924113709861048,0.0011300360419167455,12.554340718832727,12.554340718832727,system,0.0,337,0.4956303155235946,0.05050531018714004,meta_train_support,0,MARGO-SPLIT-v1,20,20,80,3,338,0.0,0.2,20,10,0.0005,0.0005,mrlco_first_order_mean_pseudogradient,fixed_literature_derived_defaults,0.001987628079368378,9.938140396842376e-05,0.014472057821195117,0.0007236028910597714,0.0008921712723600104,4.460856361800103e-05,3.0,0.0,0.10989436198614608,0.8412269697360907,0.05159305381267408,,,,,,,,,,,,,,,,
0.08591619699814543,0.02475,0.974,0.00125,0.00168447510804981,0.06634388864040375,0.00914188073365949,0.01775000002235174,1.9667326360940929,0.0,0.0,0.0,0.0,0.0,0.0,0.08820924007322999,1.3113328218460083,publication,0.6007864475250244,4.757847547531128,0.8625753065189642,0.9728647968004952,200,0.9519219718607128,2.449722218909301,0.04007239028578624,0.8625753065189642,0.9728647865913809,149.91291023254394,mobile,0.0007027159927841691,0.0011048177845174741,7.495645674506782,7.495645674506782,system,0.0,338,0.9728647865913809,0.06119631214291674,meta_train_support,0,MARGO-SPLIT-v1,20,20,80,3,339,0.0,0.2,20,10,0.0005,0.0005,mrlco_first_order_mean_pseudogradient,fixed_literature_derived_defaults,0.001981764869694725,9.908824348472955e-05,0.014429367385144394,0.0007214683692572388,0.0008895394986952317,4.447697493475955e-05,3.0,0.0,0.10999345022963081,0.8419484381053479,0.05163753078760884,,,,,,,,,,,,,,,,
0.04454941880039731,0.01675,0.98275,0.0005,-0.0022347872145473957,0.0091276615858078,0.008240788971306756,0.01150000002235174,0.8892510463794073,0.0,0.0,0.0,0.0,0.0,0.0,0.06763627175113635,1.0814156532287598,publication,0.6750004291534424,3.9981939792633057,0.33500570272172026,0.37610049380426064,200,0.3791396079830273,1.0029733291303273,0.04665373603347689,0.3350057027217202,0.3761004894413054,1016.8963355064392,mobile,0.0011078953212012284,0.0013055384613593088,50.844813607424115,50.844813607424115,system,0.0,339,0.3761004894413054,0.03617066889195234,meta_train_support,0,MARGO-SPLIT-v1,20,20,80,3,340,0.0,0.2,20,10,0.0005,0.0005,mrlco_first_order_mean_pseudogradient,fixed_literature_derived_defaults,0.0019759361494897407,9.879680747448827e-05,0.014386928069305735,0.0007193464034652708,0.0008869232060520104,4.434616030259825e-05,3.0,0.0,0.1100922470371053,0.8426677845088132,0.05168187694791144,,,,,,,,,,,,,,,,
0.07200329540650234,0.02,0.97875,0.00125,0.0003229387803003192,0.019237225875258446,0.006927474099212341,0.011333333250756066,1.5209616223971048,0.0,0.0,0.0,0.0,0.0,0.0,0.07197276685706555,1.3197120428085327,publication,0.6305537223815918,3.869276523590088,0.7190506909227992,0.8119789180885709,200,0.7642777716100537,2.234437898499891,0.05526792234741151,0.7190506909227994,0.8119788970798254,406.14968006134035,mobile,0.0005993407826212879,0.0010010452700862948,20.307483712211653,20.307483712211653,system,0.0,340,0.8119788970798254,0.05516101077792555,meta_train_support,0,MARGO-SPLIT-v1,20,20,80,3,341,0.0,0.2,20,10,0.0005,0.0005,mrlco_first_order_mean_pseudogradient,fixed_literature_derived_defaults,0.001970141615327014,9.850708076634962e-05,0.01434473766441041,0.0007172368832205622,0.000884322258233676,4.4216112911686645e-05,3.0,0.0,0.11019075411787164,0.8433850213920338,0.051726093060823125,,,,,,,,,,,,,,,,
0.07658265223325479,0.016,0.98325,0.00075,-0.0029862418305128813,0.08739759027957916,0.002319525267133334,0.008416666680326064,1.6177745317419372,0.0,0.0,0.0,0.0,0.0,0.0,0.06877830756825654,1.2596429586410522,publication,0.6407167911529541,5.3696839809417725,0.6780335566996858,0.7628487004394993,200,0.7960432521357372,2.050351729616523,0.0381508584250696,0.6780335566996858,0.7628486718982458,134.48744295120238,mobile,0.004683181704438032,0.0049526001656953955,6.724371934400527,6.724371934400527,system,0.0,341,0.7628486718982458,0.07268361911254569,meta_train_support,0,MARGO-SPLIT-v1,20,20,80,3,342,0.0,0.2,20,10,0.0005,0.0005,mrlco_first_order_mean_pseudogradient,fixed_literature_derived_defaults,0.001974136503663328,9.870682518316187e-05,0.014369915833205632,0.0007184957916602785,0.0008817365206365015,4.408682603182501e-05,3.0,0.0,0.1102894609430548,0.844103517183694,0.05177017988685495,,,,,,,,,,,,,,,,
0.05225332981636029,0.0125,0.98725,0.00025,0.000940195401199162,0.025206293910741806,0.003236199856716363,0.006749999988824131,1.1333127523461977,0.0,0.0,0.0,0.0,0.0,0.0,0.04764239667032072,1.1890541315078735,publication,0.6693196296691895,5.429852724075317,0.4881000984998083,0.5491832837336551,200,0.6760009665282067,2.196435404010117,0.028495423786807805,0.48810009849980834,0.549183288263157,875.3740133857727,mobile,0.0011913673075941971,0.002530091019370805,43.768702519100714,43.768702519100714,system,0.0,342,0.549183288263157,0.03923423324277739,meta_train_support,0,MARGO-SPLIT-v1,20,20,80,3,343,0.0,0.2,20,10,0.0005,0.0005,mrlco_first_order_mean_pseudogradient,fixed_literature_derived_defaults,0.0019683810036526476,9.841905018263819e-05,0.014328021034858094,0.0007164010517428654,0.0008791658602264826,4.39582930113272e-05,3.0,0.0,0.11038787999323744,0.8448199182354369,0.05181413817986628,,,,,,,,,,,,,,,,
0.08205166361861141,0.012,0.98775,0.00025,-0.0025261552073061466,0.040280189365148544,0.001424326936739817,0.005249999944741528,1.3892268930872282,0.0,0.0,0.0,0.0,0.0,0.0,0.05177591425622195,1.233970046043396,publication,0.6276049613952637,5.082002878189087,0.48968317974914,0.5503147655017893,200,0.7217849687271585,1.9970419807359576,0.044751853769412264,0.48968317974914,0.5503147656098009,106.8370764541626,mobile,0.002413626873145306,0.0030026503336826114,5.341853916662379,5.341853916662379,system,0.0,343,0.5503147656098009,0.06845780799159037,meta_train_support,0,MARGO-SPLIT-v1,20,20,80,3,344,0.0,0.2,20,10,0.0005,0.0005,mrlco_first_order_mean_pseudogradient,fixed_literature_derived_defaults,0.001962658965851332,9.813294829257024e-05,0.01429366165982905,0.0007146830829914963,0.0008766101455165219,4.383050727582716e-05,3.0,0.0,0.11048601294153002,0.8455346013184284,0.051857968687142104,,,,,,,,,,,,,,,,
0.05664226262451479,0.00775,0.992,0.00025,-0.0017525069415569305,0.06089942902326584,0.002982020554039385,0.004083333304151893,1.1939010548094908,0.0,0.0,0.0,0.0,0.0,0.0,0.042508904940181294,1.1950052976608276,publication,0.6376304626464844,4.979884147644043,0.6081533480785392,0.6819580831166241,200,1.018131411281385,3.5591604355722666,0.03840617137029767,0.6081533480785392,0.681958085373044,718.4086391353608,mobile,0.002142714303248715,0.0028063881883133046,35.92042893861251,35.92042893861251,system,0.0,344,0.681958085373044,0.04893183337978047,meta_train_support,0,MARGO-SPLIT-v1,20,20,80,3,345,0.0,0.2,20,10,0.0005,0.0005,mrlco_first_order_mean_pseudogradient,fixed_literature_derived_defaults,0.0019601043303888437,9.80052165194395e-05,0.014262223662617502,0.0007131111831308878,0.0008740692465440102,4.37034623272034e-05,3.0,0.0,0.11058401815804945,0.8462477125015593,0.05190167214946931,,,,,,,,,,,,,,,,
0.06824231970467232,0.01175,0.98825,0.0,-0.0006419878336600959,0.03045971877872944,0.004635419562115809,0.006500000056500236,1.2760657772421837,0.0,0.0,0.0,0.0,0.0,0.0,0.04747210925198589,1.2864036560058594,publication,0.6683051586151123,4.866291522979736,0.6268381495152242,0.7040007770142984,200,0.7515706178996492,1.9289478966966271,0.034183405732619576,0.6268381495152242,0.7040007881261409,281.5838909912109,mobile,0.001772954099668114,0.004549956314118542,14.079195474960464,14.079195474960464,system,0.0,345,0.7040007881261409,0.05631783850090758,meta_train_support,0,MARGO-SPLIT-v1,20,20,80,3,346,0.0,0.2,20,10,0.0005,0.0005,mrlco_first_order_mean_pseudogradient,fixed_literature_derived_defaults,0.001957893180751971,9.789465903760342e-05,0.014237978262348964,0.0007118989131174036,0.0008715430348487963,4.3577151742441034e-05,3.0,0.0,0.11068191281708706,0.8469596114146767,0.05194524930121175,,,,,,,,,,,,,,,,
0.0843027195149605,0.0085,0.991,0.0005,-0.0035728835500776768,0.18762120604515076,0.0041560052327743804,0.004999999965851506,2.1454238136609396,0.0,0.0,0.0,0.0,0.0,0.0,0.05354180287842289,1.348483681678772,publication,0.6611652374267578,5.2037718296051025,0.9397535193815711,1.0586112788698665,200,1.1019443978827848,3.4759345068596303,0.04917895863763988,0.9397535193815714,1.0586112824641167,113.53287387847901,mobile,0.0014947670264780222,0.003622220005348414,5.67664375656284,5.67664375656284,system,0.0,346,1.0586112824641167,0.06884680917020596,meta_train_support,0,MARGO-SPLIT-v1,20,20,80,3,347,0.0,0.2,20,10,0.0005,0.0005,mrlco_first_order_mean_pseudogradient,fixed_literature_derived_defaults,0.0019615891720870635,9.807945860434986e-05,0.014233875289669571,0.0007116937644834342,0.0008690313834515375,4.345156917257703e-05,3.0,0.0,0.11077999227569141,0.8476713051791601,0.051988700870384326,,,,,,,,,,,,,,,,
0.058225719051296906,0.00675,0.99325,0.0,-0.0007274671224877238,0.018244054168462753,0.002229856509097772,0.004249999967093269,1.224782135337591,0.0,0.0,0.0,0.0,0.0,0.0,0.04610443155190979,1.459479570388794,publication,0.669741153717041,5.28335165977478,0.2986715981747853,0.33613631505708325,200,0.4073973183912035,1.161898425059917,0.04660931607941165,0.2986715981747852,0.3361363238841295,190.56887897491455,mobile,0.0005076003935553958,0.0005076003935553958,9.528443472537413,9.528443472537413,system,0.0,347,0.3361363238841295,0.04039515830080755,meta_train_support,0,MARGO-SPLIT-v1,20,20,80,3,348,0.0,0.2,20,10,0.0005,0.0005,mrlco_first_order_mean_pseudogradient,fixed_literature_derived_defaults,0.0019559524215925603,9.779762107962886e-05,0.014192973349182016,0.0007096486674591507,0.0008665341668324239,4.332670834161778e-05,3.0,0.0,0.11087778989677104,0.8483809538466193,0.052032027578725944,,,,,,,,,,,,,,,,
0.05423085187790716,0.0095,0.99025,0.00025,-0.0013978277565911412,0.11515674740076065,0.00214856708341055,0.00458333327745398,1.6548671886324882,0.0,0.0,0.0,0.0,0.0,0.0,0.04714213481138329,1.5219900608062744,publication,0.6088101863861084,5.1165735721588135,0.8439751399517228,0.9501026599832039,200,1.014417519097496,3.1195669155567884,0.03392772199731553,0.8439751399517226,0.9501026785746217,401.53162595748904,mobile,0.001166692792507846,0.0022084672908098154,20.07658125339085,20.07658125339085,system,0.0,348,0.9501026785746217,0.0428138023496148,meta_train_support,0,MARGO-SPLIT-v1,20,20,80,3,349,0.0,0.2,20,10,0.0005,0.0005,mrlco_first_order_mean_pseudogradient,fixed_literature_derived_defaults,0.0019550231268515876,9.77511563425848e-05,0.01416899118727249,0.0007084495593636664,0.000864051260910268,4.320256304551212e-05,3.0,0.0,0.11097554105311362,0.8490894034059829,0.052075230141771456,,,,,,,,,,,,,,,,
0.057424261008135156,0.0085,0.99,0.0015,-0.000575789890717715,0.047513946890830994,0.0019280768311242958,0.004749999986961484,1.4257670434812704,0.0,0.0,0.0,0.0,0.0,0.0,0.04526726361996377,1.4599250555038452,publication,0.6693639755249023,5.169935703277588,0.7190659715646985,0.8086258476518379,200,0.9409377470696985,2.723926722072065,0.03551671368768439,0.7190659715646988,0.8086258408613503,564.2228216171264,mobile,0.0006987615153996616,0.0006987615153996616,28.211139576645643,28.211139576645643,system,0.0,349,0.8086258408613503,0.04289335843595033,meta_train_support,0,MARGO-SPLIT-v1,20,20,80,3,350,0.0,0.2,20,10,0.0005,0.0005,mrlco_first_order_mean_pseudogradient,fixed_literature_derived_defaults,0.0019494373464891547,9.7471867324464e-05,0.014128508355308855,0.0007064254177654439,0.0008615825430219529,4.307912715109663e-05,3.0,0.0,0.11107301292043809,0.8497958288237484,0.05211830926892255,,,,,,,,,,,,,,,,
0.06477532736513378,0.01,0.99,0.0,-0.0009195834281854331,0.023653347045183182,0.0005848391541955305,0.0049166666809469465,1.1846651474634806,0.0,0.0,0.0,0.0,0.0,0.0,0.04377764292465905,1.4978963136672974,publication,0.6629564762115479,5.251535654067993,0.6153520329737286,0.6934028038926772,200,0.807960805494776,2.0272630332037807,0.04800130342482589,0.6153520329737286,0.6934028103761375,434.6105970001221,mobile,0.0015100122522523688,0.0061119272873276466,21.730529344278256,21.730529344278256,system,0.0,350,0.6934028103761375,0.04635815161251558,meta_train_support,0,MARGO-SPLIT-v1,20,20,80,3,351,0.0,0.2,20,10,0.0005,0.0005,mrlco_first_order_mean_pseudogradient,fixed_literature_derived_defaults,0.0019476475944996926,9.738237972498065e-05,0.014103676330703696,0.0007051838165351709,0.0008591278919022323,4.29563945951103e-05,3.0,0.0,0.11117039530016307,0.8505010126402835,0.05216126566351766,-0.07114592527198708,-0.08391671169041744,0.08391671169041744,0.025,0.075,0.0,0.01375,0.975,0.975,0.0,validation/automotive_lexicographic_v1,automotive_lexicographic_v1,a3bd00d5108237acdb706f561212b5d840bac151f48b5250a61c573d9c9ffb6c,720669650.0,0.08391671169041744,0.0
0.05294431291001618,0.00725,0.99275,0.0,-0.0007556561613455415,0.2319106161594391,0.0009738751583275494,0.0024999999596426884,2.1125575861583155,0.0,0.0,0.0,0.0,0.0,0.0,0.04069484951683117,1.5763399600982666,publication,0.6722545623779297,4.532177925109863,1.099787591132631,1.239879697154065,200,1.2008680747006921,3.4775047935545444,0.04043038567760959,1.0997875911326311,1.2398797114379705,754.9691149139404,mobile,0.0004605398776696789,0.0012645627346364646,37.748454994627515,37.748454994627515,system,0.0,351,1.2398797114379705,0.037643004482412576,meta_train_support,0,MARGO-SPLIT-v1,20,20,80,3,352,0.0,0.2,20,10,0.0005,0.0005,mrlco_first_order_mean_pseudogradient,fixed_literature_derived_defaults,0.0019421145047425912,9.710572523713434e-05,0.01406360906840056,0.0007031804534199937,0.0008566871876638737,4.283435938319535e-05,3.0,0.0,0.1112675010254002,0.8512041930937035,0.05220410002290086,,,,,,,,,,,,,,,,
0.044602487140287646,0.00725,0.99275,0.0,-0.0002392876922385767,0.01721249148249626,0.0035643050881162715,0.004749999924873313,1.230217930674553,0.0,0.0,0.0,0.0,0.0,0.0,0.0412971082480839,1.520790696144104,publication,0.6600728034973145,5.251606225967407,0.48284727789533505,0.5425708405436944,200,0.6241087374339184,1.661336193792522,0.03250542396745004,0.4828472778953351,0.5425708500482141,571.5849520492553,mobile,0.000733407024541743,0.00242200985822279,28.579247503771345,28.579247503771345,system,0.0,352,0.5425708500482141,0.03642413478372409,meta_train_support,0,MARGO-SPLIT-v1,20,20,80,3,353,0.0,0.2,20,10,0.0005,0.0005,mrlco_first_order_mean_pseudogradient,fixed_literature_derived_defaults,0.001936612763935955,9.683063819679316e-05,0.014023768816082145,0.0007011884408041347,0.0008542603117781403,4.2713015588904946e-05,3.0,0.0,0.111364331663597,0.8519053815345077,0.05224681303848976,,,,,,,,,,,,,,,,
0.053280855551835725,0.00775,0.992,0.00025,-0.0006350392359308898,0.03808955103158951,0.0007622839715044922,0.004166666604578495,1.387111333012581,0.0,0.0,0.0,0.0,0.0,0.0,0.03697752764358324,1.6081695556640625,publication,0.6711349487304688,5.121237754821777,0.926443717806402,1.0432044647500152,200,0.7620671320346887,2.7588884617434815,0.04559339885599911,0.9264437178064021,1.0432044605351984,1001.4047185897828,mobile,0.00048652256431072524,0.00048652256431072524,50.070234409596495,50.070234409596495,system,0.0,353,1.0432044605351984,0.038901184414410296,meta_train_support,0,MARGO-SPLIT-v1,20,20,80,3,354,0.0,0.2,20,10,0.0005,0.0005,mrlco_first_order_mean_pseudogradient,fixed_literature_derived_defaults,0.0019311421064107121,9.655710532054107e-05,0.01398415364993502,0.0006992076824967608,0.0008518471470556031,4.259235735278033e-05,3.0,0.0,0.11146088876891753,0.8526045892170044,0.05228940539584254,,,,,,,,,,,,,,,,
0.05274364797117785,0.0065,0.99275,0.00075,-0.0012666332768276334,0.02326573058962822,0.0006743239529896528,0.004083333288629849,0.9455955398579438,0.0,0.0,0.0,0.0,0.0,0.0,0.043358539288909224,1.4887359142303467,publication,0.6368777751922607,5.418785810470581,0.4570383622706731,0.5135797020695873,200,0.8991831294028559,2.91318953409791,0.029934669350041077,0.4570383622706731,0.5135796884633601,220.6860169029236,mobile,0.0010338357236185007,0.0010338357236185007,11.034301501720838,11.034301501720838,system,0.0,354,0.5135796884633601,0.04721115463134126,meta_train_support,0,MARGO-SPLIT-v1,20,20,80,3,355,0.0,0.2,20,10,0.0005,0.0005,mrlco_first_order_mean_pseudogradient,fixed_literature_derived_defaults,0.0019257022694912453,9.628511347456459e-05,0.013944761667822526,0.0006972380833911718,0.0008494475776272775,4.2472378881365513e-05,3.0,0.0,0.1115571738823921,0.8533018273003956,0.05233187777472391,,,,,,,,,,,,,,,,
0.06340473555762846,0.0115,0.98825,0.00025,0.0002885660214815289,0.012132693082094193,0.001245368800543171,0.006083333306014538,0.867486172914505,0.0,0.0,0.0,0.0,0.0,0.0,0.04457501370431195,1.6326464414596558,publication,0.5687105655670166,4.935066223144531,0.39187083942967993,0.4425941731231978,200,0.5859349271951709,1.4509331826120615,0.029697971185669303,0.39187083942968,0.44259417658671735,156.28693893432617,mobile,0.001454692929832708,0.0028206984785735544,7.814347242416686,7.814347242416686,system,0.0,355,0.44259417658671735,0.04780370329434192,meta_train_support,0,MARGO-SPLIT-v1,20,20,80,3,356,0.0,0.2,20,10,0.0005,0.0005,mrlco_first_order_mean_pseudogradient,fixed_literature_derived_defaults,0.0019202929934533485,9.601464967266826e-05,0.013905590988980329,0.0006952795494490349,0.0008470614889260773,4.2353074446305206e-05,3.0,0.0,0.11165318853206477,0.8539971068498446,0.052374230849170214,,,,,,,,,,,,,,,,
0.06064185234642282,0.00825,0.991,0.00075,-0.000637503108009696,0.011523627676069736,0.0010865168663561537,0.004583333230887851,0.893936612829566,0.0,0.0,0.0,0.0,0.0,0.0,0.041792673307440374,1.5502281188964844,publication,0.6679401397705078,5.3560569286346436,0.4174820014467355,0.4682875171541241,200,0.5067641120241319,1.3871542434208095,0.04429263997008093,0.4174820014467354,0.4682875294983387,514.299480419159,mobile,0.0033461582928953153,0.0037897669316620287,25.714975547571353,25.714975547571353,system,0.0,356,0.4682875294983387,0.04738539843717241,meta_train_support,0,MARGO-SPLIT-v1,20,20,80,3,357,0.0,0.2,20,10,0.0005,0.0005,mrlco_first_order_mean_pseudogradient,fixed_literature_derived_defaults,0.001914914021482891,9.574570107415137e-05,0.013866639753717078,0.0006933319876858413,0.0008446887676685813,4.2234438383428885e-05,3.0,0.0,0.11174893423313892,0.8546904388375305,0.05241646528755364,,,,,,,,,,,,,,,,
0.07192715809757289,0.00825,0.991,0.00075,-0.001256639021448791,0.04860584810376167,0.0006728677251582364,0.004333333298563957,1.3550785779953003,0.0,0.0,0.0,0.0,0.0,0.0,0.044323152828557755,1.5840933322906494,publication,0.6612622737884521,5.353509187698364,0.6797138491963308,0.766595742907266,200,0.7135958488953584,2.2101939832791686,0.03656796331051737,0.6797138491963309,0.7665957691334188,515.8561894798279,mobile,0.0022674995215005134,0.002407463162461181,25.792809589491682,25.792809589491682,system,0.0,357,0.7665957691334188,0.051860308939054765,meta_train_support,0,MARGO-SPLIT-v1,20,20,80,3,358,0.0,0.2,20,10,0.0005,0.0005,mrlco_first_order_mean_pseudogradient,fixed_literature_derived_defaults,0.0019095650996351734,9.5478254981754e-05,0.013827906123120104,0.0006913953061560285,0.0008423293018371048,4.211646509185568e-05,3.0,0.0,0.11184441248812067,0.8553818341436865,0.0524585817526455,,,,,,,,,,,,,,,,
0.05596277882674111,0.008,0.9915,0.0005,-0.0010975004406645894,0.03546648845076561,0.001033144281124502,0.0049999999503294625,0.9453723587095737,0.0,0.0,0.0,0.0,0.0,0.0,0.040547244811339596,1.502011775970459,publication,0.6632161140441895,5.150293827056885,0.4497067496557887,0.5053215040062787,200,0.7684614812610896,2.6011234559118748,0.04820698450203054,0.4497067496557888,0.50532150760293,380.9594285964966,mobile,0.0010710694194232366,0.0013095237515381366,19.047971032506908,19.047971032506908,system,0.0,358,0.50532150760293,0.04320468541119813,meta_train_support,0,MARGO-SPLIT-v1,20,20,80,3,359,0.0,0.2,20,10,0.0005,0.0005,mrlco_first_order_mean_pseudogradient,fixed_literature_derived_defaults,0.0019061283224731781,9.530641612365276e-05,0.01379687710367181,0.0006898438551835584,0.000839982980662071,4.19991490331062e-05,3.0,0.0,0.11193971890424433,0.8560716779988701,0.052500580901678605,,,,,,,,,,,,,,,,
0.056145815148283186,0.007,0.99175,0.00125,-0.0006584987277165055,0.048156991600990295,0.0016250061881388927,0.0038333332786957427,1.4180912718176841,0.0,0.0,0.0,0.0,0.0,0.0,0.041487896410677794,1.4671472311019897,publication,0.6379146575927734,5.258029222488403,0.8199083465583648,0.9231605915095134,200,0.9722513768353266,3.0455796024762094,0.0302631785889389,0.8199083465583652,0.9231605886109173,345.92917539596556,mobile,0.0011512037590896019,0.0015311930366899889,17.296457967047946,17.296457967047946,system,0.0,359,0.9231605886109173,0.04128399310163429,meta_train_support,0,MARGO-SPLIT-v1,20,20,80,3,360,0.0,0.2,20,10,0.0005,0.0005,mrlco_first_order_mean_pseudogradient,fixed_literature_derived_defaults,0.0019008335215774193,9.504167607887748e-05,0.013758552445050498,0.0006879276222525599,0.0008376496946046765,4.188248473023515e-05,3.0,0.0,0.1120347605803232,0.8567596056211226,0.05254246338640884,,,,,,,,,,,,,,,,
0.06943552320954761,0.01225,0.98775,0.0,-0.0014784858794882894,0.011482295580208302,0.0015724657923177198,0.007666666588435571,0.7981116093695164,0.0,0.0,0.0,0.0,0.0,0.0,0.04204404850337768,1.3808097839355469,publication,0.6833341121673584,4.708620309829712,0.4904522796012138,0.5503594299979886,200,0.5688527497591461,1.4664078140631318,0.04728703398723155,0.4904522796012138,0.5503594464808702,324.3656683731079,mobile,0.004579353873314533,0.004589698184379244,16.21828296802256,16.21828296802256,system,0.0,360,0.5503594464808702,0.05368624349680173,meta_train_support,0,MARGO-SPLIT-v1,20,20,80,3,361,0.0,0.2,20,10,0.0005,0.0005,mrlco_first_order_mean_pseudogradient,fixed_literature_derived_defaults,0.0018956952152242466,9.478476076121845e-05,0.013723335847334052,0.0006861667923666603,0.0008353293353398436,4.176646676699175e-05,3.0,0.0,0.11212954534108442,0.8574457724134893,0.05258422985317583,,,,,,,,,,,,,,,,
0.05991597330777798,0.0065,0.99325,0.00025,-0.001878857845440507,0.029100468382239342,0.0012412478172943036,0.003416666605820258,1.0494525556763015,0.0,0.0,0.0,0.0,0.0,0.0,0.03945393101006326,1.432895302772522,publication,0.6528172492980957,5.1485700607299805,0.5755919822844452,0.6489717930182815,200,0.715846658852545,1.8800986111164093,0.04423723474610597,0.5755919822844451,0.6489717883057893,405.5312071990967,mobile,0.000763865448142125,0.000763865448142125,20.2765607402802,20.2765607402802,system,0.0,361,0.6489717883057893,0.045130930245276396,meta_train_support,0,MARGO-SPLIT-v1,20,20,80,3,362,0.0,0.2,20,10,0.0005,0.0005,mrlco_first_order_mean_pseudogradient,fixed_literature_derived_defaults,0.0018904584881103675,9.452292440552401e-05,0.01368542607979998,0.0006842713039899584,0.0008330217957394573,4.165108978697318e-05,3.0,0.0,0.11222406826548995,0.8581300437174793,0.052625880942962805,,,,,,,,,,,,,,,,
0.05548621676451014,0.00675,0.993,0.00025,-0.0014785111416131258,0.01164626982063055,0.002298927180845567,0.0036666666157543657,0.8674883039668202,0.0,0.0,0.0,0.0,0.0,0.0,0.04327423829207897,1.440207600593567,publication,0.6275594234466553,4.902973651885986,0.38943616164339717,0.4378622757436824,200,0.5623394767000838,1.9834631644189358,0.04325701453490183,0.38943616164339706,0.4378622773475945,673.707532863617,mobile,0.0017963273346472976,0.0022771878035765677,33.685373044538835,33.685373044538835,system,0.0,362,0.4378622773475945,0.048693750750362474,meta_train_support,0,MARGO-SPLIT-v1,20,20,80,3,363,0.0,0.2,20,10,0.0005,0.0005,mrlco_first_order_mean_pseudogradient,fixed_literature_derived_defaults,0.001885250613487474,9.426253067437718e-05,0.01364772518150852,0.0006823862590754626,0.0008307269698558775,4.153634849279192e-05,3.0,0.0,0.11231833079616432,0.8588124299765547,0.0526674172914556,,,,,,,,,,,,,,,,
0.051063682388824264,0.00825,0.99125,0.0005,-0.00108810281381011,0.020534934476017952,0.0014735335389408038,0.004749999940395355,1.1586187426000834,0.0,0.0,0.0,0.0,0.0,0.0,0.04665265763037248,1.5547856092453003,publication,0.650127649307251,5.134780645370483,0.7736728746421337,0.8736663785257406,200,0.7502312996925273,2.272020529024303,0.02585552036180161,0.7736728746421339,0.873666383093223,791.5591925621032,mobile,0.0038008265627704142,0.004852729299550294,39.57795927249543,39.57795927249543,system,0.0,363,0.873666383093223,0.04369501213940513,meta_train_support,0,MARGO-SPLIT-v1,20,20,80,3,364,0.0,0.2,20,10,0.0005,0.0005,mrlco_first_order_mean_pseudogradient,fixed_literature_derived_defaults,0.0018827678129112956,9.413839064556506e-05,0.013619237068538187,0.0006809618534269202,0.0008284862063070296,4.1424310315348045e-05,3.0,0.0,0.11241246918680989,0.8594933918299816,0.052708841601770945,,,,,,,,,,,,,,,,
0.05004090697722021,0.00925,0.99025,0.0005,-0.0005735344020649791,0.01771469973027706,0.001825524769446929,0.005083333219711979,1.0211959594239792,0.0,0.0,0.0,0.0,0.0,0.0,0.053486853572501186,1.635595440864563,publication,0.5792946815490723,5.18514084815979,0.5020603293190393,0.5664467801142746,200,0.6878381731572012,1.9391763457097113,0.029100829735398293,0.5020603293190394,0.5664468015450984,298.0183861351013,mobile,0.0009585092329403237,0.0010682072947171294,14.900919672644235,14.900919672644235,system,0.0,364,0.5664468015450984,0.04031349049495548,meta_train_support,0,MARGO-SPLIT-v1,20,20,80,3,365,0.0,0.2,20,10,0.0005,0.0005,mrlco_first_order_mean_pseudogradient,fixed_literature_derived_defaults,0.0018776095449307168,9.388047724653847e-05,0.013581924090268219,0.0006790962045134519,0.0008262163810842706,4.1310819054216075e-05,3.0,0.0,0.11250634966405643,0.8601724880344951,0.05275015242082516,,,,,,,,,,,,,,,,
0.06114442174205659,0.009,0.99,0.001,-0.0010649579344317317,0.01981777884066105,0.003259465622735054,0.006249999906867743,1.1868388406932353,0.0,0.0,0.0,0.0,0.0,0.0,0.05278864849230505,1.6295485496520996,publication,0.6356217861175537,5.347580194473267,0.6778120003666314,0.7646825882955818,200,1.0621171731607362,3.1184397536417237,0.04160058152046986,0.6778120003666316,0.7646825826913118,748.5560448646545,mobile,0.0011125396703678277,0.001195828862497297,37.42780151745992,37.42780151745992,system,0.0,365,0.7646825826913118,0.045026563012996804,meta_train_support,0,MARGO-SPLIT-v1,20,20,80,3,366,0.0,0.2,20,10,0.0005,0.0005,mrlco_first_order_mean_pseudogradient,fixed_literature_derived_defaults,0.0018724794642068622,9.362397321034666e-05,0.013544815008054371,0.0006772407504027633,0.0008239589592780295,4.119794796390158e-05,3.0,0.0,0.11259997363726677,0.8608497287848978,0.05279135036878906,,,,,,,,,,,,,,,,
0.0559008513419539,0.00975,0.99,0.00025,-0.0006519402959384024,0.00956016592681408,0.0017079040053734694,0.0051666665511826675,0.7701332611342272,0.0,0.0,0.0,0.0,0.0,0.0,0.056629276275945245,1.4629876613616943,publication,0.6401541233062744,5.234867095947266,0.46690317937521764,0.5255916911756776,200,0.7216209366280385,2.3194030665326864,0.05212201131507754,0.46690317937521747,0.5255916837416589,339.2760102844238,mobile,0.0006211301771875011,0.0015443467982470223,16.96379968218618,16.96379968218618,system,0.0,366,0.5255916837416589,0.04564879344359772,meta_train_support,0,MARGO-SPLIT-v1,20,20,80,3,367,0.0,0.2,20,10,0.0005,0.0005,mrlco_first_order_mean_pseudogradient,fixed_literature_derived_defaults,0.0018673773403261897,9.33688670163163e-05,0.013507908155171389,0.0006753954077585167,0.0008217138394979803,4.1085691974897254e-05,3.0,0.0,0.11269334250428309,0.8615251241926564,0.05283243606076396,,,,,,,,,,,,,,,,
0.06087709763003407,0.011,0.9885,0.0005,-0.0017247250070795417,0.05110199376940727,0.0028970295014611714,0.006250000031044085,1.1575839299708603,0.0,0.0,0.0,0.0,0.0,0.0,0.04977350515083694,1.4834800958633423,publication,0.6532213687896729,4.633265495300293,0.6902792208949752,0.7783428849417032,200,0.9422176068812479,3.025458227843046,0.0325427946227137,0.6902792208949752,0.7783428991027176,624.0681337642669,mobile,0.001359207975631011,0.0016901174324751988,31.20340646166546,31.20340646166546,system,0.0,367,0.7783428991027176,0.04341070322982049,meta_train_support,0,MARGO-SPLIT-v1,20,20,80,3,368,0.0,0.2,20,10,0.0005,0.0005,mrlco_first_order_mean_pseudogradient,fixed_literature_derived_defaults,0.001862302945379651,9.311514726897951e-05,0.013472775139803668,0.0006736387569902247,0.0008207401244562585,4.103700622281464e-05,3.0,0.0,0.11278645765155207,0.8621987629496466,0.052873473066986774,,,,,,,,,,,,,,,,
0.06255239123451603,0.0105,0.98875,0.00075,-0.001718865241855383,0.07336864620447159,0.0014703155308476803,0.005833333280558388,1.1704468759397666,0.0,0.0,0.0,0.0,0.0,0.0,0.046174948517615486,1.3385967016220093,publication,0.5591402053833008,5.16855788230896,0.5737662689226428,0.6434335218103115,200,0.9071250035942595,3.124184916377999,0.044741263845935464,0.5737662689226429,0.6434335430897772,587.5577059173584,mobile,0.00313197291656801,0.006370252475407093,29.37788316748911,29.37788316748911,system,0.0,368,0.6434335430897772,0.047379808727684464,meta_train_support,0,MARGO-SPLIT-v1,20,20,80,3,369,0.0,0.2,20,10,0.0005,0.0005,mrlco_first_order_mean_pseudogradient,fixed_literature_derived_defaults,0.0018572560539287578,9.286280269643621e-05,0.013436263554058943,0.000671813177702929,0.0008185158964767021,4.0925794823835904e-05,3.0,0.0,0.1128793204542485,0.8628705761273495,0.05291439886181061,,,,,,,,,,,,,,,,
0.08149661895373797,0.01325,0.986,0.00075,-0.004240648355334997,0.05302206799387932,0.0036748239547402285,0.006999999936670063,1.4669588382045426,0.0,0.0,0.0,0.0,0.0,0.0,0.05833112382174399,1.3175519704818726,publication,0.6647844314575195,4.978686094284058,0.7014846610236911,0.7912483109450477,200,0.7791634744758034,2.318569083698094,0.028544479377160314,0.7014846610236912,0.7912483054492623,225.96442810058593,mobile,0.0031078187255756356,0.0031964457544984394,11.298221364560334,11.298221364560334,system,0.0,369,0.7912483054492623,0.060725194894629075,meta_train_support,0,MARGO-SPLIT-v1,20,20,80,3,370,0.0,0.2,20,10,0.0005,0.0005,mrlco_first_order_mean_pseudogradient,fixed_literature_derived_defaults,0.0018523912868607542,9.261956434303276e-05,0.013404363730889284,0.0006702181865444468,0.0008163036913510894,4.0815184567555285e-05,3.0,0.0,0.11297194001859154,0.863540794313894,0.052955214046378166,,,,,,,,,,,,,,,,
0.06786910339479714,0.0145,0.985,0.0005,-0.00201455969363451,0.03376312553882599,0.0012903431226656418,0.006666666703919568,1.2938170760869983,0.0,0.0,0.0,0.0,0.0,0.0,0.058693920760645814,1.308274745941162,publication,0.6629323959350586,4.827613830566406,0.7415440572130549,0.8358443388637533,200,0.9186358179873201,3.116599566768855,0.04138858607620932,0.741544057213055,0.835844352748245,663.5873331069946,mobile,0.004540028809230725,0.00485477436204108,33.17936605703315,33.17936605703315,system,0.0,370,0.835844352748245,0.04989613740412366,meta_train_support,0,MARGO-SPLIT-v1,20,20,80,3,371,0.0,0.2,20,10,0.0005,0.0005,mrlco_first_order_mean_pseudogradient,fixed_literature_derived_defaults,0.0018520827145066757,9.260413572532988e-05,0.013389592517193618,0.0006694796258597258,0.0008141034118595771,4.0705170592979234e-05,3.0,0.0,0.11306454415431687,0.8642102739397537,0.052995919216971145,,,,,,,,,,,,,,,,
0.08705791788855922,0.018,0.98175,0.00025,-0.005563818383961916,0.03349561244249344,0.005512432849597341,0.018249999747301144,1.5413367658853532,0.0,0.0,0.0,0.0,0.0,0.0,0.07731018597445723,1.3052022457122803,publication,0.6124413013458252,5.2586400508880615,0.8407373325733447,0.946323269282002,200,0.9395559512815191,2.5201835054904222,0.029527093051001436,0.8407373325733445,0.9463232822716237,105.03009796142578,mobile,0.005615118971272203,0.006011012428157436,5.251504692408974,5.251504692408974,system,0.0,371,0.9463232822716237,0.07352130110518465,meta_train_support,0,MARGO-SPLIT-v1,20,20,80,3,372,0.0,0.2,20,10,0.0005,0.0005,mrlco_first_order_mean_pseudogradient,fixed_literature_derived_defaults,0.001848421073993022,9.242105369965115e-05,0.013375367671925348,0.0006687683835963076,0.0008119149618276965,4.059574809138489e-05,3.0,0.0,0.11315696520801652,0.86487904232335,0.05303651496506253,,,,,,,,,,,,,,,,
0.05953306886315864,0.023,0.97675,0.00025,-0.002325085224583745,0.03980771824717522,0.00629763639541731,0.02274999994163712,1.4141050686438876,0.0,0.0,0.0,0.0,0.0,0.0,0.08201849779229367,1.3605334758758545,publication,0.6410994529724121,5.01481556892395,0.7164630745031758,0.8059288942022976,200,0.7733489613536713,2.0615036180242896,0.034300086786970496,0.7164630745031759,0.8059288932569325,658.4487494468689,mobile,0.010927954134440903,0.011194818559948909,32.92243747186389,32.92243747186389,system,0.0,372,0.8059288932569325,0.0532735473575066,meta_train_support,0,MARGO-SPLIT-v1,20,20,80,3,373,0.0,0.2,20,10,0.0005,0.0005,mrlco_first_order_mean_pseudogradient,fixed_literature_derived_defaults,0.0018439030406208565,9.219515203104378e-05,0.013362310513323648,0.0006681155256661464,0.0008097382461123407,4.048691230561924e-05,3.0,0.0,0.11324916036004756,0.8655471578490161,0.05307700187736815,,,,,,,,,,,,,,,,
0.053488402716694486,0.0285,0.97125,0.00025,-0.0002582327288109809,0.03149824216961861,0.005183027869497892,0.029166666511446237,1.2534540499250095,0.0,0.0,0.0,0.0,0.0,0.0,0.09756861753285079,1.3929004669189453,publication,0.6606237888336182,5.2823522090911865,0.49089409063186806,0.5511864493919711,200,0.5553708060882256,1.6610776329180226,0.028337543219095096,0.490894090631868,0.5511864369921387,609.4651673030853,mobile,0.0036320078340814806,0.0056700521837407735,30.473258725031748,30.473258725031748,system,0.0,373,0.5511864369921387,0.03967854407238083,meta_train_support,0,MARGO-SPLIT-v1,20,20,80,3,374,0.0,0.2,20,10,0.0005,0.0005,mrlco_first_order_mean_pseudogradient,fixed_literature_derived_defaults,0.001838972818587111,9.194864092935962e-05,0.013330779234619354,0.0006665389617309669,0.0008075731705879763,4.0378658529398315e-05,3.0,0.0,0.11334110900097692,0.8662136968107471,0.05311738053589755,,,,,,,,,,,,,,,,
0.041453255328955906,0.0345,0.9645,0.001,-0.004074145574122667,0.07690326869487762,0.007444740847374001,0.017833333384866513,1.082490570594867,0.0,0.0,0.0,0.0,0.0,0.0,0.12351320275610414,1.3566190004348755,publication,0.6297719478607178,5.211658239364624,0.4122023859819397,0.46382095249544647,200,1.0067275261356299,3.724666530266404,0.02625995731796138,0.4122023859819398,0.4638209505472332,495.31212728500367,mobile,0.00585086345672752,0.009787823766999626,24.765604901496523,24.765604901496523,system,0.0,374,0.4638209505472332,0.04033558703046061,meta_train_support,0,MARGO-SPLIT-v1,20,20,80,3,375,0.0,0.2,20,10,0.0005,0.0005,mrlco_first_order_mean_pseudogradient,fixed_literature_derived_defaults,0.0018450821264313698,9.225410632156261e-05,0.013331954557998231,0.000666597727899898,0.0008054196421330749,4.027098210665492e-05,3.0,0.0,0.11343336310729848,0.866880294538647,0.0531576515180042,,,,,,,,,,,,,,,,
0.060810893658260756,0.05325,0.94625,0.0005,-0.000160669645993039,0.01839408092200756,0.015307116212594942,0.03374999980442227,1.038665959239006,0.0,0.0,0.0,0.0,0.0,0.0,0.1446989531853109,1.4111080169677734,publication,0.5806896686553955,5.35044264793396,0.3323998773853617,0.37417715154867437,200,0.4865579458376409,1.6393391834571958,0.040538741333875805,0.33239987738536164,0.3741771414130926,384.96373495101926,mobile,0.003448745979414675,0.005428218717973797,19.248186841101667,19.248186841101667,system,0.0,375,0.3741771414130926,0.047053898028682414,meta_train_support,0,MARGO-SPLIT-v1,20,20,80,3,376,0.0,0.2,20,10,0.0005,0.0005,mrlco_first_order_mean_pseudogradient,fixed_literature_derived_defaults,0.0018401749931163927,9.200874965581418e-05,0.013296497232046109,0.0006648248616023533,0.0008032775686167636,4.0163878430837796e-05,3.0,0.0,0.1135253718569543,0.8675451194002494,0.05319781539643504,,,,,,,,,,,,,,,,
0.05822215165075856,0.0605,0.93775,0.00175,0.0018776744836941361,0.10876224935054779,0.023661013680975885,0.049999999689559135,1.3281815618276596,0.0,0.0,0.0,0.0,0.0,0.0,0.16221219585354704,1.3194537162780762,publication,0.6363575458526611,5.162043571472168,0.5305877358885113,0.5962968685373198,200,0.7082243597616046,2.306377089698799,0.04411463360884227,0.5305877358885114,0.5962968505546451,414.4926473426819,mobile,0.004144001438379499,0.004144001438379499,20.72463345828094,20.72463345828094,system,0.0,376,0.5962968505546451,0.05602708281834516,meta_train_support,0,MARGO-SPLIT-v1,20,20,80,3,377,0.0,0.2,20,10,0.0005,0.0005,mrlco_first_order_mean_pseudogradient,fixed_literature_derived_defaults,0.0018420527166933165,9.210263583465939e-05,0.013292550774725721,0.0006646275387363065,0.0008011468588856847,4.0057342944287144e-05,3.0,0.0,0.11361747449278896,0.8682097469389857,0.05323787273937933,,,,,,,,,,,,,,,,
0.06681974352555875,0.07375,0.9255,0.00075,-0.0031087175011634827,0.04239790514111519,0.028643507640420767,0.08466666589180628,0.9733765332649152,0.0,0.0,0.0,0.0,0.0,0.0,0.1781700731887494,1.1714643239974976,publication,0.6937527656555176,4.976718187332153,0.5400012360527034,0.608230811123367,200,0.7731768736020179,2.5038290838710964,0.031672296579927206,0.5400012360527036,0.6082308119162917,618.1864682388306,mobile,0.0016644851768667132,0.0023839631723210717,30.909321775914094,30.909321775914094,system,0.0,377,0.6082308119162917,0.05266424316701185,meta_train_support,0,MARGO-SPLIT-v1,20,20,80,3,378,0.0,0.2,20,10,0.0005,0.0005,mrlco_first_order_mean_pseudogradient,fixed_literature_derived_defaults,0.001837179561358149,9.185897806790466e-05,0.013257385296485706,0.000662869264824284,0.0007990274227510664,3.995137113755459e-05,3.0,0.0,0.11370933347085686,0.86887261620381,0.05327782411051688,,,,,,,,,,,,,,,,
0.049006045421902476,0.07825,0.91925,0.0025,0.0015395331429317594,0.04447371885180473,0.019248962835020696,0.056249999363596245,1.2316120418409506,0.0,0.0,0.0,0.0,0.0,0.0,0.1740314084981202,1.160395622253418,publication,0.673058271408081,5.2216956615448,0.7305420511055505,0.8211449276531857,200,0.6708244609502763,2.0937114199623466,0.04180088413704652,0.7305420511055504,0.8211449366807938,560.6622926330566,mobile,0.012740383725012771,0.013905378146814371,28.033114061656075,28.033114061656075,system,0.0,378,0.8211449366807938,0.04054041825768006,meta_train_support,0,MARGO-SPLIT-v1,20,20,80,3,379,0.0,0.2,20,10,0.0005,0.0005,mrlco_first_order_mean_pseudogradient,fixed_literature_derived_defaults,0.0018335007140668198,9.167503570334246e-05,0.013232633881947696,0.0006616316940973865,0.0007969191709759977,3.984595854879952e-05,3.0,0.0,0.1138010085065602,0.8695342478979073,0.05331767006906568,,,,,,,,,,,,,,,,
0.05303616564559536,0.081,0.9165,0.0025,0.004827282857149839,0.036407776176929474,0.02625030766163642,0.07600000075375041,1.4566514606277146,0.0,0.0,0.0,0.0,0.0,0.0,0.16848391648195787,1.1930606365203857,publication,0.6812686920166016,5.291553258895874,0.7237320684276785,0.8128506367712544,200,0.6905792941553566,2.1604271489195526,0.05410027987090871,0.7237320684276782,0.812850653976202,495.04717512130736,mobile,0.004287735482738706,0.005250363406297979,24.752358556301303,24.752358556301303,system,0.0,379,0.812850653976202,0.04595540934362317,meta_train_support,0,MARGO-SPLIT-v1,20,20,80,3,380,0.0,0.2,20,10,0.0005,0.0005,mrlco_first_order_mean_pseudogradient,fixed_literature_derived_defaults,0.0018352327329001496,9.176163664501025e-05,0.013224302288650368,0.0006612151144325118,0.0007948220152629029,3.9741100763143744e-05,3.0,0.0,0.11389277014320522,0.8701954630123399,0.053357411169828825,,,,,,,,,,,,,,,,
0.06824763783566001,0.07425,0.925,0.00075,0.0026363246142864227,0.06655018031597137,0.027093978878110648,0.07191666659588615,1.8181597910821439,0.0,0.0,0.0,0.0,0.0,0.0,0.16293228389357647,1.1977791786193848,publication,0.6772255897521973,5.128498554229736,0.9339819493007389,1.0516940199770033,200,0.6963030916632623,2.2477368637919426,0.07329402834875509,0.9339819493007386,1.0516940351948143,920.9019994354248,mobile,0.0033179365721805964,0.0104609411677894,46.04510150750045,46.04510150750045,system,0.0,380,1.0516940351948143,0.05998259966125282,meta_train_support,0,MARGO-SPLIT-v1,20,20,80,3,381,0.0,0.2,20,10,0.0005,0.0005,mrlco_first_order_mean_pseudogradient,fixed_literature_derived_defaults,0.001836109009787431,9.180545048936839e-05,0.013224512621892828,0.0006612256310946085,0.0007927358682412155,3.963679341206089e-05,3.0,0.0,0.11398457559369458,0.8708566886434345,0.053397047963240886,,,,,,,,,,,,,,,,
0.06165660101305017,0.061,0.9365,0.0025,0.0039946879260241985,0.1284027397632599,0.018640252722737692,0.07483333377167582,1.9386511112252869,0.0,0.0,0.0,0.0,0.0,0.0,0.1469023917822416,1.31491219997406,publication,0.6522321701049805,4.863782644271851,0.8276330560641193,0.9296199961119419,200,0.9729246274093535,2.635551691055298,0.03627920977305621,0.8276330560641192,0.9296199960261583,414.94293188095094,mobile,0.0026644042204679937,0.004601980390416317,20.747147544657338,20.747147544657338,system,0.0,381,0.9296199960261583,0.05189040963748683,meta_train_support,0,MARGO-SPLIT-v1,20,20,80,3,382,0.0,0.2,20,10,0.0005,0.0005,mrlco_first_order_mean_pseudogradient,fixed_literature_derived_defaults,0.0018313024416989822,9.156512208495504e-05,0.01318989347890358,0.0006594946739452157,0.0007906606434552437,3.953303217275883e-05,3.0,0.0,0.11407614071577954,0.8715161833173797,0.053436580995413645,,,,,,,,,,,,,,,,
0.06762254279803079,0.059,0.9395,0.0015,0.01633724384009838,0.0314001590013504,0.011267601745203137,0.061166666960343716,2.997929823771119,0.0,0.0,0.0,0.0,0.0,0.0,0.13457923144958192,1.3893935680389404,publication,0.6518006324768066,5.0230553150177,0.6440057112396707,0.7244616539530034,200,0.6952343600787597,2.3668588157743216,0.027445228974102065,0.6440057112396708,0.7244616645481438,398.6386817741394,mobile,0.009730703337998222,0.010734595706285993,19.93193439098267,19.93193439098267,system,0.0,382,0.7244616645481438,0.06022484955865495,meta_train_support,0,MARGO-SPLIT-v1,20,20,80,3,383,0.0,0.2,20,10,0.0005,0.0005,mrlco_first_order_mean_pseudogradient,fixed_literature_derived_defaults,0.0018362612359721535,9.181306179860405e-05,0.013206269723303462,0.0006603134861651316,0.0007885962553522275,3.9429812767610706e-05,3.0,0.0,0.11416795377757814,0.8721764968035448,0.053476010808181255,,,,,,,,,,,,,,,,
0.05982184734479888,0.0475,0.951,0.0015,-0.009626854211091995,0.0277890432626009,0.009955660602524102,0.05525000118650496,1.3278213317195573,0.0,0.0,0.0,0.0,0.0,0.0,0.12268867219575111,1.5208172798156738,publication,0.642399787902832,4.9503397941589355,0.7215409599382194,0.8103026378819049,200,0.6223107967824729,2.000231171725318,0.06902928301133215,0.7215409599382193,0.8103026462346316,705.3018552970887,mobile,0.03601391716824038,0.06161225904832117,35.265091635901406,35.265091635901406,system,0.0,383,0.8103026462346316,0.06314772320420013,meta_train_support,0,MARGO-SPLIT-v1,20,20,80,3,384,0.0,0.2,20,10,0.0005,0.0005,mrlco_first_order_mean_pseudogradient,fixed_literature_derived_defaults,0.001834080037259644,9.170400186298e-05,0.013192194430779325,0.0006596097215390007,0.000786542619270581,3.932713096353041e-05,3.0,0.0,0.11425965777944112,0.8728361065250838,0.053515337939144786,,,,,,,,,,,,,,,,
0.078610774867855,0.042,0.95675,0.00125,-0.0013965393882244825,0.09788878262042999,0.009662035252767962,0.02725000019806127,1.6733341072996457,0.0,0.0,0.0,0.0,0.0,0.0,0.1178311298589565,1.6018061637878418,publication,0.6615409851074219,5.298864126205444,0.6003605526199725,0.6742712707677129,200,0.8649731203953932,2.378259055316448,0.030904143175575882,0.6003605526199725,0.6742712833639234,222.43732171058656,mobile,0.0027365764900301195,0.0033005929813539813,11.121865311216727,11.121865311216727,system,0.0,384,0.6742712833639234,0.06596383894691626,meta_train_support,0,MARGO-SPLIT-v1,20,20,80,3,385,0.0,0.2,20,10,0.0005,0.0005,mrlco_first_order_mean_pseudogradient,fixed_literature_derived_defaults,0.0018352586401623162,9.176293200811869e-05,0.013187538416851496,0.0006593769208426137,0.0007844996514283197,3.922498257141749e-05,3.0,0.0,0.11435142071144924,0.8734954834459264,0.0535545629217162,,,,,,,,,,,,,,,,
0.06081557120572704,0.03525,0.9625,0.00225,-0.007159090135246515,0.023852411657571793,0.004157262772787362,0.03250000051533182,1.329958840707938,0.0,0.0,0.0,0.0,0.0,0.0,0.10159759879915045,1.6364156007766724,publication,0.6874942779541016,5.060323238372803,0.7405743744125476,0.8341652122564847,200,0.6931337164949812,2.0759699679911137,0.05139365090872161,0.7405743744125475,0.8341652096994221,900.1342081832886,mobile,0.0036282064650315386,0.06507805016394433,45.00670851594864,45.00670851594864,system,0.0,385,0.8341652096994221,0.055091337930313865,meta_train_support,0,MARGO-SPLIT-v1,20,20,80,3,386,0.0,0.2,20,10,0.0005,0.0005,mrlco_first_order_mean_pseudogradient,fixed_literature_derived_defaults,0.001835761578574898,9.178807892874785e-05,0.013190908742377038,0.0006595454371188803,0.0007824672689116661,3.9123363445581205e-05,3.0,0.0,0.11444320879037799,0.8741550288830453,0.053593686285161785,,,,,,,,,,,,,,,,
0.0710847646708006,0.0405,0.95875,0.00075,-0.007517063990235329,0.02359849028289318,0.0032690900377929212,0.0245000001663963,1.3404773215452832,0.0,0.0,0.0,0.0,0.0,0.0,0.11230000805995524,1.5993114709854126,publication,0.6173169612884521,4.872401475906372,0.8459598566426575,0.9521997572263353,200,0.8547020049185627,2.6717684839386493,0.042518401984125376,0.8459598566426576,0.9521997599862516,470.6053301811218,mobile,0.0038939516184340246,0.004030173823273708,23.530265788822,23.530265788822,system,0.0,386,0.9521997599862516,0.06668097486939961,meta_train_support,0,MARGO-SPLIT-v1,20,20,80,3,387,0.0,0.2,20,10,0.0005,0.0005,mrlco_first_order_mean_pseudogradient,fixed_literature_derived_defaults,0.0018334814135906586,9.16740706795316e-05,0.013189738870186624,0.0006594869435093687,0.0007804453896638323,3.902226948319237e-05,3.0,0.0,0.11453488286105752,0.8748145158265547,0.05363270855464498,,,,,,,,,,,,,,,,
0.0552516386763748,0.02525,0.97425,0.0005,-0.0005721560446545482,0.029986146837472916,0.008729504932125567,0.02716666689763466,1.108485684543848,0.0,0.0,0.0,0.0,0.0,0.0,0.09059407799750206,1.5199490785598755,publication,0.6493401527404785,5.156831979751587,0.7094762668218192,0.7988333617158969,200,0.8051492469460395,2.3897324087738525,0.04793733446786064,0.7094762668218193,0.7988333741389215,656.7050918006897,mobile,0.004738141322427664,0.005608783502132446,32.8352541054291,32.8352541054291,system,0.0,387,0.7988333741389215,0.04785409482917612,meta_train_support,0,MARGO-SPLIT-v1,20,20,80,3,388,0.0,0.2,20,10,0.0005,0.0005,mrlco_first_order_mean_pseudogradient,fixed_literature_derived_defaults,0.0018297057321859265,9.148528660929411e-05,0.013164367883826914,0.0006582183941913344,0.0007784339324739771,3.8921696623700486e-05,3.0,0.0,0.11462636814766682,0.875472734220746,0.05367163025126868,,,,,,,,,,,,,,,,
0.06769062449023731,0.0265,0.972,0.0015,0.0006783511489629745,0.013667670078575611,0.00477845201579233,0.015583333155761164,1.1031713833411536,0.0,0.0,0.0,0.0,0.0,0.0,0.09410422181509415,1.429634928703308,publication,0.6130251884460449,5.346493244171143,0.5843829975473311,0.6566679437008134,200,0.5609406578901794,1.6071424465626478,0.05929751606890932,0.5843829975473311,0.6566679432615637,852.7237431621552,mobile,0.0018300531970997234,0.0036491396832627147,42.6361873933943,42.6361873933943,system,0.0,388,0.6566679432615637,0.05212537944937635,meta_train_support,0,MARGO-SPLIT-v1,20,20,80,3,389,0.0,0.2,20,10,0.0005,0.0005,mrlco_first_order_mean_pseudogradient,fixed_literature_derived_defaults,0.0018258724210348397,9.129362105174399e-05,0.013136518872913679,0.0006568259436456891,0.0007764328169663319,3.88216408483133e-05,3.0,0.0,0.11471766176871856,0.8761295601643917,0.05371045189211699,,,,,,,,,,,,,,,,
0.03714208447533791,0.0195,0.9795,0.001,0.0007852870621718466,0.009713059291243553,0.0038658206782808215,0.010666666723166903,0.7166183824340504,0.0,0.0,0.0,0.0,0.0,0.0,0.07126370189487109,1.10257089138031,publication,0.671893835067749,5.5437023639678955,0.2316982067787764,0.259242510800168,200,0.3026354354502733,0.923646870884113,0.04579291754635051,0.23169820677877637,0.25924250910058616,507.17584966659547,mobile,0.0027061400141686425,0.009048871878904597,25.358791701793997,25.358791701793997,system,0.0,389,0.25924250910058616,0.03011655845897574,meta_train_support,0,MARGO-SPLIT-v1,20,20,80,3,390,0.0,0.2,20,10,0.0005,0.0005,mrlco_first_order_mean_pseudogradient,fixed_literature_derived_defaults,0.00182119069687834,9.10595348439236e-05,0.013102835491188259,0.0006551417745593868,0.0007744419635894951,3.8722098179476416e-05,3.0,0.0,0.11480872130356248,0.8767847019389511,0.05374917399029647,,,,,,,,,,,,,,,,
0.049727064287885744,0.019,0.98,0.001,0.0002717103052418679,0.028600521385669708,0.002840598186594434,0.008916666591539979,0.9993498017390567,0.0,0.0,0.0,0.0,0.0,0.0,0.07042296604666307,1.2218822240829468,publication,0.5127792358398438,3.2685940265655518,0.6400671664381145,0.7216011950671963,200,0.6862518115636256,1.9970938074984588,0.04320041886239778,0.6400671664381147,0.7216012166813016,1169.7295416259765,mobile,0.004539483269031626,0.006094676263515705,58.486480595201975,58.486480595201975,system,0.0,390,0.7216012166813016,0.04222332241911175,meta_train_support,0,MARGO-SPLIT-v1,20,20,80,3,391,0.0,0.2,20,10,0.0005,0.0005,mrlco_first_order_mean_pseudogradient,fixed_literature_derived_defaults,0.0018206866808992612,9.103433404496208e-05,0.013094107119429087,0.0006547053559714522,0.0007724612936058903,3.862306468029736e-05,3.0,0.0,0.11489975563760745,0.8774394072949225,0.053787797054976764,,,,,,,,,,,,,,,,
0.04509717949545331,0.01775,0.981,0.00125,-0.0010951341828331351,0.1332782357931137,0.0027171570245021334,0.008166666623825829,1.1764192906518776,0.0,0.0,0.0,0.0,0.0,0.0,0.0676202255940971,1.1266295909881592,publication,0.6824612617492676,5.121738910675049,0.5803915939491788,0.6520839649469417,200,0.7618069620221326,2.3378860851516947,0.04516183814848773,0.5803915939491788,0.6520839645341039,426.95892108917235,mobile,0.001526566933437026,0.0017722531203985276,21.347946890814217,21.347946890814217,system,0.0,391,0.6520839645341039,0.036318065167923005,meta_train_support,0,MARGO-SPLIT-v1,20,20,80,3,392,0.0,0.2,20,10,0.0005,0.0005,mrlco_first_order_mean_pseudogradient,fixed_literature_derived_defaults,0.0018164185511933132,9.082092755965943e-05,0.013063895740552785,0.0006531947870276333,0.0007704907290813855,3.852453645406678e-05,3.0,0.0,0.1149905765651671,0.8780926020819502,0.05382632159143083,,,,,,,,,,,,,,,,
0.07060391407286656,0.016,0.9835,0.0005,-0.001689770957455039,0.018044453114271164,0.002975773510600751,0.007916666582847634,0.9798781156539917,0.0,0.0,0.0,0.0,0.0,0.0,0.07300130186443114,1.1304306983947754,publication,0.6899089813232422,5.1483142375946045,0.5973600645072614,0.6720240734389518,200,0.58359463617703,1.712803546572104,0.045563431980554014,0.5973600645072614,0.6720240722037851,697.2877184295654,mobile,0.002708752153775761,0.003206685157320302,34.86438679813658,34.86438679813658,system,0.0,392,0.6720240722037851,0.051216047677650825,meta_train_support,0,MARGO-SPLIT-v1,20,20,80,3,393,0.0,0.2,20,10,0.0005,0.0005,mrlco_first_order_mean_pseudogradient,fixed_literature_derived_defaults,0.0018127746095436862,9.063873047718274e-05,0.013037172230845703,0.0006518586115422664,0.0007685301928750715,3.842650964375194e-05,3.0,0.0,0.11508121529564429,0.8787444606934924,0.05386474810107458,,,,,,,,,,,,,,,,
0.043323895668793244,0.01175,0.988,0.00025,-0.002555422019213438,0.005317613948136568,0.003045302251484827,0.007166666630655527,0.5247839401165645,0.0,0.0,0.0,0.0,0.0,0.0,0.059015726979087316,0.8852500319480896,publication,0.6725494861602783,5.339646339416504,0.29335023739935506,0.3300041268726636,200,0.4859159518028758,1.6501591225387529,-0.051530051161535084,0.29335023739935506,0.3300041173771024,1027.372802581787,mobile,0.0032277127151426038,0.004425803065711602,51.36864045275861,51.36864045275861,system,0.0,393,0.3300041173771024,0.037884104933776856,meta_train_support,0,MARGO-SPLIT-v1,20,20,80,3,394,0.0,0.2,20,10,0.0005,0.0005,mrlco_first_order_mean_pseudogradient,fixed_literature_derived_defaults,0.0018081736587580424,9.040868293790083e-05,0.013004082961224269,0.000650204148061162,0.0007665796086291957,3.832898043146238e-05,3.0,0.0,0.11517162397858219,0.8793946648415536,0.053903077081506046,,,,,,,,,,,,,,,,
0.05645016817145695,0.015,0.98475,0.00025,-0.00462263822555542,0.23193271458148956,0.006336852494375003,0.0075833333035310105,1.700767431159814,0.0,0.0,0.0,0.0,0.0,0.0,0.0715879197601313,1.219866394996643,publication,0.6865384578704834,5.155837297439575,1.0165251683194685,1.1428982437846003,200,0.9698004163184002,3.5577062238007784,0.032461291062645614,1.016525168319468,1.14289825623855,839.4362245750427,mobile,0.0031498853127922,0.005913747868927608,41.97181106333259,41.97181106333259,system,0.0,394,1.14289825623855,0.03944341584597369,meta_train_support,0,MARGO-SPLIT-v1,20,20,80,3,395,0.0,0.2,20,10,0.0005,0.0005,mrlco_first_order_mean_pseudogradient,fixed_literature_derived_defaults,0.0018035960039257436,9.01798001962939e-05,0.012971161232208511,0.0006485580616104603,0.0007646389007592483,3.823194503796423e-05,3.0,0.0,0.11526180377877848,0.8800432229031641,0.05394130902654401,,,,,,,,,,,,,,,,
0.07066548783389426,0.0155,0.9825,0.002,-0.001452527823857963,0.061434514820575714,0.0025088730501011017,0.008333333348855377,1.288317535320918,0.0,0.0,0.0,0.0,0.0,0.0,0.07813335154886976,1.356701374053955,publication,0.681464672088623,4.707432270050049,0.6662793999470702,0.7490322982824363,200,0.9346277831869355,3.19895201921463,0.027497488335939124,0.6662793999470701,0.7490323007106781,555.2708110237122,mobile,0.002208261355145372,0.0025169013953088696,27.76354132015631,27.76354132015631,system,0.0,395,0.7490323007106781,0.05132711952522749,meta_train_support,0,MARGO-SPLIT-v1,20,20,80,3,396,0.0,0.2,20,10,0.0005,0.0005,mrlco_first_order_mean_pseudogradient,fixed_literature_derived_defaults,0.0017990414685622946,8.995207342811506e-05,0.012938405774551418,0.0006469202887275927,0.0007627079944441998,3.813539972220836e-05,3.0,0.0,0.1153517558522066,0.8806901431918917,0.05397944442626622,,,,,,,,,,,,,,,,
0.06532322323812663,0.024,0.9745,0.0015,-0.0019355115946382284,0.024723613634705544,0.007735659265108552,0.012583333207294345,0.9928026174505552,0.0,0.0,0.0,0.0,0.0,0.0,0.0920166181526748,1.4575321674346924,publication,0.6651384830474854,4.647797346115112,0.7404592155747924,0.833547587769035,200,0.8424930624269318,2.462683920748532,0.03160216918331571,0.7404592155747924,0.8335476091317833,297.10580671310424,mobile,0.004293329241799516,0.008094740668015054,14.855290786919657,14.855290786919657,system,0.0,396,0.8335476091317833,0.04742005918200207,meta_train_support,0,MARGO-SPLIT-v1,20,20,80,3,397,0.0,0.2,20,10,0.0005,0.0005,mrlco_first_order_mean_pseudogradient,fixed_literature_derived_defaults,0.001794509877961382,8.972549389807405e-05,0.012905815331794362,0.0006452907665897012,0.0007607868156168844,3.8039340780844644e-05,3.0,0.0,0.11544148134610467,0.8813354339584814,0.05401748376704706,,,,,,,,,,,,,,,,
0.06544466535365058,0.02225,0.9765,0.00125,-0.00325900805182755,0.012761969119310379,0.007158372306063634,0.013666666562979421,0.8664702395598093,0.0,0.0,0.0,0.0,0.0,0.0,0.09898709078960588,1.5440375804901123,publication,0.6700165271759033,5.251196384429932,0.5576597303927818,0.6269322219134665,200,0.5538554376367771,1.407041298225522,0.0333335503237322,0.5576597303927819,0.626932219043374,635.7657186508179,mobile,0.0025173387152319306,0.01165633373441805,31.78828381638956,31.78828381638956,system,0.0,397,0.626932219043374,0.05359485923258688,meta_train_support,0,MARGO-SPLIT-v1,20,20,80,3,398,0.0,0.2,20,10,0.0005,0.0005,mrlco_first_order_mean_pseudogradient,fixed_literature_derived_defaults,0.0017900010591725343,8.950005295862984e-05,0.012873388660106436,0.0006436694330053117,0.0007588752909545304,3.79437645477293e-05,3.0,0.0,0.1155309813990633,0.8819791033914867,0.05405542753159479,,,,,,,,,,,,,,,,
0.08230012739254015,0.03825,0.96075,0.001,-0.002178762573748827,0.038794584572315216,0.01376211225190976,0.027416666783392423,1.214867283900579,0.0,0.0,0.0,0.0,0.0,0.0,0.12424496871549928,1.650595784187317,publication,0.6712472438812256,5.264371871948242,0.7780569993726675,0.8753696409761141,200,0.7200646950654725,1.8862455068156123,0.03300847113132477,0.7780569993726674,0.8753696497716009,399.4867024230957,mobile,0.0029530103879545685,0.004315065567071456,19.97433533978083,19.97433533978083,system,0.0,398,0.8753696497716009,0.05906547571108524,meta_train_support,0,MARGO-SPLIT-v1,20,20,80,3,399,0.0,0.2,20,10,0.0005,0.0005,mrlco_first_order_mean_pseudogradient,fixed_literature_derived_defaults,0.0017856077752720497,8.928038876360178e-05,0.0128447693867146,0.0006422384693357541,0.0007569733478694314,3.784866739347387e-05,3.0,0.0,0.1156202617878269,0.8826213418608224,0.054093276198988266,,,,,,,,,,,,,,,,
0.07963564192674989,0.0435,0.95475,0.00175,-0.0034109109546989202,0.03600417450070381,0.012739371747011318,0.033083334099501364,1.1981001866360506,0.0,0.0,0.0,0.0,0.0,0.0,0.13903125863869734,1.6552315950393677,publication,0.5994832515716553,5.1550071239471436,0.8114856326865373,0.9137964465942787,200,0.8039380694998909,2.238472652155906,0.05213929311139509,0.8114856326865375,0.9137964359857143,205.26027431488038,mobile,0.0015704309911006695,0.0016252543840294064,10.26301422555592,10.26301422555592,system,0.0,399,0.9137964359857143,0.05778553126335547,meta_train_support,0,MARGO-SPLIT-v1,20,20,80,3,400,0.0,0.2,20,10,0.0005,0.0005,mrlco_first_order_mean_pseudogradient,fixed_literature_derived_defaults,0.0017828394046356458,8.914197023178472e-05,0.012822560585010597,0.0006411280292505372,0.0007550809144997578,3.775404572498725e-05,3.0,0.0,0.11570940375805869,0.883262469890073,0.05413103024471325,,,,,,,,,,,,,,,,
0.05084811156792618,0.03475,0.96375,0.0015,-0.0020204875618219376,0.022015966475009918,0.012631927385033728,0.030249999898175402,0.9362240662177405,0.0,0.0,0.0,0.0,0.0,0.0,0.1268512783829771,1.6555626392364502,publication,0.5881526470184326,4.9700541496276855,0.6061115488295635,0.6835548271193693,200,0.7706932467286127,2.333393236505799,0.02563864282274153,0.6061115488295636,0.6835548316221685,637.9698673629761,mobile,0.006769875237914229,0.008512011300815187,31.898491195271696,31.898491195271696,system,0.0,400,0.6835548316221685,0.03898314641107459,meta_train_support,0,MARGO-SPLIT-v1,20,20,80,3,401,0.0,0.2,20,10,0.0005,0.0005,mrlco_first_order_mean_pseudogradient,fixed_literature_derived_defaults,0.001779071297860837,8.895356489303785e-05,0.012795473629773138,0.0006397736814887089,0.0007531979197005064,3.765989598502467e-05,3.0,0.0,0.11579835732295173,0.8839022435715617,0.05416869014069828,-0.08627910111144496,-0.10138303707949023,0.10138303707949023,0.025,0.2,0.025,0.0275,0.975,0.975,0.0,validation/automotive_lexicographic_v1,automotive_lexicographic_v1,a3bd00d5108237acdb706f561212b5d840bac151f48b5250a61c573d9c9ffb6c,858404740.0,0.10138303707949023,0.0
0.06963099908847041,0.03675,0.96175,0.0015,-0.004111014772206545,0.022218821570277214,0.017694896607523936,0.040249999690180026,0.9664783972005049,0.0,0.0,0.0,0.0,0.0,0.0,0.13304886849908237,1.5065687894821167,publication,0.6272969245910645,5.265228748321533,0.7519938318459453,0.8472471573618714,200,0.6709953560037675,2.030348223866895,0.056747489783447236,0.7519938318459454,0.8472471428290009,409.52053552627564,mobile,0.0013351382771860062,0.0016777760347441192,20.476026798158255,20.476026798158255,system,0.0,401,0.8472471428290009,0.04988395751307292,meta_train_support,0,MARGO-SPLIT-v1,20,20,80,3,402,0.0,0.2,20,10,0.0005,0.0005,mrlco_first_order_mean_pseudogradient,fixed_literature_derived_defaults,0.001774645747368646,8.873228736842875e-05,0.012765662560295462,0.0006382831280147272,0.0007513242930345848,3.756621465172971e-05,3.0,0.0,0.11588708961032015,0.8845405266995764,0.05420625635535001,,,,,,,,,,,,,,,,
0.05433212375259189,0.02825,0.97125,0.0005,-0.0029071394819766283,0.017977766692638397,0.01285361707850825,0.01816666681940357,0.8844515683750312,0.0,0.0,0.0,0.0,0.0,0.0,0.10190070754842785,1.3807456493377686,publication,0.6207849979400635,4.4279773235321045,0.5717602797170396,0.6425434164193484,200,0.7313881673270594,2.0657517509534955,0.024649588885949925,0.5717602797170397,0.642543416460976,1098.7884850883484,mobile,0.00949623721437461,0.010933464140012658,54.939425095947755,54.939425095947755,system,0.0,402,0.642543416460976,0.042366282928205094,meta_train_support,0,MARGO-SPLIT-v1,20,20,80,3,403,0.0,0.2,20,10,0.0005,0.0005,mrlco_first_order_mean_pseudogradient,fixed_literature_derived_defaults,0.0017702421599061927,8.851210799530607e-05,0.012733985978259988,0.0006366992989129683,0.0007494599647640275,3.74729982382041e-05,3.0,0.0,0.11597560171831546,0.8851772259984894,0.05424372935358821,,,,,,,,,,,,,,,,
0.060161991739975294,0.027,0.97075,0.00225,-0.0058936625719070435,0.0761713981628418,0.0028275808821490505,0.02658333337555329,1.5071560174226761,0.0,0.0,0.0,0.0,0.0,0.0,0.09142288186496313,1.3493891954421997,publication,0.5972244739532471,4.8773651123046875,0.8665938523147034,0.972934108617701,200,0.8719556935372996,2.530962879303843,0.06495782399724703,0.8665938523147032,0.9729340771585703,505.436046628952,mobile,0.006847351197512901,0.013759865735636832,25.271801457347365,25.271801457347365,system,0.0,403,0.9729340771585703,0.05373394390941886,meta_train_support,0,MARGO-SPLIT-v1,20,20,80,3,404,0.0,0.2,20,10,0.0005,0.0005,mrlco_first_order_mean_pseudogradient,fixed_literature_derived_defaults,0.0017661374726609573,8.830687363305112e-05,0.012704590298949861,0.000635229514947544,0.0007476048658413443,3.738024329207057e-05,3.0,0.0,0.11606390859194851,0.8858124555134369,0.05428110959688028,,,,,,,,,,,,,,,,
0.05395738324548856,0.019,0.9795,0.0015,-0.004676290787756443,0.03248311206698418,0.004420299131985909,0.01708333324640989,1.1241789323588214,0.0,0.0,0.0,0.0,0.0,0.0,0.07768213351653025,1.3160251379013062,publication,0.6183342933654785,4.9203941822052,0.5247561435761224,0.5909194574616958,200,0.6906725971993866,2.19206072029192,0.02901434370141942,0.5247561435761224,0.590919466977939,344.1880725765228,mobile,0.0015050837642860521,0.0071250533182345525,17.20940289747888,17.20940289747888,system,0.0,404,0.590919466977939,0.04762477837149267,meta_train_support,0,MARGO-SPLIT-v1,20,20,80,3,405,0.0,0.2,20,10,0.0005,0.0005,mrlco_first_order_mean_pseudogradient,fixed_literature_derived_defaults,0.0017646192216561186,8.823096108280526e-05,0.012686270181186936,0.0006343135090592922,0.0007457589279009953,3.7287946395049565e-05,3.0,0.0,0.11615213955303132,0.8864467690224962,0.05431839754327533,,,,,,,,,,,,,,,,
0.0513012915735586,0.01625,0.9835,0.00025,-0.0015637613832950592,0.013137496076524258,0.010518492274324368,0.019250000175088648,0.9353910461068153,0.0,0.0,0.0,0.0,0.0,0.0,0.058853168708417135,1.3474032878875732,publication,0.6490678787231445,5.381611108779907,0.5024047163367588,0.5651145834831414,200,0.5573678931580871,1.6615689238533378,0.04653736937325448,0.5024047163367589,0.5651145977713168,867.1859806442261,mobile,0.0026890761087738596,0.004691034038690016,43.359296771105775,43.359296771105775,system,0.0,405,0.5651145977713168,0.04093567275966208,meta_train_support,0,MARGO-SPLIT-v1,20,20,80,3,406,0.0,0.2,20,10,0.0005,0.0005,mrlco_first_order_mean_pseudogradient,fixed_literature_derived_defaults,0.0017602728688934188,8.801364344467044e-05,0.012657872236487257,0.0006328936118243922,0.0007439220832509928,3.719610416254987e-05,3.0,0.0,0.11624015319647599,0.8870796626343206,0.05435559364743788,,,,,,,,,,,,,,,,
0.060624370919212356,0.01825,0.9805,0.00125,-0.004973445553332567,0.3617020547389984,0.003253656047604636,0.007333333402251205,2.340598150715232,0.0,0.0,0.0,0.0,0.0,0.0,0.05836307224320036,1.3593848943710327,publication,0.6143743991851807,5.260368824005127,0.9818164846591182,1.1039143075837636,200,1.185332496151754,3.5363605679012835,0.03993027863907628,0.9818164846591182,1.1039143288880586,544.9177651500702,mobile,0.0023695984905307403,0.0023878357133757856,27.2458904578422,27.2458904578422,system,0.0,406,1.1039143288880586,0.049517461093459364,meta_train_support,0,MARGO-SPLIT-v1,20,20,80,3,407,0.0,0.2,20,10,0.0005,0.0005,mrlco_first_order_mean_pseudogradient,fixed_literature_derived_defaults,0.001755947874129553,8.779739370647077e-05,0.01263720119787118,0.0006318600598935742,0.0007420942648646268,3.7104713243231446e-05,3.0,0.0,0.11632795059018246,0.8877115226942142,0.05439269836068111,,,,,,,,,,,,,,,,
0.061864024661781036,0.0125,0.98575,0.00175,-0.006977303884923458,0.082857146859169,0.00327018451935146,0.014583333147068816,1.3081370010972022,0.0,0.0,0.0,0.0,0.0,0.0,0.04834130192212831,1.367681860923767,publication,0.6478610038757324,5.050672769546509,0.6201677786234895,0.6986070580270097,200,0.8010658407971607,2.6203262358903885,0.035086641350062564,0.6201677786234897,0.6986070638336241,334.94422800064086,mobile,0.005218636654284814,0.007461551791436304,16.747210947381618,16.747210947381618,system,0.0,407,0.6986070638336241,0.05830099254108362,meta_train_support,0,MARGO-SPLIT-v1,20,20,80,3,408,0.0,0.2,20,10,0.0005,0.0005,mrlco_first_order_mean_pseudogradient,fixed_literature_derived_defaults,0.0017521605219692098,8.760802609845963e-05,0.012625989573710524,0.0006312994786855652,0.0007402754063723115,3.7013770318616857e-05,3.0,0.0,0.11641555861628092,0.8883428221728997,0.05442971213099973,,,,,,,,,,,,,,,,
0.04506709302759102,0.0075,0.992,0.0005,-0.004754381719976664,0.03149109333753586,0.0035437987904212306,0.005583333317190409,0.8639531436065833,0.0,0.0,0.0,0.0,0.0,0.0,0.04186369979214338,1.4610544443130493,publication,0.6362640857696533,5.324476480484009,0.5475998700263116,0.6124748766719403,200,0.7929464136353197,2.4718997317831963,0.022697190928738564,0.5475998700263116,0.6124748780392111,683.5903280258178,mobile,0.0038663736788923852,0.005193708812228051,34.17951738411643,34.17951738411643,system,0.0,408,0.6124748780392111,0.04453501820228763,meta_train_support,0,MARGO-SPLIT-v1,20,20,80,3,409,0.0,0.2,20,10,0.0005,0.0005,mrlco_first_order_mean_pseudogradient,fixed_literature_derived_defaults,0.001755761313350686,8.778806566753228e-05,0.012633368576018461,0.0006316684288009133,0.0007384654420535528,3.692327210267493e-05,3.0,0.0,0.11650334668194845,0.8889744906017006,0.054466635403102405,,,,,,,,,,,,,,,,
0.05351866960523004,0.01075,0.9885,0.00075,-0.001426724367775023,0.04011867567896843,0.0022936667727170364,0.005749999886999527,1.0219058260321616,0.0,0.0,0.0,0.0,0.0,0.0,0.04528877496037377,1.45824134349823,publication,0.6693418025970459,5.303112506866455,0.42896743503589896,0.48133449885670415,200,0.764924461550977,2.5804711477831006,0.005927150079514831,0.42896743503589896,0.4813345152582042,404.300136384964,mobile,0.0015436954252035693,0.0028538486208696825,20.21500668967991,20.21500668967991,system,0.0,409,0.4813345152582042,0.04321528066343384,meta_train_support,0,MARGO-SPLIT-v1,20,20,80,3,410,0.0,0.2,20,10,0.0005,0.0005,mrlco_first_order_mean_pseudogradient,fixed_literature_derived_defaults,0.0017523285725970742,8.761642862985253e-05,0.01260607226928667,0.0006303036134643891,0.000736664306829032,3.683321534145301e-05,3.0,0.0,0.1165909631105783,0.889604794215165,0.05450346861844386,,,,,,,,,,,,,,,,
0.05774129205160392,0.00925,0.98975,0.001,-0.001649129088036716,0.015590233728289604,0.0022170995803511085,0.005916666612029076,0.8244438750048477,0.0,0.0,0.0,0.0,0.0,0.0,0.05198788296062619,1.2314305305480957,publication,0.5081367492675781,5.367534637451172,0.19553001216288585,0.2182638692499313,200,0.25085114581700896,0.748691075714305,0.030019314028322697,0.1955300121628859,0.21826387523673474,226.9417488002777,mobile,0.0023363654754324607,0.0034732160131925958,11.347088286611973,11.347088286611973,system,0.0,410,0.21826387523673474,0.04857089527979042,meta_train_support,0,MARGO-SPLIT-v1,20,20,80,3,411,0.0,0.2,20,10,0.0005,0.0005,mrlco_first_order_mean_pseudogradient,fixed_literature_derived_defaults,0.0017480649994277382,8.74032499713906e-05,0.012575400560602273,0.000628770028030079,0.0007348719362528056,3.674359681263978e-05,3.0,0.0,0.11667836636054969,0.8902335642431951,0.0545402122152565,,,,,,,,,,,,,,,,
0.061850974100977195,0.0105,0.9885,0.001,-0.003747657174244523,0.2269345074892044,0.002251544678832336,0.0073333333246409895,1.563224936525027,0.0,0.0,0.0,0.0,0.0,0.0,0.05717518992938945,1.5566178560256958,publication,0.6362371444702148,5.848273277282715,0.6204815388762345,0.696675947572212,200,0.8683779177737556,3.1043739691376686,0.03508111217524856,0.6204815388762344,0.6966759422235191,945.3361414718628,mobile,0.006005903570492601,0.008251928059984065,47.266807276042016,47.266807276042016,system,0.0,411,0.6966759422235191,0.053756555153437996,meta_train_support,0,MARGO-SPLIT-v1,20,20,80,3,412,0.0,0.2,20,10,0.0005,0.0005,mrlco_first_order_mean_pseudogradient,fixed_literature_derived_defaults,0.0017451594166670594,8.725797083335152e-05,0.012556933226512985,0.0006278466613256484,0.0007330882665046192,3.665441332523223e-05,3.0,0.0,0.11676562433138304,0.8908614109045208,0.05457686662858173,,,,,,,,,,,,,,,,
0.06267102311219401,0.0135,0.98375,0.00275,-0.003678811015561223,0.020012399181723595,0.0016577559029731976,0.00883333330663542,1.1248697966337204,0.0,0.0,0.0,0.0,0.0,0.0,0.06705202801126799,1.5867606401443481,publication,0.641197919845581,3.3696396350860596,0.49360819490786617,0.5548619260104897,200,0.6236175082165969,2.1064187213778496,0.03371008823160082,0.49360819490786634,0.5548619296774269,487.52368222236635,mobile,0.001000229061705365,0.0011611935166769651,24.37618512136325,24.37618512136325,system,0.0,412,0.5548619296774269,0.04198903295153425,meta_train_support,0,MARGO-SPLIT-v1,20,20,80,3,413,0.0,0.2,20,10,0.0005,0.0005,mrlco_first_order_mean_pseudogradient,fixed_literature_derived_defaults,0.0017416146351234654,8.708073175617281e-05,0.012530698979226844,0.0006265349489613659,0.0007313132343823319,3.656566171911929e-05,3.0,0.0,0.11685270506313922,0.8914879458534821,0.05461343229030085,,,,,,,,,,,,,,,,
0.08375985180480212,0.0225,0.9755,0.002,0.0003333059430588037,0.035217903554439545,0.00742445151724193,0.010833333401630322,1.2338732868432998,0.0,0.0,0.0,0.0,0.0,0.0,0.07891061867790689,1.493965983390808,publication,0.6431777477264404,5.357697248458862,0.690143778202959,0.7772475881089304,200,0.7793143964622017,2.173083004541695,0.03061340923886746,0.6901437782029589,0.7772475861478597,155.05221845626832,mobile,0.0034264739336013835,0.004897795359565768,7.7526108595848555,7.7526108595848555,system,0.0,413,0.7772475861478597,0.06268347290271536,meta_train_support,0,MARGO-SPLIT-v1,20,20,80,3,414,0.0,0.2,20,10,0.0005,0.0005,mrlco_first_order_mean_pseudogradient,fixed_literature_derived_defaults,0.0017377951036068836,8.688975518034159e-05,0.012505142234322331,0.0006252571117161265,0.000729546777294452,3.647733886472104e-05,3.0,0.0,0.11693959481831956,0.8921132029651982,0.05464990962916557,,,,,,,,,,,,,,,,
0.05659184317762037,0.0125,0.986,0.0015,-0.001270898268558085,0.10380292683839798,0.0034319279970077324,0.008666666690260172,1.1521307807415724,0.0,0.0,0.0,0.0,0.0,0.0,0.06318625624001235,1.3606635332107544,publication,0.6031129360198975,5.117818355560303,0.69791394098023,0.7869530414924885,200,1.0775336770050647,4.106298009864986,0.03196399828630092,0.69791394098023,0.7869530301913619,725.72642203331,mobile,0.01464034212343193,0.01901021804103052,36.28631859883383,36.28631859883383,system,0.0,414,0.7869530301913619,0.05039488912866987,meta_train_support,0,MARGO-SPLIT-v1,20,20,80,3,415,0.0,0.2,20,10,0.0005,0.0005,mrlco_first_order_mean_pseudogradient,fixed_literature_derived_defaults,0.0017426466086667529,8.713233043333712e-05,0.012504997034707789,0.0006252498517353988,0.0007277888332527786,3.638944166264174e-05,3.0,0.0,0.1170267271487529,0.8927384528169336,0.05468629907082821,,,,,,,,,,,,,,,,
0.05340460998251083,0.01175,0.986,0.00225,-0.0009519855375401676,0.006519159767776728,0.0032893493152130306,0.008333333302289248,0.6141594549020131,0.0,0.0,0.0,0.0,0.0,0.0,0.05770568307667644,1.273765206336975,publication,0.5915334224700928,5.0181355476379395,0.30830949138282443,0.3470642831461737,200,0.40338116818818043,1.1955354288220406,0.02958306355867535,0.30830949138282443,0.3470642792247236,475.17658218383787,mobile,0.001327177298301421,0.001539210509628485,23.758828463937306,23.758828463937306,system,0.0,415,0.3470642792247236,0.03846040316514257,meta_train_support,0,MARGO-SPLIT-v1,20,20,80,3,416,0.0,0.2,20,10,0.0005,0.0005,mrlco_first_order_mean_pseudogradient,fixed_literature_derived_defaults,0.0017384575543189962,8.692287771594476e-05,0.012474936945682049,0.0006237468472840568,0.0007260393408651517,3.630196704326044e-05,3.0,0.0,0.11711365002646884,0.8933621996642177,0.05472260103787147,,,,,,,,,,,,,,,,
0.0684885418484268,0.01825,0.9795,0.00225,-0.006387738976627588,0.10877719521522522,0.007518147374503315,0.011250000074505806,1.327372861156861,0.0,0.0,0.0,0.0,0.0,0.0,0.08934349392450447,1.2134613990783691,publication,0.6196601390838623,5.163858890533447,0.8101827533614882,0.9108790277356639,200,0.8816737892274448,3.033104889560491,0.07104543241439387,0.8101827533614883,0.9108790456503629,289.6950881958008,mobile,0.0029916992035662333,0.0037362949188776474,14.484754520070423,14.484754520070423,system,0.0,416,0.9108790456503629,0.047451914521405916,meta_train_support,0,MARGO-SPLIT-v1,20,20,80,3,417,0.0,0.2,20,10,0.0005,0.0005,mrlco_first_order_mean_pseudogradient,fixed_literature_derived_defaults,0.0017342885913589987,8.671442956795228e-05,0.012445021029745162,0.000622251051487277,0.0007242982393283049,3.62149119664118e-05,3.0,0.0,0.11720036445603679,0.893984450715705,0.054758815949837884,,,,,,,,,,,,,,,,
0.054354336328241735,0.0155,0.98225,0.00225,-0.0033672577701509,0.01462729461491108,0.004322775323331978,0.015499999715636176,0.852557611713807,0.0,0.0,0.0,0.0,0.0,0.0,0.08057886508330933,1.1967580318450928,publication,0.6327760219573975,4.641273498535156,0.5357467004469222,0.6015451784450261,200,0.6058258576169337,1.5452709114179015,0.024877462768927217,0.5357467004469222,0.6015451846271753,736.4919757461548,mobile,0.007458715139791465,0.009056041246077427,36.82459989416382,36.82459989416382,system,0.0,417,0.6015451846271753,0.04567859085621037,meta_train_support,0,MARGO-SPLIT-v1,20,20,80,3,418,0.0,0.2,20,10,0.0005,0.0005,mrlco_first_order_mean_pseudogradient,fixed_literature_derived_defaults,0.0017301395755901971,8.650697877951585e-05,0.012418224479201517,0.00062091122396013,0.0007225654684208208,3.6128273421039137e-05,3.0,0.0,0.11728687143481631,0.8946053619396651,0.05479494422325892,,,,,,,,,,,,,,,,
0.06793908067848166,0.02625,0.97225,0.0015,-0.0012685531983152032,0.04538453370332718,0.009553335968909475,0.014333333044002455,1.2472463538249332,0.0,0.0,0.0,0.0,0.0,0.0,0.09384898790235584,1.1875004768371582,publication,0.6333644390106201,3.284315347671509,0.8991568027976978,1.0140714106695667,200,0.7834151676140826,2.346439680084586,0.03390102892080904,0.8991568027976982,1.0140713804401458,436.5934638404846,mobile,0.0034647250067263323,0.007175061232513887,21.829673298507725,21.829673298507725,system,0.0,418,1.0140713804401458,0.044159830847103045,meta_train_support,0,MARGO-SPLIT-v1,20,20,80,3,419,0.0,0.2,20,10,0.0005,0.0005,mrlco_first_order_mean_pseudogradient,fixed_literature_derived_defaults,0.0017260103641926073,8.630051820962548e-05,0.012388586711948053,0.0006194293355974434,0.0007208409684961888,3.604204842481279e-05,3.0,0.0,0.11737317195302593,0.8952247912752626,0.054830986271683736,,,,,,,,,,,,,,,,
0.052632903718492365,0.021,0.97725,0.00175,-0.0013284757733345032,0.18143872916698456,0.006356286731655321,0.01133333328180015,1.391501255085071,0.0,0.0,0.0,0.0,0.0,0.0,0.08993105968010777,1.2132606506347656,publication,0.6380343437194824,5.057302236557007,0.658785154451828,0.7401933479915169,200,0.9906474350095356,3.0649479972198606,0.03919475764269009,0.658785154451828,0.7401933579519391,615.2777610301971,mobile,0.004255843256850057,0.00601019860767958,30.76389014757128,30.76389014757128,system,0.0,419,0.7401933579519391,0.045214548607436594,meta_train_support,0,MARGO-SPLIT-v1,20,20,80,3,420,0.0,0.2,20,10,0.0005,0.0005,mrlco_first_order_mean_pseudogradient,fixed_literature_derived_defaults,0.001727185275802157,8.635926379010894e-05,0.01238252130049837,0.0006191260650248998,0.0007191246804759598,3.595623402379705e-05,3.0,0.0,0.11745953121681604,0.8958439173402875,0.05486694250570753,,,,,,,,,,,,,,,,
0.0414165696583008,0.019,0.97925,0.00175,-0.0032073035836219788,0.01235708687454462,0.0072797885572072115,0.014416666763524216,0.7090274532636006,0.0,0.0,0.0,0.0,0.0,0.0,0.09728857959998391,1.3062818050384521,publication,0.6502509117126465,5.276673793792725,0.42788250302892405,0.4815425633346604,200,0.5550127370507726,1.5093527473509312,-0.0012891917722299695,0.42788250302892405,0.48154255396686496,921.6054715919495,mobile,0.004831745239369218,0.008750167149056236,46.08027766375849,46.08027766375849,system,0.0,420,0.48154255396686496,0.03481520601808375,meta_train_support,0,MARGO-SPLIT-v1,20,20,80,3,421,0.0,0.2,20,10,0.0005,0.0005,mrlco_first_order_mean_pseudogradient,fixed_literature_derived_defaults,0.0017230826979498953,8.61541348975009e-05,0.01235310913588911,0.0006176554567944859,0.0007174165458430003,3.58708272921518e-05,3.0,0.0,0.11754568535171354,0.8964615727970819,0.054902813332999685,,,,,,,,,,,,,,,,
0.057754353110513815,0.02875,0.96975,0.0015,-0.007262745872139931,0.037186313420534134,0.012567766964336142,0.04616666636429727,0.8506281793117523,0.0,0.0,0.0,0.0,0.0,0.0,0.1270721789177331,1.350452184677124,publication,0.5822839736938477,5.107789754867554,0.4924777969278869,0.553402011455255,200,0.6882440585450761,2.3446324872784317,0.051378846634179354,0.49247779692788685,0.5534020170755685,358.345642414093,mobile,0.004065704841327796,0.0058099569047141055,17.9172831971622,17.9172831971622,system,0.0,421,0.5534020170755685,0.04684327662995557,meta_train_support,0,MARGO-SPLIT-v1,20,20,80,3,422,0.0,0.2,20,10,0.0005,0.0005,mrlco_first_order_mean_pseudogradient,fixed_literature_derived_defaults,0.001719457849208454,8.597289246042861e-05,0.012326479509635196,0.0006163239754817251,0.0007157165066348415,3.5785825331743903e-05,3.0,0.0,0.11763165824417397,0.8970778967725637,0.05493859915833143,,,,,,,,,,,,,,,,
0.05116583006117729,0.036,0.9605,0.0035,-0.002629754366353154,0.02811942622065544,0.014573103047829744,0.02133333352394402,0.8929148192207018,0.0,0.0,0.0,0.0,0.0,0.0,0.13079932861230004,1.3614718914031982,publication,0.6562564373016357,4.8330981731414795,0.7144498045723193,0.8043999958509244,200,0.6937924353797865,1.9482046188786626,0.03179745306260884,0.7144498045723194,0.8043999957293272,994.767560005188,mobile,0.003930753819806701,0.012390277705555197,49.738377641082714,49.738377641082714,system,0.0,422,0.8043999957293272,0.03677978923614482,meta_train_support,0,MARGO-SPLIT-v1,20,20,80,3,423,0.0,0.2,20,10,0.0005,0.0005,mrlco_first_order_mean_pseudogradient,fixed_literature_derived_defaults,0.0017153929370353844,8.576964685176602e-05,0.01229733889613724,0.0006148669448068356,0.0007140245054371232,3.570122527185582e-05,3.0,0.0,0.11771742789102574,0.8976927637173705,0.054974300383603285,,,,,,,,,,,,,,,,
0.07039180674698894,0.06775,0.93,0.00225,-0.003404586110264063,0.03250216692686081,0.02287350173961992,0.047333332865188524,1.1253381763895354,0.0,0.0,0.0,0.0,0.0,0.0,0.17289170740778648,1.4227046966552734,publication,0.6599323749542236,5.236032962799072,0.8345234554935204,0.9399650069646941,200,0.6715692206388318,1.9617478661239147,0.03914895775960758,0.8345234554935204,0.9399650179408491,395.0003319168091,mobile,0.006107851834843486,0.010211887399439477,19.7500173347589,19.7500173347589,system,0.0,423,0.9399650179408491,0.057837702378051394,meta_train_support,0,MARGO-SPLIT-v1,20,20,80,3,424,0.0,0.2,20,10,0.0005,0.0005,mrlco_first_order_mean_pseudogradient,fixed_literature_derived_defaults,0.0017115180967055533,8.557590483528055e-05,0.012277698468631689,0.0006138849234316179,0.00071234048537713,3.561702426885943e-05,3.0,0.0,0.11780300379586102,0.8983066486408021,0.055009917407872144,,,,,,,,,,,,,,,,
0.07205724091895371,0.08075,0.91625,0.003,-0.0031919656321406364,0.08234939724206924,0.028348302810142435,0.07141666693302492,1.6382159193356833,0.0,0.0,0.0,0.0,0.0,0.0,0.18385404581555584,1.4664419889450073,publication,0.6434428691864014,4.948315858840942,1.1942760146282851,1.3462501490662453,200,1.0516436892227172,3.1482921754941344,0.038399147539166734,1.1942760146282851,1.3462501739710568,414.4696199417114,mobile,0.0027583190806209747,0.006321107279369348,20.723481884493744,20.723481884493744,system,0.0,424,1.3462501739710568,0.06054426209402068,meta_train_support,0,MARGO-SPLIT-v1,20,20,80,3,425,0.0,0.2,20,10,0.0005,0.0005,mrlco_first_order_mean_pseudogradient,fixed_literature_derived_defaults,0.0017154852476275804,8.577426238137731e-05,0.012278239464723067,0.0006139119732361253,0.0007106643901174191,3.553321950586913e-05,3.0,0.0,0.1178887780582424,0.8989205606140382,0.05504545062737801,,,,,,,,,,,,,,,,
0.061881135526516674,0.07175,0.92525,0.003,-2.0806181055377237e-05,0.08969199657440186,0.023504956700101803,0.06275000002545614,1.3503151272734004,0.0,0.0,0.0,0.0,0.0,0.0,0.17871662670323263,1.432328224182129,publication,0.5963270664215088,4.749220609664917,0.9189804064276501,1.035596111016257,200,1.167302378416403,3.428833388723433,0.04065925575559959,0.9189804064276501,1.0355960985459387,317.00453371047973,mobile,0.003024548144240483,0.007888099693622232,15.850226852538391,15.850226852538391,system,0.0,425,1.0355960985459387,0.054085334871144246,meta_train_support,0,MARGO-SPLIT-v1,20,20,80,3,426,0.0,0.2,20,10,0.0005,0.0005,mrlco_first_order_mean_pseudogradient,fixed_literature_derived_defaults,0.0017231409179819428,8.615704589909345e-05,0.01228805651747919,0.0006144028258739942,0.0007089961638495378,3.5449808192478116e-05,3.0,0.0,0.11797493510414149,0.8995349634399122,0.05508090043557049,,,,,,,,,,,,,,,,
0.060949780867193805,0.06175,0.93375,0.0045,-0.0003056770365219563,0.024510866031050682,0.0135898016334977,0.06483333279999594,0.9585695107777914,0.0,0.0,0.0,0.0,0.0,0.0,0.17071064406231085,1.4224933385849,publication,0.6365921497344971,5.0482261180877686,0.5914562291540552,0.6646067136993042,200,0.7012814646550567,2.3331393181579188,0.015947106818202883,0.591456229154055,0.6646067078411579,513.9526806354522,mobile,0.002339915360391312,0.004190357523653109,25.697631254351496,25.697631254351496,system,0.0,426,0.6646067078411579,0.047328205586213624,meta_train_support,0,MARGO-SPLIT-v1,20,20,80,3,427,0.0,0.2,20,10,0.0005,0.0005,mrlco_first_order_mean_pseudogradient,fixed_literature_derived_defaults,0.001719105459157629,8.59552729578772e-05,0.012259278867555352,0.0006129639433777312,0.0007073357512878293,3.5366787564390656e-05,3.0,0.0,0.11806089037709937,0.90014792738329,0.05511626722313488,,,,,,,,,,,,,,,,
0.05813695024620928,0.05525,0.941,0.00375,0.00273076887242496,0.011416998691856861,0.024578342536309115,0.07308333360900482,0.868764745692412,0.0,0.0,0.0,0.0,0.0,0.0,0.15301006619689828,1.3964594602584839,publication,0.6155753135681152,4.664963960647583,0.5002223792628466,0.562546314026913,200,0.43243311685840985,1.2654615982901305,0.028279671096242964,0.5002223792628467,0.5625463205575943,788.2365012931824,mobile,0.004604905949896839,0.03807334089329171,39.41182637386375,39.41182637386375,system,0.0,427,0.5625463205575943,0.04398599703320327,meta_train_support,0,MARGO-SPLIT-v1,20,20,80,3,428,0.0,0.2,20,10,0.0005,0.0005,mrlco_first_order_mean_pseudogradient,fixed_literature_derived_defaults,0.001715088857617541,8.575444288087819e-05,0.012230823087952793,0.0006115411543976546,0.000705683097663325,3.528415488316533e-05,3.0,0.0,0.11814664481998025,0.9007594685376876,0.05515155137801805,,,,,,,,,,,,,,,,
0.056379261547542414,0.0435,0.95475,0.00175,-0.004887006711214781,0.02658694237470627,0.008138148269305626,0.042750000146528085,0.8128341011703014,0.0,0.0,0.0,0.0,0.0,0.0,0.13779092686078814,1.32444167137146,publication,0.6713876724243164,4.641217231750488,0.4634132536313178,0.5192690129041876,200,0.6149729838749128,1.7574395071715117,0.04143874527653679,0.4634132536313178,0.5192690066061914,426.3853353023529,mobile,0.0032731006071853286,0.004589706474487824,21.319266439028983,21.319266439028983,system,0.0,428,0.5192690066061914,0.04369505169775887,meta_train_support,0,MARGO-SPLIT-v1,20,20,80,3,429,0.0,0.2,20,10,0.0005,0.0005,mrlco_first_order_mean_pseudogradient,fixed_literature_derived_defaults,0.0017110909814925584,8.555454907463456e-05,0.012202313010824696,0.0006101156505412542,0.0007040381487177229,3.520190743588891e-05,3.0,0.0,0.11823219936905488,0.9013695841882289,0.055186753285453936,,,,,,,,,,,,,,,,
0.09152550438827448,0.042,0.955,0.003,-0.009927689097821712,0.10535041987895966,0.007912201376166194,0.05133333308622241,1.568914097547531,0.0,0.0,0.0,0.0,0.0,0.0,0.12551627740229931,1.3175638914108276,publication,0.6838812828063965,4.719367980957031,0.862491902392977,0.9731499025229584,200,1.1924887605239651,4.326525163836777,0.04189758189022541,0.8624919023929769,0.9731499360874295,104.19997902870178,mobile,0.004123767084642089,0.004873728487045038,5.2099988220038345,5.2099988220038345,system,0.0,429,0.9731499360874295,0.07705647881528466,meta_train_support,0,MARGO-SPLIT-v1,20,20,80,3,430,0.0,0.2,20,10,0.0005,0.0005,mrlco_first_order_mean_pseudogradient,fixed_literature_derived_defaults,0.0017263173721051035,8.631586860526064e-05,0.01224082900553715,0.0006120414502768234,0.0007024008506974491,3.5120042534871054e-05,3.0,0.0,0.11831851523766014,0.9019816256385057,0.05522187332798881,,,,,,,,,,,,,,,,
0.06688253339119295,0.0365,0.963,0.0005,-0.0031370893120765686,0.12333951145410538,0.006423925454146229,0.025333333217228454,1.4862447996934252,0.0,0.0,0.0,0.0,0.0,0.0,0.10904392807960767,1.3317898511886597,publication,0.6508097648620605,5.138091564178467,0.8738858506396852,0.984108299594427,200,1.1417897182919055,3.0647590206936,0.04133140815247316,0.8738858506396852,0.9841082519665361,214.49649463653566,mobile,0.0021047750507738124,0.0032292136325309238,10.724824444201445,10.724824444201445,system,0.0,430,0.9841082519665361,0.04944068989236847,meta_train_support,0,MARGO-SPLIT-v1,20,20,80,3,431,0.0,0.2,20,10,0.0005,0.0005,mrlco_first_order_mean_pseudogradient,fixed_literature_derived_defaults,0.001722311995371681,8.611559976857974e-05,0.012212428010164676,0.0006106214005082711,0.000700771150347803,3.503855751738755e-05,3.0,0.0,0.11840463083742872,0.902592247039014,0.055256911885506195,,,,,,,,,,,,,,,,
0.05536955190951224,0.023,0.9755,0.0015,-0.0031473489943891764,0.1028078943490982,0.005035620158499417,0.019249999849125742,1.163182758788268,0.0,0.0,0.0,0.0,0.0,0.0,0.09032127380905942,1.3508505821228027,publication,0.5924839973449707,5.2272255420684814,0.5498713745078344,0.6184364892705275,200,0.8983242650031846,2.9532605255953968,0.018862605530102883,0.5498713745078343,0.6184364658314735,1052.6150315284729,mobile,0.0024974173018701166,0.004162763602342337,52.63074801309629,52.63074801309629,system,0.0,431,0.6184364658314735,0.046729376614684896,meta_train_support,0,MARGO-SPLIT-v1,20,20,80,3,432,0.0,0.2,20,10,0.0005,0.0005,mrlco_first_order_mean_pseudogradient,fixed_literature_derived_defaults,0.0017185466393970419,8.592733196985392e-05,0.012187905618640084,0.0006093952809319569,0.0006991489949071831,3.4957449745361135e-05,3.0,0.0,0.11849055816939857,0.9032016423199459,0.055291869335251556,,,,,,,,,,,,,,,,
0.06635248978894973,0.0195,0.978,0.0025,0.0006303208647295833,0.018775979056954384,0.00644023665226996,0.012083333327124517,1.5997543272872767,0.0,0.0,0.0,0.0,0.0,0.0,0.08758844781531556,1.4641507863998413,publication,0.6427919864654541,5.090040445327759,0.3824887207658799,0.4295564671606917,200,0.6801952838594931,2.277423875173554,0.017112228844780475,0.3824887207658799,0.42955649537034335,343.30344339370725,mobile,0.0017592728259412484,0.002362313590811517,17.16517294345684,17.16517294345684,system,0.0,432,0.42955649537034335,0.05176327537554184,meta_train_support,0,MARGO-SPLIT-v1,20,20,80,3,433,0.0,0.2,20,10,0.0005,0.0005,mrlco_first_order_mean_pseudogradient,fixed_literature_derived_defaults,0.0017145777095139078,8.57288854756999e-05,0.012159758030606274,0.0006079879015302714,0.0006975343321013928,3.487671660507008e-05,3.0,0.0,0.11857628705487427,0.9038096302214762,0.055326746051856626,,,,,,,,,,,,,,,,
0.0722908470073703,0.01175,0.98775,0.0005,-0.004505309276282787,0.01722038723528385,0.0032365511414051682,0.007833333220332861,0.8588856749236584,0.0,0.0,0.0,0.0,0.0,0.0,0.06944990568409903,1.5426454544067383,publication,0.6078495979309082,3.774928092956543,0.4264712667944101,0.4791063673139615,200,0.5248728695491727,1.7514518867246807,0.04436478530988097,0.4264712667944101,0.4791063821315765,324.34405524253845,mobile,0.002724619490680027,0.0034294262433543416,16.21720232965325,16.21720232965325,system,0.0,433,0.4791063821315765,0.05289514415301823,meta_train_support,0,MARGO-SPLIT-v1,20,20,80,3,434,0.0,0.2,20,10,0.0005,0.0005,mrlco_first_order_mean_pseudogradient,fixed_literature_derived_defaults,0.0017106270696302353,8.553135348150775e-05,0.012131740154959715,0.0006065870077479607,0.0006959271101380256,3.479635550689836e-05,3.0,0.0,0.11866181840835578,0.9044162172292242,0.055361542407363525,,,,,,,,,,,,,,,,
0.05781594019527836,0.00825,0.99075,0.001,-0.001975567080080509,0.024759631603956223,0.001824282519616342,0.004666666593402624,1.1191253989934924,0.0,0.0,0.0,0.0,0.0,0.0,0.045488603639613844,1.5519909858703613,publication,0.6017756462097168,5.360534429550171,0.5593200970428508,0.6296375707150946,200,0.5526363524971448,1.6785578280687332,0.01917149269138463,0.5593200970428509,0.6296375696640462,761.5784104156494,mobile,0.003034049062651193,0.004030777221531756,38.078920118159814,38.078920118159814,system,0.0,434,0.6296375696640462,0.040751608480173444,meta_train_support,0,MARGO-SPLIT-v1,20,20,80,3,435,0.0,0.2,20,10,0.0005,0.0005,mrlco_first_order_mean_pseudogradient,fixed_literature_derived_defaults,0.0017066945936080968,8.533472968040579e-05,0.012103851097132221,0.0006051925548565817,0.0006943272777009267,3.471636388504423e-05,3.0,0.0,0.11874715313803619,0.9050214097840807,0.05539625877124857,,,,,,,,,,,,,,,,
0.08366615652289652,0.007,0.99275,0.00025,-0.0035532645415514708,0.05723036453127861,0.0015641607581831825,0.0046666666244467095,1.3360144048929214,0.0,0.0,0.0,0.0,0.0,0.0,0.04129657040643798,1.491052269935608,publication,0.6607887744903564,5.295220375061035,0.6932761985201532,0.7829229417970055,200,0.8852939654234404,2.831210033968091,0.040332672535441816,0.6932761985201533,0.782922951001674,179.67854722976685,mobile,0.002578462436327614,0.003448697534443196,8.983927326501929,8.983927326501929,system,0.0,435,0.782922951001674,0.05902322928783276,meta_train_support,0,MARGO-SPLIT-v1,20,20,80,3,436,0.0,0.2,20,10,0.0005,0.0005,mrlco_first_order_mean_pseudogradient,fixed_literature_derived_defaults,0.0017027801564667938,8.513900782333716e-05,0.012076089970762652,0.0006038044985381408,0.0006927347839447319,3.4636739197235755e-05,3.0,0.0,0.11883229214585952,0.9056252142826189,0.055430895510445805,,,,,,,,,,,,,,,,
0.06586653425520635,0.0055,0.9935,0.001,-0.002965351101011038,0.09933535754680634,0.0007418113401702916,0.003416666636864344,1.5077135406434539,0.0,0.0,0.0,0.0,0.0,0.0,0.03214250912618635,1.3784584999084473,publication,0.6597075462341309,4.87585186958313,1.1068698812599775,1.246384760409346,200,0.9995415826232186,3.1321011977270246,0.047719505135319196,1.106869881259977,1.246384792458266,547.5590811920166,mobile,0.0014155223091446689,0.0028035509911682683,27.377953092428967,27.377953092428967,system,0.0,436,1.246384792458266,0.04378639245761489,meta_train_support,0,MARGO-SPLIT-v1,20,20,80,3,437,0.0,0.2,20,10,0.0005,0.0005,mrlco_first_order_mean_pseudogradient,fixed_literature_derived_defaults,0.0016988836343696159,8.494418171847706e-05,0.012048455897603012,0.0006024227948800975,0.0006911495784894808,3.455747892447403e-05,3.0,0.0,0.118917236327578,0.906227637077499,0.05546545298937028,,,,,,,,,,,,,,,,
0.05794292843291475,0.0065,0.99325,0.00025,-0.0020073901396244764,0.06204209849238396,0.0010812808004023585,0.0034999999372909473,1.2199431022008258,0.0,0.0,0.0,0.0,0.0,0.0,0.034508266469414836,1.4693506956100464,publication,0.6385366916656494,5.287004709243774,0.9154092696696836,1.0304244461332654,200,0.8806783273254128,2.3113213940523565,0.0295940074884129,0.9154092696696836,1.0304244569782168,459.2733180618286,mobile,0.0024266118925221816,0.004857023691374232,22.96366435851451,22.96366435851451,system,0.0,437,1.0304244569782168,0.043431580291263955,meta_train_support,0,MARGO-SPLIT-v1,20,20,80,3,438,0.0,0.2,20,10,0.0005,0.0005,mrlco_first_order_mean_pseudogradient,fixed_literature_derived_defaults,0.0016950049046107812,8.475024523053876e-05,0.012020948007425836,0.0006010474003712574,0.0006895716114153038,3.4478580570762585e-05,3.0,0.0,0.11900198657280854,0.9068286844778702,0.05549993156994104,,,,,,,,,,,,,,,,
0.054588193414827756,0.0065,0.99175,0.00175,-0.001483750413171947,0.14963401854038239,0.001348334998935267,0.004499999914939205,1.3274313047528268,0.0,0.0,0.0,0.0,0.0,0.0,0.04166798882051644,1.4895150661468506,publication,0.6428170204162598,5.106898784637451,0.6311316194814589,0.710657498530527,200,0.7965925508197491,2.777588334865868,0.0006037839921191335,0.6311316194814589,0.7106575040984899,716.7867311191559,mobile,0.0034097773659283897,0.006300198283481548,35.83933619463521,35.83933619463521,system,0.0,438,0.7106575040984899,0.04284131634282945,meta_train_support,0,MARGO-SPLIT-v1,20,20,80,3,439,0.0,0.2,20,10,0.0005,0.0005,mrlco_first_order_mean_pseudogradient,fixed_literature_derived_defaults,0.001691143845602556,8.455719228012137e-05,0.011997380816974712,0.0005998690408487439,0.0006898217011463723,3.4491085057319903e-05,3.0,0.0,0.11908654376508866,0.907428553518719,0.05553442265499836,,,,,,,,,,,,,,,,
0.07789247981690363,0.0055,0.9935,0.001,-0.0007195469224825501,0.0413496308028698,0.0007861677377756374,0.002916666616996129,1.0525966490308445,0.0,0.0,0.0,0.0,0.0,0.0,0.04069353763917998,1.5551681518554688,publication,0.6269314289093018,5.100364446640015,0.6598439125140593,0.742110650827076,200,0.7935356966289328,2.1307015768252313,-0.0064498401479795575,0.6598439125140593,0.7421106428420171,246.4655870437622,mobile,0.0025697239787800226,0.004145970259695838,12.32327881290944,12.32327881290944,system,0.0,439,0.7421106428420171,0.052987111002913014,meta_train_support,0,MARGO-SPLIT-v1,20,20,80,3,440,0.0,0.2,20,10,0.0005,0.0005,mrlco_first_order_mean_pseudogradient,fixed_literature_derived_defaults,0.0016873003368625503,8.436501684312703e-05,0.011970114042390678,0.0005985057021195006,0.0006882539245528579,3.4412696227642536e-05,3.0,0.0,0.11917090878193179,0.9080270592208385,0.055568835351226004,,,,,,,,,,,,,,,,
0.0658249043930201,0.0065,0.9915,0.002,-0.003192828269675374,0.04512142017483711,0.0014586894447954062,0.0057499999490876995,0.8602990607420603,0.0,0.0,0.0,0.0,0.0,0.0,0.050155741093876514,1.4727253913879395,publication,0.5883438587188721,3.793781280517578,0.5670830614359835,0.6381329966648173,200,1.0454452762191755,3.2841814206913114,0.03032570073264651,0.5670830614359835,0.6381330162286758,410.8417712020874,mobile,0.006924326160793404,0.009910245574945522,20.542089542295376,20.542089542295376,system,0.0,440,0.6381330162286758,0.05344973424373164,meta_train_support,0,MARGO-SPLIT-v1,20,20,80,3,441,0.0,0.2,20,10,0.0005,0.0005,mrlco_first_order_mean_pseudogradient,fixed_literature_derived_defaults,0.001683474259001184,8.417371295005305e-05,0.011942970926648295,0.0005971485463324155,0.0006866932580572731,3.4334662902861524e-05,3.0,0.0,0.11925508249488184,0.9086242077671709,0.055603170014128865,,,,,,,,,,,,,,,,
0.04787479647143864,0.007,0.991,0.002,-0.00045248353853821754,0.02376197837293148,0.0009005539232020965,0.004249999982615311,0.9967931409676869,0.0,0.0,0.0,0.0,0.0,0.0,0.04617307237919605,1.4901081323623657,publication,0.617687463760376,5.2980358600616455,0.6029784676790649,0.679002273116821,200,0.6608897534699061,2.2106571467593312,0.05546393665281357,0.602978467679065,0.6790022834204137,1179.281802444458,mobile,0.0025463544484657036,0.008929371830719101,58.96408943424407,58.96408943424407,system,0.0,441,0.6790022834204137,0.0349375429277572,meta_train_support,0,MARGO-SPLIT-v1,20,20,80,3,442,0.0,0.2,20,10,0.0005,0.0005,mrlco_first_order_mean_pseudogradient,fixed_literature_derived_defaults,0.0016796654937093261,8.398327468546463e-05,0.01191595063043416,0.0005957975315217245,0.000685139653401035,3.425698267005284e-05,3.0,0.0,0.1193390657695673,0.9092200052986926,0.05563742699679892,,,,,,,,,,,,,,,,
0.05285079623367556,0.0105,0.98725,0.00225,-0.0010569390142336488,0.013932690024375916,0.0019377346789193933,0.007166666584089399,0.8411361182729404,0.0,0.0,0.0,0.0,0.0,0.0,0.0606493737977644,1.5038055181503296,publication,0.6301431655883789,5.218894004821777,0.444993193845035,0.5001645047860075,200,0.48257401098720737,1.2858796524815261,-0.014463006576988846,0.444993193845035,0.5001645012339577,652.8908710479736,mobile,0.004357061040474216,0.006981440955570619,32.64454452225882,32.64454452225882,system,0.0,442,0.5001645012339577,0.04084712247556583,meta_train_support,0,MARGO-SPLIT-v1,20,20,80,3,443,0.0,0.2,20,10,0.0005,0.0005,mrlco_first_order_mean_pseudogradient,fixed_literature_derived_defaults,0.0016758739237460996,8.379369618730093e-05,0.011890350343388204,0.000594517517169435,0.0006842483310183187,3.42124165509175e-05,3.0,0.0,0.11942285946575461,0.9098145228158621,0.055671639413349835,,,,,,,,,,,,,,,,
0.0711961048379863,0.009,0.98775,0.00325,0.0003098392626270652,0.041496455669403076,0.0015840978354087077,0.007666666666045785,1.1875961537162463,0.0,0.0,0.0,0.0,0.0,0.0,0.05855808251099384,1.3905616998672485,publication,0.6380620002746582,5.202163457870483,0.9122251734839162,1.0276488959394192,200,1.014610838817166,2.829163962043822,0.03861657888046466,0.9122251734839162,1.0276488716714085,205.0120994091034,mobile,0.00224280593843248,0.003912635306623461,10.250605663058511,10.250605663058511,system,0.0,443,1.0276488716714085,0.056506172408650704,meta_train_support,0,MARGO-SPLIT-v1,20,20,80,3,444,0.0,0.2,20,10,0.0005,0.0005,mrlco_first_order_mean_pseudogradient,fixed_literature_derived_defaults,0.0016720994329268517,8.360497164634773e-05,0.01186357027504724,0.0005931785137524015,0.0006827072311736829,3.413536155868341e-05,3.0,0.0,0.11950646443740096,0.9104077013296145,0.05570577477490852,,,,,,,,,,,,,,,,
0.05596023441328616,0.01,0.986,0.004,-0.0011042336700484157,0.10433214157819748,0.002251777039320283,0.008416666587193807,1.3580407559871674,0.0,0.0,0.0,0.0,0.0,0.0,0.06314474967710566,1.3767060041427612,publication,0.6501462459564209,4.80938720703125,0.8338829967300302,0.9371144420778365,200,0.8008409532164739,2.368230253458023,0.07186797569738701,0.8338829967300301,0.9371144157648087,816.9421887588501,mobile,0.0020870660254368205,0.003305624275934058,40.84710641623603,40.84710641623603,system,0.0,444,0.9371144157648087,0.04128028548338209,meta_train_support,0,MARGO-SPLIT-v1,20,20,80,3,445,0.0,0.2,20,10,0.0005,0.0005,mrlco_first_order_mean_pseudogradient,fixed_literature_derived_defaults,0.0016683419061112857,8.341709530555741e-05,0.011841198834799463,0.0005920599417399419,0.0006827924685930376,3.4139623429650656e-05,3.0,0.0,0.11958988153270651,0.9109997612713544,0.05573991439833817,,,,,,,,,,,,,,,,
0.0703319757910047,0.01675,0.98175,0.0015,-0.0014233639230951667,0.09122031182050705,0.0020886187465066547,0.010333333412806192,1.4978466759125388,0.0,0.0,0.0,0.0,0.0,0.0,0.06774515624626602,1.396213173866272,publication,0.6167893409729004,5.358598232269287,0.8532375235181476,0.9609488210607878,200,1.0276520167009715,2.966963342856616,0.02089192467974499,0.8532375235181476,0.9609488074295223,288.9407125854492,mobile,0.004891867467997114,0.00721338195937552,14.447035198404858,14.447035198404858,system,0.0,445,0.9609488074295223,0.05430741384435063,meta_train_support,0,MARGO-SPLIT-v1,20,20,80,3,446,0.0,0.2,20,10,0.0005,0.0005,mrlco_first_order_mean_pseudogradient,fixed_literature_derived_defaults,0.0016649084887833162,8.324542443916005e-05,0.01182972727541619,0.0005914863637708212,0.0006844843229680181,3.4224216148404096e-05,3.0,0.0,0.11967312695714567,0.9115912476351252,0.055774138614486574,,,,,,,,,,,,,,,,
0.061633470545877866,0.017,0.981,0.002,-0.0015662903897464275,0.14694252610206604,0.0022297885124165384,0.011083333458130559,1.3761887679497402,0.0,0.0,0.0,0.0,0.0,0.0,0.07928225451328472,1.3785879611968994,publication,0.6471207141876221,4.992911338806152,0.6605718366488068,0.7446191152491156,200,1.1987272788690164,4.07453568931669,-0.08038031499017961,0.6605718366488068,0.7446190776489675,549.9554691696167,mobile,0.004010861509930274,0.006308163139559014,27.497775887461554,27.497775887461554,system,0.0,446,0.7446190776489675,0.05017000001962837,meta_train_support,0,MARGO-SPLIT-v1,20,20,80,3,447,0.0,0.2,20,10,0.0005,0.0005,mrlco_first_order_mean_pseudogradient,fixed_literature_derived_defaults,0.001661183861291631,8.305919306457465e-05,0.011803262561153513,0.000590163128057708,0.0006829530381291634,3.414765190645763e-05,3.0,0.0,0.11975618615021025,0.9121814107631829,0.05580828626639303,,,,,,,,,,,,,,,,
0.05773142851941031,0.0195,0.976,0.0045,-0.0018716923659667373,0.006886839866638184,0.003678208590038897,0.013999999919906258,0.5866222858428954,0.0,0.0,0.0,0.0,0.0,0.0,0.0995148850306644,0.5554978847503662,publication,0.6255629062652588,5.611831903457642,0.17824536757348894,0.19904207144914834,200,0.22378176929202961,0.7165621572057717,0.00022888882085680962,0.1782453675734889,0.19904206546023487,476.28240268707276,mobile,0.004094105123873194,0.008013105359587363,23.814121344241897,23.814121344241897,system,0.0,447,0.19904206546023487,0.04641526110011831,meta_train_support,0,MARGO-SPLIT-v1,20,20,80,3,448,0.0,0.2,20,10,0.0005,0.0005,mrlco_first_order_mean_pseudogradient,fixed_literature_derived_defaults,0.0016574758616012479,8.287379308005716e-05,0.011776915992936652,0.0005888457996467977,0.0006814285893833394,3.407142946916519e-05,3.0,0.0,0.1198390599432903,0.9127702565628297,0.055842357695862196,,,,,,,,,,,,,,,,
0.04458126082253674,0.00925,0.98875,0.002,-0.0009131779079325497,0.05176921188831329,0.001251308073991216,0.006333333222816389,1.2432405757407348,0.0,0.0,0.0,0.0,0.0,0.0,0.05009005447261042,1.4004125595092773,publication,0.6475565433502197,4.513665676116943,0.7319186414672965,0.8232317358872752,200,0.6479297859101039,1.8890163358300924,0.035220165984355845,0.7319186414672962,0.8232317421212793,1074.2011920928956,mobile,0.0017549118908957925,0.0032827981738204315,53.71005687101141,53.71005687101141,system,0.0,448,0.8232317421212793,0.029843440449200356,meta_train_support,0,MARGO-SPLIT-v1,20,20,80,3,449,0.0,0.2,20,10,0.0005,0.0005,mrlco_first_order_mean_pseudogradient,fixed_literature_derived_defaults,0.0016537843786132718,8.268921893066217e-05,0.011750686781371093,0.0005875343390685517,0.0006799109310550915,3.3995546552756384e-05,3.0,0.0,0.11992174916222097,0.9133577909018983,0.05587635324241495,,,,,,,,,,,,,,,,
0.06242971146771904,0.01325,0.985,0.00175,0.0004378333978820592,0.06928388774394989,0.0021165897204279338,0.007999999976406495,1.035176258534193,0.0,0.0,0.0,0.0,0.0,0.0,0.06241973801497616,1.4045357704162598,publication,0.6536471843719482,5.133198261260986,0.6690614612169735,0.7531835932936201,200,1.0674799304768003,3.5323658437264385,0.017883941996842623,0.6690614612169734,0.7531835615914315,600.293559589386,mobile,0.001987451159785243,0.003301097370968799,30.014677752601784,30.014677752601784,system,0.0,449,0.7531835615914315,0.04952398487589315,meta_train_support,0,MARGO-SPLIT-v1,20,20,80,3,450,0.0,0.2,20,10,0.0005,0.0005,mrlco_first_order_mean_pseudogradient,fixed_literature_derived_defaults,0.0016501093022163534,8.250546511082146e-05,0.011724574144079156,0.0005862287072039285,0.000678400017874969,3.3920000893750135e-05,3.0,0.0,0.12000425462733179,0.9139440196091022,0.0559102732433087,,,,,,,,,,,,,,,,
0.052864990008280474,0.009,0.98975,0.00125,-0.0008341744542121887,0.1333356350660324,0.0008629731769985938,0.005500000016763806,1.337346675246954,0.0,0.0,0.0,0.0,0.0,0.0,0.05199155121823681,1.393916368484497,publication,0.6616270542144775,5.004688262939453,0.8046171872477735,0.9059739343605179,200,1.2256909592106349,3.7453375635668635,0.05468433916394133,0.8046171872477738,0.9059739366173745,735.8905357933045,mobile,0.0027306651913438845,0.0035631457735635376,36.79452503244062,36.79452503244062,system,0.0,450,0.9059739366173745,0.04181749965543777,meta_train_support,0,MARGO-SPLIT-v1,20,20,80,3,451,0.0,0.2,20,10,0.0005,0.0005,mrlco_first_order_mean_pseudogradient,fixed_literature_derived_defaults,0.0016464505232757407,8.232252616378888e-05,0.011699661765012376,0.0005849830882506124,0.000677923479098462,3.389617395492539e-05,3.0,0.0,0.12008657715349558,0.9145290026973528,0.05594416941726363,-0.07159277654795401,-0.07876249239548425,0.07876249239548425,0.025,0.15,0.05,0.025,0.975,0.975,0.0,validation/automotive_lexicographic_v1,automotive_lexicographic_v1,a3bd00d5108237acdb706f561212b5d840bac151f48b5250a61c573d9c9ffb6c,482554171.0,0.07876249239548425,0.0
0.07573597340855917,0.00675,0.99175,0.0015,-0.0006948802038095891,0.062868133187294,0.0014398482905335185,0.004749999986961484,1.2529688867429891,0.0,0.0,0.0,0.0,0.0,0.0,0.04180555132765053,1.5186880826950073,publication,0.6706421375274658,5.4181859493255615,0.844239841651017,0.950272256827484,200,0.9138262527387881,2.663149959174916,0.05832894474588102,0.844239841651017,0.9502722384780645,205.6581304168701,mobile,0.0008732486432413973,0.001101279288336855,10.282905838533653,10.282905838533653,system,0.0,451,0.9502722384780645,0.05514621497451266,meta_train_support,0,MARGO-SPLIT-v1,20,20,80,3,452,0.0,0.2,20,10,0.0005,0.0005,mrlco_first_order_mean_pseudogradient,fixed_literature_derived_defaults,0.0016428079336224758,8.214039668112683e-05,0.011673777557567658,0.0005836888778784077,0.0006764236483924918,3.3821182419624396e-05,3.0,0.0,0.1201687175501767,0.9151126915752312,0.05597799059968325,,,,,,,,,,,,,,,,
0.06877728225564339,0.007,0.99175,0.00125,-0.0019096515607088804,0.021196920424699783,0.001186238874409658,0.005083333250756065,0.8065860196948051,0.0,0.0,0.0,0.0,0.0,0.0,0.04358494375121979,1.5154682397842407,publication,0.6795728206634521,5.203479528427124,0.2922213807373768,0.32794046016751965,200,0.4138584060869584,1.3179460694082081,-0.03296847874298692,0.2922213807373769,0.3279404656868428,222.58339080810546,mobile,0.005596512809950415,0.008996565909273824,11.129168867681559,11.129168867681559,system,0.0,452,0.3279404656868428,0.0585480464539104,meta_train_support,0,MARGO-SPLIT-v1,20,20,80,3,453,0.0,0.2,20,10,0.0005,0.0005,mrlco_first_order_mean_pseudogradient,fixed_literature_derived_defaults,0.0016391814260427351,8.195907130213731e-05,0.011648007629184507,0.0005824003814591805,0.0006749304394556431,3.3746521972785604e-05,3.0,0.0,0.12025067662147884,0.9156950919566904,0.05601173712165604,,,,,,,,,,,,,,,,
0.06789261060408032,0.00575,0.99375,0.0005,-0.002181541407480836,0.2737251818180084,0.0007200080758707373,0.002749999969576796,1.726581437140703,0.0,0.0,0.0,0.0,0.0,0.0,0.03587562528412542,1.5636885166168213,publication,0.6718320846557617,4.9691479206085205,0.7711246050159002,0.8652117653838377,200,1.2183249860323067,3.2909799087792635,0.015487060358282179,0.7711246050159002,0.8652117633353918,313.03990195274355,mobile,0.004175118161403366,0.00424036095869439,15.651994282670767,15.651994282670767,system,0.0,453,0.8652117633353918,0.0485785303804517,meta_train_support,0,MARGO-SPLIT-v1,20,20,80,3,454,0.0,0.2,20,10,0.0005,0.0005,mrlco_first_order_mean_pseudogradient,fixed_literature_derived_defaults,0.0016355708942673106,8.177854471336232e-05,0.011622351224714937,0.0005811175612357999,0.0006734438085317319,3.367219042658964e-05,3.0,0.0,0.1203324551661922,0.9162762095179262,0.05604540931208263,,,,,,,,,,,,,,,,
0.07304726633898805,0.00475,0.99475,0.0005,-0.00023960458929650486,0.13474217057228088,0.0005170827270224739,0.0028333332855254413,1.6811097135146462,0.0,0.0,0.0,0.0,0.0,0.0,0.029186054589583413,1.6728345155715942,publication,0.6592698097229004,5.183079481124878,1.0019634267585689,1.1307392000236722,200,1.0888667106045564,3.7490736972540617,0.04413483921234729,1.0019634267585693,1.1307391420938075,682.7784749031067,mobile,0.0009519085272917121,0.0012985433112708581,34.138923539691774,34.138923539691774,system,0.0,454,1.1307391420938075,0.05218511574347433,meta_train_support,0,MARGO-SPLIT-v1,20,20,80,3,455,0.0,0.2,20,10,0.0005,0.0005,mrlco_first_order_mean_pseudogradient,fixed_literature_derived_defaults,0.0016319762329612287,8.159881164805649e-05,0.01160013608253129,0.0005800068041265094,0.0006731676766913787,3.365838383456721e-05,3.0,0.0,0.12041405397784026,0.9168562163220527,0.056079067695917195,,,,,,,,,,,,,,,,
0.036663205143991545,0.003,0.9965,0.0005,-0.000682528770994395,0.01899838261306286,0.00023333522766885535,0.0018333332923551402,0.9697144810110331,0.0,0.0,0.0,0.0,0.0,0.0,0.028103924196058595,1.6829062700271606,publication,0.6834573745727539,5.132066249847412,0.45463640675322226,0.5113688182081387,200,0.4222354542842391,1.5223016468808055,0.0514026622986421,0.45463640675322237,0.5113688145019114,1446.2252934265136,mobile,0.0033353037086798778,0.005686186443451428,72.3112679589995,72.3112679589995,system,0.0,455,0.5113688145019114,0.02698029542485215,meta_train_support,0,MARGO-SPLIT-v1,20,20,80,3,456,0.0,0.2,20,10,0.0005,0.0005,mrlco_first_order_mean_pseudogradient,fixed_literature_derived_defaults,0.0016283973377135066,8.14198668856736e-05,0.011574697187613458,0.0005787348593806474,0.0006716914317863538,3.358457158932071e-05,3.0,0.0,0.12049547384472593,0.9174349511814334,0.056112652267506516,,,,,,,,,,,,,,,,
0.06523896880106084,0.00475,0.99425,0.001,-0.0007159562082961202,0.05556926503777504,0.001147314843668331,0.0028333332855254413,1.517220185448726,0.0,0.0,0.0,0.0,0.0,0.0,0.026862469735277013,1.6987606287002563,publication,0.5839474201202393,5.458114147186279,0.8558598048262883,0.9637792872809223,200,0.811497704931991,2.1713558570481837,0.012267029262147844,0.8558598048262882,0.963779283054173,596.5754998397828,mobile,0.0003674882521629366,0.001105404976470349,29.828773701213223,29.828773701213223,system,0.0,456,0.963779283054173,0.04944748839866092,meta_train_support,0,MARGO-SPLIT-v1,20,20,80,3,457,0.0,0.2,20,10,0.0005,0.0005,mrlco_first_order_mean_pseudogradient,fixed_literature_derived_defaults,0.0016248341050270438,8.12417052513531e-05,0.011549369622651504,0.0005774684811326036,0.0006702216474717229,3.3511082373587076e-05,3.0,0.0,0.12057671554997729,0.918012419662566,0.0561461633498801,,,,,,,,,,,,,,,,
0.05751607217292962,0.00325,0.99625,0.0005,-0.0004958994104526937,0.020168310031294823,0.00042594327969140976,0.0020833332867672043,1.0897082986931006,0.0,0.0,0.0,0.0,0.0,0.0,0.026984392332508312,1.6449047327041626,publication,0.6294057369232178,5.002960681915283,0.5260125255132282,0.5929515796921987,200,0.6204412429910781,2.182881939224899,0.045330032568017486,0.5260125255132281,0.5929516027309001,1071.4792392730712,mobile,0.001437477624479455,0.0015907557728036762,53.573962227212405,53.573962227212405,system,0.0,457,0.5929516027309001,0.04325561993316737,meta_train_support,0,MARGO-SPLIT-v1,20,20,80,3,458,0.0,0.2,20,10,0.0005,0.0005,mrlco_first_order_mean_pseudogradient,fixed_literature_derived_defaults,0.0016212864323086442,8.106432161543442e-05,0.011524152658409906,0.0005762076329205446,0.0006687582814292082,3.343791407146163e-05,3.0,0.0,0.12065777987159272,0.9185886272954865,0.056179601263951565,,,,,,,,,,,,,,,,
0.03604403328636761,0.00325,0.99575,0.001,-0.0004380768514238298,0.013850856572389603,0.000528237739628897,0.0023333333122233547,0.6751381339505316,0.0,0.0,0.0,0.0,0.0,0.0,0.028311035079142732,1.2129535675048828,publication,0.6367747783660889,5.199995756149292,0.3434903329154952,0.3857482451489341,200,0.6735096447113527,2.2927881460636854,0.028503932582680136,0.3434903329154952,0.3857482516020536,608.520853099823,mobile,0.0017608796437977733,0.002917020721520472,30.426042807293978,30.426042807293978,system,0.0,458,0.3857482516020536,0.0306438165809492,meta_train_support,0,MARGO-SPLIT-v1,20,20,80,3,459,0.0,0.2,20,10,0.0005,0.0005,mrlco_first_order_mean_pseudogradient,fixed_literature_derived_defaults,0.00161775421785917,8.088771089295732e-05,0.011499045572008142,0.0005749522786003824,0.0006673012917093188,3.3365064585469395e-05,3.0,0.0,0.12073866758248568,0.9191635795740869,0.056212966328537034,,,,,,,,,,,,,,,,
0.05187216328792034,0.00575,0.994,0.00025,-0.0006141111953184009,0.00841937679797411,0.000834225525053019,0.0035833332842836775,0.6835805951307217,0.0,0.0,0.0,0.0,0.0,0.0,0.030996272611167292,0.7356984615325928,publication,0.6029369831085205,5.482427597045898,0.15533835301977755,0.1737298484290841,200,0.3188761307955223,1.1291380799375474,-0.009396832785569131,0.15533835301977753,0.17372985056135803,296.0484338951111,mobile,0.0018105486706885493,0.002230406101041462,14.80242190714391,14.80242190714391,system,0.0,459,0.17372985056135803,0.04432967821614517,meta_train_support,0,MARGO-SPLIT-v1,20,20,80,3,460,0.0,0.2,20,10,0.0005,0.0005,mrlco_first_order_mean_pseudogradient,fixed_literature_derived_defaults,0.001614237360863824,8.071186804319008e-05,0.011474047646851603,0.0005737023823425558,0.000665850636727342,3.329253183636388e-05,3.0,0.0,0.12081937945052887,0.9197372819564295,0.0562462588603734,,,,,,,,,,,,,,,,
0.07142192511902302,0.00225,0.997,0.00075,-0.00038294814294204116,0.14388205111026764,0.000206548804005043,0.0009999999776482583,1.8056966923177238,0.0,0.0,0.0,0.0,0.0,0.0,0.02051749957853692,1.4911853075027466,publication,0.5576906204223633,5.09418249130249,0.9279237080461112,1.0465344179197564,200,0.9320028083489064,2.7163563473150134,0.05694215385301504,0.927923708046111,1.0465344219282269,196.77091760635375,mobile,0.000492919153150035,0.000492919153150035,9.838545567497272,9.838545567497272,system,0.0,460,1.0465344219282269,0.05105158791453464,meta_train_support,0,MARGO-SPLIT-v1,20,20,80,3,461,0.0,0.2,20,10,0.0005,0.0005,mrlco_first_order_mean_pseudogradient,fixed_literature_derived_defaults,0.0016107357613825576,8.05367880691299e-05,0.011449158172563421,0.0005724579086281434,0.0006644062752593869,3.322031376296747e-05,3.0,0.0,0.120899916238598,0.9203097398650576,0.056279479174136365,,,,,,,,,,,,,,,,
0.0688379134363307,0.0035,0.996,0.0005,-0.0006135040894150734,0.05621343106031418,0.0009749475339342931,0.0023333332811792695,1.1032921347767115,0.0,0.0,0.0,0.0,0.0,0.0,0.024011006965838,1.3591716289520264,publication,0.6632606983184814,5.2277991771698,0.556973388952472,0.6282536607443399,200,0.8702161731416946,2.959725245833397,0.05678469009581022,0.5569733889524721,0.628253660891205,421.82543375015257,mobile,0.00030634174869057163,0.00030634174869057163,21.091273371811727,21.091273371811727,system,0.0,461,0.628253660891205,0.0525403329373349,meta_train_support,0,MARGO-SPLIT-v1,20,20,80,3,462,0.0,0.2,20,10,0.0005,0.0005,mrlco_first_order_mean_pseudogradient,fixed_literature_derived_defaults,0.001607249320340604,8.036246601703101e-05,0.01142437644491718,0.000571218822245867,0.0006629681664384791,3.314840832192162e-05,3.0,0.0,0.12098027870461503,0.9208809586873035,0.05631262758245829,,,,,,,,,,,,,,,,
0.06688799394239525,0.00175,0.99775,0.0005,-0.00019745428289752454,0.13412733376026154,0.0005868513863610758,0.0009166666461775701,1.555323290359229,0.0,0.0,0.0,0.0,0.0,0.0,0.01960472714202843,1.3894823789596558,publication,0.6504106521606445,5.156519651412964,1.0733351835989202,1.2116399550782808,200,1.2916200060973324,4.329982224851847,0.04319879256945569,1.0733351835989198,1.2116399453394116,516.0974175834656,mobile,0.00038034610692939654,0.0006390787487194583,25.80487020632838,25.80487020632838,system,0.0,462,1.2116399453394116,0.054122000178482954,meta_train_support,0,MARGO-SPLIT-v1,20,20,80,3,463,0.0,0.2,20,10,0.0005,0.0005,mrlco_first_order_mean_pseudogradient,fixed_literature_derived_defaults,0.001603777939519134,8.018889697596066e-05,0.01139970176577049,0.0005699850882885382,0.000661536269750707,3.307681348753422e-05,3.0,0.0,0.12106046760159099,0.921450943775592,0.05634570439594582,,,,,,,,,,,,,,,,
0.05648994489083087,0.003,0.99675,0.00025,-0.0004528069985099137,0.03235667571425438,0.00039790976955978634,0.0014999999664723873,1.3179670551170906,0.0,0.0,0.0,0.0,0.0,0.0,0.017513982231939323,1.360766887664795,publication,0.653872013092041,4.975379228591919,0.7243436350260037,0.814831151927101,200,0.7405896178387542,2.3588890228420496,0.030111091215076158,0.724343635026004,0.814831136437133,533.6881157684326,mobile,0.0005406278308259674,0.0014936214606735686,26.68440539933294,26.68440539933294,system,0.0,463,0.814831136437133,0.0391362495642563,meta_train_support,0,MARGO-SPLIT-v1,20,20,80,3,464,0.0,0.2,20,10,0.0005,0.0005,mrlco_first_order_mean_pseudogradient,fixed_literature_derived_defaults,0.0016003215215460323,8.001607607729944e-05,0.011375133442999433,0.0005687566721499504,0.0006601105450314167,3.300552725157141e-05,3.0,0.0,0.12114048367766829,0.922019700447742,0.05637870992319739,,,,,,,,,,,,,,,,
0.056318349169979,0.00325,0.99675,0.0,-0.0005516207311302423,0.02809026464819908,0.00021160849074065938,0.0015833332979430753,1.2211828365921975,0.0,0.0,0.0,0.0,0.0,0.0,0.018100287293305466,1.4515669345855713,publication,0.583383321762085,5.017119646072388,0.4169579872647165,0.4684692285697383,200,0.5557434929059665,1.6331147262826562,0.04651056439615786,0.41695798726471656,0.46846921075135467,763.2084397506713,mobile,0.0029572860826250543,0.0029572860826250543,38.16042065124788,38.16042065124788,system,0.0,464,0.46846921075135467,0.04270206821824365,meta_train_support,0,MARGO-SPLIT-v1,20,20,80,3,465,0.0,0.2,20,10,0.0005,0.0005,mrlco_first_order_mean_pseudogradient,fixed_literature_derived_defaults,0.0015968799698867935,7.984399849433887e-05,0.011350670790433844,0.0005675335395216585,0.0006586909524614567,3.293454762307024e-05,3.0,0.0,0.12122032767616263,0.9225872339872636,0.05641164447082046,,,,,,,,,,,,,,,,
0.08120586267368833,0.001,0.999,0.0,-0.0006970717222429812,0.029727207496762276,4.34095895352075e-05,0.0004999999888241291,1.616479477286339,0.0,0.0,0.0,0.0,0.0,0.0,0.01538903985204366,1.4618760347366333,publication,0.6514320373535156,5.109647035598755,0.7776155239478524,0.875010759736906,200,0.8323689980025538,2.224760726094246,0.0030862347630318254,0.7776155239478524,0.8750107644405216,516.7631380367279,mobile,0.0006880295906227487,0.0012905738452440136,25.83815526427203,25.83815526427203,system,0.0,465,0.8750107644405216,0.0607045611399087,meta_train_support,0,MARGO-SPLIT-v1,20,20,80,3,466,0.0,0.2,20,10,0.0005,0.0005,mrlco_first_order_mean_pseudogradient,fixed_literature_derived_defaults,0.0015936835649667533,7.968417824834317e-05,0.011331213325361132,0.0005665606662680345,0.0006572774525634707,3.286387262817214e-05,3.0,0.0,0.12130001185441097,0.9231537946535316,0.056444508343448635,,,,,,,,,,,,,,,,
0.06111948630005489,0.00325,0.99625,0.0005,-0.000339885096764192,0.15238109230995178,0.0002596336289319841,0.0011666666405896347,1.8836428244908654,0.0,0.0,0.0,0.0,0.0,0.0,0.013937069331750145,1.4058676958084106,publication,0.6641950607299805,4.932226657867432,0.7859191699380788,0.8826672092729132,200,0.9621119119763315,3.1292756551411003,0.04585895175114274,0.7859191699380788,0.8826672014594078,569.2502366828918,mobile,0.0003673739166517975,0.0008401355217396558,28.46251035137745,28.46251035137745,system,0.0,466,0.8826672014594078,0.04638242706200032,meta_train_support,0,MARGO-SPLIT-v1,20,20,80,3,467,0.0,0.2,20,10,0.0005,0.0005,mrlco_first_order_mean_pseudogradient,fixed_literature_derived_defaults,0.0015902709663265676,7.951354831632618e-05,0.011306949485263998,0.0005653474742631781,0.0006558700061982384,3.2793500309914736e-05,3.0,0.0,0.1213795254027273,0.9237191421277948,0.05647730184375855,,,,,,,,,,,,,,,,
0.06884726358410773,0.0025,0.9975,0.0,-0.0004997052019461989,0.015557542443275452,0.0001850383428309973,0.001416666635001699,1.1165765434503556,0.0,0.0,0.0,0.0,0.0,0.0,0.017342252675529354,1.4051316976547241,publication,0.6290853023529053,5.40772008895874,0.4984394345398567,0.5586906707933531,200,0.6784852711278819,1.8343173414468765,0.05710290023125708,0.4984394345398567,0.5586906587332487,200.4261642074585,mobile,0.0002034241786717423,0.0006235886263081174,10.021307972288941,10.021307972288941,system,0.0,467,0.5586906587332487,0.055194461054559996,meta_train_support,0,MARGO-SPLIT-v1,20,20,80,3,468,0.0,0.2,20,10,0.0005,0.0005,mrlco_first_order_mean_pseudogradient,fixed_literature_derived_defaults,0.0015868729514412544,7.934364757206103e-05,0.011282789336791213,0.0005641394668395305,0.0006544685745610626,3.272342872805145e-05,3.0,0.0,0.12145886905029936,0.9242832815946344,0.0565100252724866,,,,,,,,,,,,,,,,
0.08025946989068974,0.0015,0.9985,0.0,-0.00031649175798520446,0.03300684690475464,0.0003149284693247563,0.0005833333202948174,1.659085828314225,0.0,0.0,0.0,0.0,0.0,0.0,0.016762607434522823,1.4988948106765747,publication,0.6254682540893555,4.615581750869751,0.8884551558282482,1.001567910616286,200,0.8534246896619961,2.76598050724715,0.06184377209865488,0.888455155828248,1.0015678944438695,455.58434221267703,mobile,2.3261181027085757e-05,2.3261181027085757e-05,22.779216761073943,22.779216761073943,system,0.0,468,1.0015678944438695,0.05737940723893461,meta_train_support,0,MARGO-SPLIT-v1,20,20,80,3,469,0.0,0.2,20,10,0.0005,0.0005,mrlco_first_order_mean_pseudogradient,fixed_literature_derived_defaults,0.0015834894270245353,7.917447135122324e-05,0.011258732216670122,0.0005629366108335088,0.0006530731191782032,3.265365595891273e-05,3.0,0.0,0.12153804352165058,0.9248462182054679,0.056542678928445514,,,,,,,,,,,,,,,,
0.06646280469263464,0.00425,0.9955,0.00025,-0.0005124519229866564,0.05104285478591919,0.0012931757799681995,0.0024999999441206455,1.2872388929128644,0.0,0.0,0.0,0.0,0.0,0.0,0.01826794275034139,1.4359707832336426,publication,0.6673877239227295,5.331291437149048,0.5618621510783139,0.6310222518293085,200,0.8124287852185239,2.6247723037377,0.04337209349614568,0.5618621510783139,0.631022289507091,430.95355083465574,mobile,0.0004903491060544559,0.0006506994985597084,21.54767689745761,21.54767689745761,system,0.0,469,0.631022289507091,0.04783779018679588,meta_train_support,0,MARGO-SPLIT-v1,20,20,80,3,470,0.0,0.2,20,10,0.0005,0.0005,mrlco_first_order_mean_pseudogradient,fixed_literature_derived_defaults,0.0015801203005840574,7.900601502920657e-05,0.01123477746727295,0.0005617388733636375,0.0006516836019033561,3.258418009517011e-05,3.0,0.0,0.12161704953667979,0.9254079570788315,0.056575263108540684,,,,,,,,,,,,,,,,
0.048803781229994556,0.00125,0.9985,0.00025,-0.0005194825353100896,0.019072340801358223,0.0005909687012803033,0.0009166666461775701,1.251508398850759,0.0,0.0,0.0,0.0,0.0,0.0,0.014837544300297992,1.4934566020965576,publication,0.659834623336792,5.06545877456665,0.5851232546543141,0.6566527819761541,200,0.5193162480917484,1.5308345453813672,0.045076337846694514,0.5851232546543141,0.6566527584381402,470.10592239379883,mobile,0.0003418664171558332,0.0003418664171558332,23.50529537097028,23.50529537097028,system,0.0,470,0.6566527584381402,0.03585252128061032,meta_train_support,0,MARGO-SPLIT-v1,20,20,80,3,471,0.0,0.2,20,10,0.0005,0.0005,mrlco_first_order_mean_pseudogradient,fixed_literature_derived_defaults,0.001576765480412966,7.883827402065113e-05,0.011210924436556873,0.0005605462218278845,0.0006502999849141769,3.251499924571133e-05,3.0,0.0,0.12169588781070044,0.9259685033006594,0.056607778107786395,,,,,,,,,,,,,,,,
0.07060794780323855,0.003,0.9965,0.0005,-0.0008152304799295962,0.017506692558526993,0.000895074072589826,0.001999999955296517,1.22122505903244,0.0,0.0,0.0,0.0,0.0,0.0,0.017390222570012284,1.4048746824264526,publication,0.644232988357544,4.888894081115723,0.550377892795657,0.6191206825718109,200,0.5154766135199798,1.425251116976142,0.09130326431477442,0.550377892795657,0.6191206946223974,512.4192402935028,mobile,0.00012993899345420807,0.00020379829915931284,25.620959543867542,25.620959543867542,system,0.0,471,0.6191206946223974,0.052075889601443014,meta_train_support,0,MARGO-SPLIT-v1,20,20,80,3,472,0.0,0.2,20,10,0.0005,0.0005,mrlco_first_order_mean_pseudogradient,fixed_literature_derived_defaults,0.0015734248755815826,7.867124377908263e-05,0.011187172478004846,0.0005593586239002191,0.0006489222307088503,3.244611153543908e-05,3.0,0.0,0.12177455905447952,0.9265278619245596,0.056640224219321834,,,,,,,,,,,,,,,,
0.05036479925591425,0.00225,0.99775,0.0,-0.0006104984786361456,0.018671417608857155,0.00019887512334101172,0.0014166666350016992,0.8188214337453246,0.0,0.0,0.0,0.0,0.0,0.0,0.02020508615350339,1.30852210521698,publication,0.6239304542541504,4.729721307754517,0.30213612015191826,0.3386336062047121,200,0.6436951572252868,2.2708284134278074,0.040710095083341,0.30213612015191826,0.33863361094146965,471.20752866744994,mobile,0.0009451963584325424,0.002200319611494585,23.560378702834235,23.560378702834235,system,0.0,472,0.33863361094146965,0.04220992365039557,meta_train_support,0,MARGO-SPLIT-v1,20,20,80,3,473,0.0,0.2,20,10,0.0005,0.0005,mrlco_first_order_mean_pseudogradient,fixed_literature_derived_defaults,0.0015709285214445087,7.854642607223183e-05,0.011168489830807413,0.0005584244915404213,0.0006475503021027005,3.237751510513226e-05,3.0,0.0,0.12185310548055175,0.9270862864161,0.05667260173442697,,,,,,,,,,,,,,,,
0.06122700255478253,0.0015,0.998,0.0005,-0.0009662536322139204,0.0649029016494751,0.0003333316039793033,0.0010833333091189465,1.2098663533727327,0.0,0.0,0.0,0.0,0.0,0.0,0.019816832360788628,1.2469388246536255,publication,0.6705155372619629,5.2116475105285645,0.544590128226788,0.6114870690146926,200,0.8039616541333862,2.01929032523185,0.04562892147805542,0.544590128226788,0.6114870953187347,214.28809173583986,mobile,0.00044694527734085305,0.0009593171725474345,10.71440515668307,10.71440515668307,system,0.0,473,0.6114870953187347,0.049378679622168235,meta_train_support,0,MARGO-SPLIT-v1,20,20,80,3,474,0.0,0.2,20,10,0.0005,0.0005,mrlco_first_order_mean_pseudogradient,fixed_literature_derived_defaults,0.0015676143262515878,7.838071631258159e-05,0.011144927615974486,0.0005572463807986816,0.0006461841622248467,3.2309208111244714e-05,3.0,0.0,0.12193148619686434,0.9276435327968987,0.05670491094253821,,,,,,,,,,,,,,,,
0.047119131477061885,0.00125,0.9985,0.00025,-0.0004667685425374657,0.009338336065411568,0.0001669150947526769,0.0008333333147068819,0.7572029763211806,0.0,0.0,0.0,0.0,0.0,0.0,0.015862529199041495,0.8344193696975708,publication,0.6216368675231934,5.3620054721832275,0.34451300252171585,0.386398505453617,200,0.4474713669638795,1.2381624822301092,0.047128682184848,0.3445130025217159,0.3863984939269722,517.219277267456,mobile,0.0017118411254419723,0.0021627460237905543,25.860961678942502,25.860961678942502,system,0.0,474,0.3863984939269722,0.044497945246833134,meta_train_support,0,MARGO-SPLIT-v1,20,20,80,3,475,0.0,0.2,20,10,0.0005,0.0005,mrlco_first_order_mean_pseudogradient,fixed_literature_derived_defaults,0.0015643140855647424,7.821570427823943e-05,0.011121464610467171,0.0005560732305233129,0.0006448237745148997,3.224118872574566e-05,3.0,0.0,0.12200970190114258,0.928199606027422,0.05673715213126396,,,,,,,,,,,,,,,,
0.06532612566336662,0.00175,0.99725,0.001,-0.0005520677659660578,0.10860726982355118,0.0009899950486221905,0.0011666666405896347,1.518368718524774,0.0,0.0,0.0,0.0,0.0,0.0,0.019967418261017326,1.1820714473724365,publication,0.6016786098480225,5.1193687915802,0.733535947468022,0.8274328399412479,200,1.0033381741589702,3.0488479933701456,0.04301209711411502,0.7335359474680223,0.8274328337423503,352.26878507614134,mobile,0.0005009873276169047,0.0005009873276169047,17.61344003349034,17.61344003349034,system,0.0,475,0.8274328337423503,0.04986800389740767,meta_train_support,0,MARGO-SPLIT-v1,20,20,80,3,476,0.0,0.2,20,10,0.0005,0.0005,mrlco_first_order_mean_pseudogradient,fixed_literature_derived_defaults,0.0015610277114354047,7.805138557176461e-05,0.01109810018901661,0.000554905009450879,0.0006434691027197003,3.217345513598785e-05,3.0,0.0,0.12208775328671434,0.9287545110368729,0.056769325586399945,,,,,,,,,,,,,,,,
0.06364851432872534,0.0015,0.998,0.0005,-0.0012491698144003749,0.033705100417137146,0.00011738367354562722,0.0008333333147068819,1.4024872967352473,0.0,0.0,0.0,0.0,0.0,0.0,0.021093667407664468,1.2008521556854248,publication,0.5872573852539062,4.965282917022705,1.0409768896470573,1.1719077781520901,200,0.7689446951734256,2.444001019001007,0.08058838389115408,1.040976889647057,1.1719077643752098,875.5570979690551,mobile,0.001290834431752483,0.0029385276954793827,43.777853771257035,43.777853771257035,system,0.0,476,1.1719077643752098,0.04700545799073908,meta_train_support,0,MARGO-SPLIT-v1,20,20,80,3,477,0.0,0.2,20,10,0.0005,0.0005,mrlco_first_order_mean_pseudogradient,fixed_literature_derived_defaults,0.0015612227139063732,7.806113569532036e-05,0.011087213656994804,0.0005543606828497527,0.0006421201108900992,3.210600554450632e-05,3.0,0.0,0.12216581442240966,0.9293088717197227,0.05680143159194445,,,,,,,,,,,,,,,,
0.06529268618611696,0.00275,0.99675,0.0005,-0.0008121010032482445,0.055081091821193695,0.0008602296609803754,0.0014999999664723873,1.372982821861903,0.0,0.0,0.0,0.0,0.0,0.0,0.019621465890180094,1.3181993961334229,publication,0.6374964714050293,5.473251104354858,0.7578036212294649,0.852029737924604,200,0.8594884759650425,2.3043912013527006,0.04913964013394434,0.7578036212294648,0.8520297559536993,507.5210608768463,mobile,0.0007673719977804777,0.0007673719977804777,25.37605585933754,25.37605585933754,system,0.0,477,0.8520297559536993,0.0536541980040476,meta_train_support,0,MARGO-SPLIT-v1,20,20,80,3,478,0.0,0.2,20,10,0.0005,0.0005,mrlco_first_order_mean_pseudogradient,fixed_literature_derived_defaults,0.0015579565576011299,7.789782788004962e-05,0.011064018649344188,0.000553200932467246,0.0006407767633777768,3.2038838168886585e-05,3.0,0.0,0.12224371225028971,0.9298620726521899,0.05683347043011334,,,,,,,,,,,,,,,,
0.07626109213407094,0.00475,0.9945,0.00075,-0.0006065995548851788,0.08091950416564941,0.0019222664422673546,0.0029166666014740867,1.688582508638501,0.0,0.0,0.0,0.0,0.0,0.0,0.02737004075584628,1.442295789718628,publication,0.670341968536377,5.186888217926025,0.8456008940847778,0.952861950894985,200,0.9757832621367964,3.225048427004367,0.04939622955862433,0.8456008940847777,0.9528619765490294,355.4334779930115,mobile,0.0002840737600395473,0.0024927127237407212,17.771673569272455,17.771673569272455,system,0.0,478,0.9528619765490294,0.05463600383832034,meta_train_support,0,MARGO-SPLIT-v1,20,20,80,3,479,0.0,0.2,20,10,0.0005,0.0005,mrlco_first_order_mean_pseudogradient,fixed_literature_derived_defaults,0.0015558238336495136,7.779119168246917e-05,0.011044706144285196,0.0005522353072142661,0.000639439024832103,3.197195124160501e-05,3.0,0.0,0.12232150344197218,0.9304143079594042,0.05686544238135494,,,,,,,,,,,,,,,,
0.05112923379376564,0.004,0.9955,0.0005,-0.0003655912878457457,0.04721774160861969,0.00016605878317340247,0.0020833332867672043,1.1367740904291472,0.0,0.0,0.0,0.0,0.0,0.0,0.022138827213471792,1.4198702573776245,publication,0.5681734085083008,3.5117549896240234,0.5087255910122204,0.5709120271103802,200,1.0120309842072068,3.4804193321615458,0.028501006097940262,0.5087255910122204,0.5709120046533644,431.6712991333008,mobile,0.0051710247569964765,0.0051710247569964765,21.583564805167907,21.583564805167907,system,0.0,479,0.5709120046533644,0.041634740363466545,meta_train_support,0,MARGO-SPLIT-v1,20,20,80,3,480,0.0,0.2,20,10,0.0005,0.0005,mrlco_first_order_mean_pseudogradient,fixed_literature_derived_defaults,0.001552582533996077,7.762912669979916e-05,0.011021696339817935,0.0005510848169908433,0.0006381068601970362,3.190534300984843e-05,3.0,0.0,0.12239913256867198,0.930965392776395,0.05689734772436479,,,,,,,,,,,,,,,,
0.05330350012750827,0.00325,0.99625,0.0005,-0.0008926060399971902,0.010991373099386692,0.0013203241230148894,0.002166666618237893,0.8938056034346422,0.0,0.0,0.0,0.0,0.0,0.0,0.029033750355685475,1.5876972675323486,publication,0.6707673072814941,5.462810754776001,0.3693404630841181,0.4152838155493373,200,0.6467621150346593,2.0979489129967988,0.04132486565504223,0.3693404630841181,0.4152838237583637,135.55465616226195,mobile,0.0003853157978037712,0.0008113442502676233,6.777732699815309,6.777732699815309,system,0.0,480,0.4152838237583637,0.0426892151365246,meta_train_support,0,MARGO-SPLIT-v1,20,20,80,3,481,0.0,0.2,20,10,0.0005,0.0005,mrlco_first_order_mean_pseudogradient,fixed_literature_derived_defaults,0.001549354711680077,7.74677355840081e-05,0.010998782210213325,0.000549939110510711,0.000636780234708061,3.18390117354031e-05,3.0,0.0,0.12247660030425599,0.9315153318869057,0.056929186736100194,,,,,,,,,,,,,,,,
0.0559714602078748,0.00325,0.9965,0.00025,-0.0007729260833002627,0.013715595006942749,0.002171299131704056,0.0018333332923551402,1.0173428257306418,0.0,0.0,0.0,0.0,0.0,0.0,0.030876001422951223,1.5625876188278198,publication,0.5951128005981445,4.713195323944092,0.49622969918037696,0.5575281593795444,200,0.5877174665917384,1.5911830896511674,0.06069605820812285,0.49622969918037707,0.5575281464681029,262.4094145202637,mobile,0.0003665029072981689,0.0004953600304234913,13.120471404358838,13.120471404358838,system,0.0,481,0.5575281464681029,0.04139413824919818,meta_train_support,0,MARGO-SPLIT-v1,20,20,80,3,482,0.0,0.2,20,10,0.0005,0.0005,mrlco_first_order_mean_pseudogradient,fixed_literature_derived_defaults,0.0015461402828176702,7.730701414088159e-05,0.010975963159984666,0.0005487981579992418,0.0006354591138891646,3.1772955694460425e-05,3.0,0.0,0.12255390731839687,0.932064130044905,0.056960959691794655,,,,,,,,,,,,,,,,
0.06258549567010148,0.00375,0.99575,0.0005,-0.001515727723017335,0.034661006182432175,0.002171909525165757,0.0024999999596426884,1.3217150807380675,0.0,0.0,0.0,0.0,0.0,0.0,0.029502850379028653,1.4283748865127563,publication,0.6081697940826416,4.72912073135376,0.797307203035314,0.8977954904770741,200,0.7338119848272372,2.4962428819853812,0.04171091318130493,0.7973072030353142,0.8977955021709204,680.3723293685913,mobile,0.0020790426378429596,0.009719587371739865,34.01861301006572,34.01861301006572,system,0.0,482,0.8977955021709204,0.04627650671678636,meta_train_support,0,MARGO-SPLIT-v1,20,20,80,3,483,0.0,0.2,20,10,0.0005,0.0005,mrlco_first_order_mean_pseudogradient,fixed_literature_derived_defaults,0.0015432990099183697,7.716495049592265e-05,0.01095761942352711,0.0005478809711763066,0.0006341434635498495,3.1707173177492054e-05,3.0,0.0,0.12263107226889279,0.9326120110160813,0.05699266686497215,,,,,,,,,,,,,,,,
0.05993777294117275,0.0045,0.9945,0.001,-0.000502071576192975,0.022308729588985443,0.0018912110680684136,0.0029166666014740867,1.1498454521099728,0.0,0.0,0.0,0.0,0.0,0.0,0.028171724469592596,1.3700779676437378,publication,0.6363554000854492,4.8279173374176025,0.6555283094764915,0.7376153269685165,200,0.5491765057551036,1.4549651481211185,0.06111316950409673,0.6555283094764915,0.7376153181493282,894.6859487724304,mobile,0.00011021912347410503,0.00587306633065382,44.73430019326051,44.73430019326051,system,0.0,483,0.7376153181493282,0.041518645226332945,meta_train_support,0,MARGO-SPLIT-v1,20,20,80,3,484,0.0,0.2,20,10,0.0005,0.0005,mrlco_first_order_mean_pseudogradient,fixed_literature_derived_defaults,0.0015401103756003565,7.700551878002393e-05,0.010934979713974368,0.0005467489856987306,0.0006328332497821846,3.16416624891111e-05,3.0,0.0,0.12270807778767281,0.93315876000178,0.05702430852746126,,,,,,,,,,,,,,,,
0.05064499868564946,0.00425,0.995,0.00075,-0.00041575063369236887,0.012049238197505474,0.0014320413544297583,0.0023333332811792695,1.0233362396558126,0.0,0.0,0.0,0.0,0.0,0.0,0.025417394289619425,1.3045145273208618,publication,0.6795840263366699,4.976269721984863,0.4791922625448368,0.5378903885132967,200,0.5336713699081722,1.6132948128506541,-0.04538335627876222,0.4791922625448367,0.5378903725743294,706.0113112640381,mobile,0.0010370731665040422,0.0016980540369125649,35.30056896146576,35.30056896146576,system,0.0,484,0.5378903725743294,0.036989205289340264,meta_train_support,0,MARGO-SPLIT-v1,20,20,80,3,485,0.0,0.2,20,10,0.0005,0.0005,mrlco_first_order_mean_pseudogradient,fixed_literature_derived_defaults,0.0015369348902898403,7.684674451449713e-05,0.010912433364048648,0.0005456216682023785,0.0006315284389578914,3.157642194789173e-05,3.0,0.0,0.12278492453218731,0.9337043816699824,0.05705588494940915,,,,,,,,,,,,,,,,
0.05092328833782341,0.003,0.9965,0.0005,-0.0006745138089172542,0.015185181051492691,0.0006993829843598014,0.0018333332923551402,1.053911425235371,0.0,0.0,0.0,0.0,0.0,0.0,0.025712450979392763,1.1972160339355469,publication,0.684622049331665,5.36919903755188,0.54907582075735,0.6172544103001439,200,0.6131296272059472,1.9039552183821797,0.041348922706674784,0.5490758207573501,0.6172544231079519,791.5265899085998,mobile,0.0011511340140121613,0.001513260408547824,39.57632778108971,39.57632778108971,system,0.0,485,0.6172544231079519,0.037408281006865586,meta_train_support,0,MARGO-SPLIT-v1,20,20,80,3,486,0.0,0.2,20,10,0.0005,0.0005,mrlco_first_order_mean_pseudogradient,fixed_literature_derived_defaults,0.0015343471277918532,7.671735638958843e-05,0.010893367369218377,0.0005446683684608988,0.0006302289977254677,3.1511449886272025e-05,3.0,0.0,0.1228616418885769,0.9342490500384433,0.05708739639929542,,,,,,,,,,,,,,,,
0.04203342687200649,0.0045,0.9945,0.001,-0.0008913446217775345,0.028734764084219933,0.0006694966025918346,0.003083333264415463,0.734713443974033,0.0,0.0,0.0,0.0,0.0,0.0,0.02329252653131445,0.9840226173400879,publication,0.6874322891235352,5.46798300743103,0.36932072379966135,0.4136800330301048,200,0.7364358622943133,2.5515285711735487,0.03534988348837942,0.36932072379966135,0.41368004586547613,532.5903733825684,mobile,0.00046972701901065684,0.024956602794137205,26.62951850539951,26.62951850539951,system,0.0,486,0.41368004586547613,0.034124901525317386,meta_train_support,0,MARGO-SPLIT-v1,20,20,80,3,487,0.0,0.2,20,10,0.0005,0.0005,mrlco_first_order_mean_pseudogradient,fixed_literature_derived_defaults,0.0015311965176731841,7.655982588365695e-05,0.010870999058398627,0.0005435499529199417,0.0006289348930073456,3.144674465036662e-05,3.0,0.0,0.12293820171446056,0.9347925999913632,0.05711884314394579,,,,,,,,,,,,,,,,
0.06720247909190805,0.005,0.9935,0.0015,-0.0013390873791649938,0.028417551890015602,0.0004756140596785011,0.003416666590298216,1.1234649422268073,0.0,0.0,0.0,0.0,0.0,0.0,0.032529144765595354,1.126989483833313,publication,0.6566345691680908,5.199660301208496,0.6206502698609323,0.6991615768195334,200,0.86370050441008,2.378992472309619,0.046729656925890595,0.6206502698609325,0.699161566644907,191.49318580627443,mobile,0.0005428306583839719,0.0007734141524631849,9.574659707647399,9.574659707647399,system,0.0,487,0.699161566644907,0.052670425599320544,meta_train_support,0,MARGO-SPLIT-v1,20,20,80,3,488,0.0,0.2,20,10,0.0005,0.0005,mrlco_first_order_mean_pseudogradient,fixed_literature_derived_defaults,0.001528058819891067,7.640294099454936e-05,0.010848722420983876,0.0005424361210492057,0.0006276460919970847,3.138230459985569e-05,3.0,0.0,0.1230146046554551,0.9353350361124124,0.057150225448545644,,,,,,,,,,,,,,,,
0.07580172825588502,0.0075,0.99125,0.00125,-0.001798118813894689,0.019699756056070328,0.0014567306649316456,0.003999999957159162,1.2058997894326846,0.0,0.0,0.0,0.0,0.0,0.0,0.036277914008650575,1.1298208236694336,publication,0.6831426620483398,5.011087894439697,0.71273426713498,0.8030564674452763,200,0.8089880473510296,2.333861416205764,0.03341831237776205,0.71273426713498,0.8030564641393722,216.31403146743776,mobile,0.0017533944465671653,0.0019103444899171511,10.81570162669433,10.81570162669433,system,0.0,488,0.8030564641393722,0.061329044487847234,meta_train_support,0,MARGO-SPLIT-v1,20,20,80,3,489,0.0,0.2,20,10,0.0005,0.0005,mrlco_first_order_mean_pseudogradient,fixed_literature_derived_defaults,0.0015252311811763206,7.626155905882115e-05,0.010831455558122738,0.0005415727779061186,0.0006263625621565999,3.13181281078323e-05,3.0,0.0,0.12309086621451393,0.9358766088903185,0.057181543576653476,,,,,,,,,,,,,,,,
0.06570405023541812,0.0085,0.991,0.0005,-0.002006825525313616,0.06789298355579376,0.0019037634449749895,0.0045833332619319355,1.4872530668973922,0.0,0.0,0.0,0.0,0.0,0.0,0.031656239621711775,1.1747255325317383,publication,0.6681358814239502,5.155340671539307,0.7574453124369437,0.8515467951630126,200,0.7253801031440757,2.3383456938900054,0.06922560499515384,0.7574453124369437,0.85154681134969,528.3781270503998,mobile,0.0016786234655012371,0.003401040901237331,26.418907539620132,26.418907539620132,system,0.0,489,0.85154681134969,0.04978067495747581,meta_train_support,0,MARGO-SPLIT-v1,20,20,80,3,490,0.0,0.2,20,10,0.0005,0.0005,mrlco_first_order_mean_pseudogradient,fixed_literature_derived_defaults,0.0015222859239053701,7.611429619526489e-05,0.010814214957438766,0.0005407107478719864,0.0006250842712134232,3.125421356067054e-05,3.0,0.0,0.12316698051070919,0.9364173196381905,0.05721279779021415,,,,,,,,,,,,,,,,
0.05720440255470451,0.0055,0.994,0.0005,-0.00032283025211654603,0.027557898312807083,0.0012977722718839385,0.0021666666182378926,1.1084482983996469,0.0,0.0,0.0,0.0,0.0,0.0,0.028156986544949577,1.3162050247192383,publication,0.670752763748169,4.966371297836304,0.7546664228018204,0.8496457422815729,200,0.7632376164468463,2.20518317935057,0.07228116382611915,0.7546664228018206,0.8496457488834858,967.8826058959961,mobile,8.088315958463708e-05,0.001194022961174236,48.3941338610863,48.3941338610863,system,0.0,490,0.8496457488834858,0.040919234444499165,meta_train_support,0,MARGO-SPLIT-v1,20,20,80,3,491,0.0,0.2,20,10,0.0005,0.0005,mrlco_first_order_mean_pseudogradient,fixed_literature_derived_defaults,0.0015191855452416118,7.595927726207485e-05,0.010792190079725041,0.0005396095039862381,0.0006238111871579987,3.119055935790066e-05,3.0,0.0,0.12324293978797127,0.9369569291421768,0.05724398834957205,,,,,,,,,,,,,,,,
0.056679483795215535,0.00325,0.99625,0.0005,-0.0016189509769901633,0.11518663913011551,0.0004754424588971536,0.0021666666492819787,1.4299851218859354,0.0,0.0,0.0,0.0,0.0,0.0,0.03023397757955767,1.5087965726852417,publication,0.6093976497650146,5.082726001739502,0.5185604026746141,0.5834970433734997,200,0.787874825616408,2.671301103197038,0.0199190282728523,0.5185604026746141,0.5834970516245812,388.5710706138611,mobile,0.0016898600069097471,0.006486080925514606,19.42855255193644,19.42855255193644,system,0.0,491,0.5834970516245812,0.04351156990527007,meta_train_support,0,MARGO-SPLIT-v1,20,20,80,3,492,0.0,0.2,20,10,0.0005,0.0005,mrlco_first_order_mean_pseudogradient,fixed_literature_derived_defaults,0.0015189466449060012,7.59473322452936e-05,0.010781900859958485,0.0005390950429978725,0.0006225432782410109,3.112716391204945e-05,3.0,0.0,0.12331888712021656,0.9374960241851746,0.0572751155134841,,,,,,,,,,,,,,,,
0.06347301716950968,0.0055,0.994,0.0005,-0.001925185788422823,0.04333817958831787,0.003789139462617186,0.0031666666269302376,1.4713069590429462,0.0,0.0,0.0,0.0,0.0,0.0,0.036759992020003386,1.603972315788269,publication,0.6899237632751465,4.533880710601807,0.8515306931944953,0.9582910782296676,200,0.7692986226891938,2.452594276284799,0.06117573761730456,0.8515306931944954,0.9582910983078182,1006.6921238899231,mobile,0.0005271359626312298,0.009288198624859445,50.33460714963005,50.33460714963005,system,0.0,492,0.9582910983078182,0.044870938780691504,meta_train_support,0,MARGO-SPLIT-v1,20,20,80,3,493,0.0,0.2,20,10,0.0005,0.0005,mrlco_first_order_mean_pseudogradient,fixed_literature_derived_defaults,0.001517022232590404,7.585111162952685e-05,0.01076454865442094,0.0005382274327210279,0.0006212805129707451,3.1064025648536164e-05,3.0,0.0,0.12339473823184609,0.9380342516178957,0.05730617953913263,,,,,,,,,,,,,,,,
0.06951044192578834,0.00775,0.9915,0.00075,-0.0005237620789557695,0.031837597489356995,0.001844440850061346,0.0035833333153277628,1.4827879957854748,0.0,0.0,0.0,0.0,0.0,0.0,0.04128743178437024,1.6784833669662476,publication,0.6497223377227783,5.363369464874268,0.8156606987331326,0.9195314346053055,200,0.9932586525369225,3.1815531509928405,0.04475591334630735,0.8156606987331327,0.9195314278267324,267.8783088684082,mobile,0.00035403629426170925,0.0006878100519094513,13.393914980544155,13.393914980544155,system,0.0,493,0.9195314278267324,0.05227933834841559,meta_train_support,0,MARGO-SPLIT-v1,20,20,80,3,494,0.0,0.2,20,10,0.0005,0.0005,mrlco_first_order_mean_pseudogradient,fixed_literature_derived_defaults,0.0015139513373827313,7.569756686913454e-05,0.01074275807010025,0.0005371379035049584,0.0006200228601104805,3.100114300552681e-05,3.0,0.0,0.12347043579871522,0.9385713895214006,0.05733718068213816,,,,,,,,,,,,,,,,
0.07349480628212983,0.008,0.99075,0.00125,-0.0011109765619039536,0.023985395208001137,0.008266073074447221,0.004416666614512603,1.5409420579671858,0.0,0.0,0.0,0.0,0.0,0.0,0.04309044926176907,1.7749600410461426,publication,0.6924448013305664,5.271832704544067,0.9017602423309309,1.0155742518673652,200,0.8366581263430767,2.1468343096785247,0.045533175783930346,0.9017602423309308,1.0155742372013628,557.0699324035645,mobile,0.0002676907180376012,0.0002676907180376012,27.853499324255175,27.853499324255175,system,0.0,494,1.0155742372013628,0.0568051182203431,meta_train_support,0,MARGO-SPLIT-v1,20,20,80,3,495,0.0,0.2,20,10,0.0005,0.0005,mrlco_first_order_mean_pseudogradient,fixed_literature_derived_defaults,0.001510892849832463,7.554464249162618e-05,0.010721055528544491,0.0005360527764272094,0.0006187702886759138,3.093851443379536e-05,3.0,0.0,0.12354598044120685,0.9391074422978278,0.057368119196571955,,,,,,,,,,,,,,,,
0.08355454194646543,0.00925,0.98975,0.001,-0.0012410312192514539,0.0317356213927269,0.004908066942334699,0.005166666582226753,2.0670545513431233,0.0,0.0,0.0,0.0,0.0,0.0,0.046835888891348015,1.7943570613861084,publication,0.6599099636077881,4.976717233657837,1.0660555583680962,1.199847754833172,200,0.7918756631460018,2.4003298725001514,0.09171241463627666,1.0660555583680964,1.1998477698490024,585.0756225395203,mobile,0.00010927455947260672,0.00012445075931684677,29.25378353592065,29.25378353592065,system,0.0,495,1.1998477698490024,0.05857796900550033,meta_train_support,0,MARGO-SPLIT-v1,20,20,80,3,496,0.0,0.2,20,10,0.0005,0.0005,mrlco_first_order_mean_pseudogradient,fixed_literature_derived_defaults,0.0015078466948932848,7.539233474467e-05,0.010699440497236942,0.0005349720248618572,0.0006175227679326156,3.087613839663356e-05,3.0,0.0,0.12362137277595152,0.9396424143226897,0.05739899533496859,,,,,,,,,,,,,,,,
0.0658531680482338,0.00625,0.99325,0.0005,-0.0004314619000069797,0.008351141586899757,0.002009759381934373,0.004333333267519871,0.8058082208037376,0.0,0.0,0.0,0.0,0.0,0.0,0.03283685186113052,1.7110927104949951,publication,0.6205549240112305,5.588793039321899,0.20214614263130617,0.22676522692976506,200,0.4724910998050254,1.640904139727354,-0.047355496790260077,0.20214614263130617,0.22676521938294172,150.0198735332489,mobile,0.001318404667987584,0.0021808533435974265,7.500993774817958,7.500993774817958,system,0.0,496,0.22676521938294172,0.05292308222090801,meta_train_support,0,MARGO-SPLIT-v1,20,20,80,3,497,0.0,0.2,20,10,0.0005,0.0005,mrlco_first_order_mean_pseudogradient,fixed_literature_derived_defaults,0.0015048127981228756,7.524063990614616e-05,0.010677912447946728,0.0005338956223973623,0.0006162802673935157,3.081401336967743e-05,3.0,0.0,0.12369661341585766,0.940176309945087,0.057429809348338266,,,,,,,,,,,,,,,,
0.07182544162944923,0.0085,0.9915,0.0,-0.0004930937429890037,0.17360112071037292,0.0011992906226273214,0.004416666661078731,1.563909278313319,0.0,0.0,0.0,0.0,0.0,0.0,0.034565970458860173,1.6535507440567017,publication,0.6746132373809814,5.058726072311401,0.5333344120828842,0.5990839545009657,200,0.8566973181144089,2.922139852307737,0.043316157534718513,0.5333344120828845,0.5990839619003236,455.31856329917906,mobile,0.0003591582108319152,0.0003591582108319152,22.76592589837862,22.76592589837862,system,0.0,497,0.5990839619003236,0.0511943536448325,meta_train_support,0,MARGO-SPLIT-v1,20,20,80,3,498,0.0,0.2,20,10,0.0005,0.0005,mrlco_first_order_mean_pseudogradient,fixed_literature_derived_defaults,0.0015017910856768458,7.508955428384145e-05,0.01065647085668579,0.0005328235428342376,0.0006150427568164203,3.0752137840824034e-05,3.0,0.0,0.1237717029701415,0.9407091334879213,0.05746056148617909,,,,,,,,,,,,,,,,
0.09079647204845767,0.00975,0.98975,0.0005,-0.002287070732563734,0.02297857217490673,0.0021988878518944452,0.004666666562358538,1.3316155997415384,0.0,0.0,0.0,0.0,0.0,0.0,0.040190607687900254,1.5703517198562622,publication,0.6775329113006592,4.640895128250122,0.9852162093704377,1.1132776348084916,200,0.9074986024814122,2.238908455008641,0.029592722928100557,0.985216209370438,1.113277640659362,216.82099449157715,mobile,0.002217663273362567,0.0023912271574218187,10.841049601104936,10.841049601104936,system,0.0,498,1.113277640659362,0.06920114199424292,meta_train_support,0,MARGO-SPLIT-v1,20,20,80,3,499,0.0,0.2,20,10,0.0005,0.0005,mrlco_first_order_mean_pseudogradient,fixed_literature_derived_defaults,0.0015035171130018767,7.517585565008922e-05,0.010655358280452214,0.0005327679140225694,0.0006138102062015578,3.06905103100788e-05,3.0,0.0,0.1238468788257916,0.9412419014019439,0.05749125199648917,,,,,,,,,,,,,,,,
0.07434162114196498,0.00475,0.9945,0.00075,-0.0029141318518668413,0.027996985241770744,0.0007514020579340771,0.0029166666325181724,1.3422767172257104,0.0,0.0,0.0,0.0,0.0,0.0,0.03280834381824504,1.4819247722625732,publication,0.6750292778015137,4.812484979629517,0.5769748268885964,0.6493941117002396,200,0.5397471860363833,1.5742045491933823,0.053166408790275455,0.5769748268885964,0.649394104257226,696.2956480407715,mobile,0.0009926993140420024,0.0009926993140420024,34.81478277861083,34.81478277861083,system,0.0,499,0.649394104257226,0.05174524438747689,meta_train_support,0,MARGO-SPLIT-v1,20,20,80,3,500,0.0,0.2,20,10,0.0005,0.0005,mrlco_first_order_mean_pseudogradient,fixed_literature_derived_defaults,0.001500716495874507,7.503582479372051e-05,0.010636124631676945,0.0005318062315838867,0.0006125825857891547,3.062912928945838e-05,3.0,0.0,0.12392191465058532,0.9417737076335277,0.05752188112577863,,,,,,,,,,,,,,,,
