
==========
== CUDA ==
==========

CUDA Version 11.8.0

Container image Copyright (c) 2016-2023, NVIDIA CORPORATION & AFFILIATES. All rights reserved.

This container image and its contents are governed by the NVIDIA Deep Learning Container License.
By pulling and using the container, you accept the terms and conditions of this license:
https://developer.nvidia.com/ngc/nvidia-deep-learning-container-license

A copy of this license is made available in this container at /NGC-DL-CONTAINER-LICENSE for your convenience.

WARNING:tensorflow:Deprecation warnings have been disabled. Set TF_ENABLE_DEPRECATION_WARNINGS=1 to re-enable them.
WARNING:root:Limited tf.compat.v2.summary API due to missing TensorBoard installation.
Logging to /work/runs/phase4/margo_v0.1_diag_500_parallel/seed_0/logs
WARNING:tensorflow:
The TensorFlow contrib module will not be included in TensorFlow 2.0.
For more information, please see:
  * https://github.com/tensorflow/community/blob/master/rfcs/20180907-contrib-sunset.md
  * https://github.com/tensorflow/addons
  * https://github.com/tensorflow/io (for I/O related ops)
If you depend on functionality not listed there, please file an issue.

WARNING:tensorflow:
The TensorFlow contrib module will not be included in TensorFlow 2.0.
For more information, please see:
  * https://github.com/tensorflow/community/blob/master/rfcs/20180907-contrib-sunset.md
  * https://github.com/tensorflow/addons
  * https://github.com/tensorflow/io (for I/O related ops)
If you depend on functionality not listed there, please file an issue.

WARNING:tensorflow:From /work/policies/graph2seq_encoder.py:179: The name tf.variable_scope is deprecated. Please use tf.compat.v1.variable_scope instead.

WARNING:tensorflow:From /work/policies/graph2seq_encoder.py:179: The name tf.variable_scope is deprecated. Please use tf.compat.v1.variable_scope instead.

WARNING:tensorflow:From /work/policies/graph2seq_encoder.py:179: The name tf.AUTO_REUSE is deprecated. Please use tf.compat.v1.AUTO_REUSE instead.

WARNING:tensorflow:From /work/policies/graph2seq_encoder.py:179: The name tf.AUTO_REUSE is deprecated. Please use tf.compat.v1.AUTO_REUSE instead.

WARNING:tensorflow:From /work/policies/graph2seq_modules/inits.py:18: The name tf.random_uniform is deprecated. Please use tf.random.uniform instead.

WARNING:tensorflow:From /work/policies/graph2seq_modules/inits.py:18: The name tf.random_uniform is deprecated. Please use tf.random.uniform instead.

WARNING:tensorflow:From /work/policies/graph2seq_encoder.py:164: The name tf.nn.rnn_cell.LSTMStateTuple is deprecated. Please use tf.compat.v1.nn.rnn_cell.LSTMStateTuple instead.

WARNING:tensorflow:From /work/policies/graph2seq_encoder.py:164: The name tf.nn.rnn_cell.LSTMStateTuple is deprecated. Please use tf.compat.v1.nn.rnn_cell.LSTMStateTuple instead.

/usr/local/lib/python3.8/dist-packages/tensorflow_core/python/framework/indexed_slices.py:423: UserWarning: Converting sparse IndexedSlices to a dense Tensor of unknown shape. This may consume a large amount of memory.
  warnings.warn(
/usr/local/lib/python3.8/dist-packages/tensorflow_core/python/framework/indexed_slices.py:423: UserWarning: Converting sparse IndexedSlices to a dense Tensor of unknown shape. This may consume a large amount of memory.
  warnings.warn(
/usr/local/lib/python3.8/dist-packages/tensorflow_core/python/framework/indexed_slices.py:423: UserWarning: Converting sparse IndexedSlices to a dense Tensor of unknown shape. This may consume a large amount of memory.
  warnings.warn(
/usr/local/lib/python3.8/dist-packages/tensorflow_core/python/framework/indexed_slices.py:423: UserWarning: Converting sparse IndexedSlices to a dense Tensor of unknown shape. This may consume a large amount of memory.
  warnings.warn(
/usr/local/lib/python3.8/dist-packages/tensorflow_core/python/framework/indexed_slices.py:423: UserWarning: Converting sparse IndexedSlices to a dense Tensor of unknown shape. This may consume a large amount of memory.
  warnings.warn(
/usr/local/lib/python3.8/dist-packages/tensorflow_core/python/framework/indexed_slices.py:423: UserWarning: Converting sparse IndexedSlices to a dense Tensor of unknown shape. This may consume a large amount of memory.
  warnings.warn(
/usr/local/lib/python3.8/dist-packages/tensorflow_core/python/framework/indexed_slices.py:423: UserWarning: Converting sparse IndexedSlices to a dense Tensor of unknown shape. This may consume a large amount of memory.
  warnings.warn(
/usr/local/lib/python3.8/dist-packages/tensorflow_core/python/framework/indexed_slices.py:423: UserWarning: Converting sparse IndexedSlices to a dense Tensor of unknown shape. This may consume a large amount of memory.
  warnings.warn(
/usr/local/lib/python3.8/dist-packages/tensorflow_core/python/framework/indexed_slices.py:423: UserWarning: Converting sparse IndexedSlices to a dense Tensor of unknown shape. This may consume a large amount of memory.
  warnings.warn(
/usr/local/lib/python3.8/dist-packages/tensorflow_core/python/framework/indexed_slices.py:423: UserWarning: Converting sparse IndexedSlices to a dense Tensor of unknown shape. This may consume a large amount of memory.
  warnings.warn(
/usr/local/lib/python3.8/dist-packages/tensorflow_core/python/framework/indexed_slices.py:423: UserWarning: Converting sparse IndexedSlices to a dense Tensor of unknown shape. This may consume a large amount of memory.
  warnings.warn(
WARNING:tensorflow:From /work/utils/utils.py:296: The name tf.get_default_session is deprecated. Please use tf.compat.v1.get_default_session instead.

WARNING:tensorflow:From /work/utils/utils.py:296: The name tf.get_default_session is deprecated. Please use tf.compat.v1.get_default_session instead.


 ---------------- Iteration 0 ----------------
Sampling set of tasks/goals for this meta-batch...
Warning: No valid output stream.

[Action Choices - Iteration 0]
  Total actions: 200000
  Local (0): 67837 (33.9%)
  MEC (1): 67163 (33.6%)
  V2V (2): 65000 (32.5%)
Processing samples...
average task losses:  0.040467367
average value losses:  0.02808104
Evaluating adapted task policies on a fresh support sample
Warning: No valid output stream.
Optimizing policy...
Average energy per iteration 0: 872.5956
Warning: No valid output stream.
Warning: No valid output stream.
Warning: No valid output stream.
Warning: No valid output stream.
Warning: No valid output stream.
Warning: No valid output stream.
Warning: No valid output stream.
Warning: No valid output stream.
Warning: No valid output stream.
Warning: No valid output stream.
Warning: No valid output stream.
Warning: No valid output stream.
Warning: No valid output stream.
Warning: No valid output stream.
Warning: No valid output stream.
-----------------------------------------------------
| Average energy,         | 873                     |
| Average greedy latency, | 612                     |
| Average latency,        | 963                     |
| Average reward,         | 0.411                   |
| AverageDiscountedReturn | 0.382                   |
| AverageReturn           | 0.411                   |
| EnvExecTime             | 50.8                    |
| Itr                     | 0                       |
| MaxReturn               | 0.828                   |
| MinReturn               | -0.621                  |
| NumTrajs                | 10000                   |
| PolicyExecTime          | 32.6                    |
| StdReturn               | 0.157                   |
| checkpoint_is_best_val  | 1                       |
| checkpoint_selection... | validation_query_com... |
| entropy_coefficient     | 0                       |
| hyperparameter_prove... | fixed_literature_der... |
| inner_learning_rate     | 0.0005                  |
| k_steps                 | 3                       |
| meta_batch_size_dist... | 10                      |
| outer_learning_rate     | 0.0005                  |
| outer_update_count      | 1                       |
| outer_update_method     | mrlco_first_order_me... |
| ppo_batch_size_traje... | 20                      |
| query_graph_count       | 80                      |
| seed                    | 0                       |
| split_role              | meta_train_support      |
| split_version           | MARGO-SPLIT-v1          |
| support_graphs_per_m... | 20                      |
| support_trajectories... | 20                      |
| validation_query_com... | 0.416                   |
| validation_query_mea... | 880                     |
| value_clip_epsilon      | 0.2                     |
-----------------------------------------------------
audit health itr 0 ok=True flags=[]

 ---------------- Iteration 1 ----------------
Sampling set of tasks/goals for this meta-batch...
Warning: No valid output stream.

[Action Choices - Iteration 1]
  Total actions: 200000
  Local (0): 69133 (34.6%)
  MEC (1): 84255 (42.1%)
  V2V (2): 46612 (23.3%)
Processing samples...
average task losses:  0.068551876
average value losses:  0.056712832
Evaluating adapted task policies on a fresh support sample
Warning: No valid output stream.
Optimizing policy...
Average energy per iteration 1: 821.6753
-----------------------------------------------------
| Average energy,         | 822                     |
| Average greedy latency, | 605                     |
| Average latency,        | 883                     |
| Average reward,         | 0.468                   |
| AverageDiscountedReturn | 0.43                    |
| AverageReturn           | 0.468                   |
| EnvExecTime             | 48.5                    |
| Itr                     | 1                       |
| MaxReturn               | 0.897                   |
| MinReturn               | -0.243                  |
| NumTrajs                | 10000                   |
| PolicyExecTime          | 32.7                    |
| StdReturn               | 0.132                   |
| entropy_coefficient     | 0                       |
| hyperparameter_prove... | fixed_literature_der... |
| inner_learning_rate     | 0.0005                  |
| k_steps                 | 3                       |
| meta_batch_size_dist... | 10                      |
| outer_learning_rate     | 0.0005                  |
| outer_update_count      | 2                       |
| outer_update_method     | mrlco_first_order_me... |
| ppo_batch_size_traje... | 20                      |
| query_graph_count       | 80                      |
| seed                    | 0                       |
| split_role              | meta_train_support      |
| split_version           | MARGO-SPLIT-v1          |
| support_graphs_per_m... | 20                      |
| support_trajectories... | 20                      |
| value_clip_epsilon      | 0.2                     |
-----------------------------------------------------
audit health itr 1 ok=True flags=[]

 ---------------- Iteration 2 ----------------
Sampling set of tasks/goals for this meta-batch...
Warning: No valid output stream.

[Action Choices - Iteration 2]
  Total actions: 200000
  Local (0): 72028 (36.0%)
  MEC (1): 97793 (48.9%)
  V2V (2): 30179 (15.1%)
Processing samples...
average task losses:  0.06940515
average value losses:  0.07145106
Evaluating adapted task policies on a fresh support sample
Warning: No valid output stream.
Optimizing policy...
Average energy per iteration 2: 750.5040
-----------------------------------------------------
| Average energy,         | 751                     |
| Average greedy latency, | 622                     |
| Average latency,        | 878                     |
| Average reward,         | 0.522                   |
| AverageDiscountedReturn | 0.48                    |
| AverageReturn           | 0.522                   |
| EnvExecTime             | 49.9                    |
| Itr                     | 2                       |
| MaxReturn               | 0.938                   |
| MinReturn               | -0.214                  |
| NumTrajs                | 10000                   |
| PolicyExecTime          | 32                      |
| StdReturn               | 0.139                   |
| entropy_coefficient     | 0                       |
| hyperparameter_prove... | fixed_literature_der... |
| inner_learning_rate     | 0.0005                  |
| k_steps                 | 3                       |
| meta_batch_size_dist... | 10                      |
| outer_learning_rate     | 0.0005                  |
| outer_update_count      | 3                       |
| outer_update_method     | mrlco_first_order_me... |
| ppo_batch_size_traje... | 20                      |
| query_graph_count       | 80                      |
| seed                    | 0                       |
| split_role              | meta_train_support      |
| split_version           | MARGO-SPLIT-v1          |
| support_graphs_per_m... | 20                      |
| support_trajectories... | 20                      |
| value_clip_epsilon      | 0.2                     |
-----------------------------------------------------
audit health itr 2 ok=True flags=[]

 ---------------- Iteration 3 ----------------
Sampling set of tasks/goals for this meta-batch...
Warning: No valid output stream.

[Action Choices - Iteration 3]
  Total actions: 200000
  Local (0): 72853 (36.4%)
  MEC (1): 104713 (52.4%)
  V2V (2): 22434 (11.2%)
Processing samples...
average task losses:  -0.032815173
average value losses:  0.08135692
Evaluating adapted task policies on a fresh support sample
Warning: No valid output stream.
Optimizing policy...
Average energy per iteration 3: 688.8823
-----------------------------------------------------
| Average energy,         | 689                     |
| Average greedy latency, | 589                     |
| Average latency,        | 843                     |
| Average reward,         | 0.528                   |
| AverageDiscountedReturn | 0.484                   |
| AverageReturn           | 0.528                   |
| EnvExecTime             | 49.3                    |
| Itr                     | 3                       |
| MaxReturn               | 0.901                   |
| MinReturn               | -0.398                  |
| NumTrajs                | 10000                   |
| PolicyExecTime          | 32.7                    |
| StdReturn               | 0.132                   |
| entropy_coefficient     | 0                       |
| hyperparameter_prove... | fixed_literature_der... |
| inner_learning_rate     | 0.0005                  |
| k_steps                 | 3                       |
| meta_batch_size_dist... | 10                      |
| outer_learning_rate     | 0.0005                  |
| outer_update_count      | 4                       |
| outer_update_method     | mrlco_first_order_me... |
| ppo_batch_size_traje... | 20                      |
| query_graph_count       | 80                      |
| seed                    | 0                       |
| split_role              | meta_train_support      |
| split_version           | MARGO-SPLIT-v1          |
| support_graphs_per_m... | 20                      |
| support_trajectories... | 20                      |
| value_clip_epsilon      | 0.2                     |
-----------------------------------------------------
audit health itr 3 ok=True flags=[]

 ---------------- Iteration 4 ----------------
Sampling set of tasks/goals for this meta-batch...
Warning: No valid output stream.

[Action Choices - Iteration 4]
  Total actions: 200000
  Local (0): 71203 (35.6%)
  MEC (1): 109621 (54.8%)
  V2V (2): 19176 (9.6%)
Processing samples...
average task losses:  -0.06381985
average value losses:  0.09585734
Evaluating adapted task policies on a fresh support sample
Warning: No valid output stream.
Optimizing policy...
Average energy per iteration 4: 628.5443
-----------------------------------------------------
| Average energy,         | 629                     |
| Average greedy latency, | 611                     |
| Average latency,        | 810                     |
| Average reward,         | 0.588                   |
| AverageDiscountedReturn | 0.54                    |
| AverageReturn           | 0.588                   |
| EnvExecTime             | 49                      |
| Itr                     | 4                       |
| MaxReturn               | 0.926                   |
| MinReturn               | -0.133                  |
| NumTrajs                | 10000                   |
| PolicyExecTime          | 32.7                    |
| StdReturn               | 0.132                   |
| entropy_coefficient     | 0                       |
| hyperparameter_prove... | fixed_literature_der... |
| inner_learning_rate     | 0.0005                  |
| k_steps                 | 3                       |
| meta_batch_size_dist... | 10                      |
| outer_learning_rate     | 0.0005                  |
| outer_update_count      | 5                       |
| outer_update_method     | mrlco_first_order_me... |
| ppo_batch_size_traje... | 20                      |
| query_graph_count       | 80                      |
| seed                    | 0                       |
| split_role              | meta_train_support      |
| split_version           | MARGO-SPLIT-v1          |
| support_graphs_per_m... | 20                      |
| support_trajectories... | 20                      |
| value_clip_epsilon      | 0.2                     |
-----------------------------------------------------
audit health itr 4 ok=True flags=[]

 ---------------- Iteration 5 ----------------
Sampling set of tasks/goals for this meta-batch...
Warning: No valid output stream.

[Action Choices - Iteration 5]
  Total actions: 200000
  Local (0): 66600 (33.3%)
  MEC (1): 116345 (58.2%)
  V2V (2): 17055 (8.5%)
Processing samples...
average task losses:  0.026768023
average value losses:  0.092579104
Evaluating adapted task policies on a fresh support sample
Warning: No valid output stream.
Optimizing policy...
Average energy per iteration 5: 586.6663
-----------------------------------------------------
| Average energy,         | 587                     |
| Average greedy latency, | 629                     |
| Average latency,        | 781                     |
| Average reward,         | 0.627                   |
| AverageDiscountedReturn | 0.577                   |
| AverageReturn           | 0.627                   |
| EnvExecTime             | 48.9                    |
| Itr                     | 5                       |
| MaxReturn               | 0.961                   |
| MinReturn               | -0.23                   |
| NumTrajs                | 10000                   |
| PolicyExecTime          | 32.5                    |
| StdReturn               | 0.119                   |
| entropy_coefficient     | 0                       |
| hyperparameter_prove... | fixed_literature_der... |
| inner_learning_rate     | 0.0005                  |
| k_steps                 | 3                       |
| meta_batch_size_dist... | 10                      |
| outer_learning_rate     | 0.0005                  |
| outer_update_count      | 6                       |
| outer_update_method     | mrlco_first_order_me... |
| ppo_batch_size_traje... | 20                      |
| query_graph_count       | 80                      |
| seed                    | 0                       |
| split_role              | meta_train_support      |
| split_version           | MARGO-SPLIT-v1          |
| support_graphs_per_m... | 20                      |
| support_trajectories... | 20                      |
| value_clip_epsilon      | 0.2                     |
-----------------------------------------------------
audit health itr 5 ok=True flags=[]

 ---------------- Iteration 6 ----------------
Sampling set of tasks/goals for this meta-batch...
Warning: No valid output stream.

[Action Choices - Iteration 6]
  Total actions: 200000
  Local (0): 61594 (30.8%)
  MEC (1): 121763 (60.9%)
  V2V (2): 16643 (8.3%)
Processing samples...
average task losses:  -0.030887295
average value losses:  0.083152704
Evaluating adapted task policies on a fresh support sample
Warning: No valid output stream.
Optimizing policy...
Average energy per iteration 6: 510.1575
-----------------------------------------------------
| Average energy,         | 510                     |
| Average greedy latency, | 600                     |
| Average latency,        | 749                     |
| Average reward,         | 0.654                   |
| AverageDiscountedReturn | 0.599                   |
| AverageReturn           | 0.654                   |
| EnvExecTime             | 48.3                    |
| Itr                     | 6                       |
| MaxReturn               | 0.953                   |
| MinReturn               | 0.08                    |
| NumTrajs                | 10000                   |
| PolicyExecTime          | 31.6                    |
| StdReturn               | 0.116                   |
| entropy_coefficient     | 0                       |
| hyperparameter_prove... | fixed_literature_der... |
| inner_learning_rate     | 0.0005                  |
| k_steps                 | 3                       |
| meta_batch_size_dist... | 10                      |
| outer_learning_rate     | 0.0005                  |
| outer_update_count      | 7                       |
| outer_update_method     | mrlco_first_order_me... |
| ppo_batch_size_traje... | 20                      |
| query_graph_count       | 80                      |
| seed                    | 0                       |
| split_role              | meta_train_support      |
| split_version           | MARGO-SPLIT-v1          |
| support_graphs_per_m... | 20                      |
| support_trajectories... | 20                      |
| value_clip_epsilon      | 0.2                     |
-----------------------------------------------------
audit health itr 6 ok=True flags=[]

 ---------------- Iteration 7 ----------------
Sampling set of tasks/goals for this meta-batch...
Warning: No valid output stream.

[Action Choices - Iteration 7]
  Total actions: 200000
  Local (0): 55597 (27.8%)
  MEC (1): 129287 (64.6%)
  V2V (2): 15116 (7.6%)
Processing samples...
average task losses:  0.025321167
average value losses:  0.06017266
Evaluating adapted task policies on a fresh support sample
Warning: No valid output stream.
Optimizing policy...
Average energy per iteration 7: 454.1491
-----------------------------------------------------
| Average energy,         | 454                     |
| Average greedy latency, | 607                     |
| Average latency,        | 732                     |
| Average reward,         | 0.669                   |
| AverageDiscountedReturn | 0.613                   |
| AverageReturn           | 0.669                   |
| EnvExecTime             | 48.5                    |
| Itr                     | 7                       |
| MaxReturn               | 0.969                   |
| MinReturn               | 0.023                   |
| NumTrajs                | 10000                   |
| PolicyExecTime          | 31.9                    |
| StdReturn               | 0.113                   |
| entropy_coefficient     | 0                       |
| hyperparameter_prove... | fixed_literature_der... |
| inner_learning_rate     | 0.0005                  |
| k_steps                 | 3                       |
| meta_batch_size_dist... | 10                      |
| outer_learning_rate     | 0.0005                  |
| outer_update_count      | 8                       |
| outer_update_method     | mrlco_first_order_me... |
| ppo_batch_size_traje... | 20                      |
| query_graph_count       | 80                      |
| seed                    | 0                       |
| split_role              | meta_train_support      |
| split_version           | MARGO-SPLIT-v1          |
| support_graphs_per_m... | 20                      |
| support_trajectories... | 20                      |
| value_clip_epsilon      | 0.2                     |
-----------------------------------------------------
audit health itr 7 ok=True flags=[]

 ---------------- Iteration 8 ----------------
Sampling set of tasks/goals for this meta-batch...
Warning: No valid output stream.

[Action Choices - Iteration 8]
  Total actions: 200000
  Local (0): 48613 (24.3%)
  MEC (1): 138640 (69.3%)
  V2V (2): 12747 (6.4%)
Processing samples...
average task losses:  0.0027052858
average value losses:  0.04746668
Evaluating adapted task policies on a fresh support sample
Warning: No valid output stream.
Optimizing policy...
Average energy per iteration 8: 440.8217
-----------------------------------------------------
| Average energy,         | 441                     |
| Average greedy latency, | 609                     |
| Average latency,        | 738                     |
| Average reward,         | 0.667                   |
| AverageDiscountedReturn | 0.613                   |
| AverageReturn           | 0.667                   |
| EnvExecTime             | 50.3                    |
| Itr                     | 8                       |
| MaxReturn               | 0.969                   |
| MinReturn               | 0.0886                  |
| NumTrajs                | 10000                   |
| PolicyExecTime          | 32                      |
| StdReturn               | 0.111                   |
| entropy_coefficient     | 0                       |
| hyperparameter_prove... | fixed_literature_der... |
| inner_learning_rate     | 0.0005                  |
| k_steps                 | 3                       |
| meta_batch_size_dist... | 10                      |
| outer_learning_rate     | 0.0005                  |
| outer_update_count      | 9                       |
| outer_update_method     | mrlco_first_order_me... |
| ppo_batch_size_traje... | 20                      |
| query_graph_count       | 80                      |
| seed                    | 0                       |
| split_role              | meta_train_support      |
| split_version           | MARGO-SPLIT-v1          |
| support_graphs_per_m... | 20                      |
| support_trajectories... | 20                      |
| value_clip_epsilon      | 0.2                     |
-----------------------------------------------------
audit health itr 8 ok=True flags=[]

 ---------------- Iteration 9 ----------------
Sampling set of tasks/goals for this meta-batch...
Warning: No valid output stream.

[Action Choices - Iteration 9]
  Total actions: 200000
  Local (0): 41944 (21.0%)
  MEC (1): 147189 (73.6%)
  V2V (2): 10867 (5.4%)
Processing samples...
average task losses:  -0.010765279
average value losses:  0.03935646
Evaluating adapted task policies on a fresh support sample
Warning: No valid output stream.
Optimizing policy...
Average energy per iteration 9: 426.9096
-----------------------------------------------------
| Average energy,         | 427                     |
| Average greedy latency, | 597                     |
| Average latency,        | 722                     |
| Average reward,         | 0.688                   |
| AverageDiscountedReturn | 0.63                    |
| AverageReturn           | 0.688                   |
| EnvExecTime             | 47.9                    |
| Itr                     | 9                       |
| MaxReturn               | 0.973                   |
| MinReturn               | 0.193                   |
| NumTrajs                | 10000                   |
| PolicyExecTime          | 32.4                    |
| StdReturn               | 0.109                   |
| entropy_coefficient     | 0                       |
| hyperparameter_prove... | fixed_literature_der... |
| inner_learning_rate     | 0.0005                  |
| k_steps                 | 3                       |
| meta_batch_size_dist... | 10                      |
| outer_learning_rate     | 0.0005                  |
| outer_update_count      | 10                      |
| outer_update_method     | mrlco_first_order_me... |
| ppo_batch_size_traje... | 20                      |
| query_graph_count       | 80                      |
| seed                    | 0                       |
| split_role              | meta_train_support      |
| split_version           | MARGO-SPLIT-v1          |
| support_graphs_per_m... | 20                      |
| support_trajectories... | 20                      |
| value_clip_epsilon      | 0.2                     |
-----------------------------------------------------
audit health itr 9 ok=True flags=[]

 ---------------- Iteration 10 ----------------
Sampling set of tasks/goals for this meta-batch...
Warning: No valid output stream.

[Action Choices - Iteration 10]
  Total actions: 200000
  Local (0): 36443 (18.2%)
  MEC (1): 154840 (77.4%)
  V2V (2): 8717 (4.4%)
Processing samples...
average task losses:  -0.018689014
average value losses:  0.06473064
Evaluating adapted task policies on a fresh support sample
Warning: No valid output stream.
Optimizing policy...
Average energy per iteration 10: 392.1292
-----------------------------------------------------
| Average energy,         | 392                     |
| Average greedy latency, | 615                     |
| Average latency,        | 722                     |
| Average reward,         | 0.705                   |
| AverageDiscountedReturn | 0.647                   |
| AverageReturn           | 0.705                   |
| EnvExecTime             | 49                      |
| Itr                     | 10                      |
| MaxReturn               | 0.96                    |
| MinReturn               | 0.0659                  |
| NumTrajs                | 10000                   |
| PolicyExecTime          | 30.9                    |
| StdReturn               | 0.104                   |
| entropy_coefficient     | 0                       |
| hyperparameter_prove... | fixed_literature_der... |
| inner_learning_rate     | 0.0005                  |
| k_steps                 | 3                       |
| meta_batch_size_dist... | 10                      |
| outer_learning_rate     | 0.0005                  |
| outer_update_count      | 11                      |
| outer_update_method     | mrlco_first_order_me... |
| ppo_batch_size_traje... | 20                      |
| query_graph_count       | 80                      |
| seed                    | 0                       |
| split_role              | meta_train_support      |
| split_version           | MARGO-SPLIT-v1          |
| support_graphs_per_m... | 20                      |
| support_trajectories... | 20                      |
| value_clip_epsilon      | 0.2                     |
-----------------------------------------------------
audit health itr 10 ok=True flags=[]

 ---------------- Iteration 11 ----------------
Sampling set of tasks/goals for this meta-batch...
Warning: No valid output stream.

[Action Choices - Iteration 11]
  Total actions: 200000
  Local (0): 30729 (15.4%)
  MEC (1): 162512 (81.3%)
  V2V (2): 6759 (3.4%)
Processing samples...
average task losses:  0.007776866
average value losses:  0.08032682
Evaluating adapted task policies on a fresh support sample
Warning: No valid output stream.
Optimizing policy...
Average energy per iteration 11: 365.0994
-----------------------------------------------------
| Average energy,         | 365                     |
| Average greedy latency, | 618                     |
| Average latency,        | 732                     |
| Average reward,         | 0.711                   |
| AverageDiscountedReturn | 0.652                   |
| AverageReturn           | 0.711                   |
| EnvExecTime             | 49.6                    |
| Itr                     | 11                      |
| MaxReturn               | 0.966                   |
| MinReturn               | 0.0847                  |
| NumTrajs                | 10000                   |
| PolicyExecTime          | 30                      |
| StdReturn               | 0.103                   |
| entropy_coefficient     | 0                       |
| hyperparameter_prove... | fixed_literature_der... |
| inner_learning_rate     | 0.0005                  |
| k_steps                 | 3                       |
| meta_batch_size_dist... | 10                      |
| outer_learning_rate     | 0.0005                  |
| outer_update_count      | 12                      |
| outer_update_method     | mrlco_first_order_me... |
| ppo_batch_size_traje... | 20                      |
| query_graph_count       | 80                      |
| seed                    | 0                       |
| split_role              | meta_train_support      |
| split_version           | MARGO-SPLIT-v1          |
| support_graphs_per_m... | 20                      |
| support_trajectories... | 20                      |
| value_clip_epsilon      | 0.2                     |
-----------------------------------------------------
audit health itr 11 ok=True flags=[]

 ---------------- Iteration 12 ----------------
Sampling set of tasks/goals for this meta-batch...
Warning: No valid output stream.

[Action Choices - Iteration 12]
  Total actions: 200000
  Local (0): 25594 (12.8%)
  MEC (1): 169036 (84.5%)
  V2V (2): 5370 (2.7%)
Processing samples...
average task losses:  0.020395253
average value losses:  0.10001863
Evaluating adapted task policies on a fresh support sample
Warning: No valid output stream.
Optimizing policy...
Average energy per iteration 12: 323.5282
-----------------------------------------------------
| Average energy,         | 324                     |
| Average greedy latency, | 605                     |
| Average latency,        | 689                     |
| Average reward,         | 0.731                   |
| AverageDiscountedReturn | 0.669                   |
| AverageReturn           | 0.731                   |
| EnvExecTime             | 48.9                    |
| Itr                     | 12                      |
| MaxReturn               | 0.987                   |
| MinReturn               | 0.244                   |
| NumTrajs                | 10000                   |
| PolicyExecTime          | 32.4                    |
| StdReturn               | 0.106                   |
| entropy_coefficient     | 0                       |
| hyperparameter_prove... | fixed_literature_der... |
| inner_learning_rate     | 0.0005                  |
| k_steps                 | 3                       |
| meta_batch_size_dist... | 10                      |
| outer_learning_rate     | 0.0005                  |
| outer_update_count      | 13                      |
| outer_update_method     | mrlco_first_order_me... |
| ppo_batch_size_traje... | 20                      |
| query_graph_count       | 80                      |
| seed                    | 0                       |
| split_role              | meta_train_support      |
| split_version           | MARGO-SPLIT-v1          |
| support_graphs_per_m... | 20                      |
| support_trajectories... | 20                      |
| value_clip_epsilon      | 0.2                     |
-----------------------------------------------------
audit health itr 12 ok=True flags=[]

 ---------------- Iteration 13 ----------------
Sampling set of tasks/goals for this meta-batch...
Warning: No valid output stream.

[Action Choices - Iteration 13]
  Total actions: 200000
  Local (0): 21646 (10.8%)
  MEC (1): 173860 (86.9%)
  V2V (2): 4494 (2.2%)
Processing samples...
average task losses:  0.028857807
average value losses:  0.10315129
Evaluating adapted task policies on a fresh support sample
Warning: No valid output stream.
Optimizing policy...
Average energy per iteration 13: 250.2817
-----------------------------------------------------
| Average energy,         | 250                     |
| Average greedy latency, | 592                     |
| Average latency,        | 648                     |
| Average reward,         | 0.779                   |
| AverageDiscountedReturn | 0.714                   |
| AverageReturn           | 0.779                   |
| EnvExecTime             | 49.3                    |
| Itr                     | 13                      |
| MaxReturn               | 0.979                   |
| MinReturn               | 0.315                   |
| NumTrajs                | 10000                   |
| PolicyExecTime          | 32.1                    |
| StdReturn               | 0.0998                  |
| entropy_coefficient     | 0                       |
| hyperparameter_prove... | fixed_literature_der... |
| inner_learning_rate     | 0.0005                  |
| k_steps                 | 3                       |
| meta_batch_size_dist... | 10                      |
| outer_learning_rate     | 0.0005                  |
| outer_update_count      | 14                      |
| outer_update_method     | mrlco_first_order_me... |
| ppo_batch_size_traje... | 20                      |
| query_graph_count       | 80                      |
| seed                    | 0                       |
| split_role              | meta_train_support      |
| split_version           | MARGO-SPLIT-v1          |
| support_graphs_per_m... | 20                      |
| support_trajectories... | 20                      |
| value_clip_epsilon      | 0.2                     |
-----------------------------------------------------
audit health itr 13 ok=True flags=[]

 ---------------- Iteration 14 ----------------
Sampling set of tasks/goals for this meta-batch...
Warning: No valid output stream.

[Action Choices - Iteration 14]
  Total actions: 200000
  Local (0): 18385 (9.2%)
  MEC (1): 177655 (88.8%)
  V2V (2): 3960 (2.0%)
Processing samples...
average task losses:  -0.039782245
average value losses:  0.08033811
Evaluating adapted task policies on a fresh support sample
Warning: No valid output stream.
Optimizing policy...
Average energy per iteration 14: 243.4189
-----------------------------------------------------
| Average energy,         | 243                     |
| Average greedy latency, | 612                     |
| Average latency,        | 692                     |
| Average reward,         | 0.777                   |
| AverageDiscountedReturn | 0.714                   |
| AverageReturn           | 0.777                   |
| EnvExecTime             | 50.3                    |
| Itr                     | 14                      |
| MaxReturn               | 0.976                   |
| MinReturn               | 0.292                   |
| NumTrajs                | 10000                   |
| PolicyExecTime          | 31.6                    |
| StdReturn               | 0.0963                  |
| entropy_coefficient     | 0                       |
| hyperparameter_prove... | fixed_literature_der... |
| inner_learning_rate     | 0.0005                  |
| k_steps                 | 3                       |
| meta_batch_size_dist... | 10                      |
| outer_learning_rate     | 0.0005                  |
| outer_update_count      | 15                      |
| outer_update_method     | mrlco_first_order_me... |
| ppo_batch_size_traje... | 20                      |
| query_graph_count       | 80                      |
| seed                    | 0                       |
| split_role              | meta_train_support      |
| split_version           | MARGO-SPLIT-v1          |
| support_graphs_per_m... | 20                      |
| support_trajectories... | 20                      |
| value_clip_epsilon      | 0.2                     |
-----------------------------------------------------
audit health itr 14 ok=True flags=[]

 ---------------- Iteration 15 ----------------
Sampling set of tasks/goals for this meta-batch...
Warning: No valid output stream.

[Action Choices - Iteration 15]
  Total actions: 200000
  Local (0): 14892 (7.4%)
  MEC (1): 182135 (91.1%)
  V2V (2): 2973 (1.5%)
Processing samples...
average task losses:  0.025918059
average value losses:  0.09056684
Evaluating adapted task policies on a fresh support sample
Warning: No valid output stream.
Optimizing policy...
Average energy per iteration 15: 221.9526
-----------------------------------------------------
| Average energy,         | 222                     |
| Average greedy latency, | 621                     |
| Average latency,        | 679                     |
| Average reward,         | 0.786                   |
| AverageDiscountedReturn | 0.721                   |
| AverageReturn           | 0.786                   |
| EnvExecTime             | 49.1                    |
| Itr                     | 15                      |
| MaxReturn               | 0.978                   |
| MinReturn               | 0.0669                  |
| NumTrajs                | 10000                   |
| PolicyExecTime          | 30.9                    |
| StdReturn               | 0.105                   |
| entropy_coefficient     | 0                       |
| hyperparameter_prove... | fixed_literature_der... |
| inner_learning_rate     | 0.0005                  |
| k_steps                 | 3                       |
| meta_batch_size_dist... | 10                      |
| outer_learning_rate     | 0.0005                  |
| outer_update_count      | 16                      |
| outer_update_method     | mrlco_first_order_me... |
| ppo_batch_size_traje... | 20                      |
| query_graph_count       | 80                      |
| seed                    | 0                       |
| split_role              | meta_train_support      |
| split_version           | MARGO-SPLIT-v1          |
| support_graphs_per_m... | 20                      |
| support_trajectories... | 20                      |
| value_clip_epsilon      | 0.2                     |
-----------------------------------------------------
audit health itr 15 ok=True flags=[]

 ---------------- Iteration 16 ----------------
Sampling set of tasks/goals for this meta-batch...
Warning: No valid output stream.

[Action Choices - Iteration 16]
  Total actions: 200000
  Local (0): 12326 (6.2%)
  MEC (1): 185234 (92.6%)
  V2V (2): 2440 (1.2%)
Processing samples...
average task losses:  -0.0065330323
average value losses:  0.11010731
Evaluating adapted task policies on a fresh support sample
Warning: No valid output stream.
Optimizing policy...
Average energy per iteration 16: 171.1745
-----------------------------------------------------
| Average energy,         | 171                     |
| Average greedy latency, | 621                     |
| Average latency,        | 652                     |
| Average reward,         | 0.812                   |
| AverageDiscountedReturn | 0.744                   |
| AverageReturn           | 0.812                   |
| EnvExecTime             | 49.8                    |
| Itr                     | 16                      |
| MaxReturn               | 0.979                   |
| MinReturn               | 0.242                   |
| NumTrajs                | 10000                   |
| PolicyExecTime          | 32.2                    |
| StdReturn               | 0.0956                  |
| entropy_coefficient     | 0                       |
| hyperparameter_prove... | fixed_literature_der... |
| inner_learning_rate     | 0.0005                  |
| k_steps                 | 3                       |
| meta_batch_size_dist... | 10                      |
| outer_learning_rate     | 0.0005                  |
| outer_update_count      | 17                      |
| outer_update_method     | mrlco_first_order_me... |
| ppo_batch_size_traje... | 20                      |
| query_graph_count       | 80                      |
| seed                    | 0                       |
| split_role              | meta_train_support      |
| split_version           | MARGO-SPLIT-v1          |
| support_graphs_per_m... | 20                      |
| support_trajectories... | 20                      |
| value_clip_epsilon      | 0.2                     |
-----------------------------------------------------
audit health itr 16 ok=True flags=[]

 ---------------- Iteration 17 ----------------
Sampling set of tasks/goals for this meta-batch...
Warning: No valid output stream.

[Action Choices - Iteration 17]
  Total actions: 200000
  Local (0): 10650 (5.3%)
  MEC (1): 187108 (93.6%)
  V2V (2): 2242 (1.1%)
Processing samples...
average task losses:  -0.0034195394
average value losses:  0.058449335
Evaluating adapted task policies on a fresh support sample
Warning: No valid output stream.
Optimizing policy...
Average energy per iteration 17: 147.2968
-----------------------------------------------------
| Average energy,         | 147                     |
| Average greedy latency, | 620                     |
| Average latency,        | 684                     |
| Average reward,         | 0.82                    |
| AverageDiscountedReturn | 0.752                   |
| AverageReturn           | 0.82                    |
| EnvExecTime             | 50.6                    |
| Itr                     | 17                      |
| MaxReturn               | 0.979                   |
| MinReturn               | 0.361                   |
| NumTrajs                | 10000                   |
| PolicyExecTime          | 30.3                    |
| StdReturn               | 0.099                   |
| entropy_coefficient     | 0                       |
| hyperparameter_prove... | fixed_literature_der... |
| inner_learning_rate     | 0.0005                  |
| k_steps                 | 3                       |
| meta_batch_size_dist... | 10                      |
| outer_learning_rate     | 0.0005                  |
| outer_update_count      | 18                      |
| outer_update_method     | mrlco_first_order_me... |
| ppo_batch_size_traje... | 20                      |
| query_graph_count       | 80                      |
| seed                    | 0                       |
| split_role              | meta_train_support      |
| split_version           | MARGO-SPLIT-v1          |
| support_graphs_per_m... | 20                      |
| support_trajectories... | 20                      |
| value_clip_epsilon      | 0.2                     |
-----------------------------------------------------
audit health itr 17 ok=True flags=[]

 ---------------- Iteration 18 ----------------
Sampling set of tasks/goals for this meta-batch...
Warning: No valid output stream.

[Action Choices - Iteration 18]
  Total actions: 200000
  Local (0): 9226 (4.6%)
  MEC (1): 188889 (94.4%)
  V2V (2): 1885 (0.9%)
Processing samples...
average task losses:  -0.003113819
average value losses:  0.08986521
Evaluating adapted task policies on a fresh support sample
Warning: No valid output stream.
Optimizing policy...
Average energy per iteration 18: 152.1953
-----------------------------------------------------
| Average energy,         | 152                     |
| Average greedy latency, | 616                     |
| Average latency,        | 661                     |
| Average reward,         | 0.816                   |
| AverageDiscountedReturn | 0.748                   |
| AverageReturn           | 0.816                   |
| EnvExecTime             | 48.7                    |
| Itr                     | 18                      |
| MaxReturn               | 0.964                   |
| MinReturn               | 0.342                   |
| NumTrajs                | 10000                   |
| PolicyExecTime          | 31.4                    |
| StdReturn               | 0.0922                  |
| entropy_coefficient     | 0                       |
| hyperparameter_prove... | fixed_literature_der... |
| inner_learning_rate     | 0.0005                  |
| k_steps                 | 3                       |
| meta_batch_size_dist... | 10                      |
| outer_learning_rate     | 0.0005                  |
| outer_update_count      | 19                      |
| outer_update_method     | mrlco_first_order_me... |
| ppo_batch_size_traje... | 20                      |
| query_graph_count       | 80                      |
| seed                    | 0                       |
| split_role              | meta_train_support      |
| split_version           | MARGO-SPLIT-v1          |
| support_graphs_per_m... | 20                      |
| support_trajectories... | 20                      |
| value_clip_epsilon      | 0.2                     |
-----------------------------------------------------
audit health itr 18 ok=True flags=[]

 ---------------- Iteration 19 ----------------
Sampling set of tasks/goals for this meta-batch...
Warning: No valid output stream.

[Action Choices - Iteration 19]
  Total actions: 200000
  Local (0): 8108 (4.1%)
  MEC (1): 190391 (95.2%)
  V2V (2): 1501 (0.8%)
Processing samples...
average task losses:  0.019709848
average value losses:  0.086028606
Evaluating adapted task policies on a fresh support sample
Warning: No valid output stream.
Optimizing policy...
Average energy per iteration 19: 149.9334
-----------------------------------------------------
| Average energy,         | 150                     |
| Average greedy latency, | 603                     |
| Average latency,        | 637                     |
| Average reward,         | 0.824                   |
| AverageDiscountedReturn | 0.755                   |
| AverageReturn           | 0.824                   |
| EnvExecTime             | 49.7                    |
| Itr                     | 19                      |
| MaxReturn               | 0.978                   |
| MinReturn               | 0.419                   |
| NumTrajs                | 10000                   |
| PolicyExecTime          | 32.6                    |
| StdReturn               | 0.0926                  |
| entropy_coefficient     | 0                       |
| hyperparameter_prove... | fixed_literature_der... |
| inner_learning_rate     | 0.0005                  |
| k_steps                 | 3                       |
| meta_batch_size_dist... | 10                      |
| outer_learning_rate     | 0.0005                  |
| outer_update_count      | 20                      |
| outer_update_method     | mrlco_first_order_me... |
| ppo_batch_size_traje... | 20                      |
| query_graph_count       | 80                      |
| seed                    | 0                       |
| split_role              | meta_train_support      |
| split_version           | MARGO-SPLIT-v1          |
| support_graphs_per_m... | 20                      |
| support_trajectories... | 20                      |
| value_clip_epsilon      | 0.2                     |
-----------------------------------------------------
audit health itr 19 ok=True flags=[]

 ---------------- Iteration 20 ----------------
Sampling set of tasks/goals for this meta-batch...
Warning: No valid output stream.

[Action Choices - Iteration 20]
  Total actions: 200000
  Local (0): 7847 (3.9%)
  MEC (1): 190824 (95.4%)
  V2V (2): 1329 (0.7%)
Processing samples...
average task losses:  0.019285508
average value losses:  0.074273586
Evaluating adapted task policies on a fresh support sample
Warning: No valid output stream.
Optimizing policy...
Average energy per iteration 20: 154.0399
-----------------------------------------------------
| Average energy,         | 154                     |
| Average greedy latency, | 632                     |
| Average latency,        | 697                     |
| Average reward,         | 0.81                    |
| AverageDiscountedReturn | 0.741                   |
| AverageReturn           | 0.81                    |
| EnvExecTime             | 49.7                    |
| Itr                     | 20                      |
| MaxReturn               | 0.971                   |
| MinReturn               | 0.246                   |
| NumTrajs                | 10000                   |
| PolicyExecTime          | 32.3                    |
| StdReturn               | 0.0909                  |
| entropy_coefficient     | 0                       |
| hyperparameter_prove... | fixed_literature_der... |
| inner_learning_rate     | 0.0005                  |
| k_steps                 | 3                       |
| meta_batch_size_dist... | 10                      |
| outer_learning_rate     | 0.0005                  |
| outer_update_count      | 21                      |
| outer_update_method     | mrlco_first_order_me... |
| ppo_batch_size_traje... | 20                      |
| query_graph_count       | 80                      |
| seed                    | 0                       |
| split_role              | meta_train_support      |
| split_version           | MARGO-SPLIT-v1          |
| support_graphs_per_m... | 20                      |
| support_trajectories... | 20                      |
| value_clip_epsilon      | 0.2                     |
-----------------------------------------------------
audit health itr 20 ok=True flags=[]

 ---------------- Iteration 21 ----------------
Sampling set of tasks/goals for this meta-batch...
Warning: No valid output stream.

[Action Choices - Iteration 21]
  Total actions: 200000
  Local (0): 7724 (3.9%)
  MEC (1): 191170 (95.6%)
  V2V (2): 1106 (0.6%)
Processing samples...
average task losses:  -0.015207212
average value losses:  0.08611533
Evaluating adapted task policies on a fresh support sample
Warning: No valid output stream.
Optimizing policy...
Average energy per iteration 21: 123.5699
-----------------------------------------------------
| Average energy,         | 124                     |
| Average greedy latency, | 620                     |
| Average latency,        | 647                     |
| Average reward,         | 0.831                   |
| AverageDiscountedReturn | 0.76                    |
| AverageReturn           | 0.831                   |
| EnvExecTime             | 50.8                    |
| Itr                     | 21                      |
| MaxReturn               | 0.978                   |
| MinReturn               | 0.399                   |
| NumTrajs                | 10000                   |
| PolicyExecTime          | 31.1                    |
| StdReturn               | 0.0903                  |
| entropy_coefficient     | 0                       |
| hyperparameter_prove... | fixed_literature_der... |
| inner_learning_rate     | 0.0005                  |
| k_steps                 | 3                       |
| meta_batch_size_dist... | 10                      |
| outer_learning_rate     | 0.0005                  |
| outer_update_count      | 22                      |
| outer_update_method     | mrlco_first_order_me... |
| ppo_batch_size_traje... | 20                      |
| query_graph_count       | 80                      |
| seed                    | 0                       |
| split_role              | meta_train_support      |
| split_version           | MARGO-SPLIT-v1          |
| support_graphs_per_m... | 20                      |
| support_trajectories... | 20                      |
| value_clip_epsilon      | 0.2                     |
-----------------------------------------------------
audit health itr 21 ok=False flags=['action_collapse_MEC_0.955']

 ---------------- Iteration 22 ----------------
Sampling set of tasks/goals for this meta-batch...
Warning: No valid output stream.

[Action Choices - Iteration 22]
  Total actions: 200000
  Local (0): 8036 (4.0%)
  MEC (1): 190939 (95.5%)
  V2V (2): 1025 (0.5%)
Processing samples...
average task losses:  0.01494754
average value losses:  0.08289601
Evaluating adapted task policies on a fresh support sample
Warning: No valid output stream.
Optimizing policy...
Average energy per iteration 22: 109.5465
-----------------------------------------------------
| Average energy,         | 110                     |
| Average greedy latency, | 608                     |
| Average latency,        | 622                     |
| Average reward,         | 0.849                   |
| AverageDiscountedReturn | 0.777                   |
| AverageReturn           | 0.849                   |
| EnvExecTime             | 49.5                    |
| Itr                     | 22                      |
| MaxReturn               | 0.979                   |
| MinReturn               | 0.375                   |
| NumTrajs                | 10000                   |
| PolicyExecTime          | 32.9                    |
| StdReturn               | 0.0839                  |
| entropy_coefficient     | 0                       |
| hyperparameter_prove... | fixed_literature_der... |
| inner_learning_rate     | 0.0005                  |
| k_steps                 | 3                       |
| meta_batch_size_dist... | 10                      |
| outer_learning_rate     | 0.0005                  |
| outer_update_count      | 23                      |
| outer_update_method     | mrlco_first_order_me... |
| ppo_batch_size_traje... | 20                      |
| query_graph_count       | 80                      |
| seed                    | 0                       |
| split_role              | meta_train_support      |
| split_version           | MARGO-SPLIT-v1          |
| support_graphs_per_m... | 20                      |
| support_trajectories... | 20                      |
| value_clip_epsilon      | 0.2                     |
-----------------------------------------------------
audit health itr 22 ok=False flags=['action_collapse_MEC_0.962']

 ---------------- Iteration 23 ----------------
Sampling set of tasks/goals for this meta-batch...
Warning: No valid output stream.

[Action Choices - Iteration 23]
  Total actions: 200000
  Local (0): 7591 (3.8%)
  MEC (1): 191524 (95.8%)
  V2V (2): 885 (0.4%)
Processing samples...
average task losses:  -0.009105447
average value losses:  0.0431775
Evaluating adapted task policies on a fresh support sample
Warning: No valid output stream.
Optimizing policy...
Average energy per iteration 23: 93.5010
-----------------------------------------------------
| Average energy,         | 93.5                    |
| Average greedy latency, | 608                     |
| Average latency,        | 637                     |
| Average reward,         | 0.854                   |
| AverageDiscountedReturn | 0.783                   |
| AverageReturn           | 0.854                   |
| EnvExecTime             | 49                      |
| Itr                     | 23                      |
| MaxReturn               | 0.979                   |
| MinReturn               | 0.438                   |
| NumTrajs                | 10000                   |
| PolicyExecTime          | 32.4                    |
| StdReturn               | 0.082                   |
| entropy_coefficient     | 0                       |
| hyperparameter_prove... | fixed_literature_der... |
| inner_learning_rate     | 0.0005                  |
| k_steps                 | 3                       |
| meta_batch_size_dist... | 10                      |
| outer_learning_rate     | 0.0005                  |
| outer_update_count      | 24                      |
| outer_update_method     | mrlco_first_order_me... |
| ppo_batch_size_traje... | 20                      |
| query_graph_count       | 80                      |
| seed                    | 0                       |
| split_role              | meta_train_support      |
| split_version           | MARGO-SPLIT-v1          |
| support_graphs_per_m... | 20                      |
| support_trajectories... | 20                      |
| value_clip_epsilon      | 0.2                     |
-----------------------------------------------------
audit health itr 23 ok=False flags=['action_collapse_MEC_0.976']

 ---------------- Iteration 24 ----------------
Sampling set of tasks/goals for this meta-batch...
Warning: No valid output stream.

[Action Choices - Iteration 24]
  Total actions: 200000
  Local (0): 6663 (3.3%)
  MEC (1): 192668 (96.3%)
  V2V (2): 669 (0.3%)
Processing samples...
average task losses:  0.0043714577
average value losses:  0.05170213
Evaluating adapted task policies on a fresh support sample
Warning: No valid output stream.
Optimizing policy...
Average energy per iteration 24: 127.0086
-----------------------------------------------------
| Average energy,         | 127                     |
| Average greedy latency, | 595                     |
| Average latency,        | 626                     |
| Average reward,         | 0.836                   |
| AverageDiscountedReturn | 0.765                   |
| AverageReturn           | 0.836                   |
| EnvExecTime             | 50.2                    |
| Itr                     | 24                      |
| MaxReturn               | 0.98                    |
| MinReturn               | 0.381                   |
| NumTrajs                | 10000                   |
| PolicyExecTime          | 32.7                    |
| StdReturn               | 0.0931                  |
| entropy_coefficient     | 0                       |
| hyperparameter_prove... | fixed_literature_der... |
| inner_learning_rate     | 0.0005                  |
| k_steps                 | 3                       |
| meta_batch_size_dist... | 10                      |
| outer_learning_rate     | 0.0005                  |
| outer_update_count      | 25                      |
| outer_update_method     | mrlco_first_order_me... |
| ppo_batch_size_traje... | 20                      |
| query_graph_count       | 80                      |
| seed                    | 0                       |
| split_role              | meta_train_support      |
| split_version           | MARGO-SPLIT-v1          |
| support_graphs_per_m... | 20                      |
| support_trajectories... | 20                      |
| value_clip_epsilon      | 0.2                     |
-----------------------------------------------------
audit health itr 24 ok=True flags=[]

 ---------------- Iteration 25 ----------------
Sampling set of tasks/goals for this meta-batch...
Warning: No valid output stream.

[Action Choices - Iteration 25]
  Total actions: 200000
  Local (0): 6435 (3.2%)
  MEC (1): 192993 (96.5%)
  V2V (2): 572 (0.3%)
Processing samples...
average task losses:  0.012205575
average value losses:  0.08598646
Evaluating adapted task policies on a fresh support sample
Warning: No valid output stream.
Optimizing policy...
Average energy per iteration 25: 127.8084
-----------------------------------------------------
| Average energy,         | 128                     |
| Average greedy latency, | 619                     |
| Average latency,        | 666                     |
| Average reward,         | 0.829                   |
| AverageDiscountedReturn | 0.761                   |
| AverageReturn           | 0.829                   |
| EnvExecTime             | 50                      |
| Itr                     | 25                      |
| MaxReturn               | 0.979                   |
| MinReturn               | 0.357                   |
| NumTrajs                | 10000                   |
| PolicyExecTime          | 32.5                    |
| StdReturn               | 0.0913                  |
| entropy_coefficient     | 0                       |
| hyperparameter_prove... | fixed_literature_der... |
| inner_learning_rate     | 0.0005                  |
| k_steps                 | 3                       |
| meta_batch_size_dist... | 10                      |
| outer_learning_rate     | 0.0005                  |
| outer_update_count      | 26                      |
| outer_update_method     | mrlco_first_order_me... |
| ppo_batch_size_traje... | 20                      |
| query_graph_count       | 80                      |
| seed                    | 0                       |
| split_role              | meta_train_support      |
| split_version           | MARGO-SPLIT-v1          |
| support_graphs_per_m... | 20                      |
| support_trajectories... | 20                      |
| value_clip_epsilon      | 0.2                     |
-----------------------------------------------------
audit health itr 25 ok=False flags=['action_collapse_MEC_0.952']

 ---------------- Iteration 26 ----------------
Sampling set of tasks/goals for this meta-batch...
Warning: No valid output stream.

[Action Choices - Iteration 26]
  Total actions: 200000
  Local (0): 5585 (2.8%)
  MEC (1): 193905 (97.0%)
  V2V (2): 510 (0.3%)
Processing samples...
average task losses:  -0.013851442
average value losses:  0.10521653
Evaluating adapted task policies on a fresh support sample
Warning: No valid output stream.
Optimizing policy...
Average energy per iteration 26: 103.5762
-----------------------------------------------------
| Average energy,         | 104                     |
| Average greedy latency, | 624                     |
| Average latency,        | 669                     |
| Average reward,         | 0.835                   |
| AverageDiscountedReturn | 0.765                   |
| AverageReturn           | 0.835                   |
| EnvExecTime             | 49.5                    |
| Itr                     | 26                      |
| MaxReturn               | 0.979                   |
| MinReturn               | 0.458                   |
| NumTrajs                | 10000                   |
| PolicyExecTime          | 32.6                    |
| StdReturn               | 0.0881                  |
| entropy_coefficient     | 0                       |
| hyperparameter_prove... | fixed_literature_der... |
| inner_learning_rate     | 0.0005                  |
| k_steps                 | 3                       |
| meta_batch_size_dist... | 10                      |
| outer_learning_rate     | 0.0005                  |
| outer_update_count      | 27                      |
| outer_update_method     | mrlco_first_order_me... |
| ppo_batch_size_traje... | 20                      |
| query_graph_count       | 80                      |
| seed                    | 0                       |
| split_role              | meta_train_support      |
| split_version           | MARGO-SPLIT-v1          |
| support_graphs_per_m... | 20                      |
| support_trajectories... | 20                      |
| value_clip_epsilon      | 0.2                     |
-----------------------------------------------------
audit health itr 26 ok=False flags=['action_collapse_MEC_0.971']

 ---------------- Iteration 27 ----------------
Sampling set of tasks/goals for this meta-batch...
Warning: No valid output stream.

[Action Choices - Iteration 27]
  Total actions: 200000
  Local (0): 4800 (2.4%)
  MEC (1): 194822 (97.4%)
  V2V (2): 378 (0.2%)
Processing samples...
average task losses:  0.027547538
average value losses:  0.11807181
Evaluating adapted task policies on a fresh support sample
Warning: No valid output stream.
Optimizing policy...
Average energy per iteration 27: 90.7376
-----------------------------------------------------
| Average energy,         | 90.7                    |
| Average greedy latency, | 614                     |
| Average latency,        | 643                     |
| Average reward,         | 0.85                    |
| AverageDiscountedReturn | 0.778                   |
| AverageReturn           | 0.85                    |
| EnvExecTime             | 50.1                    |
| Itr                     | 27                      |
| MaxReturn               | 0.974                   |
| MinReturn               | 0.369                   |
| NumTrajs                | 10000                   |
| PolicyExecTime          | 31.9                    |
| StdReturn               | 0.079                   |
| entropy_coefficient     | 0                       |
| hyperparameter_prove... | fixed_literature_der... |
| inner_learning_rate     | 0.0005                  |
| k_steps                 | 3                       |
| meta_batch_size_dist... | 10                      |
| outer_learning_rate     | 0.0005                  |
| outer_update_count      | 28                      |
| outer_update_method     | mrlco_first_order_me... |
| ppo_batch_size_traje... | 20                      |
| query_graph_count       | 80                      |
| seed                    | 0                       |
| split_role              | meta_train_support      |
| split_version           | MARGO-SPLIT-v1          |
| support_graphs_per_m... | 20                      |
| support_trajectories... | 20                      |
| value_clip_epsilon      | 0.2                     |
-----------------------------------------------------
audit health itr 27 ok=False flags=['action_collapse_MEC_0.977']

 ---------------- Iteration 28 ----------------
Sampling set of tasks/goals for this meta-batch...
Warning: No valid output stream.

[Action Choices - Iteration 28]
  Total actions: 200000
  Local (0): 3721 (1.9%)
  MEC (1): 195955 (98.0%)
  V2V (2): 324 (0.2%)
Processing samples...
average task losses:  0.0054896465
average value losses:  0.087264426
Evaluating adapted task policies on a fresh support sample
Warning: No valid output stream.
Optimizing policy...
Average energy per iteration 28: 81.0640
-----------------------------------------------------
| Average energy,         | 81.1                    |
| Average greedy latency, | 605                     |
| Average latency,        | 601                     |
| Average reward,         | 0.862                   |
| AverageDiscountedReturn | 0.787                   |
| AverageReturn           | 0.862                   |
| EnvExecTime             | 49.3                    |
| Itr                     | 28                      |
| MaxReturn               | 0.974                   |
| MinReturn               | 0.506                   |
| NumTrajs                | 10000                   |
| PolicyExecTime          | 33.1                    |
| StdReturn               | 0.0794                  |
| entropy_coefficient     | 0                       |
| hyperparameter_prove... | fixed_literature_der... |
| inner_learning_rate     | 0.0005                  |
| k_steps                 | 3                       |
| meta_batch_size_dist... | 10                      |
| outer_learning_rate     | 0.0005                  |
| outer_update_count      | 29                      |
| outer_update_method     | mrlco_first_order_me... |
| ppo_batch_size_traje... | 20                      |
| query_graph_count       | 80                      |
| seed                    | 0                       |
| split_role              | meta_train_support      |
| split_version           | MARGO-SPLIT-v1          |
| support_graphs_per_m... | 20                      |
| support_trajectories... | 20                      |
| value_clip_epsilon      | 0.2                     |
-----------------------------------------------------
audit health itr 28 ok=False flags=['action_collapse_MEC_0.981']

 ---------------- Iteration 29 ----------------
Sampling set of tasks/goals for this meta-batch...
Warning: No valid output stream.

[Action Choices - Iteration 29]
  Total actions: 200000
  Local (0): 3178 (1.6%)
  MEC (1): 196579 (98.3%)
  V2V (2): 243 (0.1%)
Processing samples...
average task losses:  -0.039233007
average value losses:  0.056155417
Evaluating adapted task policies on a fresh support sample
Warning: No valid output stream.
Optimizing policy...
Average energy per iteration 29: 71.7806
-----------------------------------------------------
| Average energy,         | 71.8                    |
| Average greedy latency, | 621                     |
| Average latency,        | 660                     |
| Average reward,         | 0.858                   |
| AverageDiscountedReturn | 0.785                   |
| AverageReturn           | 0.858                   |
| EnvExecTime             | 50.8                    |
| Itr                     | 29                      |
| MaxReturn               | 0.979                   |
| MinReturn               | 0.457                   |
| NumTrajs                | 10000                   |
| PolicyExecTime          | 32.8                    |
| StdReturn               | 0.0829                  |
| entropy_coefficient     | 0                       |
| hyperparameter_prove... | fixed_literature_der... |
| inner_learning_rate     | 0.0005                  |
| k_steps                 | 3                       |
| meta_batch_size_dist... | 10                      |
| outer_learning_rate     | 0.0005                  |
| outer_update_count      | 30                      |
| outer_update_method     | mrlco_first_order_me... |
| ppo_batch_size_traje... | 20                      |
| query_graph_count       | 80                      |
| seed                    | 0                       |
| split_role              | meta_train_support      |
| split_version           | MARGO-SPLIT-v1          |
| support_graphs_per_m... | 20                      |
| support_trajectories... | 20                      |
| value_clip_epsilon      | 0.2                     |
-----------------------------------------------------
audit health itr 29 ok=False flags=['action_collapse_MEC_0.992']

 ---------------- Iteration 30 ----------------
Sampling set of tasks/goals for this meta-batch...
Warning: No valid output stream.

[Action Choices - Iteration 30]
  Total actions: 200000
  Local (0): 2332 (1.2%)
  MEC (1): 197465 (98.7%)
  V2V (2): 203 (0.1%)
Processing samples...
average task losses:  0.03845658
average value losses:  0.113347895
Evaluating adapted task policies on a fresh support sample
Warning: No valid output stream.
Optimizing policy...
Average energy per iteration 30: 80.2588
-----------------------------------------------------
| Average energy,         | 80.3                    |
| Average greedy latency, | 610                     |
| Average latency,        | 612                     |
| Average reward,         | 0.862                   |
| AverageDiscountedReturn | 0.789                   |
| AverageReturn           | 0.862                   |
| EnvExecTime             | 50.1                    |
| Itr                     | 30                      |
| MaxReturn               | 0.979                   |
| MinReturn               | 0.525                   |
| NumTrajs                | 10000                   |
| PolicyExecTime          | 31.6                    |
| StdReturn               | 0.0718                  |
| entropy_coefficient     | 0                       |
| hyperparameter_prove... | fixed_literature_der... |
| inner_learning_rate     | 0.0005                  |
| k_steps                 | 3                       |
| meta_batch_size_dist... | 10                      |
| outer_learning_rate     | 0.0005                  |
| outer_update_count      | 31                      |
| outer_update_method     | mrlco_first_order_me... |
| ppo_batch_size_traje... | 20                      |
| query_graph_count       | 80                      |
| seed                    | 0                       |
| split_role              | meta_train_support      |
| split_version           | MARGO-SPLIT-v1          |
| support_graphs_per_m... | 20                      |
| support_trajectories... | 20                      |
| value_clip_epsilon      | 0.2                     |
-----------------------------------------------------
audit health itr 30 ok=False flags=['action_collapse_MEC_0.983']

 ---------------- Iteration 31 ----------------
Sampling set of tasks/goals for this meta-batch...
Warning: No valid output stream.

[Action Choices - Iteration 31]
  Total actions: 200000
  Local (0): 1799 (0.9%)
  MEC (1): 198058 (99.0%)
  V2V (2): 143 (0.1%)
Processing samples...
average task losses:  -0.009378341
average value losses:  0.15534241
Evaluating adapted task policies on a fresh support sample
Warning: No valid output stream.
Optimizing policy...
Average energy per iteration 31: 77.0127
-----------------------------------------------------
| Average energy,         | 77                      |
| Average greedy latency, | 606                     |
| Average latency,        | 606                     |
| Average reward,         | 0.864                   |
| AverageDiscountedReturn | 0.79                    |
| AverageReturn           | 0.864                   |
| EnvExecTime             | 51.3                    |
| Itr                     | 31                      |
| MaxReturn               | 0.976                   |
| MinReturn               | 0.553                   |
| NumTrajs                | 10000                   |
| PolicyExecTime          | 32.8                    |
| StdReturn               | 0.0712                  |
| entropy_coefficient     | 0                       |
| hyperparameter_prove... | fixed_literature_der... |
| inner_learning_rate     | 0.0005                  |
| k_steps                 | 3                       |
| meta_batch_size_dist... | 10                      |
| outer_learning_rate     | 0.0005                  |
| outer_update_count      | 32                      |
| outer_update_method     | mrlco_first_order_me... |
| ppo_batch_size_traje... | 20                      |
| query_graph_count       | 80                      |
| seed                    | 0                       |
| split_role              | meta_train_support      |
| split_version           | MARGO-SPLIT-v1          |
| support_graphs_per_m... | 20                      |
| support_trajectories... | 20                      |
| value_clip_epsilon      | 0.2                     |
-----------------------------------------------------
audit health itr 31 ok=False flags=['action_collapse_MEC_0.984']

 ---------------- Iteration 32 ----------------
Sampling set of tasks/goals for this meta-batch...
Warning: No valid output stream.

[Action Choices - Iteration 32]
  Total actions: 200000
  Local (0): 1507 (0.8%)
  MEC (1): 198337 (99.2%)
  V2V (2): 156 (0.1%)
Processing samples...
average task losses:  -0.004136003
average value losses:  0.14408392
Evaluating adapted task policies on a fresh support sample
Warning: No valid output stream.
Optimizing policy...
Average energy per iteration 32: 74.2449
-----------------------------------------------------
| Average energy,         | 74.2                    |
| Average greedy latency, | 604                     |
| Average latency,        | 627                     |
| Average reward,         | 0.859                   |
| AverageDiscountedReturn | 0.787                   |
| AverageReturn           | 0.859                   |
| EnvExecTime             | 48                      |
| Itr                     | 32                      |
| MaxReturn               | 0.973                   |
| MinReturn               | 0.373                   |
| NumTrajs                | 10000                   |
| PolicyExecTime          | 32.3                    |
| StdReturn               | 0.0776                  |
| entropy_coefficient     | 0                       |
| hyperparameter_prove... | fixed_literature_der... |
| inner_learning_rate     | 0.0005                  |
| k_steps                 | 3                       |
| meta_batch_size_dist... | 10                      |
| outer_learning_rate     | 0.0005                  |
| outer_update_count      | 33                      |
| outer_update_method     | mrlco_first_order_me... |
| ppo_batch_size_traje... | 20                      |
| query_graph_count       | 80                      |
| seed                    | 0                       |
| split_role              | meta_train_support      |
| split_version           | MARGO-SPLIT-v1          |
| support_graphs_per_m... | 20                      |
| support_trajectories... | 20                      |
| value_clip_epsilon      | 0.2                     |
-----------------------------------------------------
audit health itr 32 ok=False flags=['action_collapse_MEC_0.989']

 ---------------- Iteration 33 ----------------
Sampling set of tasks/goals for this meta-batch...
Warning: No valid output stream.

[Action Choices - Iteration 33]
  Total actions: 200000
  Local (0): 1211 (0.6%)
  MEC (1): 198684 (99.3%)
  V2V (2): 105 (0.1%)
Processing samples...
average task losses:  0.0072950944
average value losses:  0.08899241
Evaluating adapted task policies on a fresh support sample
Warning: No valid output stream.
Optimizing policy...
Average energy per iteration 33: 75.4565
-----------------------------------------------------
| Average energy,         | 75.5                    |
| Average greedy latency, | 625                     |
| Average latency,        | 676                     |
| Average reward,         | 0.846                   |
| AverageDiscountedReturn | 0.774                   |
| AverageReturn           | 0.846                   |
| EnvExecTime             | 48.6                    |
| Itr                     | 33                      |
| MaxReturn               | 0.978                   |
| MinReturn               | 0.461                   |
| NumTrajs                | 10000                   |
| PolicyExecTime          | 32.9                    |
| StdReturn               | 0.0875                  |
| entropy_coefficient     | 0                       |
| hyperparameter_prove... | fixed_literature_der... |
| inner_learning_rate     | 0.0005                  |
| k_steps                 | 3                       |
| meta_batch_size_dist... | 10                      |
| outer_learning_rate     | 0.0005                  |
| outer_update_count      | 34                      |
| outer_update_method     | mrlco_first_order_me... |
| ppo_batch_size_traje... | 20                      |
| query_graph_count       | 80                      |
| seed                    | 0                       |
| split_role              | meta_train_support      |
| split_version           | MARGO-SPLIT-v1          |
| support_graphs_per_m... | 20                      |
| support_trajectories... | 20                      |
| value_clip_epsilon      | 0.2                     |
-----------------------------------------------------
audit health itr 33 ok=False flags=['action_collapse_MEC_0.991']

 ---------------- Iteration 34 ----------------
Sampling set of tasks/goals for this meta-batch...
Warning: No valid output stream.

[Action Choices - Iteration 34]
  Total actions: 200000
  Local (0): 1187 (0.6%)
  MEC (1): 198705 (99.4%)
  V2V (2): 108 (0.1%)
Processing samples...
average task losses:  -0.01756267
average value losses:  0.12622008
Evaluating adapted task policies on a fresh support sample
Warning: No valid output stream.
Optimizing policy...
Average energy per iteration 34: 68.9230
-----------------------------------------------------
| Average energy,         | 68.9                    |
| Average greedy latency, | 608                     |
| Average latency,        | 624                     |
| Average reward,         | 0.864                   |
| AverageDiscountedReturn | 0.792                   |
| AverageReturn           | 0.864                   |
| EnvExecTime             | 48.1                    |
| Itr                     | 34                      |
| MaxReturn               | 0.978                   |
| MinReturn               | 0.539                   |
| NumTrajs                | 10000                   |
| PolicyExecTime          | 32.9                    |
| StdReturn               | 0.076                   |
| entropy_coefficient     | 0                       |
| hyperparameter_prove... | fixed_literature_der... |
| inner_learning_rate     | 0.0005                  |
| k_steps                 | 3                       |
| meta_batch_size_dist... | 10                      |
| outer_learning_rate     | 0.0005                  |
| outer_update_count      | 35                      |
| outer_update_method     | mrlco_first_order_me... |
| ppo_batch_size_traje... | 20                      |
| query_graph_count       | 80                      |
| seed                    | 0                       |
| split_role              | meta_train_support      |
| split_version           | MARGO-SPLIT-v1          |
| support_graphs_per_m... | 20                      |
| support_trajectories... | 20                      |
| value_clip_epsilon      | 0.2                     |
-----------------------------------------------------
audit health itr 34 ok=False flags=['action_collapse_MEC_0.992']

 ---------------- Iteration 35 ----------------
Sampling set of tasks/goals for this meta-batch...
Warning: No valid output stream.

[Action Choices - Iteration 35]
  Total actions: 200000
  Local (0): 1089 (0.5%)
  MEC (1): 198825 (99.4%)
  V2V (2): 86 (0.0%)
Processing samples...
average task losses:  -0.011713786
average value losses:  0.15458527
Evaluating adapted task policies on a fresh support sample
Warning: No valid output stream.
Optimizing policy...
Average energy per iteration 35: 70.4696
-----------------------------------------------------
| Average energy,         | 70.5                    |
| Average greedy latency, | 624                     |
| Average latency,        | 660                     |
| Average reward,         | 0.855                   |
| AverageDiscountedReturn | 0.784                   |
| AverageReturn           | 0.855                   |
| EnvExecTime             | 50.6                    |
| Itr                     | 35                      |
| MaxReturn               | 0.974                   |
| MinReturn               | 0.404                   |
| NumTrajs                | 10000                   |
| PolicyExecTime          | 32                      |
| StdReturn               | 0.0842                  |
| entropy_coefficient     | 0                       |
| hyperparameter_prove... | fixed_literature_der... |
| inner_learning_rate     | 0.0005                  |
| k_steps                 | 3                       |
| meta_batch_size_dist... | 10                      |
| outer_learning_rate     | 0.0005                  |
| outer_update_count      | 36                      |
| outer_update_method     | mrlco_first_order_me... |
| ppo_batch_size_traje... | 20                      |
| query_graph_count       | 80                      |
| seed                    | 0                       |
| split_role              | meta_train_support      |
| split_version           | MARGO-SPLIT-v1          |
| support_graphs_per_m... | 20                      |
| support_trajectories... | 20                      |
| value_clip_epsilon      | 0.2                     |
-----------------------------------------------------
audit health itr 35 ok=False flags=['action_collapse_MEC_0.994']

 ---------------- Iteration 36 ----------------
Sampling set of tasks/goals for this meta-batch...
Warning: No valid output stream.

[Action Choices - Iteration 36]
  Total actions: 200000
  Local (0): 979 (0.5%)
  MEC (1): 198940 (99.5%)
  V2V (2): 81 (0.0%)
Processing samples...
average task losses:  0.021732416
average value losses:  0.1287261
Evaluating adapted task policies on a fresh support sample
Warning: No valid output stream.
Optimizing policy...
Average energy per iteration 36: 79.0587
-----------------------------------------------------
| Average energy,         | 79.1                    |
| Average greedy latency, | 636                     |
| Average latency,        | 715                     |
| Average reward,         | 0.833                   |
| AverageDiscountedReturn | 0.762                   |
| AverageReturn           | 0.833                   |
| EnvExecTime             | 50.2                    |
| Itr                     | 36                      |
| MaxReturn               | 0.974                   |
| MinReturn               | 0.389                   |
| NumTrajs                | 10000                   |
| PolicyExecTime          | 33.1                    |
| StdReturn               | 0.0929                  |
| entropy_coefficient     | 0                       |
| hyperparameter_prove... | fixed_literature_der... |
| inner_learning_rate     | 0.0005                  |
| k_steps                 | 3                       |
| meta_batch_size_dist... | 10                      |
| outer_learning_rate     | 0.0005                  |
| outer_update_count      | 37                      |
| outer_update_method     | mrlco_first_order_me... |
| ppo_batch_size_traje... | 20                      |
| query_graph_count       | 80                      |
| seed                    | 0                       |
| split_role              | meta_train_support      |
| split_version           | MARGO-SPLIT-v1          |
| support_graphs_per_m... | 20                      |
| support_trajectories... | 20                      |
| value_clip_epsilon      | 0.2                     |
-----------------------------------------------------
audit health itr 36 ok=False flags=['action_collapse_MEC_0.992']

 ---------------- Iteration 37 ----------------
Sampling set of tasks/goals for this meta-batch...
Warning: No valid output stream.

[Action Choices - Iteration 37]
  Total actions: 200000
  Local (0): 863 (0.4%)
  MEC (1): 199064 (99.5%)
  V2V (2): 73 (0.0%)
Processing samples...
average task losses:  -0.0035912618
average value losses:  0.08389071
Evaluating adapted task policies on a fresh support sample
Warning: No valid output stream.
Optimizing policy...
Average energy per iteration 37: 78.0362
-----------------------------------------------------
| Average energy,         | 78                      |
| Average greedy latency, | 641                     |
| Average latency,        | 733                     |
| Average reward,         | 0.838                   |
| AverageDiscountedReturn | 0.768                   |
| AverageReturn           | 0.838                   |
| EnvExecTime             | 49.4                    |
| Itr                     | 37                      |
| MaxReturn               | 0.973                   |
| MinReturn               | 0.533                   |
| NumTrajs                | 10000                   |
| PolicyExecTime          | 32.8                    |
| StdReturn               | 0.0739                  |
| entropy_coefficient     | 0                       |
| hyperparameter_prove... | fixed_literature_der... |
| inner_learning_rate     | 0.0005                  |
| k_steps                 | 3                       |
| meta_batch_size_dist... | 10                      |
| outer_learning_rate     | 0.0005                  |
| outer_update_count      | 38                      |
| outer_update_method     | mrlco_first_order_me... |
| ppo_batch_size_traje... | 20                      |
| query_graph_count       | 80                      |
| seed                    | 0                       |
| split_role              | meta_train_support      |
| split_version           | MARGO-SPLIT-v1          |
| support_graphs_per_m... | 20                      |
| support_trajectories... | 20                      |
| value_clip_epsilon      | 0.2                     |
-----------------------------------------------------
audit health itr 37 ok=False flags=['action_collapse_MEC_0.995']

 ---------------- Iteration 38 ----------------
Sampling set of tasks/goals for this meta-batch...
Warning: No valid output stream.

[Action Choices - Iteration 38]
  Total actions: 200000
  Local (0): 787 (0.4%)
  MEC (1): 199122 (99.6%)
  V2V (2): 91 (0.0%)
Processing samples...
average task losses:  0.021029532
average value losses:  0.12638961
Evaluating adapted task policies on a fresh support sample
Warning: No valid output stream.
Optimizing policy...
Average energy per iteration 38: 77.8189
-----------------------------------------------------
| Average energy,         | 77.8                    |
| Average greedy latency, | 633                     |
| Average latency,        | 726                     |
| Average reward,         | 0.839                   |
| AverageDiscountedReturn | 0.769                   |
| AverageReturn           | 0.839                   |
| EnvExecTime             | 49.2                    |
| Itr                     | 38                      |
| MaxReturn               | 0.98                    |
| MinReturn               | 0.421                   |
| NumTrajs                | 10000                   |
| PolicyExecTime          | 32.9                    |
| StdReturn               | 0.0925                  |
| entropy_coefficient     | 0                       |
| hyperparameter_prove... | fixed_literature_der... |
| inner_learning_rate     | 0.0005                  |
| k_steps                 | 3                       |
| meta_batch_size_dist... | 10                      |
| outer_learning_rate     | 0.0005                  |
| outer_update_count      | 39                      |
| outer_update_method     | mrlco_first_order_me... |
| ppo_batch_size_traje... | 20                      |
| query_graph_count       | 80                      |
| seed                    | 0                       |
| split_role              | meta_train_support      |
| split_version           | MARGO-SPLIT-v1          |
| support_graphs_per_m... | 20                      |
| support_trajectories... | 20                      |
| value_clip_epsilon      | 0.2                     |
-----------------------------------------------------
audit health itr 38 ok=False flags=['action_collapse_MEC_0.994']

 ---------------- Iteration 39 ----------------
Sampling set of tasks/goals for this meta-batch...
Warning: No valid output stream.

[Action Choices - Iteration 39]
  Total actions: 200000
  Local (0): 680 (0.3%)
  MEC (1): 199238 (99.6%)
  V2V (2): 82 (0.0%)
Processing samples...
average task losses:  0.041524947
average value losses:  0.13034962
Evaluating adapted task policies on a fresh support sample
Warning: No valid output stream.
Optimizing policy...
Average energy per iteration 39: 63.8675
-----------------------------------------------------
| Average energy,         | 63.9                    |
| Average greedy latency, | 608                     |
| Average latency,        | 629                     |
| Average reward,         | 0.864                   |
| AverageDiscountedReturn | 0.791                   |
| AverageReturn           | 0.864                   |
| EnvExecTime             | 49.2                    |
| Itr                     | 39                      |
| MaxReturn               | 0.979                   |
| MinReturn               | 0.387                   |
| NumTrajs                | 10000                   |
| PolicyExecTime          | 32.8                    |
| StdReturn               | 0.0838                  |
| entropy_coefficient     | 0                       |
| hyperparameter_prove... | fixed_literature_der... |
| inner_learning_rate     | 0.0005                  |
| k_steps                 | 3                       |
| meta_batch_size_dist... | 10                      |
| outer_learning_rate     | 0.0005                  |
| outer_update_count      | 40                      |
| outer_update_method     | mrlco_first_order_me... |
| ppo_batch_size_traje... | 20                      |
| query_graph_count       | 80                      |
| seed                    | 0                       |
| split_role              | meta_train_support      |
| split_version           | MARGO-SPLIT-v1          |
| support_graphs_per_m... | 20                      |
| support_trajectories... | 20                      |
| value_clip_epsilon      | 0.2                     |
-----------------------------------------------------
audit health itr 39 ok=False flags=['action_collapse_MEC_0.995']

 ---------------- Iteration 40 ----------------
Sampling set of tasks/goals for this meta-batch...
Warning: No valid output stream.

[Action Choices - Iteration 40]
  Total actions: 200000
  Local (0): 707 (0.4%)
  MEC (1): 199209 (99.6%)
  V2V (2): 84 (0.0%)
Processing samples...
average task losses:  -0.0077422103
average value losses:  0.08969499
Evaluating adapted task policies on a fresh support sample
Warning: No valid output stream.
Optimizing policy...
Average energy per iteration 40: 73.6809
-----------------------------------------------------
| Average energy,         | 73.7                    |
| Average greedy latency, | 622                     |
| Average latency,        | 677                     |
| Average reward,         | 0.851                   |
| AverageDiscountedReturn | 0.78                    |
| AverageReturn           | 0.851                   |
| EnvExecTime             | 49.1                    |
| Itr                     | 40                      |
| MaxReturn               | 0.973                   |
| MinReturn               | 0.5                     |
| NumTrajs                | 10000                   |
| PolicyExecTime          | 33                      |
| StdReturn               | 0.0849                  |
| entropy_coefficient     | 0                       |
| hyperparameter_prove... | fixed_literature_der... |
| inner_learning_rate     | 0.0005                  |
| k_steps                 | 3                       |
| meta_batch_size_dist... | 10                      |
| outer_learning_rate     | 0.0005                  |
| outer_update_count      | 41                      |
| outer_update_method     | mrlco_first_order_me... |
| ppo_batch_size_traje... | 20                      |
| query_graph_count       | 80                      |
| seed                    | 0                       |
| split_role              | meta_train_support      |
| split_version           | MARGO-SPLIT-v1          |
| support_graphs_per_m... | 20                      |
| support_trajectories... | 20                      |
| value_clip_epsilon      | 0.2                     |
-----------------------------------------------------
audit health itr 40 ok=False flags=['action_collapse_MEC_0.993']

 ---------------- Iteration 41 ----------------
Sampling set of tasks/goals for this meta-batch...
Warning: No valid output stream.

[Action Choices - Iteration 41]
  Total actions: 200000
  Local (0): 719 (0.4%)
  MEC (1): 199209 (99.6%)
  V2V (2): 72 (0.0%)
Processing samples...
average task losses:  0.01222642
average value losses:  0.066011034
Evaluating adapted task policies on a fresh support sample
Warning: No valid output stream.
Optimizing policy...
Average energy per iteration 41: 64.3945
-----------------------------------------------------
| Average energy,         | 64.4                    |
| Average greedy latency, | 600                     |
| Average latency,        | 620                     |
| Average reward,         | 0.869                   |
| AverageDiscountedReturn | 0.796                   |
| AverageReturn           | 0.869                   |
| EnvExecTime             | 47.3                    |
| Itr                     | 41                      |
| MaxReturn               | 0.978                   |
| MinReturn               | 0.558                   |
| NumTrajs                | 10000                   |
| PolicyExecTime          | 33.3                    |
| StdReturn               | 0.0787                  |
| entropy_coefficient     | 0                       |
| hyperparameter_prove... | fixed_literature_der... |
| inner_learning_rate     | 0.0005                  |
| k_steps                 | 3                       |
| meta_batch_size_dist... | 10                      |
| outer_learning_rate     | 0.0005                  |
| outer_update_count      | 42                      |
| outer_update_method     | mrlco_first_order_me... |
| ppo_batch_size_traje... | 20                      |
| query_graph_count       | 80                      |
| seed                    | 0                       |
| split_role              | meta_train_support      |
| split_version           | MARGO-SPLIT-v1          |
| support_graphs_per_m... | 20                      |
| support_trajectories... | 20                      |
| value_clip_epsilon      | 0.2                     |
-----------------------------------------------------
audit health itr 41 ok=False flags=['action_collapse_MEC_0.995']

 ---------------- Iteration 42 ----------------
Sampling set of tasks/goals for this meta-batch...
Warning: No valid output stream.

[Action Choices - Iteration 42]
  Total actions: 200000
  Local (0): 683 (0.3%)
  MEC (1): 199224 (99.6%)
  V2V (2): 93 (0.0%)
Processing samples...
average task losses:  0.003149908
average value losses:  0.12590405
Evaluating adapted task policies on a fresh support sample
Warning: No valid output stream.
Optimizing policy...
Average energy per iteration 42: 64.5872
-----------------------------------------------------
| Average energy,         | 64.6                    |
| Average greedy latency, | 607                     |
| Average latency,        | 634                     |
| Average reward,         | 0.866                   |
| AverageDiscountedReturn | 0.794                   |
| AverageReturn           | 0.866                   |
| EnvExecTime             | 49.2                    |
| Itr                     | 42                      |
| MaxReturn               | 0.979                   |
| MinReturn               | 0.598                   |
| NumTrajs                | 10000                   |
| PolicyExecTime          | 32.9                    |
| StdReturn               | 0.0759                  |
| entropy_coefficient     | 0                       |
| hyperparameter_prove... | fixed_literature_der... |
| inner_learning_rate     | 0.0005                  |
| k_steps                 | 3                       |
| meta_batch_size_dist... | 10                      |
| outer_learning_rate     | 0.0005                  |
| outer_update_count      | 43                      |
| outer_update_method     | mrlco_first_order_me... |
| ppo_batch_size_traje... | 20                      |
| query_graph_count       | 80                      |
| seed                    | 0                       |
| split_role              | meta_train_support      |
| split_version           | MARGO-SPLIT-v1          |
| support_graphs_per_m... | 20                      |
| support_trajectories... | 20                      |
| value_clip_epsilon      | 0.2                     |
-----------------------------------------------------
audit health itr 42 ok=False flags=['action_collapse_MEC_0.996']

 ---------------- Iteration 43 ----------------
Sampling set of tasks/goals for this meta-batch...
Warning: No valid output stream.

[Action Choices - Iteration 43]
  Total actions: 200000
  Local (0): 654 (0.3%)
  MEC (1): 199285 (99.6%)
  V2V (2): 61 (0.0%)
Processing samples...
average task losses:  -0.0027059538
average value losses:  0.12125621
Evaluating adapted task policies on a fresh support sample
Warning: No valid output stream.
Optimizing policy...
Average energy per iteration 43: 66.8082
-----------------------------------------------------
| Average energy,         | 66.8                    |
| Average greedy latency, | 632                     |
| Average latency,        | 657                     |
| Average reward,         | 0.849                   |
| AverageDiscountedReturn | 0.776                   |
| AverageReturn           | 0.849                   |
| EnvExecTime             | 50.2                    |
| Itr                     | 43                      |
| MaxReturn               | 0.978                   |
| MinReturn               | 0.507                   |
| NumTrajs                | 10000                   |
| PolicyExecTime          | 33                      |
| StdReturn               | 0.0759                  |
| entropy_coefficient     | 0                       |
| hyperparameter_prove... | fixed_literature_der... |
| inner_learning_rate     | 0.0005                  |
| k_steps                 | 3                       |
| meta_batch_size_dist... | 10                      |
| outer_learning_rate     | 0.0005                  |
| outer_update_count      | 44                      |
| outer_update_method     | mrlco_first_order_me... |
| ppo_batch_size_traje... | 20                      |
| query_graph_count       | 80                      |
| seed                    | 0                       |
| split_role              | meta_train_support      |
| split_version           | MARGO-SPLIT-v1          |
| support_graphs_per_m... | 20                      |
| support_trajectories... | 20                      |
| value_clip_epsilon      | 0.2                     |
-----------------------------------------------------
audit health itr 43 ok=False flags=['action_collapse_MEC_0.996']

 ---------------- Iteration 44 ----------------
Sampling set of tasks/goals for this meta-batch...
Warning: No valid output stream.

[Action Choices - Iteration 44]
  Total actions: 200000
  Local (0): 641 (0.3%)
  MEC (1): 199278 (99.6%)
  V2V (2): 81 (0.0%)
Processing samples...
average task losses:  0.03618518
average value losses:  0.07716622
Evaluating adapted task policies on a fresh support sample
Warning: No valid output stream.
Optimizing policy...
Average energy per iteration 44: 64.5762
-----------------------------------------------------
| Average energy,         | 64.6                    |
| Average greedy latency, | 625                     |
| Average latency,        | 648                     |
| Average reward,         | 0.863                   |
| AverageDiscountedReturn | 0.79                    |
| AverageReturn           | 0.863                   |
| EnvExecTime             | 49                      |
| Itr                     | 44                      |
| MaxReturn               | 0.977                   |
| MinReturn               | 0.529                   |
| NumTrajs                | 10000                   |
| PolicyExecTime          | 32.9                    |
| StdReturn               | 0.0749                  |
| entropy_coefficient     | 0                       |
| hyperparameter_prove... | fixed_literature_der... |
| inner_learning_rate     | 0.0005                  |
| k_steps                 | 3                       |
| meta_batch_size_dist... | 10                      |
| outer_learning_rate     | 0.0005                  |
| outer_update_count      | 45                      |
| outer_update_method     | mrlco_first_order_me... |
| ppo_batch_size_traje... | 20                      |
| query_graph_count       | 80                      |
| seed                    | 0                       |
| split_role              | meta_train_support      |
| split_version           | MARGO-SPLIT-v1          |
| support_graphs_per_m... | 20                      |
| support_trajectories... | 20                      |
| value_clip_epsilon      | 0.2                     |
-----------------------------------------------------
audit health itr 44 ok=False flags=['action_collapse_MEC_0.996']

 ---------------- Iteration 45 ----------------
Sampling set of tasks/goals for this meta-batch...
Warning: No valid output stream.

[Action Choices - Iteration 45]
  Total actions: 200000
  Local (0): 594 (0.3%)
  MEC (1): 199321 (99.7%)
  V2V (2): 85 (0.0%)
Processing samples...
average task losses:  0.0012519347
average value losses:  0.09876876
Evaluating adapted task policies on a fresh support sample
Warning: No valid output stream.
Optimizing policy...
Average energy per iteration 45: 58.2327
-----------------------------------------------------
| Average energy,         | 58.2                    |
| Average greedy latency, | 586                     |
| Average latency,        | 580                     |
| Average reward,         | 0.883                   |
| AverageDiscountedReturn | 0.809                   |
| AverageReturn           | 0.883                   |
| EnvExecTime             | 47.8                    |
| Itr                     | 45                      |
| MaxReturn               | 0.978                   |
| MinReturn               | 0.582                   |
| NumTrajs                | 10000                   |
| PolicyExecTime          | 33.6                    |
| StdReturn               | 0.066                   |
| entropy_coefficient     | 0                       |
| hyperparameter_prove... | fixed_literature_der... |
| inner_learning_rate     | 0.0005                  |
| k_steps                 | 3                       |
| meta_batch_size_dist... | 10                      |
| outer_learning_rate     | 0.0005                  |
| outer_update_count      | 46                      |
| outer_update_method     | mrlco_first_order_me... |
| ppo_batch_size_traje... | 20                      |
| query_graph_count       | 80                      |
| seed                    | 0                       |
| split_role              | meta_train_support      |
| split_version           | MARGO-SPLIT-v1          |
| support_graphs_per_m... | 20                      |
| support_trajectories... | 20                      |
| value_clip_epsilon      | 0.2                     |
-----------------------------------------------------
audit health itr 45 ok=False flags=['action_collapse_MEC_0.996']

 ---------------- Iteration 46 ----------------
Sampling set of tasks/goals for this meta-batch...
Warning: No valid output stream.

[Action Choices - Iteration 46]
  Total actions: 200000
  Local (0): 548 (0.3%)
  MEC (1): 199363 (99.7%)
  V2V (2): 89 (0.0%)
Processing samples...
average task losses:  0.010501715
average value losses:  0.109239295
Evaluating adapted task policies on a fresh support sample
Warning: No valid output stream.
Optimizing policy...
Average energy per iteration 46: 68.4573
-----------------------------------------------------
| Average energy,         | 68.5                    |
| Average greedy latency, | 625                     |
| Average latency,        | 670                     |
| Average reward,         | 0.855                   |
| AverageDiscountedReturn | 0.783                   |
| AverageReturn           | 0.855                   |
| EnvExecTime             | 49.8                    |
| Itr                     | 46                      |
| MaxReturn               | 0.977                   |
| MinReturn               | 0.613                   |
| NumTrajs                | 10000                   |
| PolicyExecTime          | 31.9                    |
| StdReturn               | 0.076                   |
| entropy_coefficient     | 0                       |
| hyperparameter_prove... | fixed_literature_der... |
| inner_learning_rate     | 0.0005                  |
| k_steps                 | 3                       |
| meta_batch_size_dist... | 10                      |
| outer_learning_rate     | 0.0005                  |
| outer_update_count      | 47                      |
| outer_update_method     | mrlco_first_order_me... |
| ppo_batch_size_traje... | 20                      |
| query_graph_count       | 80                      |
| seed                    | 0                       |
| split_role              | meta_train_support      |
| split_version           | MARGO-SPLIT-v1          |
| support_graphs_per_m... | 20                      |
| support_trajectories... | 20                      |
| value_clip_epsilon      | 0.2                     |
-----------------------------------------------------
audit health itr 46 ok=False flags=['action_collapse_MEC_0.996']

 ---------------- Iteration 47 ----------------
Sampling set of tasks/goals for this meta-batch...
Warning: No valid output stream.

[Action Choices - Iteration 47]
  Total actions: 200000
  Local (0): 500 (0.2%)
  MEC (1): 199427 (99.7%)
  V2V (2): 73 (0.0%)
Processing samples...
average task losses:  0.019312073
average value losses:  0.1207906
Evaluating adapted task policies on a fresh support sample
Warning: No valid output stream.
Optimizing policy...
Average energy per iteration 47: 63.0053
-----------------------------------------------------
| Average energy,         | 63                      |
| Average greedy latency, | 605                     |
| Average latency,        | 630                     |
| Average reward,         | 0.859                   |
| AverageDiscountedReturn | 0.786                   |
| AverageReturn           | 0.859                   |
| EnvExecTime             | 49.8                    |
| Itr                     | 47                      |
| MaxReturn               | 0.974                   |
| MinReturn               | 0.531                   |
| NumTrajs                | 10000                   |
| PolicyExecTime          | 32.1                    |
| StdReturn               | 0.0767                  |
| entropy_coefficient     | 0                       |
| hyperparameter_prove... | fixed_literature_der... |
| inner_learning_rate     | 0.0005                  |
| k_steps                 | 3                       |
| meta_batch_size_dist... | 10                      |
| outer_learning_rate     | 0.0005                  |
| outer_update_count      | 48                      |
| outer_update_method     | mrlco_first_order_me... |
| ppo_batch_size_traje... | 20                      |
| query_graph_count       | 80                      |
| seed                    | 0                       |
| split_role              | meta_train_support      |
| split_version           | MARGO-SPLIT-v1          |
| support_graphs_per_m... | 20                      |
| support_trajectories... | 20                      |
| value_clip_epsilon      | 0.2                     |
-----------------------------------------------------
audit health itr 47 ok=False flags=['action_collapse_MEC_0.996']

 ---------------- Iteration 48 ----------------
Sampling set of tasks/goals for this meta-batch...
Warning: No valid output stream.

[Action Choices - Iteration 48]
  Total actions: 200000
  Local (0): 555 (0.3%)
  MEC (1): 199363 (99.7%)
  V2V (2): 82 (0.0%)
Processing samples...
average task losses:  -0.05314596
average value losses:  0.08031472
Evaluating adapted task policies on a fresh support sample
Warning: No valid output stream.
Optimizing policy...
Average energy per iteration 48: 56.0082
-----------------------------------------------------
| Average energy,         | 56                      |
| Average greedy latency, | 597                     |
| Average latency,        | 567                     |
| Average reward,         | 0.88                    |
| AverageDiscountedReturn | 0.805                   |
| AverageReturn           | 0.88                    |
| EnvExecTime             | 49.5                    |
| Itr                     | 48                      |
| MaxReturn               | 0.979                   |
| MinReturn               | 0.536                   |
| NumTrajs                | 10000                   |
| PolicyExecTime          | 33                      |
| StdReturn               | 0.0727                  |
| entropy_coefficient     | 0                       |
| hyperparameter_prove... | fixed_literature_der... |
| inner_learning_rate     | 0.0005                  |
| k_steps                 | 3                       |
| meta_batch_size_dist... | 10                      |
| outer_learning_rate     | 0.0005                  |
| outer_update_count      | 49                      |
| outer_update_method     | mrlco_first_order_me... |
| ppo_batch_size_traje... | 20                      |
| query_graph_count       | 80                      |
| seed                    | 0                       |
| split_role              | meta_train_support      |
| split_version           | MARGO-SPLIT-v1          |
| support_graphs_per_m... | 20                      |
| support_trajectories... | 20                      |
| value_clip_epsilon      | 0.2                     |
-----------------------------------------------------
audit health itr 48 ok=False flags=['action_collapse_MEC_0.996']

 ---------------- Iteration 49 ----------------
Sampling set of tasks/goals for this meta-batch...
Warning: No valid output stream.

[Action Choices - Iteration 49]
  Total actions: 200000
  Local (0): 565 (0.3%)
  MEC (1): 199355 (99.7%)
  V2V (2): 80 (0.0%)
Processing samples...
average task losses:  0.025278173
average value losses:  0.057050567
Evaluating adapted task policies on a fresh support sample
Warning: No valid output stream.
Optimizing policy...
Average energy per iteration 49: 55.5220
-----------------------------------------------------
| Average energy,         | 55.5                    |
| Average greedy latency, | 594                     |
| Average latency,        | 576                     |
| Average reward,         | 0.881                   |
| AverageDiscountedReturn | 0.806                   |
| AverageReturn           | 0.881                   |
| EnvExecTime             | 49.1                    |
| Itr                     | 49                      |
| MaxReturn               | 0.97                    |
| MinReturn               | 0.587                   |
| NumTrajs                | 10000                   |
| PolicyExecTime          | 31.7                    |
| StdReturn               | 0.0702                  |
| entropy_coefficient     | 0                       |
| hyperparameter_prove... | fixed_literature_der... |
| inner_learning_rate     | 0.0005                  |
| k_steps                 | 3                       |
| meta_batch_size_dist... | 10                      |
| outer_learning_rate     | 0.0005                  |
| outer_update_count      | 50                      |
| outer_update_method     | mrlco_first_order_me... |
| ppo_batch_size_traje... | 20                      |
| query_graph_count       | 80                      |
| seed                    | 0                       |
| split_role              | meta_train_support      |
| split_version           | MARGO-SPLIT-v1          |
| support_graphs_per_m... | 20                      |
| support_trajectories... | 20                      |
| value_clip_epsilon      | 0.2                     |
-----------------------------------------------------
audit health itr 49 ok=False flags=['action_collapse_MEC_0.997']

 ---------------- Iteration 50 ----------------
Sampling set of tasks/goals for this meta-batch...
Warning: No valid output stream.

[Action Choices - Iteration 50]
  Total actions: 200000
  Local (0): 555 (0.3%)
  MEC (1): 199356 (99.7%)
  V2V (2): 89 (0.0%)
Processing samples...
average task losses:  0.044141173
average value losses:  0.08919239
Evaluating adapted task policies on a fresh support sample
Warning: No valid output stream.
Optimizing policy...
Average energy per iteration 50: 63.9372
Warning: No valid output stream.
Warning: No valid output stream.
Warning: No valid output stream.
Warning: No valid output stream.
Warning: No valid output stream.
Warning: No valid output stream.
Warning: No valid output stream.
Warning: No valid output stream.
Warning: No valid output stream.
Warning: No valid output stream.
Warning: No valid output stream.
Warning: No valid output stream.
Warning: No valid output stream.
Warning: No valid output stream.
Warning: No valid output stream.
-----------------------------------------------------
| Average energy,         | 63.9                    |
| Average greedy latency, | 612                     |
| Average latency,        | 644                     |
| Average reward,         | 0.859                   |
| AverageDiscountedReturn | 0.786                   |
| AverageReturn           | 0.859                   |
| EnvExecTime             | 49.8                    |
| Itr                     | 50                      |
| MaxReturn               | 0.972                   |
| MinReturn               | 0.467                   |
| NumTrajs                | 10000                   |
| PolicyExecTime          | 32.6                    |
| StdReturn               | 0.081                   |
| checkpoint_is_best_val  | 1                       |
| checkpoint_selection... | validation_query_com... |
| entropy_coefficient     | 0                       |
| hyperparameter_prove... | fixed_literature_der... |
| inner_learning_rate     | 0.0005                  |
| k_steps                 | 3                       |
| meta_batch_size_dist... | 10                      |
| outer_learning_rate     | 0.0005                  |
| outer_update_count      | 51                      |
| outer_update_method     | mrlco_first_order_me... |
| ppo_batch_size_traje... | 20                      |
| query_graph_count       | 80                      |
| seed                    | 0                       |
| split_role              | meta_train_support      |
| split_version           | MARGO-SPLIT-v1          |
| support_graphs_per_m... | 20                      |
| support_trajectories... | 20                      |
| validation_query_com... | 0.863                   |
| validation_query_mea... | 632                     |
| value_clip_epsilon      | 0.2                     |
-----------------------------------------------------
audit health itr 50 ok=False flags=['action_collapse_MEC_0.996']

 ---------------- Iteration 51 ----------------
Sampling set of tasks/goals for this meta-batch...
Warning: No valid output stream.

[Action Choices - Iteration 51]
  Total actions: 200000
  Local (0): 544 (0.3%)
  MEC (1): 199364 (99.7%)
  V2V (2): 92 (0.0%)
Processing samples...
average task losses:  0.03385132
average value losses:  0.09757137
Evaluating adapted task policies on a fresh support sample
Warning: No valid output stream.
Optimizing policy...
Average energy per iteration 51: 62.5443
-----------------------------------------------------
| Average energy,         | 62.5                    |
| Average greedy latency, | 608                     |
| Average latency,        | 636                     |
| Average reward,         | 0.86                    |
| AverageDiscountedReturn | 0.788                   |
| AverageReturn           | 0.86                    |
| EnvExecTime             | 50.8                    |
| Itr                     | 51                      |
| MaxReturn               | 0.98                    |
| MinReturn               | 0.491                   |
| NumTrajs                | 10000                   |
| PolicyExecTime          | 33                      |
| StdReturn               | 0.0873                  |
| entropy_coefficient     | 0                       |
| hyperparameter_prove... | fixed_literature_der... |
| inner_learning_rate     | 0.0005                  |
| k_steps                 | 3                       |
| meta_batch_size_dist... | 10                      |
| outer_learning_rate     | 0.0005                  |
| outer_update_count      | 52                      |
| outer_update_method     | mrlco_first_order_me... |
| ppo_batch_size_traje... | 20                      |
| query_graph_count       | 80                      |
| seed                    | 0                       |
| split_role              | meta_train_support      |
| split_version           | MARGO-SPLIT-v1          |
| support_graphs_per_m... | 20                      |
| support_trajectories... | 20                      |
| value_clip_epsilon      | 0.2                     |
-----------------------------------------------------
audit health itr 51 ok=False flags=['action_collapse_MEC_0.997']

 ---------------- Iteration 52 ----------------
Sampling set of tasks/goals for this meta-batch...
Warning: No valid output stream.

[Action Choices - Iteration 52]
  Total actions: 200000
  Local (0): 561 (0.3%)
  MEC (1): 199347 (99.7%)
  V2V (2): 92 (0.0%)
Processing samples...
average task losses:  0.0074926266
average value losses:  0.06698072
Evaluating adapted task policies on a fresh support sample
Warning: No valid output stream.
Optimizing policy...
Average energy per iteration 52: 68.5513
-----------------------------------------------------
| Average energy,         | 68.6                    |
| Average greedy latency, | 612                     |
| Average latency,        | 673                     |
| Average reward,         | 0.855                   |
| AverageDiscountedReturn | 0.784                   |
| AverageReturn           | 0.855                   |
| EnvExecTime             | 49.9                    |
| Itr                     | 52                      |
| MaxReturn               | 0.974                   |
| MinReturn               | 0.513                   |
| NumTrajs                | 10000                   |
| PolicyExecTime          | 33.5                    |
| StdReturn               | 0.0855                  |
| entropy_coefficient     | 0                       |
| hyperparameter_prove... | fixed_literature_der... |
| inner_learning_rate     | 0.0005                  |
| k_steps                 | 3                       |
| meta_batch_size_dist... | 10                      |
| outer_learning_rate     | 0.0005                  |
| outer_update_count      | 53                      |
| outer_update_method     | mrlco_first_order_me... |
| ppo_batch_size_traje... | 20                      |
| query_graph_count       | 80                      |
| seed                    | 0                       |
| split_role              | meta_train_support      |
| split_version           | MARGO-SPLIT-v1          |
| support_graphs_per_m... | 20                      |
| support_trajectories... | 20                      |
| value_clip_epsilon      | 0.2                     |
-----------------------------------------------------
audit health itr 52 ok=False flags=['action_collapse_MEC_0.996']

 ---------------- Iteration 53 ----------------
Sampling set of tasks/goals for this meta-batch...
Warning: No valid output stream.

[Action Choices - Iteration 53]
  Total actions: 200000
  Local (0): 474 (0.2%)
  MEC (1): 199442 (99.7%)
  V2V (2): 84 (0.0%)
Processing samples...
average task losses:  0.036455404
average value losses:  0.049488667
Evaluating adapted task policies on a fresh support sample
Warning: No valid output stream.
Optimizing policy...
Average energy per iteration 53: 63.1685
-----------------------------------------------------
| Average energy,         | 63.2                    |
| Average greedy latency, | 626                     |
| Average latency,        | 647                     |
| Average reward,         | 0.855                   |
| AverageDiscountedReturn | 0.783                   |
| AverageReturn           | 0.855                   |
| EnvExecTime             | 50.1                    |
| Itr                     | 53                      |
| MaxReturn               | 0.979                   |
| MinReturn               | 0.461                   |
| NumTrajs                | 10000                   |
| PolicyExecTime          | 32.5                    |
| StdReturn               | 0.0871                  |
| entropy_coefficient     | 0                       |
| hyperparameter_prove... | fixed_literature_der... |
| inner_learning_rate     | 0.0005                  |
| k_steps                 | 3                       |
| meta_batch_size_dist... | 10                      |
| outer_learning_rate     | 0.0005                  |
| outer_update_count      | 54                      |
| outer_update_method     | mrlco_first_order_me... |
| ppo_batch_size_traje... | 20                      |
| query_graph_count       | 80                      |
| seed                    | 0                       |
| split_role              | meta_train_support      |
| split_version           | MARGO-SPLIT-v1          |
| support_graphs_per_m... | 20                      |
| support_trajectories... | 20                      |
| value_clip_epsilon      | 0.2                     |
-----------------------------------------------------
audit health itr 53 ok=False flags=['action_collapse_MEC_0.997']

 ---------------- Iteration 54 ----------------
Sampling set of tasks/goals for this meta-batch...
Warning: No valid output stream.

[Action Choices - Iteration 54]
  Total actions: 200000
  Local (0): 509 (0.3%)
  MEC (1): 199385 (99.7%)
  V2V (2): 106 (0.1%)
Processing samples...
average task losses:  -0.0150469
average value losses:  0.06924341
Evaluating adapted task policies on a fresh support sample
Warning: No valid output stream.
Optimizing policy...
Average energy per iteration 54: 62.6905
-----------------------------------------------------
| Average energy,         | 62.7                    |
| Average greedy latency, | 608                     |
| Average latency,        | 636                     |
| Average reward,         | 0.863                   |
| AverageDiscountedReturn | 0.791                   |
| AverageReturn           | 0.863                   |
| EnvExecTime             | 50.1                    |
| Itr                     | 54                      |
| MaxReturn               | 0.979                   |
| MinReturn               | 0.447                   |
| NumTrajs                | 10000                   |
| PolicyExecTime          | 31.7                    |
| StdReturn               | 0.0857                  |
| entropy_coefficient     | 0                       |
| hyperparameter_prove... | fixed_literature_der... |
| inner_learning_rate     | 0.0005                  |
| k_steps                 | 3                       |
| meta_batch_size_dist... | 10                      |
| outer_learning_rate     | 0.0005                  |
| outer_update_count      | 55                      |
| outer_update_method     | mrlco_first_order_me... |
| ppo_batch_size_traje... | 20                      |
| query_graph_count       | 80                      |
| seed                    | 0                       |
| split_role              | meta_train_support      |
| split_version           | MARGO-SPLIT-v1          |
| support_graphs_per_m... | 20                      |
| support_trajectories... | 20                      |
| value_clip_epsilon      | 0.2                     |
-----------------------------------------------------
audit health itr 54 ok=False flags=['action_collapse_MEC_0.996']

 ---------------- Iteration 55 ----------------
Sampling set of tasks/goals for this meta-batch...
Warning: No valid output stream.

[Action Choices - Iteration 55]
  Total actions: 200000
  Local (0): 483 (0.2%)
  MEC (1): 199421 (99.7%)
  V2V (2): 96 (0.0%)
Processing samples...
average task losses:  -0.0066160033
average value losses:  0.06573116
Evaluating adapted task policies on a fresh support sample
Warning: No valid output stream.
Optimizing policy...
Average energy per iteration 55: 63.1168
-----------------------------------------------------
| Average energy,         | 63.1                    |
| Average greedy latency, | 622                     |
| Average latency,        | 645                     |
| Average reward,         | 0.861                   |
| AverageDiscountedReturn | 0.789                   |
| AverageReturn           | 0.861                   |
| EnvExecTime             | 50.2                    |
| Itr                     | 55                      |
| MaxReturn               | 0.978                   |
| MinReturn               | 0.572                   |
| NumTrajs                | 10000                   |
| PolicyExecTime          | 32.9                    |
| StdReturn               | 0.0831                  |
| entropy_coefficient     | 0                       |
| hyperparameter_prove... | fixed_literature_der... |
| inner_learning_rate     | 0.0005                  |
| k_steps                 | 3                       |
| meta_batch_size_dist... | 10                      |
| outer_learning_rate     | 0.0005                  |
| outer_update_count      | 56                      |
| outer_update_method     | mrlco_first_order_me... |
| ppo_batch_size_traje... | 20                      |
| query_graph_count       | 80                      |
| seed                    | 0                       |
| split_role              | meta_train_support      |
| split_version           | MARGO-SPLIT-v1          |
| support_graphs_per_m... | 20                      |
| support_trajectories... | 20                      |
| value_clip_epsilon      | 0.2                     |
-----------------------------------------------------
audit health itr 55 ok=False flags=['action_collapse_MEC_0.998']

 ---------------- Iteration 56 ----------------
Sampling set of tasks/goals for this meta-batch...
Warning: No valid output stream.

[Action Choices - Iteration 56]
  Total actions: 200000
  Local (0): 430 (0.2%)
  MEC (1): 199478 (99.7%)
  V2V (2): 92 (0.0%)
Processing samples...
average task losses:  -0.011111975
average value losses:  0.0925019
Evaluating adapted task policies on a fresh support sample
Warning: No valid output stream.
Optimizing policy...
Average energy per iteration 56: 63.7825
-----------------------------------------------------
| Average energy,         | 63.8                    |
| Average greedy latency, | 606                     |
| Average latency,        | 646                     |
| Average reward,         | 0.86                    |
| AverageDiscountedReturn | 0.788                   |
| AverageReturn           | 0.86                    |
| EnvExecTime             | 49.3                    |
| Itr                     | 56                      |
| MaxReturn               | 0.972                   |
| MinReturn               | 0.538                   |
| NumTrajs                | 10000                   |
| PolicyExecTime          | 32.6                    |
| StdReturn               | 0.0832                  |
| entropy_coefficient     | 0                       |
| hyperparameter_prove... | fixed_literature_der... |
| inner_learning_rate     | 0.0005                  |
| k_steps                 | 3                       |
| meta_batch_size_dist... | 10                      |
| outer_learning_rate     | 0.0005                  |
| outer_update_count      | 57                      |
| outer_update_method     | mrlco_first_order_me... |
| ppo_batch_size_traje... | 20                      |
| query_graph_count       | 80                      |
| seed                    | 0                       |
| split_role              | meta_train_support      |
| split_version           | MARGO-SPLIT-v1          |
| support_graphs_per_m... | 20                      |
| support_trajectories... | 20                      |
| value_clip_epsilon      | 0.2                     |
-----------------------------------------------------
audit health itr 56 ok=False flags=['action_collapse_MEC_0.997']

 ---------------- Iteration 57 ----------------
Sampling set of tasks/goals for this meta-batch...
Warning: No valid output stream.

[Action Choices - Iteration 57]
  Total actions: 200000
  Local (0): 358 (0.2%)
  MEC (1): 199587 (99.8%)
  V2V (2): 55 (0.0%)
Processing samples...
average task losses:  -0.018382514
average value losses:  0.08747537
Evaluating adapted task policies on a fresh support sample
Warning: No valid output stream.
Optimizing policy...
Average energy per iteration 57: 61.5227
-----------------------------------------------------
| Average energy,         | 61.5                    |
| Average greedy latency, | 620                     |
| Average latency,        | 626                     |
| Average reward,         | 0.857                   |
| AverageDiscountedReturn | 0.784                   |
| AverageReturn           | 0.857                   |
| EnvExecTime             | 50.4                    |
| Itr                     | 57                      |
| MaxReturn               | 0.979                   |
| MinReturn               | 0.535                   |
| NumTrajs                | 10000                   |
| PolicyExecTime          | 32.1                    |
| StdReturn               | 0.0786                  |
| entropy_coefficient     | 0                       |
| hyperparameter_prove... | fixed_literature_der... |
| inner_learning_rate     | 0.0005                  |
| k_steps                 | 3                       |
| meta_batch_size_dist... | 10                      |
| outer_learning_rate     | 0.0005                  |
| outer_update_count      | 58                      |
| outer_update_method     | mrlco_first_order_me... |
| ppo_batch_size_traje... | 20                      |
| query_graph_count       | 80                      |
| seed                    | 0                       |
| split_role              | meta_train_support      |
| split_version           | MARGO-SPLIT-v1          |
| support_graphs_per_m... | 20                      |
| support_trajectories... | 20                      |
| value_clip_epsilon      | 0.2                     |
-----------------------------------------------------
audit health itr 57 ok=False flags=['action_collapse_MEC_0.997']

 ---------------- Iteration 58 ----------------
Sampling set of tasks/goals for this meta-batch...
Warning: No valid output stream.

[Action Choices - Iteration 58]
  Total actions: 200000
  Local (0): 375 (0.2%)
  MEC (1): 199545 (99.8%)
  V2V (2): 80 (0.0%)
Processing samples...
average task losses:  0.003066423
average value losses:  0.048913606
Evaluating adapted task policies on a fresh support sample
Warning: No valid output stream.
Optimizing policy...
Average energy per iteration 58: 55.6278
-----------------------------------------------------
| Average energy,         | 55.6                    |
| Average greedy latency, | 608                     |
| Average latency,        | 589                     |
| Average reward,         | 0.872                   |
| AverageDiscountedReturn | 0.796                   |
| AverageReturn           | 0.872                   |
| EnvExecTime             | 48.8                    |
| Itr                     | 58                      |
| MaxReturn               | 0.98                    |
| MinReturn               | 0.57                    |
| NumTrajs                | 10000                   |
| PolicyExecTime          | 32.7                    |
| StdReturn               | 0.0734                  |
| entropy_coefficient     | 0                       |
| hyperparameter_prove... | fixed_literature_der... |
| inner_learning_rate     | 0.0005                  |
| k_steps                 | 3                       |
| meta_batch_size_dist... | 10                      |
| outer_learning_rate     | 0.0005                  |
| outer_update_count      | 59                      |
| outer_update_method     | mrlco_first_order_me... |
| ppo_batch_size_traje... | 20                      |
| query_graph_count       | 80                      |
| seed                    | 0                       |
| split_role              | meta_train_support      |
| split_version           | MARGO-SPLIT-v1          |
| support_graphs_per_m... | 20                      |
| support_trajectories... | 20                      |
| value_clip_epsilon      | 0.2                     |
-----------------------------------------------------
audit health itr 58 ok=False flags=['action_collapse_MEC_0.997']

 ---------------- Iteration 59 ----------------
Sampling set of tasks/goals for this meta-batch...
Warning: No valid output stream.

[Action Choices - Iteration 59]
  Total actions: 200000
  Local (0): 384 (0.2%)
  MEC (1): 199552 (99.8%)
  V2V (2): 64 (0.0%)
Processing samples...
average task losses:  6.195462e-05
average value losses:  0.045930788
Evaluating adapted task policies on a fresh support sample
Warning: No valid output stream.
Optimizing policy...
Average energy per iteration 59: 63.5215
-----------------------------------------------------
| Average energy,         | 63.5                    |
| Average greedy latency, | 612                     |
| Average latency,        | 649                     |
| Average reward,         | 0.863                   |
| AverageDiscountedReturn | 0.791                   |
| AverageReturn           | 0.863                   |
| EnvExecTime             | 48.3                    |
| Itr                     | 59                      |
| MaxReturn               | 0.978                   |
| MinReturn               | 0.501                   |
| NumTrajs                | 10000                   |
| PolicyExecTime          | 32.8                    |
| StdReturn               | 0.075                   |
| entropy_coefficient     | 0                       |
| hyperparameter_prove... | fixed_literature_der... |
| inner_learning_rate     | 0.0005                  |
| k_steps                 | 3                       |
| meta_batch_size_dist... | 10                      |
| outer_learning_rate     | 0.0005                  |
| outer_update_count      | 60                      |
| outer_update_method     | mrlco_first_order_me... |
| ppo_batch_size_traje... | 20                      |
| query_graph_count       | 80                      |
| seed                    | 0                       |
| split_role              | meta_train_support      |
| split_version           | MARGO-SPLIT-v1          |
| support_graphs_per_m... | 20                      |
| support_trajectories... | 20                      |
| value_clip_epsilon      | 0.2                     |
-----------------------------------------------------
audit health itr 59 ok=False flags=['action_collapse_MEC_0.997']

 ---------------- Iteration 60 ----------------
Sampling set of tasks/goals for this meta-batch...
Warning: No valid output stream.

[Action Choices - Iteration 60]
  Total actions: 200000
  Local (0): 375 (0.2%)
  MEC (1): 199547 (99.8%)
  V2V (2): 78 (0.0%)
Processing samples...
average task losses:  0.0037080084
average value losses:  0.086118795
Evaluating adapted task policies on a fresh support sample
Warning: No valid output stream.
Optimizing policy...
Average energy per iteration 60: 58.4781
-----------------------------------------------------
| Average energy,         | 58.5                    |
| Average greedy latency, | 620                     |
| Average latency,        | 609                     |
| Average reward,         | 0.863                   |
| AverageDiscountedReturn | 0.789                   |
| AverageReturn           | 0.863                   |
| EnvExecTime             | 49.8                    |
| Itr                     | 60                      |
| MaxReturn               | 0.98                    |
| MinReturn               | 0.538                   |
| NumTrajs                | 10000                   |
| PolicyExecTime          | 32.7                    |
| StdReturn               | 0.0853                  |
| entropy_coefficient     | 0                       |
| hyperparameter_prove... | fixed_literature_der... |
| inner_learning_rate     | 0.0005                  |
| k_steps                 | 3                       |
| meta_batch_size_dist... | 10                      |
| outer_learning_rate     | 0.0005                  |
| outer_update_count      | 61                      |
| outer_update_method     | mrlco_first_order_me... |
| ppo_batch_size_traje... | 20                      |
| query_graph_count       | 80                      |
| seed                    | 0                       |
| split_role              | meta_train_support      |
| split_version           | MARGO-SPLIT-v1          |
| support_graphs_per_m... | 20                      |
| support_trajectories... | 20                      |
| value_clip_epsilon      | 0.2                     |
-----------------------------------------------------
audit health itr 60 ok=False flags=['action_collapse_MEC_0.997']

 ---------------- Iteration 61 ----------------
Sampling set of tasks/goals for this meta-batch...
Warning: No valid output stream.

[Action Choices - Iteration 61]
  Total actions: 200000
  Local (0): 405 (0.2%)
  MEC (1): 199529 (99.8%)
  V2V (2): 66 (0.0%)
Processing samples...
average task losses:  0.017379105
average value losses:  0.08948622
Evaluating adapted task policies on a fresh support sample
Warning: No valid output stream.
Optimizing policy...
Average energy per iteration 61: 59.4377
-----------------------------------------------------
| Average energy,         | 59.4                    |
| Average greedy latency, | 601                     |
| Average latency,        | 610                     |
| Average reward,         | 0.871                   |
| AverageDiscountedReturn | 0.798                   |
| AverageReturn           | 0.871                   |
| EnvExecTime             | 49.9                    |
| Itr                     | 61                      |
| MaxReturn               | 0.979                   |
| MinReturn               | 0.491                   |
| NumTrajs                | 10000                   |
| PolicyExecTime          | 32.2                    |
| StdReturn               | 0.0786                  |
| entropy_coefficient     | 0                       |
| hyperparameter_prove... | fixed_literature_der... |
| inner_learning_rate     | 0.0005                  |
| k_steps                 | 3                       |
| meta_batch_size_dist... | 10                      |
| outer_learning_rate     | 0.0005                  |
| outer_update_count      | 62                      |
| outer_update_method     | mrlco_first_order_me... |
| ppo_batch_size_traje... | 20                      |
| query_graph_count       | 80                      |
| seed                    | 0                       |
| split_role              | meta_train_support      |
| split_version           | MARGO-SPLIT-v1          |
| support_graphs_per_m... | 20                      |
| support_trajectories... | 20                      |
| value_clip_epsilon      | 0.2                     |
-----------------------------------------------------
audit health itr 61 ok=False flags=['action_collapse_MEC_0.997']

 ---------------- Iteration 62 ----------------
Sampling set of tasks/goals for this meta-batch...
Warning: No valid output stream.

[Action Choices - Iteration 62]
  Total actions: 200000
  Local (0): 420 (0.2%)
  MEC (1): 199508 (99.8%)
  V2V (2): 72 (0.0%)
Processing samples...
average task losses:  0.008722844
average value losses:  0.049504384
Evaluating adapted task policies on a fresh support sample
Warning: No valid output stream.
Optimizing policy...
Average energy per iteration 62: 56.3843
-----------------------------------------------------
| Average energy,         | 56.4                    |
| Average greedy latency, | 603                     |
| Average latency,        | 594                     |
| Average reward,         | 0.874                   |
| AverageDiscountedReturn | 0.8                     |
| AverageReturn           | 0.874                   |
| EnvExecTime             | 47.4                    |
| Itr                     | 62                      |
| MaxReturn               | 0.979                   |
| MinReturn               | 0.606                   |
| NumTrajs                | 10000                   |
| PolicyExecTime          | 32.8                    |
| StdReturn               | 0.0666                  |
| entropy_coefficient     | 0                       |
| hyperparameter_prove... | fixed_literature_der... |
| inner_learning_rate     | 0.0005                  |
| k_steps                 | 3                       |
| meta_batch_size_dist... | 10                      |
| outer_learning_rate     | 0.0005                  |
| outer_update_count      | 63                      |
| outer_update_method     | mrlco_first_order_me... |
| ppo_batch_size_traje... | 20                      |
| query_graph_count       | 80                      |
| seed                    | 0                       |
| split_role              | meta_train_support      |
| split_version           | MARGO-SPLIT-v1          |
| support_graphs_per_m... | 20                      |
| support_trajectories... | 20                      |
| value_clip_epsilon      | 0.2                     |
-----------------------------------------------------
audit health itr 62 ok=False flags=['action_collapse_MEC_0.998']

 ---------------- Iteration 63 ----------------
Sampling set of tasks/goals for this meta-batch...
Warning: No valid output stream.

[Action Choices - Iteration 63]
  Total actions: 200000
  Local (0): 354 (0.2%)
  MEC (1): 199569 (99.8%)
  V2V (2): 77 (0.0%)
Processing samples...
average task losses:  0.024730457
average value losses:  0.04066942
Evaluating adapted task policies on a fresh support sample
Warning: No valid output stream.
Optimizing policy...
Average energy per iteration 63: 60.4228
-----------------------------------------------------
| Average energy,         | 60.4                    |
| Average greedy latency, | 611                     |
| Average latency,        | 600                     |
| Average reward,         | 0.872                   |
| AverageDiscountedReturn | 0.797                   |
| AverageReturn           | 0.872                   |
| EnvExecTime             | 51.1                    |
| Itr                     | 63                      |
| MaxReturn               | 0.974                   |
| MinReturn               | 0.546                   |
| NumTrajs                | 10000                   |
| PolicyExecTime          | 31.2                    |
| StdReturn               | 0.0703                  |
| entropy_coefficient     | 0                       |
| hyperparameter_prove... | fixed_literature_der... |
| inner_learning_rate     | 0.0005                  |
| k_steps                 | 3                       |
| meta_batch_size_dist... | 10                      |
| outer_learning_rate     | 0.0005                  |
| outer_update_count      | 64                      |
| outer_update_method     | mrlco_first_order_me... |
| ppo_batch_size_traje... | 20                      |
| query_graph_count       | 80                      |
| seed                    | 0                       |
| split_role              | meta_train_support      |
| split_version           | MARGO-SPLIT-v1          |
| support_graphs_per_m... | 20                      |
| support_trajectories... | 20                      |
| value_clip_epsilon      | 0.2                     |
-----------------------------------------------------
audit health itr 63 ok=False flags=['action_collapse_MEC_0.996']

 ---------------- Iteration 64 ----------------
Sampling set of tasks/goals for this meta-batch...
Warning: No valid output stream.

[Action Choices - Iteration 64]
  Total actions: 200000
  Local (0): 380 (0.2%)
  MEC (1): 199561 (99.8%)
  V2V (2): 59 (0.0%)
Processing samples...
average task losses:  0.011320968
average value losses:  0.048696984
Evaluating adapted task policies on a fresh support sample
Warning: No valid output stream.
Optimizing policy...
Average energy per iteration 64: 54.5335
-----------------------------------------------------
| Average energy,         | 54.5                    |
| Average greedy latency, | 599                     |
| Average latency,        | 572                     |
| Average reward,         | 0.877                   |
| AverageDiscountedReturn | 0.802                   |
| AverageReturn           | 0.877                   |
| EnvExecTime             | 48.3                    |
| Itr                     | 64                      |
| MaxReturn               | 0.978                   |
| MinReturn               | 0.542                   |
| NumTrajs                | 10000                   |
| PolicyExecTime          | 31.7                    |
| StdReturn               | 0.068                   |
| entropy_coefficient     | 0                       |
| hyperparameter_prove... | fixed_literature_der... |
| inner_learning_rate     | 0.0005                  |
| k_steps                 | 3                       |
| meta_batch_size_dist... | 10                      |
| outer_learning_rate     | 0.0005                  |
| outer_update_count      | 65                      |
| outer_update_method     | mrlco_first_order_me... |
| ppo_batch_size_traje... | 20                      |
| query_graph_count       | 80                      |
| seed                    | 0                       |
| split_role              | meta_train_support      |
| split_version           | MARGO-SPLIT-v1          |
| support_graphs_per_m... | 20                      |
| support_trajectories... | 20                      |
| value_clip_epsilon      | 0.2                     |
-----------------------------------------------------
audit health itr 64 ok=False flags=['action_collapse_MEC_0.997']

 ---------------- Iteration 65 ----------------
Sampling set of tasks/goals for this meta-batch...
Warning: No valid output stream.

[Action Choices - Iteration 65]
  Total actions: 200000
  Local (0): 381 (0.2%)
  MEC (1): 199542 (99.8%)
  V2V (2): 77 (0.0%)
Processing samples...
average task losses:  0.022368073
average value losses:  0.053602222
Evaluating adapted task policies on a fresh support sample
Warning: No valid output stream.
Optimizing policy...
Average energy per iteration 65: 67.9962
-----------------------------------------------------
| Average energy,         | 68                      |
| Average greedy latency, | 627                     |
| Average latency,        | 679                     |
| Average reward,         | 0.844                   |
| AverageDiscountedReturn | 0.774                   |
| AverageReturn           | 0.844                   |
| EnvExecTime             | 49.9                    |
| Itr                     | 65                      |
| MaxReturn               | 0.967                   |
| MinReturn               | 0.509                   |
| NumTrajs                | 10000                   |
| PolicyExecTime          | 32.9                    |
| StdReturn               | 0.0813                  |
| entropy_coefficient     | 0                       |
| hyperparameter_prove... | fixed_literature_der... |
| inner_learning_rate     | 0.0005                  |
| k_steps                 | 3                       |
| meta_batch_size_dist... | 10                      |
| outer_learning_rate     | 0.0005                  |
| outer_update_count      | 66                      |
| outer_update_method     | mrlco_first_order_me... |
| ppo_batch_size_traje... | 20                      |
| query_graph_count       | 80                      |
| seed                    | 0                       |
| split_role              | meta_train_support      |
| split_version           | MARGO-SPLIT-v1          |
| support_graphs_per_m... | 20                      |
| support_trajectories... | 20                      |
| value_clip_epsilon      | 0.2                     |
-----------------------------------------------------
audit health itr 65 ok=False flags=['action_collapse_MEC_0.998']

 ---------------- Iteration 66 ----------------
Sampling set of tasks/goals for this meta-batch...
Warning: No valid output stream.

[Action Choices - Iteration 66]
  Total actions: 200000
  Local (0): 424 (0.2%)
  MEC (1): 199489 (99.7%)
  V2V (2): 87 (0.0%)
Processing samples...
average task losses:  -0.014110485
average value losses:  0.06647344
Evaluating adapted task policies on a fresh support sample
Warning: No valid output stream.
Optimizing policy...
Average energy per iteration 66: 61.2383
-----------------------------------------------------
| Average energy,         | 61.2                    |
| Average greedy latency, | 608                     |
| Average latency,        | 612                     |
| Average reward,         | 0.872                   |
| AverageDiscountedReturn | 0.799                   |
| AverageReturn           | 0.872                   |
| EnvExecTime             | 48.3                    |
| Itr                     | 66                      |
| MaxReturn               | 0.975                   |
| MinReturn               | 0.593                   |
| NumTrajs                | 10000                   |
| PolicyExecTime          | 32.8                    |
| StdReturn               | 0.0726                  |
| entropy_coefficient     | 0                       |
| hyperparameter_prove... | fixed_literature_der... |
| inner_learning_rate     | 0.0005                  |
| k_steps                 | 3                       |
| meta_batch_size_dist... | 10                      |
| outer_learning_rate     | 0.0005                  |
| outer_update_count      | 67                      |
| outer_update_method     | mrlco_first_order_me... |
| ppo_batch_size_traje... | 20                      |
| query_graph_count       | 80                      |
| seed                    | 0                       |
| split_role              | meta_train_support      |
| split_version           | MARGO-SPLIT-v1          |
| support_graphs_per_m... | 20                      |
| support_trajectories... | 20                      |
| value_clip_epsilon      | 0.2                     |
-----------------------------------------------------
audit health itr 66 ok=False flags=['action_collapse_MEC_0.997']

 ---------------- Iteration 67 ----------------
Sampling set of tasks/goals for this meta-batch...
Warning: No valid output stream.

[Action Choices - Iteration 67]
  Total actions: 200000
  Local (0): 384 (0.2%)
  MEC (1): 199560 (99.8%)
  V2V (2): 56 (0.0%)
Processing samples...
average task losses:  0.016019082
average value losses:  0.07926602
Evaluating adapted task policies on a fresh support sample
Warning: No valid output stream.
Optimizing policy...
Average energy per iteration 67: 57.1350
-----------------------------------------------------
| Average energy,         | 57.1                    |
| Average greedy latency, | 605                     |
| Average latency,        | 597                     |
| Average reward,         | 0.875                   |
| AverageDiscountedReturn | 0.8                     |
| AverageReturn           | 0.875                   |
| EnvExecTime             | 48.8                    |
| Itr                     | 67                      |
| MaxReturn               | 0.971                   |
| MinReturn               | 0.576                   |
| NumTrajs                | 10000                   |
| PolicyExecTime          | 31.9                    |
| StdReturn               | 0.0621                  |
| entropy_coefficient     | 0                       |
| hyperparameter_prove... | fixed_literature_der... |
| inner_learning_rate     | 0.0005                  |
| k_steps                 | 3                       |
| meta_batch_size_dist... | 10                      |
| outer_learning_rate     | 0.0005                  |
| outer_update_count      | 68                      |
| outer_update_method     | mrlco_first_order_me... |
| ppo_batch_size_traje... | 20                      |
| query_graph_count       | 80                      |
| seed                    | 0                       |
| split_role              | meta_train_support      |
| split_version           | MARGO-SPLIT-v1          |
| support_graphs_per_m... | 20                      |
| support_trajectories... | 20                      |
| value_clip_epsilon      | 0.2                     |
-----------------------------------------------------
audit health itr 67 ok=False flags=['action_collapse_MEC_0.997']

 ---------------- Iteration 68 ----------------
Sampling set of tasks/goals for this meta-batch...
Warning: No valid output stream.

[Action Choices - Iteration 68]
  Total actions: 200000
  Local (0): 392 (0.2%)
  MEC (1): 199503 (99.8%)
  V2V (2): 105 (0.1%)
Processing samples...
average task losses:  0.022698808
average value losses:  0.052971065
Evaluating adapted task policies on a fresh support sample
Warning: No valid output stream.
Optimizing policy...
Average energy per iteration 68: 64.4242
-----------------------------------------------------
| Average energy,         | 64.4                    |
| Average greedy latency, | 608                     |
| Average latency,        | 636                     |
| Average reward,         | 0.866                   |
| AverageDiscountedReturn | 0.795                   |
| AverageReturn           | 0.866                   |
| EnvExecTime             | 48.2                    |
| Itr                     | 68                      |
| MaxReturn               | 0.979                   |
| MinReturn               | 0.557                   |
| NumTrajs                | 10000                   |
| PolicyExecTime          | 32.7                    |
| StdReturn               | 0.0757                  |
| entropy_coefficient     | 0                       |
| hyperparameter_prove... | fixed_literature_der... |
| inner_learning_rate     | 0.0005                  |
| k_steps                 | 3                       |
| meta_batch_size_dist... | 10                      |
| outer_learning_rate     | 0.0005                  |
| outer_update_count      | 69                      |
| outer_update_method     | mrlco_first_order_me... |
| ppo_batch_size_traje... | 20                      |
| query_graph_count       | 80                      |
| seed                    | 0                       |
| split_role              | meta_train_support      |
| split_version           | MARGO-SPLIT-v1          |
| support_graphs_per_m... | 20                      |
| support_trajectories... | 20                      |
| value_clip_epsilon      | 0.2                     |
-----------------------------------------------------
audit health itr 68 ok=False flags=['action_collapse_MEC_0.997']

 ---------------- Iteration 69 ----------------
Sampling set of tasks/goals for this meta-batch...
Warning: No valid output stream.

[Action Choices - Iteration 69]
  Total actions: 200000
  Local (0): 343 (0.2%)
  MEC (1): 199580 (99.8%)
  V2V (2): 77 (0.0%)
Processing samples...
average task losses:  0.0043871715
average value losses:  0.060004402
Evaluating adapted task policies on a fresh support sample
Warning: No valid output stream.
Optimizing policy...
Average energy per iteration 69: 60.8729
-----------------------------------------------------
| Average energy,         | 60.9                    |
| Average greedy latency, | 620                     |
| Average latency,        | 634                     |
| Average reward,         | 0.86                    |
| AverageDiscountedReturn | 0.786                   |
| AverageReturn           | 0.86                    |
| EnvExecTime             | 50.3                    |
| Itr                     | 69                      |
| MaxReturn               | 0.978                   |
| MinReturn               | 0.5                     |
| NumTrajs                | 10000                   |
| PolicyExecTime          | 32.6                    |
| StdReturn               | 0.0793                  |
| entropy_coefficient     | 0                       |
| hyperparameter_prove... | fixed_literature_der... |
| inner_learning_rate     | 0.0005                  |
| k_steps                 | 3                       |
| meta_batch_size_dist... | 10                      |
| outer_learning_rate     | 0.0005                  |
| outer_update_count      | 70                      |
| outer_update_method     | mrlco_first_order_me... |
| ppo_batch_size_traje... | 20                      |
| query_graph_count       | 80                      |
| seed                    | 0                       |
| split_role              | meta_train_support      |
| split_version           | MARGO-SPLIT-v1          |
| support_graphs_per_m... | 20                      |
| support_trajectories... | 20                      |
| value_clip_epsilon      | 0.2                     |
-----------------------------------------------------
audit health itr 69 ok=False flags=['action_collapse_MEC_0.997']

 ---------------- Iteration 70 ----------------
Sampling set of tasks/goals for this meta-batch...
Warning: No valid output stream.

[Action Choices - Iteration 70]
  Total actions: 200000
  Local (0): 377 (0.2%)
  MEC (1): 199551 (99.8%)
  V2V (2): 72 (0.0%)
Processing samples...
average task losses:  -0.03686847
average value losses:  0.0464276
Evaluating adapted task policies on a fresh support sample
Warning: No valid output stream.
Optimizing policy...
Average energy per iteration 70: 61.2020
-----------------------------------------------------
| Average energy,         | 61.2                    |
| Average greedy latency, | 610                     |
| Average latency,        | 622                     |
| Average reward,         | 0.872                   |
| AverageDiscountedReturn | 0.799                   |
| AverageReturn           | 0.872                   |
| EnvExecTime             | 48.3                    |
| Itr                     | 70                      |
| MaxReturn               | 0.98                    |
| MinReturn               | 0.553                   |
| NumTrajs                | 10000                   |
| PolicyExecTime          | 32.3                    |
| StdReturn               | 0.0679                  |
| entropy_coefficient     | 0                       |
| hyperparameter_prove... | fixed_literature_der... |
| inner_learning_rate     | 0.0005                  |
| k_steps                 | 3                       |
| meta_batch_size_dist... | 10                      |
| outer_learning_rate     | 0.0005                  |
| outer_update_count      | 71                      |
| outer_update_method     | mrlco_first_order_me... |
| ppo_batch_size_traje... | 20                      |
| query_graph_count       | 80                      |
| seed                    | 0                       |
| split_role              | meta_train_support      |
| split_version           | MARGO-SPLIT-v1          |
| support_graphs_per_m... | 20                      |
| support_trajectories... | 20                      |
| value_clip_epsilon      | 0.2                     |
-----------------------------------------------------
audit health itr 70 ok=False flags=['action_collapse_MEC_0.997']

 ---------------- Iteration 71 ----------------
Sampling set of tasks/goals for this meta-batch...
Warning: No valid output stream.

[Action Choices - Iteration 71]
  Total actions: 200000
  Local (0): 356 (0.2%)
  MEC (1): 199566 (99.8%)
  V2V (2): 78 (0.0%)
Processing samples...
average task losses:  0.017050248
average value losses:  0.073034406
Evaluating adapted task policies on a fresh support sample
Warning: No valid output stream.
Optimizing policy...
Average energy per iteration 71: 55.5383
-----------------------------------------------------
| Average energy,         | 55.5                    |
| Average greedy latency, | 605                     |
| Average latency,        | 592                     |
| Average reward,         | 0.878                   |
| AverageDiscountedReturn | 0.803                   |
| AverageReturn           | 0.878                   |
| EnvExecTime             | 48.1                    |
| Itr                     | 71                      |
| MaxReturn               | 0.979                   |
| MinReturn               | 0.551                   |
| NumTrajs                | 10000                   |
| PolicyExecTime          | 31.6                    |
| StdReturn               | 0.0711                  |
| entropy_coefficient     | 0                       |
| hyperparameter_prove... | fixed_literature_der... |
| inner_learning_rate     | 0.0005                  |
| k_steps                 | 3                       |
| meta_batch_size_dist... | 10                      |
| outer_learning_rate     | 0.0005                  |
| outer_update_count      | 72                      |
| outer_update_method     | mrlco_first_order_me... |
| ppo_batch_size_traje... | 20                      |
| query_graph_count       | 80                      |
| seed                    | 0                       |
| split_role              | meta_train_support      |
| split_version           | MARGO-SPLIT-v1          |
| support_graphs_per_m... | 20                      |
| support_trajectories... | 20                      |
| value_clip_epsilon      | 0.2                     |
-----------------------------------------------------
audit health itr 71 ok=False flags=['action_collapse_MEC_0.998']

 ---------------- Iteration 72 ----------------
Sampling set of tasks/goals for this meta-batch...
Warning: No valid output stream.

[Action Choices - Iteration 72]
  Total actions: 200000
  Local (0): 345 (0.2%)
  MEC (1): 199589 (99.8%)
  V2V (2): 66 (0.0%)
Processing samples...
average task losses:  0.01211978
average value losses:  0.066912636
Evaluating adapted task policies on a fresh support sample
Warning: No valid output stream.
Optimizing policy...
Average energy per iteration 72: 57.5888
-----------------------------------------------------
| Average energy,         | 57.6                    |
| Average greedy latency, | 608                     |
| Average latency,        | 619                     |
| Average reward,         | 0.862                   |
| AverageDiscountedReturn | 0.787                   |
| AverageReturn           | 0.862                   |
| EnvExecTime             | 50                      |
| Itr                     | 72                      |
| MaxReturn               | 0.973                   |
| MinReturn               | 0.525                   |
| NumTrajs                | 10000                   |
| PolicyExecTime          | 33.6                    |
| StdReturn               | 0.0847                  |
| entropy_coefficient     | 0                       |
| hyperparameter_prove... | fixed_literature_der... |
| inner_learning_rate     | 0.0005                  |
| k_steps                 | 3                       |
| meta_batch_size_dist... | 10                      |
| outer_learning_rate     | 0.0005                  |
| outer_update_count      | 73                      |
| outer_update_method     | mrlco_first_order_me... |
| ppo_batch_size_traje... | 20                      |
| query_graph_count       | 80                      |
| seed                    | 0                       |
| split_role              | meta_train_support      |
| split_version           | MARGO-SPLIT-v1          |
| support_graphs_per_m... | 20                      |
| support_trajectories... | 20                      |
| value_clip_epsilon      | 0.2                     |
-----------------------------------------------------
audit health itr 72 ok=False flags=['action_collapse_MEC_0.998']

 ---------------- Iteration 73 ----------------
Sampling set of tasks/goals for this meta-batch...
Warning: No valid output stream.

[Action Choices - Iteration 73]
  Total actions: 200000
  Local (0): 352 (0.2%)
  MEC (1): 199578 (99.8%)
  V2V (2): 70 (0.0%)
Processing samples...
average task losses:  0.011505917
average value losses:  0.037425485
Evaluating adapted task policies on a fresh support sample
Warning: No valid output stream.
Optimizing policy...
Average energy per iteration 73: 67.0369
-----------------------------------------------------
| Average energy,         | 67                      |
| Average greedy latency, | 626                     |
| Average latency,        | 673                     |
| Average reward,         | 0.855                   |
| AverageDiscountedReturn | 0.783                   |
| AverageReturn           | 0.855                   |
| EnvExecTime             | 50.2                    |
| Itr                     | 73                      |
| MaxReturn               | 0.978                   |
| MinReturn               | 0.499                   |
| NumTrajs                | 10000                   |
| PolicyExecTime          | 33                      |
| StdReturn               | 0.0785                  |
| entropy_coefficient     | 0                       |
| hyperparameter_prove... | fixed_literature_der... |
| inner_learning_rate     | 0.0005                  |
| k_steps                 | 3                       |
| meta_batch_size_dist... | 10                      |
| outer_learning_rate     | 0.0005                  |
| outer_update_count      | 74                      |
| outer_update_method     | mrlco_first_order_me... |
| ppo_batch_size_traje... | 20                      |
| query_graph_count       | 80                      |
| seed                    | 0                       |
| split_role              | meta_train_support      |
| split_version           | MARGO-SPLIT-v1          |
| support_graphs_per_m... | 20                      |
| support_trajectories... | 20                      |
| value_clip_epsilon      | 0.2                     |
-----------------------------------------------------
audit health itr 73 ok=False flags=['action_collapse_MEC_0.998']

 ---------------- Iteration 74 ----------------
Sampling set of tasks/goals for this meta-batch...
Warning: No valid output stream.

[Action Choices - Iteration 74]
  Total actions: 200000
  Local (0): 323 (0.2%)
  MEC (1): 199624 (99.8%)
  V2V (2): 53 (0.0%)
Processing samples...
average task losses:  -0.016257724
average value losses:  0.04017638
Evaluating adapted task policies on a fresh support sample
Warning: No valid output stream.
Optimizing policy...
Average energy per iteration 74: 63.9044
-----------------------------------------------------
| Average energy,         | 63.9                    |
| Average greedy latency, | 621                     |
| Average latency,        | 648                     |
| Average reward,         | 0.855                   |
| AverageDiscountedReturn | 0.782                   |
| AverageReturn           | 0.855                   |
| EnvExecTime             | 50.1                    |
| Itr                     | 74                      |
| MaxReturn               | 0.978                   |
| MinReturn               | 0.5                     |
| NumTrajs                | 10000                   |
| PolicyExecTime          | 32.7                    |
| StdReturn               | 0.0817                  |
| entropy_coefficient     | 0                       |
| hyperparameter_prove... | fixed_literature_der... |
| inner_learning_rate     | 0.0005                  |
| k_steps                 | 3                       |
| meta_batch_size_dist... | 10                      |
| outer_learning_rate     | 0.0005                  |
| outer_update_count      | 75                      |
| outer_update_method     | mrlco_first_order_me... |
| ppo_batch_size_traje... | 20                      |
| query_graph_count       | 80                      |
| seed                    | 0                       |
| split_role              | meta_train_support      |
| split_version           | MARGO-SPLIT-v1          |
| support_graphs_per_m... | 20                      |
| support_trajectories... | 20                      |
| value_clip_epsilon      | 0.2                     |
-----------------------------------------------------
audit health itr 74 ok=False flags=['action_collapse_MEC_0.998']

 ---------------- Iteration 75 ----------------
Sampling set of tasks/goals for this meta-batch...
Warning: No valid output stream.

[Action Choices - Iteration 75]
  Total actions: 200000
  Local (0): 300 (0.1%)
  MEC (1): 199640 (99.8%)
  V2V (2): 60 (0.0%)
Processing samples...
average task losses:  -0.030134443
average value losses:  0.029943937
Evaluating adapted task policies on a fresh support sample
Warning: No valid output stream.
Optimizing policy...
Average energy per iteration 75: 59.4218
-----------------------------------------------------
| Average energy,         | 59.4                    |
| Average greedy latency, | 609                     |
| Average latency,        | 617                     |
| Average reward,         | 0.867                   |
| AverageDiscountedReturn | 0.793                   |
| AverageReturn           | 0.867                   |
| EnvExecTime             | 52.6                    |
| Itr                     | 75                      |
| MaxReturn               | 0.974                   |
| MinReturn               | 0.55                    |
| NumTrajs                | 10000                   |
| PolicyExecTime          | 33.1                    |
| StdReturn               | 0.0723                  |
| entropy_coefficient     | 0                       |
| hyperparameter_prove... | fixed_literature_der... |
| inner_learning_rate     | 0.0005                  |
| k_steps                 | 3                       |
| meta_batch_size_dist... | 10                      |
| outer_learning_rate     | 0.0005                  |
| outer_update_count      | 76                      |
| outer_update_method     | mrlco_first_order_me... |
| ppo_batch_size_traje... | 20                      |
| query_graph_count       | 80                      |
| seed                    | 0                       |
| split_role              | meta_train_support      |
| split_version           | MARGO-SPLIT-v1          |
| support_graphs_per_m... | 20                      |
| support_trajectories... | 20                      |
| value_clip_epsilon      | 0.2                     |
-----------------------------------------------------
audit health itr 75 ok=False flags=['action_collapse_MEC_0.998']

 ---------------- Iteration 76 ----------------
Sampling set of tasks/goals for this meta-batch...
Warning: No valid output stream.

[Action Choices - Iteration 76]
  Total actions: 200000
  Local (0): 279 (0.1%)
  MEC (1): 199671 (99.8%)
  V2V (2): 50 (0.0%)
Processing samples...
average task losses:  -0.01070032
average value losses:  0.040964372
Evaluating adapted task policies on a fresh support sample
Warning: No valid output stream.
Optimizing policy...
Average energy per iteration 76: 56.0662
-----------------------------------------------------
| Average energy,         | 56.1                    |
| Average greedy latency, | 602                     |
| Average latency,        | 602                     |
| Average reward,         | 0.87                    |
| AverageDiscountedReturn | 0.796                   |
| AverageReturn           | 0.87                    |
| EnvExecTime             | 49.2                    |
| Itr                     | 76                      |
| MaxReturn               | 0.979                   |
| MinReturn               | 0.565                   |
| NumTrajs                | 10000                   |
| PolicyExecTime          | 31.1                    |
| StdReturn               | 0.0756                  |
| entropy_coefficient     | 0                       |
| hyperparameter_prove... | fixed_literature_der... |
| inner_learning_rate     | 0.0005                  |
| k_steps                 | 3                       |
| meta_batch_size_dist... | 10                      |
| outer_learning_rate     | 0.0005                  |
| outer_update_count      | 77                      |
| outer_update_method     | mrlco_first_order_me... |
| ppo_batch_size_traje... | 20                      |
| query_graph_count       | 80                      |
| seed                    | 0                       |
| split_role              | meta_train_support      |
| split_version           | MARGO-SPLIT-v1          |
| support_graphs_per_m... | 20                      |
| support_trajectories... | 20                      |
| value_clip_epsilon      | 0.2                     |
-----------------------------------------------------
audit health itr 76 ok=False flags=['action_collapse_MEC_0.998']

 ---------------- Iteration 77 ----------------
Sampling set of tasks/goals for this meta-batch...
Warning: No valid output stream.

[Action Choices - Iteration 77]
  Total actions: 200000
  Local (0): 247 (0.1%)
  MEC (1): 199700 (99.9%)
  V2V (2): 53 (0.0%)
Processing samples...
average task losses:  -0.007045367
average value losses:  0.051259644
Evaluating adapted task policies on a fresh support sample
Warning: No valid output stream.
Optimizing policy...
Average energy per iteration 77: 55.2677
-----------------------------------------------------
| Average energy,         | 55.3                    |
| Average greedy latency, | 600                     |
| Average latency,        | 593                     |
| Average reward,         | 0.867                   |
| AverageDiscountedReturn | 0.791                   |
| AverageReturn           | 0.867                   |
| EnvExecTime             | 49                      |
| Itr                     | 77                      |
| MaxReturn               | 0.975                   |
| MinReturn               | 0.533                   |
| NumTrajs                | 10000                   |
| PolicyExecTime          | 31.5                    |
| StdReturn               | 0.0709                  |
| entropy_coefficient     | 0                       |
| hyperparameter_prove... | fixed_literature_der... |
| inner_learning_rate     | 0.0005                  |
| k_steps                 | 3                       |
| meta_batch_size_dist... | 10                      |
| outer_learning_rate     | 0.0005                  |
| outer_update_count      | 78                      |
| outer_update_method     | mrlco_first_order_me... |
| ppo_batch_size_traje... | 20                      |
| query_graph_count       | 80                      |
| seed                    | 0                       |
| split_role              | meta_train_support      |
| split_version           | MARGO-SPLIT-v1          |
| support_graphs_per_m... | 20                      |
| support_trajectories... | 20                      |
| value_clip_epsilon      | 0.2                     |
-----------------------------------------------------
audit health itr 77 ok=False flags=['action_collapse_MEC_0.998']

 ---------------- Iteration 78 ----------------
Sampling set of tasks/goals for this meta-batch...
Warning: No valid output stream.

[Action Choices - Iteration 78]
  Total actions: 200000
  Local (0): 241 (0.1%)
  MEC (1): 199726 (99.9%)
  V2V (2): 33 (0.0%)
Processing samples...
average task losses:  0.014162545
average value losses:  0.048259433
Evaluating adapted task policies on a fresh support sample
Warning: No valid output stream.
Optimizing policy...
Average energy per iteration 78: 56.1235
-----------------------------------------------------
| Average energy,         | 56.1                    |
| Average greedy latency, | 601                     |
| Average latency,        | 612                     |
| Average reward,         | 0.866                   |
| AverageDiscountedReturn | 0.79                    |
| AverageReturn           | 0.866                   |
| EnvExecTime             | 50.3                    |
| Itr                     | 78                      |
| MaxReturn               | 0.968                   |
| MinReturn               | 0.56                    |
| NumTrajs                | 10000                   |
| PolicyExecTime          | 32.9                    |
| StdReturn               | 0.0687                  |
| entropy_coefficient     | 0                       |
| hyperparameter_prove... | fixed_literature_der... |
| inner_learning_rate     | 0.0005                  |
| k_steps                 | 3                       |
| meta_batch_size_dist... | 10                      |
| outer_learning_rate     | 0.0005                  |
| outer_update_count      | 79                      |
| outer_update_method     | mrlco_first_order_me... |
| ppo_batch_size_traje... | 20                      |
| query_graph_count       | 80                      |
| seed                    | 0                       |
| split_role              | meta_train_support      |
| split_version           | MARGO-SPLIT-v1          |
| support_graphs_per_m... | 20                      |
| support_trajectories... | 20                      |
| value_clip_epsilon      | 0.2                     |
-----------------------------------------------------
audit health itr 78 ok=False flags=['action_collapse_MEC_0.998']

 ---------------- Iteration 79 ----------------
Sampling set of tasks/goals for this meta-batch...
Warning: No valid output stream.

[Action Choices - Iteration 79]
  Total actions: 200000
  Local (0): 236 (0.1%)
  MEC (1): 199716 (99.9%)
  V2V (2): 48 (0.0%)
Processing samples...
average task losses:  0.0013697001
average value losses:  0.050207343
Evaluating adapted task policies on a fresh support sample
Warning: No valid output stream.
Optimizing policy...
Average energy per iteration 79: 65.9403
-----------------------------------------------------
| Average energy,         | 65.9                    |
| Average greedy latency, | 623                     |
| Average latency,        | 681                     |
| Average reward,         | 0.854                   |
| AverageDiscountedReturn | 0.782                   |
| AverageReturn           | 0.854                   |
| EnvExecTime             | 49.5                    |
| Itr                     | 79                      |
| MaxReturn               | 0.98                    |
| MinReturn               | 0.508                   |
| NumTrajs                | 10000                   |
| PolicyExecTime          | 32.4                    |
| StdReturn               | 0.0817                  |
| entropy_coefficient     | 0                       |
| hyperparameter_prove... | fixed_literature_der... |
| inner_learning_rate     | 0.0005                  |
| k_steps                 | 3                       |
| meta_batch_size_dist... | 10                      |
| outer_learning_rate     | 0.0005                  |
| outer_update_count      | 80                      |
| outer_update_method     | mrlco_first_order_me... |
| ppo_batch_size_traje... | 20                      |
| query_graph_count       | 80                      |
| seed                    | 0                       |
| split_role              | meta_train_support      |
| split_version           | MARGO-SPLIT-v1          |
| support_graphs_per_m... | 20                      |
| support_trajectories... | 20                      |
| value_clip_epsilon      | 0.2                     |
-----------------------------------------------------
audit health itr 79 ok=False flags=['action_collapse_MEC_0.998']

 ---------------- Iteration 80 ----------------
Sampling set of tasks/goals for this meta-batch...
Warning: No valid output stream.

[Action Choices - Iteration 80]
  Total actions: 200000
  Local (0): 213 (0.1%)
  MEC (1): 199753 (99.9%)
  V2V (2): 34 (0.0%)
Processing samples...
average task losses:  -0.025936265
average value losses:  0.080645576
Evaluating adapted task policies on a fresh support sample
Warning: No valid output stream.
Optimizing policy...
Average energy per iteration 80: 58.3780
-----------------------------------------------------
| Average energy,         | 58.4                    |
| Average greedy latency, | 613                     |
| Average latency,        | 629                     |
| Average reward,         | 0.861                   |
| AverageDiscountedReturn | 0.786                   |
| AverageReturn           | 0.861                   |
| EnvExecTime             | 49.6                    |
| Itr                     | 80                      |
| MaxReturn               | 0.978                   |
| MinReturn               | 0.524                   |
| NumTrajs                | 10000                   |
| PolicyExecTime          | 32.1                    |
| StdReturn               | 0.0828                  |
| entropy_coefficient     | 0                       |
| hyperparameter_prove... | fixed_literature_der... |
| inner_learning_rate     | 0.0005                  |
| k_steps                 | 3                       |
| meta_batch_size_dist... | 10                      |
| outer_learning_rate     | 0.0005                  |
| outer_update_count      | 81                      |
| outer_update_method     | mrlco_first_order_me... |
| ppo_batch_size_traje... | 20                      |
| query_graph_count       | 80                      |
| seed                    | 0                       |
| split_role              | meta_train_support      |
| split_version           | MARGO-SPLIT-v1          |
| support_graphs_per_m... | 20                      |
| support_trajectories... | 20                      |
| value_clip_epsilon      | 0.2                     |
-----------------------------------------------------
audit health itr 80 ok=False flags=['action_collapse_MEC_0.998']

 ---------------- Iteration 81 ----------------
Sampling set of tasks/goals for this meta-batch...
Warning: No valid output stream.

[Action Choices - Iteration 81]
  Total actions: 200000
  Local (0): 222 (0.1%)
  MEC (1): 199745 (99.9%)
  V2V (2): 33 (0.0%)
Processing samples...
average task losses:  0.015696714
average value losses:  0.07680551
Evaluating adapted task policies on a fresh support sample
Warning: No valid output stream.
Optimizing policy...
Average energy per iteration 81: 57.5910
-----------------------------------------------------
| Average energy,         | 57.6                    |
| Average greedy latency, | 602                     |
| Average latency,        | 619                     |
| Average reward,         | 0.871                   |
| AverageDiscountedReturn | 0.797                   |
| AverageReturn           | 0.871                   |
| EnvExecTime             | 49.9                    |
| Itr                     | 81                      |
| MaxReturn               | 0.973                   |
| MinReturn               | 0.571                   |
| NumTrajs                | 10000                   |
| PolicyExecTime          | 32.8                    |
| StdReturn               | 0.0707                  |
| entropy_coefficient     | 0                       |
| hyperparameter_prove... | fixed_literature_der... |
| inner_learning_rate     | 0.0005                  |
| k_steps                 | 3                       |
| meta_batch_size_dist... | 10                      |
| outer_learning_rate     | 0.0005                  |
| outer_update_count      | 82                      |
| outer_update_method     | mrlco_first_order_me... |
| ppo_batch_size_traje... | 20                      |
| query_graph_count       | 80                      |
| seed                    | 0                       |
| split_role              | meta_train_support      |
| split_version           | MARGO-SPLIT-v1          |
| support_graphs_per_m... | 20                      |
| support_trajectories... | 20                      |
| value_clip_epsilon      | 0.2                     |
-----------------------------------------------------
audit health itr 81 ok=False flags=['action_collapse_MEC_0.999']

 ---------------- Iteration 82 ----------------
Sampling set of tasks/goals for this meta-batch...
Warning: No valid output stream.

[Action Choices - Iteration 82]
  Total actions: 200000
  Local (0): 221 (0.1%)
  MEC (1): 199742 (99.9%)
  V2V (2): 37 (0.0%)
Processing samples...
average task losses:  0.0052468837
average value losses:  0.040357716
Evaluating adapted task policies on a fresh support sample
Warning: No valid output stream.
Optimizing policy...
Average energy per iteration 82: 62.8984
-----------------------------------------------------
| Average energy,         | 62.9                    |
| Average greedy latency, | 613                     |
| Average latency,        | 644                     |
| Average reward,         | 0.862                   |
| AverageDiscountedReturn | 0.791                   |
| AverageReturn           | 0.862                   |
| EnvExecTime             | 47.9                    |
| Itr                     | 82                      |
| MaxReturn               | 0.979                   |
| MinReturn               | 0.421                   |
| NumTrajs                | 10000                   |
| PolicyExecTime          | 30.9                    |
| StdReturn               | 0.0769                  |
| entropy_coefficient     | 0                       |
| hyperparameter_prove... | fixed_literature_der... |
| inner_learning_rate     | 0.0005                  |
| k_steps                 | 3                       |
| meta_batch_size_dist... | 10                      |
| outer_learning_rate     | 0.0005                  |
| outer_update_count      | 83                      |
| outer_update_method     | mrlco_first_order_me... |
| ppo_batch_size_traje... | 20                      |
| query_graph_count       | 80                      |
| seed                    | 0                       |
| split_role              | meta_train_support      |
| split_version           | MARGO-SPLIT-v1          |
| support_graphs_per_m... | 20                      |
| support_trajectories... | 20                      |
| value_clip_epsilon      | 0.2                     |
-----------------------------------------------------
audit health itr 82 ok=False flags=['action_collapse_MEC_0.998']

 ---------------- Iteration 83 ----------------
Sampling set of tasks/goals for this meta-batch...
Warning: No valid output stream.

[Action Choices - Iteration 83]
  Total actions: 200000
  Local (0): 220 (0.1%)
  MEC (1): 199746 (99.9%)
  V2V (2): 34 (0.0%)
Processing samples...
average task losses:  0.025850492
average value losses:  0.040698115
Evaluating adapted task policies on a fresh support sample
Warning: No valid output stream.
Optimizing policy...
Average energy per iteration 83: 56.9521
-----------------------------------------------------
| Average energy,         | 57                      |
| Average greedy latency, | 592                     |
| Average latency,        | 596                     |
| Average reward,         | 0.874                   |
| AverageDiscountedReturn | 0.803                   |
| AverageReturn           | 0.874                   |
| EnvExecTime             | 47                      |
| Itr                     | 83                      |
| MaxReturn               | 0.979                   |
| MinReturn               | 0.528                   |
| NumTrajs                | 10000                   |
| PolicyExecTime          | 32.2                    |
| StdReturn               | 0.0775                  |
| entropy_coefficient     | 0                       |
| hyperparameter_prove... | fixed_literature_der... |
| inner_learning_rate     | 0.0005                  |
| k_steps                 | 3                       |
| meta_batch_size_dist... | 10                      |
| outer_learning_rate     | 0.0005                  |
| outer_update_count      | 84                      |
| outer_update_method     | mrlco_first_order_me... |
| ppo_batch_size_traje... | 20                      |
| query_graph_count       | 80                      |
| seed                    | 0                       |
| split_role              | meta_train_support      |
| split_version           | MARGO-SPLIT-v1          |
| support_graphs_per_m... | 20                      |
| support_trajectories... | 20                      |
| value_clip_epsilon      | 0.2                     |
-----------------------------------------------------
audit health itr 83 ok=False flags=['action_collapse_MEC_0.999']

 ---------------- Iteration 84 ----------------
Sampling set of tasks/goals for this meta-batch...
Warning: No valid output stream.

[Action Choices - Iteration 84]
  Total actions: 200000
  Local (0): 199 (0.1%)
  MEC (1): 199772 (99.9%)
  V2V (2): 29 (0.0%)
Processing samples...
average task losses:  -0.019535119
average value losses:  0.04165852
Evaluating adapted task policies on a fresh support sample
Warning: No valid output stream.
Optimizing policy...
Average energy per iteration 84: 61.8573
-----------------------------------------------------
| Average energy,         | 61.9                    |
| Average greedy latency, | 613                     |
| Average latency,        | 643                     |
| Average reward,         | 0.868                   |
| AverageDiscountedReturn | 0.798                   |
| AverageReturn           | 0.868                   |
| EnvExecTime             | 49.2                    |
| Itr                     | 84                      |
| MaxReturn               | 0.973                   |
| MinReturn               | 0.515                   |
| NumTrajs                | 10000                   |
| PolicyExecTime          | 32.4                    |
| StdReturn               | 0.08                    |
| entropy_coefficient     | 0                       |
| hyperparameter_prove... | fixed_literature_der... |
| inner_learning_rate     | 0.0005                  |
| k_steps                 | 3                       |
| meta_batch_size_dist... | 10                      |
| outer_learning_rate     | 0.0005                  |
| outer_update_count      | 85                      |
| outer_update_method     | mrlco_first_order_me... |
| ppo_batch_size_traje... | 20                      |
| query_graph_count       | 80                      |
| seed                    | 0                       |
| split_role              | meta_train_support      |
| split_version           | MARGO-SPLIT-v1          |
| support_graphs_per_m... | 20                      |
| support_trajectories... | 20                      |
| value_clip_epsilon      | 0.2                     |
-----------------------------------------------------
audit health itr 84 ok=False flags=['action_collapse_MEC_0.999']

 ---------------- Iteration 85 ----------------
Sampling set of tasks/goals for this meta-batch...
Warning: No valid output stream.

[Action Choices - Iteration 85]
  Total actions: 200000
  Local (0): 152 (0.1%)
  MEC (1): 199817 (99.9%)
  V2V (2): 31 (0.0%)
Processing samples...
average task losses:  0.014955709
average value losses:  0.04771661
Evaluating adapted task policies on a fresh support sample
Warning: No valid output stream.
Optimizing policy...
Average energy per iteration 85: 52.5920
-----------------------------------------------------
| Average energy,         | 52.6                    |
| Average greedy latency, | 604                     |
| Average latency,        | 587                     |
| Average reward,         | 0.873                   |
| AverageDiscountedReturn | 0.797                   |
| AverageReturn           | 0.873                   |
| EnvExecTime             | 49.4                    |
| Itr                     | 85                      |
| MaxReturn               | 0.978                   |
| MinReturn               | 0.51                    |
| NumTrajs                | 10000                   |
| PolicyExecTime          | 31.8                    |
| StdReturn               | 0.0753                  |
| entropy_coefficient     | 0                       |
| hyperparameter_prove... | fixed_literature_der... |
| inner_learning_rate     | 0.0005                  |
| k_steps                 | 3                       |
| meta_batch_size_dist... | 10                      |
| outer_learning_rate     | 0.0005                  |
| outer_update_count      | 86                      |
| outer_update_method     | mrlco_first_order_me... |
| ppo_batch_size_traje... | 20                      |
| query_graph_count       | 80                      |
| seed                    | 0                       |
| split_role              | meta_train_support      |
| split_version           | MARGO-SPLIT-v1          |
| support_graphs_per_m... | 20                      |
| support_trajectories... | 20                      |
| value_clip_epsilon      | 0.2                     |
-----------------------------------------------------
audit health itr 85 ok=False flags=['action_collapse_MEC_0.999']

 ---------------- Iteration 86 ----------------
Sampling set of tasks/goals for this meta-batch...
Warning: No valid output stream.

[Action Choices - Iteration 86]
  Total actions: 200000
  Local (0): 189 (0.1%)
  MEC (1): 199782 (99.9%)
  V2V (2): 29 (0.0%)
Processing samples...
average task losses:  0.025195083
average value losses:  0.075878404
Evaluating adapted task policies on a fresh support sample
Warning: No valid output stream.
Optimizing policy...
Average energy per iteration 86: 58.3784
-----------------------------------------------------
| Average energy,         | 58.4                    |
| Average greedy latency, | 608                     |
| Average latency,        | 625                     |
| Average reward,         | 0.862                   |
| AverageDiscountedReturn | 0.788                   |
| AverageReturn           | 0.862                   |
| EnvExecTime             | 50.1                    |
| Itr                     | 86                      |
| MaxReturn               | 0.978                   |
| MinReturn               | 0.554                   |
| NumTrajs                | 10000                   |
| PolicyExecTime          | 31.8                    |
| StdReturn               | 0.0827                  |
| entropy_coefficient     | 0                       |
| hyperparameter_prove... | fixed_literature_der... |
| inner_learning_rate     | 0.0005                  |
| k_steps                 | 3                       |
| meta_batch_size_dist... | 10                      |
| outer_learning_rate     | 0.0005                  |
| outer_update_count      | 87                      |
| outer_update_method     | mrlco_first_order_me... |
| ppo_batch_size_traje... | 20                      |
| query_graph_count       | 80                      |
| seed                    | 0                       |
| split_role              | meta_train_support      |
| split_version           | MARGO-SPLIT-v1          |
| support_graphs_per_m... | 20                      |
| support_trajectories... | 20                      |
| value_clip_epsilon      | 0.2                     |
-----------------------------------------------------
audit health itr 86 ok=False flags=['action_collapse_MEC_0.999']

 ---------------- Iteration 87 ----------------
Sampling set of tasks/goals for this meta-batch...
Warning: No valid output stream.

[Action Choices - Iteration 87]
  Total actions: 200000
  Local (0): 190 (0.1%)
  MEC (1): 199788 (99.9%)
  V2V (2): 22 (0.0%)
Processing samples...
average task losses:  0.039498065
average value losses:  0.09674228
Evaluating adapted task policies on a fresh support sample
Warning: No valid output stream.
Optimizing policy...
Average energy per iteration 87: 54.4032
-----------------------------------------------------
| Average energy,         | 54.4                    |
| Average greedy latency, | 597                     |
| Average latency,        | 582                     |
| Average reward,         | 0.877                   |
| AverageDiscountedReturn | 0.805                   |
| AverageReturn           | 0.877                   |
| EnvExecTime             | 47.9                    |
| Itr                     | 87                      |
| MaxReturn               | 0.979                   |
| MinReturn               | 0.558                   |
| NumTrajs                | 10000                   |
| PolicyExecTime          | 31.3                    |
| StdReturn               | 0.0726                  |
| entropy_coefficient     | 0                       |
| hyperparameter_prove... | fixed_literature_der... |
| inner_learning_rate     | 0.0005                  |
| k_steps                 | 3                       |
| meta_batch_size_dist... | 10                      |
| outer_learning_rate     | 0.0005                  |
| outer_update_count      | 88                      |
| outer_update_method     | mrlco_first_order_me... |
| ppo_batch_size_traje... | 20                      |
| query_graph_count       | 80                      |
| seed                    | 0                       |
| split_role              | meta_train_support      |
| split_version           | MARGO-SPLIT-v1          |
| support_graphs_per_m... | 20                      |
| support_trajectories... | 20                      |
| value_clip_epsilon      | 0.2                     |
-----------------------------------------------------
audit health itr 87 ok=False flags=['action_collapse_MEC_0.999']

 ---------------- Iteration 88 ----------------
Sampling set of tasks/goals for this meta-batch...
Warning: No valid output stream.

[Action Choices - Iteration 88]
  Total actions: 200000
  Local (0): 172 (0.1%)
  MEC (1): 199798 (99.9%)
  V2V (2): 30 (0.0%)
Processing samples...
average task losses:  0.010060156
average value losses:  0.07526121
Evaluating adapted task policies on a fresh support sample
Warning: No valid output stream.
Optimizing policy...
Average energy per iteration 88: 57.0129
-----------------------------------------------------
| Average energy,         | 57                      |
| Average greedy latency, | 616                     |
| Average latency,        | 609                     |
| Average reward,         | 0.869                   |
| AverageDiscountedReturn | 0.796                   |
| AverageReturn           | 0.869                   |
| EnvExecTime             | 48.1                    |
| Itr                     | 88                      |
| MaxReturn               | 0.974                   |
| MinReturn               | 0.583                   |
| NumTrajs                | 10000                   |
| PolicyExecTime          | 31.6                    |
| StdReturn               | 0.0664                  |
| entropy_coefficient     | 0                       |
| hyperparameter_prove... | fixed_literature_der... |
| inner_learning_rate     | 0.0005                  |
| k_steps                 | 3                       |
| meta_batch_size_dist... | 10                      |
| outer_learning_rate     | 0.0005                  |
| outer_update_count      | 89                      |
| outer_update_method     | mrlco_first_order_me... |
| ppo_batch_size_traje... | 20                      |
| query_graph_count       | 80                      |
| seed                    | 0                       |
| split_role              | meta_train_support      |
| split_version           | MARGO-SPLIT-v1          |
| support_graphs_per_m... | 20                      |
| support_trajectories... | 20                      |
| value_clip_epsilon      | 0.2                     |
-----------------------------------------------------
audit health itr 88 ok=False flags=['action_collapse_MEC_0.999']

 ---------------- Iteration 89 ----------------
Sampling set of tasks/goals for this meta-batch...
Warning: No valid output stream.

[Action Choices - Iteration 89]
  Total actions: 200000
  Local (0): 180 (0.1%)
  MEC (1): 199787 (99.9%)
  V2V (2): 33 (0.0%)
Processing samples...
average task losses:  0.027212888
average value losses:  0.0548904
Evaluating adapted task policies on a fresh support sample
Warning: No valid output stream.
Optimizing policy...
Average energy per iteration 89: 60.4464
-----------------------------------------------------
| Average energy,         | 60.4                    |
| Average greedy latency, | 609                     |
| Average latency,        | 635                     |
| Average reward,         | 0.863                   |
| AverageDiscountedReturn | 0.79                    |
| AverageReturn           | 0.863                   |
| EnvExecTime             | 48.2                    |
| Itr                     | 89                      |
| MaxReturn               | 0.972                   |
| MinReturn               | 0.599                   |
| NumTrajs                | 10000                   |
| PolicyExecTime          | 32.7                    |
| StdReturn               | 0.0722                  |
| entropy_coefficient     | 0                       |
| hyperparameter_prove... | fixed_literature_der... |
| inner_learning_rate     | 0.0005                  |
| k_steps                 | 3                       |
| meta_batch_size_dist... | 10                      |
| outer_learning_rate     | 0.0005                  |
| outer_update_count      | 90                      |
| outer_update_method     | mrlco_first_order_me... |
| ppo_batch_size_traje... | 20                      |
| query_graph_count       | 80                      |
| seed                    | 0                       |
| split_role              | meta_train_support      |
| split_version           | MARGO-SPLIT-v1          |
| support_graphs_per_m... | 20                      |
| support_trajectories... | 20                      |
| value_clip_epsilon      | 0.2                     |
-----------------------------------------------------
audit health itr 89 ok=False flags=['action_collapse_MEC_0.999']

 ---------------- Iteration 90 ----------------
Sampling set of tasks/goals for this meta-batch...
Warning: No valid output stream.

[Action Choices - Iteration 90]
  Total actions: 200000
  Local (0): 180 (0.1%)
  MEC (1): 199783 (99.9%)
  V2V (2): 37 (0.0%)
Processing samples...
average task losses:  -0.01919166
average value losses:  0.07325927
Evaluating adapted task policies on a fresh support sample
Warning: No valid output stream.
Optimizing policy...
Average energy per iteration 90: 57.1436
-----------------------------------------------------
| Average energy,         | 57.1                    |
| Average greedy latency, | 604                     |
| Average latency,        | 609                     |
| Average reward,         | 0.866                   |
| AverageDiscountedReturn | 0.793                   |
| AverageReturn           | 0.866                   |
| EnvExecTime             | 50.3                    |
| Itr                     | 90                      |
| MaxReturn               | 0.978                   |
| MinReturn               | 0.538                   |
| NumTrajs                | 10000                   |
| PolicyExecTime          | 29.7                    |
| StdReturn               | 0.0819                  |
| entropy_coefficient     | 0                       |
| hyperparameter_prove... | fixed_literature_der... |
| inner_learning_rate     | 0.0005                  |
| k_steps                 | 3                       |
| meta_batch_size_dist... | 10                      |
| outer_learning_rate     | 0.0005                  |
| outer_update_count      | 91                      |
| outer_update_method     | mrlco_first_order_me... |
| ppo_batch_size_traje... | 20                      |
| query_graph_count       | 80                      |
| seed                    | 0                       |
| split_role              | meta_train_support      |
| split_version           | MARGO-SPLIT-v1          |
| support_graphs_per_m... | 20                      |
| support_trajectories... | 20                      |
| value_clip_epsilon      | 0.2                     |
-----------------------------------------------------
audit health itr 90 ok=False flags=['action_collapse_MEC_0.999']

 ---------------- Iteration 91 ----------------
Sampling set of tasks/goals for this meta-batch...
Warning: No valid output stream.

[Action Choices - Iteration 91]
  Total actions: 200000
  Local (0): 162 (0.1%)
  MEC (1): 199814 (99.9%)
  V2V (2): 24 (0.0%)
Processing samples...
average task losses:  0.00014320402
average value losses:  0.091867544
Evaluating adapted task policies on a fresh support sample
Warning: No valid output stream.
Optimizing policy...
Average energy per iteration 91: 52.1901
-----------------------------------------------------
| Average energy,         | 52.2                    |
| Average greedy latency, | 603                     |
| Average latency,        | 577                     |
| Average reward,         | 0.883                   |
| AverageDiscountedReturn | 0.806                   |
| AverageReturn           | 0.883                   |
| EnvExecTime             | 49.4                    |
| Itr                     | 91                      |
| MaxReturn               | 0.978                   |
| MinReturn               | 0.479                   |
| NumTrajs                | 10000                   |
| PolicyExecTime          | 31.5                    |
| StdReturn               | 0.0549                  |
| entropy_coefficient     | 0                       |
| hyperparameter_prove... | fixed_literature_der... |
| inner_learning_rate     | 0.0005                  |
| k_steps                 | 3                       |
| meta_batch_size_dist... | 10                      |
| outer_learning_rate     | 0.0005                  |
| outer_update_count      | 92                      |
| outer_update_method     | mrlco_first_order_me... |
| ppo_batch_size_traje... | 20                      |
| query_graph_count       | 80                      |
| seed                    | 0                       |
| split_role              | meta_train_support      |
| split_version           | MARGO-SPLIT-v1          |
| support_graphs_per_m... | 20                      |
| support_trajectories... | 20                      |
| value_clip_epsilon      | 0.2                     |
-----------------------------------------------------
audit health itr 91 ok=False flags=['action_collapse_MEC_0.999']

 ---------------- Iteration 92 ----------------
Sampling set of tasks/goals for this meta-batch...
Warning: No valid output stream.

[Action Choices - Iteration 92]
  Total actions: 200000
  Local (0): 164 (0.1%)
  MEC (1): 199799 (99.9%)
  V2V (2): 37 (0.0%)
Processing samples...
average task losses:  -0.002925054
average value losses:  0.058313273
Evaluating adapted task policies on a fresh support sample
Warning: No valid output stream.
Optimizing policy...
Average energy per iteration 92: 53.0249
-----------------------------------------------------
| Average energy,         | 53                      |
| Average greedy latency, | 591                     |
| Average latency,        | 583                     |
| Average reward,         | 0.881                   |
| AverageDiscountedReturn | 0.808                   |
| AverageReturn           | 0.881                   |
| EnvExecTime             | 49.3                    |
| Itr                     | 92                      |
| MaxReturn               | 0.973                   |
| MinReturn               | 0.548                   |
| NumTrajs                | 10000                   |
| PolicyExecTime          | 31.5                    |
| StdReturn               | 0.0772                  |
| entropy_coefficient     | 0                       |
| hyperparameter_prove... | fixed_literature_der... |
| inner_learning_rate     | 0.0005                  |
| k_steps                 | 3                       |
| meta_batch_size_dist... | 10                      |
| outer_learning_rate     | 0.0005                  |
| outer_update_count      | 93                      |
| outer_update_method     | mrlco_first_order_me... |
| ppo_batch_size_traje... | 20                      |
| query_graph_count       | 80                      |
| seed                    | 0                       |
| split_role              | meta_train_support      |
| split_version           | MARGO-SPLIT-v1          |
| support_graphs_per_m... | 20                      |
| support_trajectories... | 20                      |
| value_clip_epsilon      | 0.2                     |
-----------------------------------------------------
audit health itr 92 ok=False flags=['action_collapse_MEC_0.999']

 ---------------- Iteration 93 ----------------
Sampling set of tasks/goals for this meta-batch...
Warning: No valid output stream.

[Action Choices - Iteration 93]
  Total actions: 200000
  Local (0): 203 (0.1%)
  MEC (1): 199761 (99.9%)
  V2V (2): 36 (0.0%)
Processing samples...
average task losses:  -0.0059934626
average value losses:  0.03740997
Evaluating adapted task policies on a fresh support sample
Warning: No valid output stream.
Optimizing policy...
Average energy per iteration 93: 67.1873
-----------------------------------------------------
| Average energy,         | 67.2                    |
| Average greedy latency, | 632                     |
| Average latency,        | 690                     |
| Average reward,         | 0.847                   |
| AverageDiscountedReturn | 0.776                   |
| AverageReturn           | 0.847                   |
| EnvExecTime             | 49.3                    |
| Itr                     | 93                      |
| MaxReturn               | 0.974                   |
| MinReturn               | 0.558                   |
| NumTrajs                | 10000                   |
| PolicyExecTime          | 31.1                    |
| StdReturn               | 0.0793                  |
| entropy_coefficient     | 0                       |
| hyperparameter_prove... | fixed_literature_der... |
| inner_learning_rate     | 0.0005                  |
| k_steps                 | 3                       |
| meta_batch_size_dist... | 10                      |
| outer_learning_rate     | 0.0005                  |
| outer_update_count      | 94                      |
| outer_update_method     | mrlco_first_order_me... |
| ppo_batch_size_traje... | 20                      |
| query_graph_count       | 80                      |
| seed                    | 0                       |
| split_role              | meta_train_support      |
| split_version           | MARGO-SPLIT-v1          |
| support_graphs_per_m... | 20                      |
| support_trajectories... | 20                      |
| value_clip_epsilon      | 0.2                     |
-----------------------------------------------------
audit health itr 93 ok=False flags=['action_collapse_MEC_0.999']

 ---------------- Iteration 94 ----------------
Sampling set of tasks/goals for this meta-batch...
Warning: No valid output stream.

[Action Choices - Iteration 94]
  Total actions: 200000
  Local (0): 199 (0.1%)
  MEC (1): 199757 (99.9%)
  V2V (2): 44 (0.0%)
Processing samples...
average task losses:  -0.04400278
average value losses:  0.04685622
Evaluating adapted task policies on a fresh support sample
Warning: No valid output stream.
Optimizing policy...
Average energy per iteration 94: 54.1475
-----------------------------------------------------
| Average energy,         | 54.1                    |
| Average greedy latency, | 599                     |
| Average latency,        | 584                     |
| Average reward,         | 0.878                   |
| AverageDiscountedReturn | 0.805                   |
| AverageReturn           | 0.878                   |
| EnvExecTime             | 47.8                    |
| Itr                     | 94                      |
| MaxReturn               | 0.979                   |
| MinReturn               | 0.525                   |
| NumTrajs                | 10000                   |
| PolicyExecTime          | 33                      |
| StdReturn               | 0.0787                  |
| entropy_coefficient     | 0                       |
| hyperparameter_prove... | fixed_literature_der... |
| inner_learning_rate     | 0.0005                  |
| k_steps                 | 3                       |
| meta_batch_size_dist... | 10                      |
| outer_learning_rate     | 0.0005                  |
| outer_update_count      | 95                      |
| outer_update_method     | mrlco_first_order_me... |
| ppo_batch_size_traje... | 20                      |
| query_graph_count       | 80                      |
| seed                    | 0                       |
| split_role              | meta_train_support      |
| split_version           | MARGO-SPLIT-v1          |
| support_graphs_per_m... | 20                      |
| support_trajectories... | 20                      |
| value_clip_epsilon      | 0.2                     |
-----------------------------------------------------
audit health itr 94 ok=False flags=['action_collapse_MEC_0.999']

 ---------------- Iteration 95 ----------------
Sampling set of tasks/goals for this meta-batch...
Warning: No valid output stream.

[Action Choices - Iteration 95]
  Total actions: 200000
  Local (0): 177 (0.1%)
  MEC (1): 199787 (99.9%)
  V2V (2): 36 (0.0%)
Processing samples...
average task losses:  0.016960708
average value losses:  0.048649263
Evaluating adapted task policies on a fresh support sample
Warning: No valid output stream.
Optimizing policy...
Average energy per iteration 95: 52.1904
-----------------------------------------------------
| Average energy,         | 52.2                    |
| Average greedy latency, | 599                     |
| Average latency,        | 585                     |
| Average reward,         | 0.875                   |
| AverageDiscountedReturn | 0.798                   |
| AverageReturn           | 0.875                   |
| EnvExecTime             | 51.4                    |
| Itr                     | 95                      |
| MaxReturn               | 0.973                   |
| MinReturn               | 0.535                   |
| NumTrajs                | 10000                   |
| PolicyExecTime          | 33                      |
| StdReturn               | 0.074                   |
| entropy_coefficient     | 0                       |
| hyperparameter_prove... | fixed_literature_der... |
| inner_learning_rate     | 0.0005                  |
| k_steps                 | 3                       |
| meta_batch_size_dist... | 10                      |
| outer_learning_rate     | 0.0005                  |
| outer_update_count      | 96                      |
| outer_update_method     | mrlco_first_order_me... |
| ppo_batch_size_traje... | 20                      |
| query_graph_count       | 80                      |
| seed                    | 0                       |
| split_role              | meta_train_support      |
| split_version           | MARGO-SPLIT-v1          |
| support_graphs_per_m... | 20                      |
| support_trajectories... | 20                      |
| value_clip_epsilon      | 0.2                     |
-----------------------------------------------------
audit health itr 95 ok=False flags=['action_collapse_MEC_0.999']

 ---------------- Iteration 96 ----------------
Sampling set of tasks/goals for this meta-batch...
Warning: No valid output stream.

[Action Choices - Iteration 96]
  Total actions: 200000
  Local (0): 199 (0.1%)
  MEC (1): 199771 (99.9%)
  V2V (2): 30 (0.0%)
Processing samples...
average task losses:  0.031655077
average value losses:  0.07528193
Evaluating adapted task policies on a fresh support sample
Warning: No valid output stream.
Optimizing policy...
Average energy per iteration 96: 64.7634
-----------------------------------------------------
| Average energy,         | 64.8                    |
| Average greedy latency, | 625                     |
| Average latency,        | 671                     |
| Average reward,         | 0.859                   |
| AverageDiscountedReturn | 0.788                   |
| AverageReturn           | 0.859                   |
| EnvExecTime             | 49.5                    |
| Itr                     | 96                      |
| MaxReturn               | 0.974                   |
| MinReturn               | 0.543                   |
| NumTrajs                | 10000                   |
| PolicyExecTime          | 33.1                    |
| StdReturn               | 0.0775                  |
| entropy_coefficient     | 0                       |
| hyperparameter_prove... | fixed_literature_der... |
| inner_learning_rate     | 0.0005                  |
| k_steps                 | 3                       |
| meta_batch_size_dist... | 10                      |
| outer_learning_rate     | 0.0005                  |
| outer_update_count      | 97                      |
| outer_update_method     | mrlco_first_order_me... |
| ppo_batch_size_traje... | 20                      |
| query_graph_count       | 80                      |
| seed                    | 0                       |
| split_role              | meta_train_support      |
| split_version           | MARGO-SPLIT-v1          |
| support_graphs_per_m... | 20                      |
| support_trajectories... | 20                      |
| value_clip_epsilon      | 0.2                     |
-----------------------------------------------------
audit health itr 96 ok=False flags=['action_collapse_MEC_0.998']

 ---------------- Iteration 97 ----------------
Sampling set of tasks/goals for this meta-batch...
Warning: No valid output stream.

[Action Choices - Iteration 97]
  Total actions: 200000
  Local (0): 253 (0.1%)
  MEC (1): 199700 (99.9%)
  V2V (2): 47 (0.0%)
Processing samples...
average task losses:  0.009229597
average value losses:  0.061584525
Evaluating adapted task policies on a fresh support sample
Warning: No valid output stream.
Optimizing policy...
Average energy per iteration 97: 66.0000
-----------------------------------------------------
| Average energy,         | 66                      |
| Average greedy latency, | 624                     |
| Average latency,        | 669                     |
| Average reward,         | 0.854                   |
| AverageDiscountedReturn | 0.783                   |
| AverageReturn           | 0.854                   |
| EnvExecTime             | 50.5                    |
| Itr                     | 97                      |
| MaxReturn               | 0.978                   |
| MinReturn               | 0.525                   |
| NumTrajs                | 10000                   |
| PolicyExecTime          | 32.9                    |
| StdReturn               | 0.0847                  |
| entropy_coefficient     | 0                       |
| hyperparameter_prove... | fixed_literature_der... |
| inner_learning_rate     | 0.0005                  |
| k_steps                 | 3                       |
| meta_batch_size_dist... | 10                      |
| outer_learning_rate     | 0.0005                  |
| outer_update_count      | 98                      |
| outer_update_method     | mrlco_first_order_me... |
| ppo_batch_size_traje... | 20                      |
| query_graph_count       | 80                      |
| seed                    | 0                       |
| split_role              | meta_train_support      |
| split_version           | MARGO-SPLIT-v1          |
| support_graphs_per_m... | 20                      |
| support_trajectories... | 20                      |
| value_clip_epsilon      | 0.2                     |
-----------------------------------------------------
audit health itr 97 ok=False flags=['action_collapse_MEC_0.998']

 ---------------- Iteration 98 ----------------
Sampling set of tasks/goals for this meta-batch...
Warning: No valid output stream.

[Action Choices - Iteration 98]
  Total actions: 200000
  Local (0): 233 (0.1%)
  MEC (1): 199724 (99.9%)
  V2V (2): 43 (0.0%)
Processing samples...
average task losses:  0.022745406
average value losses:  0.038343746
Evaluating adapted task policies on a fresh support sample
Warning: No valid output stream.
Optimizing policy...
Average energy per iteration 98: 66.1699
-----------------------------------------------------
| Average energy,         | 66.2                    |
| Average greedy latency, | 619                     |
| Average latency,        | 670                     |
| Average reward,         | 0.856                   |
| AverageDiscountedReturn | 0.785                   |
| AverageReturn           | 0.856                   |
| EnvExecTime             | 48.8                    |
| Itr                     | 98                      |
| MaxReturn               | 0.979                   |
| MinReturn               | 0.533                   |
| NumTrajs                | 10000                   |
| PolicyExecTime          | 33.2                    |
| StdReturn               | 0.0868                  |
| entropy_coefficient     | 0                       |
| hyperparameter_prove... | fixed_literature_der... |
| inner_learning_rate     | 0.0005                  |
| k_steps                 | 3                       |
| meta_batch_size_dist... | 10                      |
| outer_learning_rate     | 0.0005                  |
| outer_update_count      | 99                      |
| outer_update_method     | mrlco_first_order_me... |
| ppo_batch_size_traje... | 20                      |
| query_graph_count       | 80                      |
| seed                    | 0                       |
| split_role              | meta_train_support      |
| split_version           | MARGO-SPLIT-v1          |
| support_graphs_per_m... | 20                      |
| support_trajectories... | 20                      |
| value_clip_epsilon      | 0.2                     |
-----------------------------------------------------
audit health itr 98 ok=False flags=['action_collapse_MEC_0.998']

 ---------------- Iteration 99 ----------------
Sampling set of tasks/goals for this meta-batch...
Warning: No valid output stream.

[Action Choices - Iteration 99]
  Total actions: 200000
  Local (0): 241 (0.1%)
  MEC (1): 199695 (99.8%)
  V2V (2): 64 (0.0%)
Processing samples...
average task losses:  -0.008617606
average value losses:  0.057679374
Evaluating adapted task policies on a fresh support sample
Warning: No valid output stream.
Optimizing policy...
Average energy per iteration 99: 54.9338
-----------------------------------------------------
| Average energy,         | 54.9                    |
| Average greedy latency, | 604                     |
| Average latency,        | 591                     |
| Average reward,         | 0.876                   |
| AverageDiscountedReturn | 0.802                   |
| AverageReturn           | 0.876                   |
| EnvExecTime             | 48.4                    |
| Itr                     | 99                      |
| MaxReturn               | 0.973                   |
| MinReturn               | 0.598                   |
| NumTrajs                | 10000                   |
| PolicyExecTime          | 32.7                    |
| StdReturn               | 0.0699                  |
| entropy_coefficient     | 0                       |
| hyperparameter_prove... | fixed_literature_der... |
| inner_learning_rate     | 0.0005                  |
| k_steps                 | 3                       |
| meta_batch_size_dist... | 10                      |
| outer_learning_rate     | 0.0005                  |
| outer_update_count      | 100                     |
| outer_update_method     | mrlco_first_order_me... |
| ppo_batch_size_traje... | 20                      |
| query_graph_count       | 80                      |
| seed                    | 0                       |
| split_role              | meta_train_support      |
| split_version           | MARGO-SPLIT-v1          |
| support_graphs_per_m... | 20                      |
| support_trajectories... | 20                      |
| value_clip_epsilon      | 0.2                     |
-----------------------------------------------------
audit health itr 99 ok=False flags=['action_collapse_MEC_0.999']

 ---------------- Iteration 100 ----------------
Sampling set of tasks/goals for this meta-batch...
Warning: No valid output stream.

[Action Choices - Iteration 100]
  Total actions: 200000
  Local (0): 270 (0.1%)
  MEC (1): 199673 (99.8%)
  V2V (2): 57 (0.0%)
Processing samples...
average task losses:  -0.013941968
average value losses:  0.068442024
Evaluating adapted task policies on a fresh support sample
Warning: No valid output stream.
Optimizing policy...
Average energy per iteration 100: 62.6933
Warning: No valid output stream.
Warning: No valid output stream.
Warning: No valid output stream.
Warning: No valid output stream.
Warning: No valid output stream.
Warning: No valid output stream.
Warning: No valid output stream.
Warning: No valid output stream.
Warning: No valid output stream.
Warning: No valid output stream.
Warning: No valid output stream.
Warning: No valid output stream.
Warning: No valid output stream.
Warning: No valid output stream.
Warning: No valid output stream.
-----------------------------------------------------
| Average energy,         | 62.7                    |
| Average greedy latency, | 602                     |
| Average latency,        | 643                     |
| Average reward,         | 0.855                   |
| AverageDiscountedReturn | 0.784                   |
| AverageReturn           | 0.855                   |
| EnvExecTime             | 48.4                    |
| Itr                     | 100                     |
| MaxReturn               | 0.978                   |
| MinReturn               | 0.522                   |
| NumTrajs                | 10000                   |
| PolicyExecTime          | 32.9                    |
| StdReturn               | 0.0864                  |
| checkpoint_is_best_val  | 1                       |
| checkpoint_selection... | validation_query_com... |
| entropy_coefficient     | 0                       |
| hyperparameter_prove... | fixed_literature_der... |
| inner_learning_rate     | 0.0005                  |
| k_steps                 | 3                       |
| meta_batch_size_dist... | 10                      |
| outer_learning_rate     | 0.0005                  |
| outer_update_count      | 101                     |
| outer_update_method     | mrlco_first_order_me... |
| ppo_batch_size_traje... | 20                      |
| query_graph_count       | 80                      |
| seed                    | 0                       |
| split_role              | meta_train_support      |
| split_version           | MARGO-SPLIT-v1          |
| support_graphs_per_m... | 20                      |
| support_trajectories... | 20                      |
| validation_query_com... | 0.864                   |
| validation_query_mea... | 631                     |
| value_clip_epsilon      | 0.2                     |
-----------------------------------------------------
audit health itr 100 ok=False flags=['action_collapse_MEC_0.998']

 ---------------- Iteration 101 ----------------
Sampling set of tasks/goals for this meta-batch...
Warning: No valid output stream.

[Action Choices - Iteration 101]
  Total actions: 200000
  Local (0): 254 (0.1%)
  MEC (1): 199693 (99.8%)
  V2V (2): 53 (0.0%)
Processing samples...
average task losses:  0.027130954
average value losses:  0.071125045
Evaluating adapted task policies on a fresh support sample
Warning: No valid output stream.
Optimizing policy...
Average energy per iteration 101: 51.6026
-----------------------------------------------------
| Average energy,         | 51.6                    |
| Average greedy latency, | 592                     |
| Average latency,        | 558                     |
| Average reward,         | 0.884                   |
| AverageDiscountedReturn | 0.808                   |
| AverageReturn           | 0.884                   |
| EnvExecTime             | 50.2                    |
| Itr                     | 101                     |
| MaxReturn               | 0.973                   |
| MinReturn               | 0.522                   |
| NumTrajs                | 10000                   |
| PolicyExecTime          | 32.2                    |
| StdReturn               | 0.0701                  |
| entropy_coefficient     | 0                       |
| hyperparameter_prove... | fixed_literature_der... |
| inner_learning_rate     | 0.0005                  |
| k_steps                 | 3                       |
| meta_batch_size_dist... | 10                      |
| outer_learning_rate     | 0.0005                  |
| outer_update_count      | 102                     |
| outer_update_method     | mrlco_first_order_me... |
| ppo_batch_size_traje... | 20                      |
| query_graph_count       | 80                      |
| seed                    | 0                       |
| split_role              | meta_train_support      |
| split_version           | MARGO-SPLIT-v1          |
| support_graphs_per_m... | 20                      |
| support_trajectories... | 20                      |
| value_clip_epsilon      | 0.2                     |
-----------------------------------------------------
audit health itr 101 ok=False flags=['action_collapse_MEC_0.998']

 ---------------- Iteration 102 ----------------
Sampling set of tasks/goals for this meta-batch...
Warning: No valid output stream.

[Action Choices - Iteration 102]
  Total actions: 200000
  Local (0): 316 (0.2%)
  MEC (1): 199619 (99.8%)
  V2V (2): 65 (0.0%)
Processing samples...
average task losses:  0.016328348
average value losses:  0.029303372
Evaluating adapted task policies on a fresh support sample
Warning: No valid output stream.
Optimizing policy...
Average energy per iteration 102: 64.8184
-----------------------------------------------------
| Average energy,         | 64.8                    |
| Average greedy latency, | 611                     |
| Average latency,        | 661                     |
| Average reward,         | 0.858                   |
| AverageDiscountedReturn | 0.786                   |
| AverageReturn           | 0.858                   |
| EnvExecTime             | 49.6                    |
| Itr                     | 102                     |
| MaxReturn               | 0.978                   |
| MinReturn               | 0.515                   |
| NumTrajs                | 10000                   |
| PolicyExecTime          | 32.7                    |
| StdReturn               | 0.0818                  |
| entropy_coefficient     | 0                       |
| hyperparameter_prove... | fixed_literature_der... |
| inner_learning_rate     | 0.0005                  |
| k_steps                 | 3                       |
| meta_batch_size_dist... | 10                      |
| outer_learning_rate     | 0.0005                  |
| outer_update_count      | 103                     |
| outer_update_method     | mrlco_first_order_me... |
| ppo_batch_size_traje... | 20                      |
| query_graph_count       | 80                      |
| seed                    | 0                       |
| split_role              | meta_train_support      |
| split_version           | MARGO-SPLIT-v1          |
| support_graphs_per_m... | 20                      |
| support_trajectories... | 20                      |
| value_clip_epsilon      | 0.2                     |
-----------------------------------------------------
audit health itr 102 ok=False flags=['action_collapse_MEC_0.998']

 ---------------- Iteration 103 ----------------
Sampling set of tasks/goals for this meta-batch...
Warning: No valid output stream.

[Action Choices - Iteration 103]
  Total actions: 200000
  Local (0): 405 (0.2%)
  MEC (1): 199532 (99.8%)
  V2V (2): 63 (0.0%)
Processing samples...
average task losses:  -0.010319029
average value losses:  0.053066913
Evaluating adapted task policies on a fresh support sample
Warning: No valid output stream.
Optimizing policy...
Average energy per iteration 103: 64.9990
-----------------------------------------------------
| Average energy,         | 65                      |
| Average greedy latency, | 623                     |
| Average latency,        | 667                     |
| Average reward,         | 0.848                   |
| AverageDiscountedReturn | 0.776                   |
| AverageReturn           | 0.848                   |
| EnvExecTime             | 49.2                    |
| Itr                     | 103                     |
| MaxReturn               | 0.978                   |
| MinReturn               | 0.515                   |
| NumTrajs                | 10000                   |
| PolicyExecTime          | 32.8                    |
| StdReturn               | 0.0843                  |
| entropy_coefficient     | 0                       |
| hyperparameter_prove... | fixed_literature_der... |
| inner_learning_rate     | 0.0005                  |
| k_steps                 | 3                       |
| meta_batch_size_dist... | 10                      |
| outer_learning_rate     | 0.0005                  |
| outer_update_count      | 104                     |
| outer_update_method     | mrlco_first_order_me... |
| ppo_batch_size_traje... | 20                      |
| query_graph_count       | 80                      |
| seed                    | 0                       |
| split_role              | meta_train_support      |
| split_version           | MARGO-SPLIT-v1          |
| support_graphs_per_m... | 20                      |
| support_trajectories... | 20                      |
| value_clip_epsilon      | 0.2                     |
-----------------------------------------------------
audit health itr 103 ok=False flags=['action_collapse_MEC_0.998']

 ---------------- Iteration 104 ----------------
Sampling set of tasks/goals for this meta-batch...
Warning: No valid output stream.

[Action Choices - Iteration 104]
  Total actions: 200000
  Local (0): 352 (0.2%)
  MEC (1): 199594 (99.8%)
  V2V (2): 54 (0.0%)
Processing samples...
average task losses:  -0.008675953
average value losses:  0.05598358
Evaluating adapted task policies on a fresh support sample
Warning: No valid output stream.
Optimizing policy...
Average energy per iteration 104: 62.8399
-----------------------------------------------------
| Average energy,         | 62.8                    |
| Average greedy latency, | 620                     |
| Average latency,        | 653                     |
| Average reward,         | 0.857                   |
| AverageDiscountedReturn | 0.783                   |
| AverageReturn           | 0.857                   |
| EnvExecTime             | 49.9                    |
| Itr                     | 104                     |
| MaxReturn               | 0.976                   |
| MinReturn               | 0.534                   |
| NumTrajs                | 10000                   |
| PolicyExecTime          | 32.4                    |
| StdReturn               | 0.0802                  |
| entropy_coefficient     | 0                       |
| hyperparameter_prove... | fixed_literature_der... |
| inner_learning_rate     | 0.0005                  |
| k_steps                 | 3                       |
| meta_batch_size_dist... | 10                      |
| outer_learning_rate     | 0.0005                  |
| outer_update_count      | 105                     |
| outer_update_method     | mrlco_first_order_me... |
| ppo_batch_size_traje... | 20                      |
| query_graph_count       | 80                      |
| seed                    | 0                       |
| split_role              | meta_train_support      |
| split_version           | MARGO-SPLIT-v1          |
| support_graphs_per_m... | 20                      |
| support_trajectories... | 20                      |
| value_clip_epsilon      | 0.2                     |
-----------------------------------------------------
audit health itr 104 ok=False flags=['action_collapse_MEC_0.997']

 ---------------- Iteration 105 ----------------
Sampling set of tasks/goals for this meta-batch...
Warning: No valid output stream.

[Action Choices - Iteration 105]
  Total actions: 200000
  Local (0): 399 (0.2%)
  MEC (1): 199505 (99.8%)
  V2V (2): 96 (0.0%)
Processing samples...
average task losses:  -0.047856443
average value losses:  0.039545886
Evaluating adapted task policies on a fresh support sample
Warning: No valid output stream.
Optimizing policy...
Average energy per iteration 105: 61.7200
-----------------------------------------------------
| Average energy,         | 61.7                    |
| Average greedy latency, | 616                     |
| Average latency,        | 629                     |
| Average reward,         | 0.862                   |
| AverageDiscountedReturn | 0.789                   |
| AverageReturn           | 0.862                   |
| EnvExecTime             | 49                      |
| Itr                     | 105                     |
| MaxReturn               | 0.978                   |
| MinReturn               | 0.524                   |
| NumTrajs                | 10000                   |
| PolicyExecTime          | 32.3                    |
| StdReturn               | 0.0827                  |
| entropy_coefficient     | 0                       |
| hyperparameter_prove... | fixed_literature_der... |
| inner_learning_rate     | 0.0005                  |
| k_steps                 | 3                       |
| meta_batch_size_dist... | 10                      |
| outer_learning_rate     | 0.0005                  |
| outer_update_count      | 106                     |
| outer_update_method     | mrlco_first_order_me... |
| ppo_batch_size_traje... | 20                      |
| query_graph_count       | 80                      |
| seed                    | 0                       |
| split_role              | meta_train_support      |
| split_version           | MARGO-SPLIT-v1          |
| support_graphs_per_m... | 20                      |
| support_trajectories... | 20                      |
| value_clip_epsilon      | 0.2                     |
-----------------------------------------------------
audit health itr 105 ok=False flags=['action_collapse_MEC_0.997']

 ---------------- Iteration 106 ----------------
Sampling set of tasks/goals for this meta-batch...
Warning: No valid output stream.

[Action Choices - Iteration 106]
  Total actions: 200000
  Local (0): 471 (0.2%)
  MEC (1): 199438 (99.7%)
  V2V (2): 91 (0.0%)
Processing samples...
average task losses:  -0.021282336
average value losses:  0.032446124
Evaluating adapted task policies on a fresh support sample
Warning: No valid output stream.
Optimizing policy...
Average energy per iteration 106: 61.2712
-----------------------------------------------------
| Average energy,         | 61.3                    |
| Average greedy latency, | 617                     |
| Average latency,        | 632                     |
| Average reward,         | 0.859                   |
| AverageDiscountedReturn | 0.786                   |
| AverageReturn           | 0.859                   |
| EnvExecTime             | 47.6                    |
| Itr                     | 106                     |
| MaxReturn               | 0.973                   |
| MinReturn               | 0.554                   |
| NumTrajs                | 10000                   |
| PolicyExecTime          | 32.6                    |
| StdReturn               | 0.0812                  |
| entropy_coefficient     | 0                       |
| hyperparameter_prove... | fixed_literature_der... |
| inner_learning_rate     | 0.0005                  |
| k_steps                 | 3                       |
| meta_batch_size_dist... | 10                      |
| outer_learning_rate     | 0.0005                  |
| outer_update_count      | 107                     |
| outer_update_method     | mrlco_first_order_me... |
| ppo_batch_size_traje... | 20                      |
| query_graph_count       | 80                      |
| seed                    | 0                       |
| split_role              | meta_train_support      |
| split_version           | MARGO-SPLIT-v1          |
| support_graphs_per_m... | 20                      |
| support_trajectories... | 20                      |
| value_clip_epsilon      | 0.2                     |
-----------------------------------------------------
audit health itr 106 ok=False flags=['action_collapse_MEC_0.997']

 ---------------- Iteration 107 ----------------
Sampling set of tasks/goals for this meta-batch...
Warning: No valid output stream.

[Action Choices - Iteration 107]
  Total actions: 200000
  Local (0): 472 (0.2%)
  MEC (1): 199423 (99.7%)
  V2V (2): 105 (0.1%)
Processing samples...
average task losses:  0.013493586
average value losses:  0.04448615
Evaluating adapted task policies on a fresh support sample
Warning: No valid output stream.
Optimizing policy...
Average energy per iteration 107: 66.1233
-----------------------------------------------------
| Average energy,         | 66.1                    |
| Average greedy latency, | 623                     |
| Average latency,        | 663                     |
| Average reward,         | 0.846                   |
| AverageDiscountedReturn | 0.775                   |
| AverageReturn           | 0.846                   |
| EnvExecTime             | 50.4                    |
| Itr                     | 107                     |
| MaxReturn               | 0.978                   |
| MinReturn               | 0.531                   |
| NumTrajs                | 10000                   |
| PolicyExecTime          | 32.1                    |
| StdReturn               | 0.0818                  |
| entropy_coefficient     | 0                       |
| hyperparameter_prove... | fixed_literature_der... |
| inner_learning_rate     | 0.0005                  |
| k_steps                 | 3                       |
| meta_batch_size_dist... | 10                      |
| outer_learning_rate     | 0.0005                  |
| outer_update_count      | 108                     |
| outer_update_method     | mrlco_first_order_me... |
| ppo_batch_size_traje... | 20                      |
| query_graph_count       | 80                      |
| seed                    | 0                       |
| split_role              | meta_train_support      |
| split_version           | MARGO-SPLIT-v1          |
| support_graphs_per_m... | 20                      |
| support_trajectories... | 20                      |
| value_clip_epsilon      | 0.2                     |
-----------------------------------------------------
audit health itr 107 ok=False flags=['action_collapse_MEC_0.997']

 ---------------- Iteration 108 ----------------
Sampling set of tasks/goals for this meta-batch...
Warning: No valid output stream.

[Action Choices - Iteration 108]
  Total actions: 200000
  Local (0): 541 (0.3%)
  MEC (1): 199336 (99.7%)
  V2V (2): 123 (0.1%)
Processing samples...
average task losses:  -0.0045740535
average value losses:  0.040381458
Evaluating adapted task policies on a fresh support sample
Warning: No valid output stream.
Optimizing policy...
Average energy per iteration 108: 67.8055
-----------------------------------------------------
| Average energy,         | 67.8                    |
| Average greedy latency, | 611                     |
| Average latency,        | 669                     |
| Average reward,         | 0.858                   |
| AverageDiscountedReturn | 0.786                   |
| AverageReturn           | 0.858                   |
| EnvExecTime             | 48                      |
| Itr                     | 108                     |
| MaxReturn               | 0.978                   |
| MinReturn               | 0.561                   |
| NumTrajs                | 10000                   |
| PolicyExecTime          | 32.7                    |
| StdReturn               | 0.0797                  |
| entropy_coefficient     | 0                       |
| hyperparameter_prove... | fixed_literature_der... |
| inner_learning_rate     | 0.0005                  |
| k_steps                 | 3                       |
| meta_batch_size_dist... | 10                      |
| outer_learning_rate     | 0.0005                  |
| outer_update_count      | 109                     |
| outer_update_method     | mrlco_first_order_me... |
| ppo_batch_size_traje... | 20                      |
| query_graph_count       | 80                      |
| seed                    | 0                       |
| split_role              | meta_train_support      |
| split_version           | MARGO-SPLIT-v1          |
| support_graphs_per_m... | 20                      |
| support_trajectories... | 20                      |
| value_clip_epsilon      | 0.2                     |
-----------------------------------------------------
audit health itr 108 ok=False flags=['action_collapse_MEC_0.996']

 ---------------- Iteration 109 ----------------
Sampling set of tasks/goals for this meta-batch...
Warning: No valid output stream.

[Action Choices - Iteration 109]
  Total actions: 200000
  Local (0): 511 (0.3%)
  MEC (1): 199368 (99.7%)
  V2V (2): 121 (0.1%)
Processing samples...
average task losses:  -0.030530425
average value losses:  0.035348058
Evaluating adapted task policies on a fresh support sample
Warning: No valid output stream.
Optimizing policy...
Average energy per iteration 109: 55.3703
-----------------------------------------------------
| Average energy,         | 55.4                    |
| Average greedy latency, | 590                     |
| Average latency,        | 560                     |
| Average reward,         | 0.889                   |
| AverageDiscountedReturn | 0.815                   |
| AverageReturn           | 0.889                   |
| EnvExecTime             | 47.4                    |
| Itr                     | 109                     |
| MaxReturn               | 0.978                   |
| MinReturn               | 0.547                   |
| NumTrajs                | 10000                   |
| PolicyExecTime          | 32.4                    |
| StdReturn               | 0.0635                  |
| entropy_coefficient     | 0                       |
| hyperparameter_prove... | fixed_literature_der... |
| inner_learning_rate     | 0.0005                  |
| k_steps                 | 3                       |
| meta_batch_size_dist... | 10                      |
| outer_learning_rate     | 0.0005                  |
| outer_update_count      | 110                     |
| outer_update_method     | mrlco_first_order_me... |
| ppo_batch_size_traje... | 20                      |
| query_graph_count       | 80                      |
| seed                    | 0                       |
| split_role              | meta_train_support      |
| split_version           | MARGO-SPLIT-v1          |
| support_graphs_per_m... | 20                      |
| support_trajectories... | 20                      |
| value_clip_epsilon      | 0.2                     |
-----------------------------------------------------
audit health itr 109 ok=False flags=['action_collapse_MEC_0.996']

 ---------------- Iteration 110 ----------------
Sampling set of tasks/goals for this meta-batch...
Warning: No valid output stream.

[Action Choices - Iteration 110]
  Total actions: 200000
  Local (0): 490 (0.2%)
  MEC (1): 199407 (99.7%)
  V2V (2): 103 (0.1%)
Processing samples...
average task losses:  0.006471322
average value losses:  0.03624286
Evaluating adapted task policies on a fresh support sample
Warning: No valid output stream.
Optimizing policy...
Average energy per iteration 110: 55.7818
-----------------------------------------------------
| Average energy,         | 55.8                    |
| Average greedy latency, | 599                     |
| Average latency,        | 586                     |
| Average reward,         | 0.873                   |
| AverageDiscountedReturn | 0.798                   |
| AverageReturn           | 0.873                   |
| EnvExecTime             | 50.1                    |
| Itr                     | 110                     |
| MaxReturn               | 0.972                   |
| MinReturn               | 0.512                   |
| NumTrajs                | 10000                   |
| PolicyExecTime          | 31.9                    |
| StdReturn               | 0.0736                  |
| entropy_coefficient     | 0                       |
| hyperparameter_prove... | fixed_literature_der... |
| inner_learning_rate     | 0.0005                  |
| k_steps                 | 3                       |
| meta_batch_size_dist... | 10                      |
| outer_learning_rate     | 0.0005                  |
| outer_update_count      | 111                     |
| outer_update_method     | mrlco_first_order_me... |
| ppo_batch_size_traje... | 20                      |
| query_graph_count       | 80                      |
| seed                    | 0                       |
| split_role              | meta_train_support      |
| split_version           | MARGO-SPLIT-v1          |
| support_graphs_per_m... | 20                      |
| support_trajectories... | 20                      |
| value_clip_epsilon      | 0.2                     |
-----------------------------------------------------
audit health itr 110 ok=False flags=['action_collapse_MEC_0.997']

 ---------------- Iteration 111 ----------------
Sampling set of tasks/goals for this meta-batch...
Warning: No valid output stream.

[Action Choices - Iteration 111]
  Total actions: 200000
  Local (0): 523 (0.3%)
  MEC (1): 199359 (99.7%)
  V2V (2): 118 (0.1%)
Processing samples...
average task losses:  -0.02729292
average value losses:  0.040266104
Evaluating adapted task policies on a fresh support sample
Warning: No valid output stream.
Optimizing policy...
Average energy per iteration 111: 66.5198
-----------------------------------------------------
| Average energy,         | 66.5                    |
| Average greedy latency, | 619                     |
| Average latency,        | 659                     |
| Average reward,         | 0.848                   |
| AverageDiscountedReturn | 0.776                   |
| AverageReturn           | 0.848                   |
| EnvExecTime             | 49                      |
| Itr                     | 111                     |
| MaxReturn               | 0.97                    |
| MinReturn               | 0.52                    |
| NumTrajs                | 10000                   |
| PolicyExecTime          | 32.4                    |
| StdReturn               | 0.0835                  |
| entropy_coefficient     | 0                       |
| hyperparameter_prove... | fixed_literature_der... |
| inner_learning_rate     | 0.0005                  |
| k_steps                 | 3                       |
| meta_batch_size_dist... | 10                      |
| outer_learning_rate     | 0.0005                  |
| outer_update_count      | 112                     |
| outer_update_method     | mrlco_first_order_me... |
| ppo_batch_size_traje... | 20                      |
| query_graph_count       | 80                      |
| seed                    | 0                       |
| split_role              | meta_train_support      |
| split_version           | MARGO-SPLIT-v1          |
| support_graphs_per_m... | 20                      |
| support_trajectories... | 20                      |
| value_clip_epsilon      | 0.2                     |
-----------------------------------------------------
audit health itr 111 ok=False flags=['action_collapse_MEC_0.996']

 ---------------- Iteration 112 ----------------
Sampling set of tasks/goals for this meta-batch...
Warning: No valid output stream.

[Action Choices - Iteration 112]
  Total actions: 200000
  Local (0): 465 (0.2%)
  MEC (1): 199433 (99.7%)
  V2V (2): 102 (0.1%)
Processing samples...
average task losses:  0.011858156
average value losses:  0.037446547
Evaluating adapted task policies on a fresh support sample
Warning: No valid output stream.
Optimizing policy...
Average energy per iteration 112: 63.1533
-----------------------------------------------------
| Average energy,         | 63.2                    |
| Average greedy latency, | 623                     |
| Average latency,        | 659                     |
| Average reward,         | 0.852                   |
| AverageDiscountedReturn | 0.778                   |
| AverageReturn           | 0.852                   |
| EnvExecTime             | 49.7                    |
| Itr                     | 112                     |
| MaxReturn               | 0.979                   |
| MinReturn               | 0.5                     |
| NumTrajs                | 10000                   |
| PolicyExecTime          | 32.2                    |
| StdReturn               | 0.086                   |
| entropy_coefficient     | 0                       |
| hyperparameter_prove... | fixed_literature_der... |
| inner_learning_rate     | 0.0005                  |
| k_steps                 | 3                       |
| meta_batch_size_dist... | 10                      |
| outer_learning_rate     | 0.0005                  |
| outer_update_count      | 113                     |
| outer_update_method     | mrlco_first_order_me... |
| ppo_batch_size_traje... | 20                      |
| query_graph_count       | 80                      |
| seed                    | 0                       |
| split_role              | meta_train_support      |
| split_version           | MARGO-SPLIT-v1          |
| support_graphs_per_m... | 20                      |
| support_trajectories... | 20                      |
| value_clip_epsilon      | 0.2                     |
-----------------------------------------------------
audit health itr 112 ok=False flags=['action_collapse_MEC_0.998']

 ---------------- Iteration 113 ----------------
Sampling set of tasks/goals for this meta-batch...
Warning: No valid output stream.

[Action Choices - Iteration 113]
  Total actions: 200000
  Local (0): 389 (0.2%)
  MEC (1): 199507 (99.8%)
  V2V (2): 104 (0.1%)
Processing samples...
average task losses:  0.00025491937
average value losses:  0.036791936
Evaluating adapted task policies on a fresh support sample
Warning: No valid output stream.
Optimizing policy...
Average energy per iteration 113: 60.2891
-----------------------------------------------------
| Average energy,         | 60.3                    |
| Average greedy latency, | 612                     |
| Average latency,        | 615                     |
| Average reward,         | 0.87                    |
| AverageDiscountedReturn | 0.797                   |
| AverageReturn           | 0.87                    |
| EnvExecTime             | 48.4                    |
| Itr                     | 113                     |
| MaxReturn               | 0.974                   |
| MinReturn               | 0.525                   |
| NumTrajs                | 10000                   |
| PolicyExecTime          | 32.5                    |
| StdReturn               | 0.0786                  |
| entropy_coefficient     | 0                       |
| hyperparameter_prove... | fixed_literature_der... |
| inner_learning_rate     | 0.0005                  |
| k_steps                 | 3                       |
| meta_batch_size_dist... | 10                      |
| outer_learning_rate     | 0.0005                  |
| outer_update_count      | 114                     |
| outer_update_method     | mrlco_first_order_me... |
| ppo_batch_size_traje... | 20                      |
| query_graph_count       | 80                      |
| seed                    | 0                       |
| split_role              | meta_train_support      |
| split_version           | MARGO-SPLIT-v1          |
| support_graphs_per_m... | 20                      |
| support_trajectories... | 20                      |
| value_clip_epsilon      | 0.2                     |
-----------------------------------------------------
audit health itr 113 ok=False flags=['action_collapse_MEC_0.996']

 ---------------- Iteration 114 ----------------
Sampling set of tasks/goals for this meta-batch...
Warning: No valid output stream.

[Action Choices - Iteration 114]
  Total actions: 200000
  Local (0): 377 (0.2%)
  MEC (1): 199528 (99.8%)
  V2V (2): 95 (0.0%)
Processing samples...
average task losses:  -0.02376304
average value losses:  0.035985485
Evaluating adapted task policies on a fresh support sample
Warning: No valid output stream.
Optimizing policy...
Average energy per iteration 114: 62.9740
-----------------------------------------------------
| Average energy,         | 63                      |
| Average greedy latency, | 620                     |
| Average latency,        | 626                     |
| Average reward,         | 0.857                   |
| AverageDiscountedReturn | 0.784                   |
| AverageReturn           | 0.857                   |
| EnvExecTime             | 49                      |
| Itr                     | 114                     |
| MaxReturn               | 0.969                   |
| MinReturn               | 0.522                   |
| NumTrajs                | 10000                   |
| PolicyExecTime          | 32.7                    |
| StdReturn               | 0.078                   |
| entropy_coefficient     | 0                       |
| hyperparameter_prove... | fixed_literature_der... |
| inner_learning_rate     | 0.0005                  |
| k_steps                 | 3                       |
| meta_batch_size_dist... | 10                      |
| outer_learning_rate     | 0.0005                  |
| outer_update_count      | 115                     |
| outer_update_method     | mrlco_first_order_me... |
| ppo_batch_size_traje... | 20                      |
| query_graph_count       | 80                      |
| seed                    | 0                       |
| split_role              | meta_train_support      |
| split_version           | MARGO-SPLIT-v1          |
| support_graphs_per_m... | 20                      |
| support_trajectories... | 20                      |
| value_clip_epsilon      | 0.2                     |
-----------------------------------------------------
audit health itr 114 ok=False flags=['action_collapse_MEC_0.995']

 ---------------- Iteration 115 ----------------
Sampling set of tasks/goals for this meta-batch...
Warning: No valid output stream.

[Action Choices - Iteration 115]
  Total actions: 200000
  Local (0): 372 (0.2%)
  MEC (1): 199553 (99.8%)
  V2V (2): 75 (0.0%)
Processing samples...
average task losses:  -0.003229257
average value losses:  0.04420289
Evaluating adapted task policies on a fresh support sample
Warning: No valid output stream.
Optimizing policy...
Average energy per iteration 115: 59.6607
-----------------------------------------------------
| Average energy,         | 59.7                    |
| Average greedy latency, | 618                     |
| Average latency,        | 621                     |
| Average reward,         | 0.869                   |
| AverageDiscountedReturn | 0.793                   |
| AverageReturn           | 0.869                   |
| EnvExecTime             | 49.8                    |
| Itr                     | 115                     |
| MaxReturn               | 0.977                   |
| MinReturn               | 0.53                    |
| NumTrajs                | 10000                   |
| PolicyExecTime          | 32.1                    |
| StdReturn               | 0.071                   |
| entropy_coefficient     | 0                       |
| hyperparameter_prove... | fixed_literature_der... |
| inner_learning_rate     | 0.0005                  |
| k_steps                 | 3                       |
| meta_batch_size_dist... | 10                      |
| outer_learning_rate     | 0.0005                  |
| outer_update_count      | 116                     |
| outer_update_method     | mrlco_first_order_me... |
| ppo_batch_size_traje... | 20                      |
| query_graph_count       | 80                      |
| seed                    | 0                       |
| split_role              | meta_train_support      |
| split_version           | MARGO-SPLIT-v1          |
| support_graphs_per_m... | 20                      |
| support_trajectories... | 20                      |
| value_clip_epsilon      | 0.2                     |
-----------------------------------------------------
audit health itr 115 ok=False flags=['action_collapse_MEC_0.997']

 ---------------- Iteration 116 ----------------
Sampling set of tasks/goals for this meta-batch...
Warning: No valid output stream.

[Action Choices - Iteration 116]
  Total actions: 200000
  Local (0): 307 (0.2%)
  MEC (1): 199623 (99.8%)
  V2V (2): 70 (0.0%)
Processing samples...
average task losses:  -0.0070440797
average value losses:  0.043999564
Evaluating adapted task policies on a fresh support sample
Warning: No valid output stream.
Optimizing policy...
Average energy per iteration 116: 52.4048
-----------------------------------------------------
| Average energy,         | 52.4                    |
| Average greedy latency, | 602                     |
| Average latency,        | 570                     |
| Average reward,         | 0.878                   |
| AverageDiscountedReturn | 0.802                   |
| AverageReturn           | 0.878                   |
| EnvExecTime             | 49.4                    |
| Itr                     | 116                     |
| MaxReturn               | 0.98                    |
| MinReturn               | 0.505                   |
| NumTrajs                | 10000                   |
| PolicyExecTime          | 32.1                    |
| StdReturn               | 0.075                   |
| entropy_coefficient     | 0                       |
| hyperparameter_prove... | fixed_literature_der... |
| inner_learning_rate     | 0.0005                  |
| k_steps                 | 3                       |
| meta_batch_size_dist... | 10                      |
| outer_learning_rate     | 0.0005                  |
| outer_update_count      | 117                     |
| outer_update_method     | mrlco_first_order_me... |
| ppo_batch_size_traje... | 20                      |
| query_graph_count       | 80                      |
| seed                    | 0                       |
| split_role              | meta_train_support      |
| split_version           | MARGO-SPLIT-v1          |
| support_graphs_per_m... | 20                      |
| support_trajectories... | 20                      |
| value_clip_epsilon      | 0.2                     |
-----------------------------------------------------
audit health itr 116 ok=False flags=['action_collapse_MEC_0.997']

 ---------------- Iteration 117 ----------------
Sampling set of tasks/goals for this meta-batch...
Warning: No valid output stream.

[Action Choices - Iteration 117]
  Total actions: 200000
  Local (0): 367 (0.2%)
  MEC (1): 199565 (99.8%)
  V2V (2): 68 (0.0%)
Processing samples...
average task losses:  -0.008500283
average value losses:  0.0349145
Evaluating adapted task policies on a fresh support sample
Warning: No valid output stream.
Optimizing policy...
Average energy per iteration 117: 61.1588
-----------------------------------------------------
| Average energy,         | 61.2                    |
| Average greedy latency, | 608                     |
| Average latency,        | 634                     |
| Average reward,         | 0.861                   |
| AverageDiscountedReturn | 0.789                   |
| AverageReturn           | 0.861                   |
| EnvExecTime             | 49.2                    |
| Itr                     | 117                     |
| MaxReturn               | 0.98                    |
| MinReturn               | 0.567                   |
| NumTrajs                | 10000                   |
| PolicyExecTime          | 32.4                    |
| StdReturn               | 0.084                   |
| entropy_coefficient     | 0                       |
| hyperparameter_prove... | fixed_literature_der... |
| inner_learning_rate     | 0.0005                  |
| k_steps                 | 3                       |
| meta_batch_size_dist... | 10                      |
| outer_learning_rate     | 0.0005                  |
| outer_update_count      | 118                     |
| outer_update_method     | mrlco_first_order_me... |
| ppo_batch_size_traje... | 20                      |
| query_graph_count       | 80                      |
| seed                    | 0                       |
| split_role              | meta_train_support      |
| split_version           | MARGO-SPLIT-v1          |
| support_graphs_per_m... | 20                      |
| support_trajectories... | 20                      |
| value_clip_epsilon      | 0.2                     |
-----------------------------------------------------
audit health itr 117 ok=False flags=['action_collapse_MEC_0.998']

 ---------------- Iteration 118 ----------------
Sampling set of tasks/goals for this meta-batch...
Warning: No valid output stream.

[Action Choices - Iteration 118]
  Total actions: 200000
  Local (0): 348 (0.2%)
  MEC (1): 199573 (99.8%)
  V2V (2): 79 (0.0%)
Processing samples...
average task losses:  0.0055187712
average value losses:  0.030412503
Evaluating adapted task policies on a fresh support sample
Warning: No valid output stream.
Optimizing policy...
Average energy per iteration 118: 68.4156
-----------------------------------------------------
| Average energy,         | 68.4                    |
| Average greedy latency, | 627                     |
| Average latency,        | 687                     |
| Average reward,         | 0.846                   |
| AverageDiscountedReturn | 0.775                   |
| AverageReturn           | 0.846                   |
| EnvExecTime             | 49.5                    |
| Itr                     | 118                     |
| MaxReturn               | 0.979                   |
| MinReturn               | 0.505                   |
| NumTrajs                | 10000                   |
| PolicyExecTime          | 32                      |
| StdReturn               | 0.085                   |
| entropy_coefficient     | 0                       |
| hyperparameter_prove... | fixed_literature_der... |
| inner_learning_rate     | 0.0005                  |
| k_steps                 | 3                       |
| meta_batch_size_dist... | 10                      |
| outer_learning_rate     | 0.0005                  |
| outer_update_count      | 119                     |
| outer_update_method     | mrlco_first_order_me... |
| ppo_batch_size_traje... | 20                      |
| query_graph_count       | 80                      |
| seed                    | 0                       |
| split_role              | meta_train_support      |
| split_version           | MARGO-SPLIT-v1          |
| support_graphs_per_m... | 20                      |
| support_trajectories... | 20                      |
| value_clip_epsilon      | 0.2                     |
-----------------------------------------------------
audit health itr 118 ok=False flags=['action_collapse_MEC_0.997']

 ---------------- Iteration 119 ----------------
Sampling set of tasks/goals for this meta-batch...
Warning: No valid output stream.

[Action Choices - Iteration 119]
  Total actions: 200000
  Local (0): 265 (0.1%)
  MEC (1): 199675 (99.8%)
  V2V (2): 60 (0.0%)
Processing samples...
average task losses:  0.03262795
average value losses:  0.03930436
Evaluating adapted task policies on a fresh support sample
Warning: No valid output stream.
Optimizing policy...
Average energy per iteration 119: 51.5725
-----------------------------------------------------
| Average energy,         | 51.6                    |
| Average greedy latency, | 590                     |
| Average latency,        | 564                     |
| Average reward,         | 0.887                   |
| AverageDiscountedReturn | 0.811                   |
| AverageReturn           | 0.887                   |
| EnvExecTime             | 47.3                    |
| Itr                     | 119                     |
| MaxReturn               | 0.98                    |
| MinReturn               | 0.647                   |
| NumTrajs                | 10000                   |
| PolicyExecTime          | 32.2                    |
| StdReturn               | 0.0541                  |
| entropy_coefficient     | 0                       |
| hyperparameter_prove... | fixed_literature_der... |
| inner_learning_rate     | 0.0005                  |
| k_steps                 | 3                       |
| meta_batch_size_dist... | 10                      |
| outer_learning_rate     | 0.0005                  |
| outer_update_count      | 120                     |
| outer_update_method     | mrlco_first_order_me... |
| ppo_batch_size_traje... | 20                      |
| query_graph_count       | 80                      |
| seed                    | 0                       |
| split_role              | meta_train_support      |
| split_version           | MARGO-SPLIT-v1          |
| support_graphs_per_m... | 20                      |
| support_trajectories... | 20                      |
| value_clip_epsilon      | 0.2                     |
-----------------------------------------------------
audit health itr 119 ok=False flags=['action_collapse_MEC_0.998']

 ---------------- Iteration 120 ----------------
Sampling set of tasks/goals for this meta-batch...
Warning: No valid output stream.

[Action Choices - Iteration 120]
  Total actions: 200000
  Local (0): 278 (0.1%)
  MEC (1): 199667 (99.8%)
  V2V (2): 55 (0.0%)
Processing samples...
average task losses:  0.025181763
average value losses:  0.045597672
Evaluating adapted task policies on a fresh support sample
Warning: No valid output stream.
Optimizing policy...
Average energy per iteration 120: 58.5589
-----------------------------------------------------
| Average energy,         | 58.6                    |
| Average greedy latency, | 603                     |
| Average latency,        | 611                     |
| Average reward,         | 0.873                   |
| AverageDiscountedReturn | 0.799                   |
| AverageReturn           | 0.873                   |
| EnvExecTime             | 49                      |
| Itr                     | 120                     |
| MaxReturn               | 0.979                   |
| MinReturn               | 0.539                   |
| NumTrajs                | 10000                   |
| PolicyExecTime          | 31.5                    |
| StdReturn               | 0.0731                  |
| entropy_coefficient     | 0                       |
| hyperparameter_prove... | fixed_literature_der... |
| inner_learning_rate     | 0.0005                  |
| k_steps                 | 3                       |
| meta_batch_size_dist... | 10                      |
| outer_learning_rate     | 0.0005                  |
| outer_update_count      | 121                     |
| outer_update_method     | mrlco_first_order_me... |
| ppo_batch_size_traje... | 20                      |
| query_graph_count       | 80                      |
| seed                    | 0                       |
| split_role              | meta_train_support      |
| split_version           | MARGO-SPLIT-v1          |
| support_graphs_per_m... | 20                      |
| support_trajectories... | 20                      |
| value_clip_epsilon      | 0.2                     |
-----------------------------------------------------
audit health itr 120 ok=False flags=['action_collapse_MEC_0.997']

 ---------------- Iteration 121 ----------------
Sampling set of tasks/goals for this meta-batch...
Warning: No valid output stream.

[Action Choices - Iteration 121]
  Total actions: 200000
  Local (0): 284 (0.1%)
  MEC (1): 199656 (99.8%)
  V2V (2): 60 (0.0%)
Processing samples...
average task losses:  -0.011137243
average value losses:  0.04541581
Evaluating adapted task policies on a fresh support sample
Warning: No valid output stream.
Optimizing policy...
Average energy per iteration 121: 65.2902
-----------------------------------------------------
| Average energy,         | 65.3                    |
| Average greedy latency, | 615                     |
| Average latency,        | 664                     |
| Average reward,         | 0.856                   |
| AverageDiscountedReturn | 0.786                   |
| AverageReturn           | 0.856                   |
| EnvExecTime             | 48                      |
| Itr                     | 121                     |
| MaxReturn               | 0.978                   |
| MinReturn               | 0.533                   |
| NumTrajs                | 10000                   |
| PolicyExecTime          | 32.2                    |
| StdReturn               | 0.0834                  |
| entropy_coefficient     | 0                       |
| hyperparameter_prove... | fixed_literature_der... |
| inner_learning_rate     | 0.0005                  |
| k_steps                 | 3                       |
| meta_batch_size_dist... | 10                      |
| outer_learning_rate     | 0.0005                  |
| outer_update_count      | 122                     |
| outer_update_method     | mrlco_first_order_me... |
| ppo_batch_size_traje... | 20                      |
| query_graph_count       | 80                      |
| seed                    | 0                       |
| split_role              | meta_train_support      |
| split_version           | MARGO-SPLIT-v1          |
| support_graphs_per_m... | 20                      |
| support_trajectories... | 20                      |
| value_clip_epsilon      | 0.2                     |
-----------------------------------------------------
audit health itr 121 ok=False flags=['action_collapse_MEC_0.998']

 ---------------- Iteration 122 ----------------
Sampling set of tasks/goals for this meta-batch...
Warning: No valid output stream.

[Action Choices - Iteration 122]
  Total actions: 200000
  Local (0): 239 (0.1%)
  MEC (1): 199708 (99.9%)
  V2V (2): 53 (0.0%)
Processing samples...
average task losses:  0.0016732847
average value losses:  0.03530632
Evaluating adapted task policies on a fresh support sample
Warning: No valid output stream.
Optimizing policy...
Average energy per iteration 122: 55.9417
-----------------------------------------------------
| Average energy,         | 55.9                    |
| Average greedy latency, | 602                     |
| Average latency,        | 592                     |
| Average reward,         | 0.87                    |
| AverageDiscountedReturn | 0.795                   |
| AverageReturn           | 0.87                    |
| EnvExecTime             | 50.2                    |
| Itr                     | 122                     |
| MaxReturn               | 0.978                   |
| MinReturn               | 0.616                   |
| NumTrajs                | 10000                   |
| PolicyExecTime          | 31.7                    |
| StdReturn               | 0.0724                  |
| entropy_coefficient     | 0                       |
| hyperparameter_prove... | fixed_literature_der... |
| inner_learning_rate     | 0.0005                  |
| k_steps                 | 3                       |
| meta_batch_size_dist... | 10                      |
| outer_learning_rate     | 0.0005                  |
| outer_update_count      | 123                     |
| outer_update_method     | mrlco_first_order_me... |
| ppo_batch_size_traje... | 20                      |
| query_graph_count       | 80                      |
| seed                    | 0                       |
| split_role              | meta_train_support      |
| split_version           | MARGO-SPLIT-v1          |
| support_graphs_per_m... | 20                      |
| support_trajectories... | 20                      |
| value_clip_epsilon      | 0.2                     |
-----------------------------------------------------
audit health itr 122 ok=False flags=['action_collapse_MEC_0.998']

 ---------------- Iteration 123 ----------------
Sampling set of tasks/goals for this meta-batch...
Warning: No valid output stream.

[Action Choices - Iteration 123]
  Total actions: 200000
  Local (0): 249 (0.1%)
  MEC (1): 199696 (99.8%)
  V2V (2): 55 (0.0%)
Processing samples...
average task losses:  -0.022241024
average value losses:  0.029634606
Evaluating adapted task policies on a fresh support sample
Warning: No valid output stream.
Optimizing policy...
Average energy per iteration 123: 65.4899
-----------------------------------------------------
| Average energy,         | 65.5                    |
| Average greedy latency, | 624                     |
| Average latency,        | 672                     |
| Average reward,         | 0.851                   |
| AverageDiscountedReturn | 0.779                   |
| AverageReturn           | 0.851                   |
| EnvExecTime             | 50.5                    |
| Itr                     | 123                     |
| MaxReturn               | 0.972                   |
| MinReturn               | 0.585                   |
| NumTrajs                | 10000                   |
| PolicyExecTime          | 32.5                    |
| StdReturn               | 0.0816                  |
| entropy_coefficient     | 0                       |
| hyperparameter_prove... | fixed_literature_der... |
| inner_learning_rate     | 0.0005                  |
| k_steps                 | 3                       |
| meta_batch_size_dist... | 10                      |
| outer_learning_rate     | 0.0005                  |
| outer_update_count      | 124                     |
| outer_update_method     | mrlco_first_order_me... |
| ppo_batch_size_traje... | 20                      |
| query_graph_count       | 80                      |
| seed                    | 0                       |
| split_role              | meta_train_support      |
| split_version           | MARGO-SPLIT-v1          |
| support_graphs_per_m... | 20                      |
| support_trajectories... | 20                      |
| value_clip_epsilon      | 0.2                     |
-----------------------------------------------------
audit health itr 123 ok=False flags=['action_collapse_MEC_0.998']

 ---------------- Iteration 124 ----------------
Sampling set of tasks/goals for this meta-batch...
Warning: No valid output stream.

[Action Choices - Iteration 124]
  Total actions: 200000
  Local (0): 186 (0.1%)
  MEC (1): 199770 (99.9%)
  V2V (2): 44 (0.0%)
Processing samples...
average task losses:  -0.019077543
average value losses:  0.03610066
Evaluating adapted task policies on a fresh support sample
Warning: No valid output stream.
Optimizing policy...
Average energy per iteration 124: 57.6774
-----------------------------------------------------
| Average energy,         | 57.7                    |
| Average greedy latency, | 604                     |
| Average latency,        | 621                     |
| Average reward,         | 0.868                   |
| AverageDiscountedReturn | 0.792                   |
| AverageReturn           | 0.868                   |
| EnvExecTime             | 50.7                    |
| Itr                     | 124                     |
| MaxReturn               | 0.975                   |
| MinReturn               | 0.558                   |
| NumTrajs                | 10000                   |
| PolicyExecTime          | 32.3                    |
| StdReturn               | 0.0699                  |
| entropy_coefficient     | 0                       |
| hyperparameter_prove... | fixed_literature_der... |
| inner_learning_rate     | 0.0005                  |
| k_steps                 | 3                       |
| meta_batch_size_dist... | 10                      |
| outer_learning_rate     | 0.0005                  |
| outer_update_count      | 125                     |
| outer_update_method     | mrlco_first_order_me... |
| ppo_batch_size_traje... | 20                      |
| query_graph_count       | 80                      |
| seed                    | 0                       |
| split_role              | meta_train_support      |
| split_version           | MARGO-SPLIT-v1          |
| support_graphs_per_m... | 20                      |
| support_trajectories... | 20                      |
| value_clip_epsilon      | 0.2                     |
-----------------------------------------------------
audit health itr 124 ok=False flags=['action_collapse_MEC_0.998']

 ---------------- Iteration 125 ----------------
Sampling set of tasks/goals for this meta-batch...
Warning: No valid output stream.

[Action Choices - Iteration 125]
  Total actions: 200000
  Local (0): 258 (0.1%)
  MEC (1): 199689 (99.8%)
  V2V (2): 53 (0.0%)
Processing samples...
average task losses:  -0.017792352
average value losses:  0.037554167
Evaluating adapted task policies on a fresh support sample
Warning: No valid output stream.
Optimizing policy...
Average energy per iteration 125: 67.6486
-----------------------------------------------------
| Average energy,         | 67.6                    |
| Average greedy latency, | 631                     |
| Average latency,        | 693                     |
| Average reward,         | 0.841                   |
| AverageDiscountedReturn | 0.771                   |
| AverageReturn           | 0.841                   |
| EnvExecTime             | 51                      |
| Itr                     | 125                     |
| MaxReturn               | 0.979                   |
| MinReturn               | 0.505                   |
| NumTrajs                | 10000                   |
| PolicyExecTime          | 32.5                    |
| StdReturn               | 0.0889                  |
| entropy_coefficient     | 0                       |
| hyperparameter_prove... | fixed_literature_der... |
| inner_learning_rate     | 0.0005                  |
| k_steps                 | 3                       |
| meta_batch_size_dist... | 10                      |
| outer_learning_rate     | 0.0005                  |
| outer_update_count      | 126                     |
| outer_update_method     | mrlco_first_order_me... |
| ppo_batch_size_traje... | 20                      |
| query_graph_count       | 80                      |
| seed                    | 0                       |
| split_role              | meta_train_support      |
| split_version           | MARGO-SPLIT-v1          |
| support_graphs_per_m... | 20                      |
| support_trajectories... | 20                      |
| value_clip_epsilon      | 0.2                     |
-----------------------------------------------------
audit health itr 125 ok=False flags=['action_collapse_MEC_0.998']

 ---------------- Iteration 126 ----------------
Sampling set of tasks/goals for this meta-batch...
Warning: No valid output stream.

[Action Choices - Iteration 126]
  Total actions: 200000
  Local (0): 258 (0.1%)
  MEC (1): 199699 (99.8%)
  V2V (2): 43 (0.0%)
Processing samples...
average task losses:  -0.019452227
average value losses:  0.050783005
Evaluating adapted task policies on a fresh support sample
Warning: No valid output stream.
Optimizing policy...
Average energy per iteration 126: 53.2458
-----------------------------------------------------
| Average energy,         | 53.2                    |
| Average greedy latency, | 595                     |
| Average latency,        | 570                     |
| Average reward,         | 0.879                   |
| AverageDiscountedReturn | 0.805                   |
| AverageReturn           | 0.879                   |
| EnvExecTime             | 47.4                    |
| Itr                     | 126                     |
| MaxReturn               | 0.974                   |
| MinReturn               | 0.564                   |
| NumTrajs                | 10000                   |
| PolicyExecTime          | 32                      |
| StdReturn               | 0.0666                  |
| entropy_coefficient     | 0                       |
| hyperparameter_prove... | fixed_literature_der... |
| inner_learning_rate     | 0.0005                  |
| k_steps                 | 3                       |
| meta_batch_size_dist... | 10                      |
| outer_learning_rate     | 0.0005                  |
| outer_update_count      | 127                     |
| outer_update_method     | mrlco_first_order_me... |
| ppo_batch_size_traje... | 20                      |
| query_graph_count       | 80                      |
| seed                    | 0                       |
| split_role              | meta_train_support      |
| split_version           | MARGO-SPLIT-v1          |
| support_graphs_per_m... | 20                      |
| support_trajectories... | 20                      |
| value_clip_epsilon      | 0.2                     |
-----------------------------------------------------
audit health itr 126 ok=False flags=['action_collapse_MEC_0.998']

 ---------------- Iteration 127 ----------------
Sampling set of tasks/goals for this meta-batch...
Warning: No valid output stream.

[Action Choices - Iteration 127]
  Total actions: 200000
  Local (0): 273 (0.1%)
  MEC (1): 199680 (99.8%)
  V2V (2): 47 (0.0%)
Processing samples...
average task losses:  0.030845951
average value losses:  0.044494994
Evaluating adapted task policies on a fresh support sample
Warning: No valid output stream.
Optimizing policy...
Average energy per iteration 127: 63.2547
-----------------------------------------------------
| Average energy,         | 63.3                    |
| Average greedy latency, | 611                     |
| Average latency,        | 654                     |
| Average reward,         | 0.859                   |
| AverageDiscountedReturn | 0.788                   |
| AverageReturn           | 0.859                   |
| EnvExecTime             | 49.1                    |
| Itr                     | 127                     |
| MaxReturn               | 0.98                    |
| MinReturn               | 0.421                   |
| NumTrajs                | 10000                   |
| PolicyExecTime          | 32.2                    |
| StdReturn               | 0.0835                  |
| entropy_coefficient     | 0                       |
| hyperparameter_prove... | fixed_literature_der... |
| inner_learning_rate     | 0.0005                  |
| k_steps                 | 3                       |
| meta_batch_size_dist... | 10                      |
| outer_learning_rate     | 0.0005                  |
| outer_update_count      | 128                     |
| outer_update_method     | mrlco_first_order_me... |
| ppo_batch_size_traje... | 20                      |
| query_graph_count       | 80                      |
| seed                    | 0                       |
| split_role              | meta_train_support      |
| split_version           | MARGO-SPLIT-v1          |
| support_graphs_per_m... | 20                      |
| support_trajectories... | 20                      |
| value_clip_epsilon      | 0.2                     |
-----------------------------------------------------
audit health itr 127 ok=False flags=['action_collapse_MEC_0.998']

 ---------------- Iteration 128 ----------------
Sampling set of tasks/goals for this meta-batch...
Warning: No valid output stream.

[Action Choices - Iteration 128]
  Total actions: 200000
  Local (0): 273 (0.1%)
  MEC (1): 199657 (99.8%)
  V2V (2): 70 (0.0%)
Processing samples...
average task losses:  0.023503212
average value losses:  0.0407347
Evaluating adapted task policies on a fresh support sample
Warning: No valid output stream.
Optimizing policy...
Average energy per iteration 128: 63.2030
-----------------------------------------------------
| Average energy,         | 63.2                    |
| Average greedy latency, | 607                     |
| Average latency,        | 637                     |
| Average reward,         | 0.865                   |
| AverageDiscountedReturn | 0.794                   |
| AverageReturn           | 0.865                   |
| EnvExecTime             | 47.8                    |
| Itr                     | 128                     |
| MaxReturn               | 0.975                   |
| MinReturn               | 0.54                    |
| NumTrajs                | 10000                   |
| PolicyExecTime          | 31.9                    |
| StdReturn               | 0.0769                  |
| entropy_coefficient     | 0                       |
| hyperparameter_prove... | fixed_literature_der... |
| inner_learning_rate     | 0.0005                  |
| k_steps                 | 3                       |
| meta_batch_size_dist... | 10                      |
| outer_learning_rate     | 0.0005                  |
| outer_update_count      | 129                     |
| outer_update_method     | mrlco_first_order_me... |
| ppo_batch_size_traje... | 20                      |
| query_graph_count       | 80                      |
| seed                    | 0                       |
| split_role              | meta_train_support      |
| split_version           | MARGO-SPLIT-v1          |
| support_graphs_per_m... | 20                      |
| support_trajectories... | 20                      |
| value_clip_epsilon      | 0.2                     |
-----------------------------------------------------
audit health itr 128 ok=False flags=['action_collapse_MEC_0.998']

 ---------------- Iteration 129 ----------------
Sampling set of tasks/goals for this meta-batch...
Warning: No valid output stream.

[Action Choices - Iteration 129]
  Total actions: 200000
  Local (0): 248 (0.1%)
  MEC (1): 199704 (99.9%)
  V2V (2): 48 (0.0%)
Processing samples...
average task losses:  0.005307828
average value losses:  0.04543251
Evaluating adapted task policies on a fresh support sample
Warning: No valid output stream.
Optimizing policy...
Average energy per iteration 129: 56.6981
-----------------------------------------------------
| Average energy,         | 56.7                    |
| Average greedy latency, | 612                     |
| Average latency,        | 631                     |
| Average reward,         | 0.864                   |
| AverageDiscountedReturn | 0.788                   |
| AverageReturn           | 0.864                   |
| EnvExecTime             | 49.2                    |
| Itr                     | 129                     |
| MaxReturn               | 0.975                   |
| MinReturn               | 0.455                   |
| NumTrajs                | 10000                   |
| PolicyExecTime          | 31.1                    |
| StdReturn               | 0.0742                  |
| entropy_coefficient     | 0                       |
| hyperparameter_prove... | fixed_literature_der... |
| inner_learning_rate     | 0.0005                  |
| k_steps                 | 3                       |
| meta_batch_size_dist... | 10                      |
| outer_learning_rate     | 0.0005                  |
| outer_update_count      | 130                     |
| outer_update_method     | mrlco_first_order_me... |
| ppo_batch_size_traje... | 20                      |
| query_graph_count       | 80                      |
| seed                    | 0                       |
| split_role              | meta_train_support      |
| split_version           | MARGO-SPLIT-v1          |
| support_graphs_per_m... | 20                      |
| support_trajectories... | 20                      |
| value_clip_epsilon      | 0.2                     |
-----------------------------------------------------
audit health itr 129 ok=False flags=['action_collapse_MEC_0.999']

 ---------------- Iteration 130 ----------------
Sampling set of tasks/goals for this meta-batch...
Warning: No valid output stream.

[Action Choices - Iteration 130]
  Total actions: 200000
  Local (0): 258 (0.1%)
  MEC (1): 199689 (99.8%)
  V2V (2): 53 (0.0%)
Processing samples...
average task losses:  0.026115622
average value losses:  0.04090476
Evaluating adapted task policies on a fresh support sample
Warning: No valid output stream.
Optimizing policy...
Average energy per iteration 130: 62.1091
-----------------------------------------------------
| Average energy,         | 62.1                    |
| Average greedy latency, | 598                     |
| Average latency,        | 626                     |
| Average reward,         | 0.866                   |
| AverageDiscountedReturn | 0.794                   |
| AverageReturn           | 0.866                   |
| EnvExecTime             | 47.4                    |
| Itr                     | 130                     |
| MaxReturn               | 0.973                   |
| MinReturn               | 0.556                   |
| NumTrajs                | 10000                   |
| PolicyExecTime          | 31.1                    |
| StdReturn               | 0.067                   |
| entropy_coefficient     | 0                       |
| hyperparameter_prove... | fixed_literature_der... |
| inner_learning_rate     | 0.0005                  |
| k_steps                 | 3                       |
| meta_batch_size_dist... | 10                      |
| outer_learning_rate     | 0.0005                  |
| outer_update_count      | 131                     |
| outer_update_method     | mrlco_first_order_me... |
| ppo_batch_size_traje... | 20                      |
| query_graph_count       | 80                      |
| seed                    | 0                       |
| split_role              | meta_train_support      |
| split_version           | MARGO-SPLIT-v1          |
| support_graphs_per_m... | 20                      |
| support_trajectories... | 20                      |
| value_clip_epsilon      | 0.2                     |
-----------------------------------------------------
audit health itr 130 ok=False flags=['action_collapse_MEC_0.997']

 ---------------- Iteration 131 ----------------
Sampling set of tasks/goals for this meta-batch...
Warning: No valid output stream.

[Action Choices - Iteration 131]
  Total actions: 200000
  Local (0): 236 (0.1%)
  MEC (1): 199697 (99.8%)
  V2V (2): 67 (0.0%)
Processing samples...
average task losses:  -0.0021736394
average value losses:  0.04711084
Evaluating adapted task policies on a fresh support sample
Warning: No valid output stream.
Optimizing policy...
Average energy per iteration 131: 59.9292
-----------------------------------------------------
| Average energy,         | 59.9                    |
| Average greedy latency, | 619                     |
| Average latency,        | 628                     |
| Average reward,         | 0.868                   |
| AverageDiscountedReturn | 0.794                   |
| AverageReturn           | 0.868                   |
| EnvExecTime             | 50.6                    |
| Itr                     | 131                     |
| MaxReturn               | 0.974                   |
| MinReturn               | 0.552                   |
| NumTrajs                | 10000                   |
| PolicyExecTime          | 31.5                    |
| StdReturn               | 0.0755                  |
| entropy_coefficient     | 0                       |
| hyperparameter_prove... | fixed_literature_der... |
| inner_learning_rate     | 0.0005                  |
| k_steps                 | 3                       |
| meta_batch_size_dist... | 10                      |
| outer_learning_rate     | 0.0005                  |
| outer_update_count      | 132                     |
| outer_update_method     | mrlco_first_order_me... |
| ppo_batch_size_traje... | 20                      |
| query_graph_count       | 80                      |
| seed                    | 0                       |
| split_role              | meta_train_support      |
| split_version           | MARGO-SPLIT-v1          |
| support_graphs_per_m... | 20                      |
| support_trajectories... | 20                      |
| value_clip_epsilon      | 0.2                     |
-----------------------------------------------------
audit health itr 131 ok=False flags=['action_collapse_MEC_0.998']

 ---------------- Iteration 132 ----------------
Sampling set of tasks/goals for this meta-batch...
Warning: No valid output stream.

[Action Choices - Iteration 132]
  Total actions: 200000
  Local (0): 276 (0.1%)
  MEC (1): 199659 (99.8%)
  V2V (2): 65 (0.0%)
Processing samples...
average task losses:  0.019607745
average value losses:  0.037676193
Evaluating adapted task policies on a fresh support sample
Warning: No valid output stream.
Optimizing policy...
Average energy per iteration 132: 68.1372
-----------------------------------------------------
| Average energy,         | 68.1                    |
| Average greedy latency, | 633                     |
| Average latency,        | 702                     |
| Average reward,         | 0.838                   |
| AverageDiscountedReturn | 0.767                   |
| AverageReturn           | 0.838                   |
| EnvExecTime             | 49.4                    |
| Itr                     | 132                     |
| MaxReturn               | 0.958                   |
| MinReturn               | 0.538                   |
| NumTrajs                | 10000                   |
| PolicyExecTime          | 30.3                    |
| StdReturn               | 0.0831                  |
| entropy_coefficient     | 0                       |
| hyperparameter_prove... | fixed_literature_der... |
| inner_learning_rate     | 0.0005                  |
| k_steps                 | 3                       |
| meta_batch_size_dist... | 10                      |
| outer_learning_rate     | 0.0005                  |
| outer_update_count      | 133                     |
| outer_update_method     | mrlco_first_order_me... |
| ppo_batch_size_traje... | 20                      |
| query_graph_count       | 80                      |
| seed                    | 0                       |
| split_role              | meta_train_support      |
| split_version           | MARGO-SPLIT-v1          |
| support_graphs_per_m... | 20                      |
| support_trajectories... | 20                      |
| value_clip_epsilon      | 0.2                     |
-----------------------------------------------------
audit health itr 132 ok=False flags=['action_collapse_MEC_0.999']

 ---------------- Iteration 133 ----------------
Sampling set of tasks/goals for this meta-batch...
Warning: No valid output stream.

[Action Choices - Iteration 133]
  Total actions: 200000
  Local (0): 181 (0.1%)
  MEC (1): 199759 (99.9%)
  V2V (2): 60 (0.0%)
Processing samples...
average task losses:  0.016709467
average value losses:  0.04444785
Evaluating adapted task policies on a fresh support sample
Warning: No valid output stream.
Optimizing policy...
Average energy per iteration 133: 54.1767
-----------------------------------------------------
| Average energy,         | 54.2                    |
| Average greedy latency, | 609                     |
| Average latency,        | 597                     |
| Average reward,         | 0.871                   |
| AverageDiscountedReturn | 0.794                   |
| AverageReturn           | 0.871                   |
| EnvExecTime             | 50.8                    |
| Itr                     | 133                     |
| MaxReturn               | 0.974                   |
| MinReturn               | 0.525                   |
| NumTrajs                | 10000                   |
| PolicyExecTime          | 32.7                    |
| StdReturn               | 0.0707                  |
| entropy_coefficient     | 0                       |
| hyperparameter_prove... | fixed_literature_der... |
| inner_learning_rate     | 0.0005                  |
| k_steps                 | 3                       |
| meta_batch_size_dist... | 10                      |
| outer_learning_rate     | 0.0005                  |
| outer_update_count      | 134                     |
| outer_update_method     | mrlco_first_order_me... |
| ppo_batch_size_traje... | 20                      |
| query_graph_count       | 80                      |
| seed                    | 0                       |
| split_role              | meta_train_support      |
| split_version           | MARGO-SPLIT-v1          |
| support_graphs_per_m... | 20                      |
| support_trajectories... | 20                      |
| value_clip_epsilon      | 0.2                     |
-----------------------------------------------------
audit health itr 133 ok=False flags=['action_collapse_MEC_0.998']

 ---------------- Iteration 134 ----------------
Sampling set of tasks/goals for this meta-batch...
Warning: No valid output stream.

[Action Choices - Iteration 134]
  Total actions: 200000
  Local (0): 177 (0.1%)
  MEC (1): 199778 (99.9%)
  V2V (2): 45 (0.0%)
Processing samples...
average task losses:  -0.0110316565
average value losses:  0.040460214
Evaluating adapted task policies on a fresh support sample
Warning: No valid output stream.
Optimizing policy...
Average energy per iteration 134: 48.9377
-----------------------------------------------------
| Average energy,         | 48.9                    |
| Average greedy latency, | 594                     |
| Average latency,        | 551                     |
| Average reward,         | 0.885                   |
| AverageDiscountedReturn | 0.808                   |
| AverageReturn           | 0.885                   |
| EnvExecTime             | 51.2                    |
| Itr                     | 134                     |
| MaxReturn               | 0.979                   |
| MinReturn               | 0.564                   |
| NumTrajs                | 10000                   |
| PolicyExecTime          | 32.2                    |
| StdReturn               | 0.0708                  |
| entropy_coefficient     | 0                       |
| hyperparameter_prove... | fixed_literature_der... |
| inner_learning_rate     | 0.0005                  |
| k_steps                 | 3                       |
| meta_batch_size_dist... | 10                      |
| outer_learning_rate     | 0.0005                  |
| outer_update_count      | 135                     |
| outer_update_method     | mrlco_first_order_me... |
| ppo_batch_size_traje... | 20                      |
| query_graph_count       | 80                      |
| seed                    | 0                       |
| split_role              | meta_train_support      |
| split_version           | MARGO-SPLIT-v1          |
| support_graphs_per_m... | 20                      |
| support_trajectories... | 20                      |
| value_clip_epsilon      | 0.2                     |
-----------------------------------------------------
audit health itr 134 ok=False flags=['action_collapse_MEC_0.999']

 ---------------- Iteration 135 ----------------
Sampling set of tasks/goals for this meta-batch...
Warning: No valid output stream.

[Action Choices - Iteration 135]
  Total actions: 200000
  Local (0): 206 (0.1%)
  MEC (1): 199730 (99.9%)
  V2V (2): 64 (0.0%)
Processing samples...
average task losses:  0.0041498453
average value losses:  0.03828798
Evaluating adapted task policies on a fresh support sample
Warning: No valid output stream.
Optimizing policy...
Average energy per iteration 135: 61.3576
-----------------------------------------------------
| Average energy,         | 61.4                    |
| Average greedy latency, | 613                     |
| Average latency,        | 641                     |
| Average reward,         | 0.861                   |
| AverageDiscountedReturn | 0.788                   |
| AverageReturn           | 0.861                   |
| EnvExecTime             | 51.3                    |
| Itr                     | 135                     |
| MaxReturn               | 0.979                   |
| MinReturn               | 0.531                   |
| NumTrajs                | 10000                   |
| PolicyExecTime          | 32.1                    |
| StdReturn               | 0.0765                  |
| entropy_coefficient     | 0                       |
| hyperparameter_prove... | fixed_literature_der... |
| inner_learning_rate     | 0.0005                  |
| k_steps                 | 3                       |
| meta_batch_size_dist... | 10                      |
| outer_learning_rate     | 0.0005                  |
| outer_update_count      | 136                     |
| outer_update_method     | mrlco_first_order_me... |
| ppo_batch_size_traje... | 20                      |
| query_graph_count       | 80                      |
| seed                    | 0                       |
| split_role              | meta_train_support      |
| split_version           | MARGO-SPLIT-v1          |
| support_graphs_per_m... | 20                      |
| support_trajectories... | 20                      |
| value_clip_epsilon      | 0.2                     |
-----------------------------------------------------
audit health itr 135 ok=False flags=['action_collapse_MEC_0.998']

 ---------------- Iteration 136 ----------------
Sampling set of tasks/goals for this meta-batch...
Warning: No valid output stream.

[Action Choices - Iteration 136]
  Total actions: 200000
  Local (0): 170 (0.1%)
  MEC (1): 199773 (99.9%)
  V2V (2): 57 (0.0%)
Processing samples...
average task losses:  -0.0351183
average value losses:  0.044286016
Evaluating adapted task policies on a fresh support sample
Warning: No valid output stream.
Optimizing policy...
Average energy per iteration 136: 54.8044
-----------------------------------------------------
| Average energy,         | 54.8                    |
| Average greedy latency, | 602                     |
| Average latency,        | 589                     |
| Average reward,         | 0.879                   |
| AverageDiscountedReturn | 0.803                   |
| AverageReturn           | 0.879                   |
| EnvExecTime             | 49.9                    |
| Itr                     | 136                     |
| MaxReturn               | 0.978                   |
| MinReturn               | 0.536                   |
| NumTrajs                | 10000                   |
| PolicyExecTime          | 32.5                    |
| StdReturn               | 0.0559                  |
| entropy_coefficient     | 0                       |
| hyperparameter_prove... | fixed_literature_der... |
| inner_learning_rate     | 0.0005                  |
| k_steps                 | 3                       |
| meta_batch_size_dist... | 10                      |
| outer_learning_rate     | 0.0005                  |
| outer_update_count      | 137                     |
| outer_update_method     | mrlco_first_order_me... |
| ppo_batch_size_traje... | 20                      |
| query_graph_count       | 80                      |
| seed                    | 0                       |
| split_role              | meta_train_support      |
| split_version           | MARGO-SPLIT-v1          |
| support_graphs_per_m... | 20                      |
| support_trajectories... | 20                      |
| value_clip_epsilon      | 0.2                     |
-----------------------------------------------------
audit health itr 136 ok=False flags=['action_collapse_MEC_0.999']

 ---------------- Iteration 137 ----------------
Sampling set of tasks/goals for this meta-batch...
Warning: No valid output stream.

[Action Choices - Iteration 137]
  Total actions: 200000
  Local (0): 198 (0.1%)
  MEC (1): 199729 (99.9%)
  V2V (2): 73 (0.0%)
Processing samples...
average task losses:  0.004150216
average value losses:  0.04149699
Evaluating adapted task policies on a fresh support sample
Warning: No valid output stream.
Optimizing policy...
Average energy per iteration 137: 55.4404
-----------------------------------------------------
| Average energy,         | 55.4                    |
| Average greedy latency, | 602                     |
| Average latency,        | 595                     |
| Average reward,         | 0.876                   |
| AverageDiscountedReturn | 0.803                   |
| AverageReturn           | 0.876                   |
| EnvExecTime             | 49                      |
| Itr                     | 137                     |
| MaxReturn               | 0.977                   |
| MinReturn               | 0.558                   |
| NumTrajs                | 10000                   |
| PolicyExecTime          | 32.4                    |
| StdReturn               | 0.0675                  |
| entropy_coefficient     | 0                       |
| hyperparameter_prove... | fixed_literature_der... |
| inner_learning_rate     | 0.0005                  |
| k_steps                 | 3                       |
| meta_batch_size_dist... | 10                      |
| outer_learning_rate     | 0.0005                  |
| outer_update_count      | 138                     |
| outer_update_method     | mrlco_first_order_me... |
| ppo_batch_size_traje... | 20                      |
| query_graph_count       | 80                      |
| seed                    | 0                       |
| split_role              | meta_train_support      |
| split_version           | MARGO-SPLIT-v1          |
| support_graphs_per_m... | 20                      |
| support_trajectories... | 20                      |
| value_clip_epsilon      | 0.2                     |
-----------------------------------------------------
audit health itr 137 ok=False flags=['action_collapse_MEC_0.999']

 ---------------- Iteration 138 ----------------
Sampling set of tasks/goals for this meta-batch...
Warning: No valid output stream.

[Action Choices - Iteration 138]
  Total actions: 200000
  Local (0): 165 (0.1%)
  MEC (1): 199773 (99.9%)
  V2V (2): 62 (0.0%)
Processing samples...
average task losses:  0.0046293135
average value losses:  0.04140695
Evaluating adapted task policies on a fresh support sample
Warning: No valid output stream.
Optimizing policy...
Average energy per iteration 138: 60.2573
-----------------------------------------------------
| Average energy,         | 60.3                    |
| Average greedy latency, | 611                     |
| Average latency,        | 638                     |
| Average reward,         | 0.86                    |
| AverageDiscountedReturn | 0.787                   |
| AverageReturn           | 0.86                    |
| EnvExecTime             | 51                      |
| Itr                     | 138                     |
| MaxReturn               | 0.98                    |
| MinReturn               | 0.548                   |
| NumTrajs                | 10000                   |
| PolicyExecTime          | 32.6                    |
| StdReturn               | 0.0942                  |
| entropy_coefficient     | 0                       |
| hyperparameter_prove... | fixed_literature_der... |
| inner_learning_rate     | 0.0005                  |
| k_steps                 | 3                       |
| meta_batch_size_dist... | 10                      |
| outer_learning_rate     | 0.0005                  |
| outer_update_count      | 139                     |
| outer_update_method     | mrlco_first_order_me... |
| ppo_batch_size_traje... | 20                      |
| query_graph_count       | 80                      |
| seed                    | 0                       |
| split_role              | meta_train_support      |
| split_version           | MARGO-SPLIT-v1          |
| support_graphs_per_m... | 20                      |
| support_trajectories... | 20                      |
| value_clip_epsilon      | 0.2                     |
-----------------------------------------------------
audit health itr 138 ok=False flags=['action_collapse_MEC_0.998']

 ---------------- Iteration 139 ----------------
Sampling set of tasks/goals for this meta-batch...
Warning: No valid output stream.

[Action Choices - Iteration 139]
  Total actions: 200000
  Local (0): 161 (0.1%)
  MEC (1): 199775 (99.9%)
  V2V (2): 64 (0.0%)
Processing samples...
average task losses:  -0.017079767
average value losses:  0.039219458
Evaluating adapted task policies on a fresh support sample
Warning: No valid output stream.
Optimizing policy...
Average energy per iteration 139: 62.7589
-----------------------------------------------------
| Average energy,         | 62.8                    |
| Average greedy latency, | 623                     |
| Average latency,        | 646                     |
| Average reward,         | 0.86                    |
| AverageDiscountedReturn | 0.789                   |
| AverageReturn           | 0.86                    |
| EnvExecTime             | 49.8                    |
| Itr                     | 139                     |
| MaxReturn               | 0.979                   |
| MinReturn               | 0.505                   |
| NumTrajs                | 10000                   |
| PolicyExecTime          | 32.4                    |
| StdReturn               | 0.0865                  |
| entropy_coefficient     | 0                       |
| hyperparameter_prove... | fixed_literature_der... |
| inner_learning_rate     | 0.0005                  |
| k_steps                 | 3                       |
| meta_batch_size_dist... | 10                      |
| outer_learning_rate     | 0.0005                  |
| outer_update_count      | 140                     |
| outer_update_method     | mrlco_first_order_me... |
| ppo_batch_size_traje... | 20                      |
| query_graph_count       | 80                      |
| seed                    | 0                       |
| split_role              | meta_train_support      |
| split_version           | MARGO-SPLIT-v1          |
| support_graphs_per_m... | 20                      |
| support_trajectories... | 20                      |
| value_clip_epsilon      | 0.2                     |
-----------------------------------------------------
audit health itr 139 ok=False flags=['action_collapse_MEC_0.998']

 ---------------- Iteration 140 ----------------
Sampling set of tasks/goals for this meta-batch...
Warning: No valid output stream.

[Action Choices - Iteration 140]
  Total actions: 200000
  Local (0): 173 (0.1%)
  MEC (1): 199785 (99.9%)
  V2V (2): 42 (0.0%)
Processing samples...
average task losses:  0.0022662734
average value losses:  0.039465792
Evaluating adapted task policies on a fresh support sample
Warning: No valid output stream.
Optimizing policy...
Average energy per iteration 140: 53.0815
-----------------------------------------------------
| Average energy,         | 53.1                    |
| Average greedy latency, | 589                     |
| Average latency,        | 575                     |
| Average reward,         | 0.886                   |
| AverageDiscountedReturn | 0.811                   |
| AverageReturn           | 0.886                   |
| EnvExecTime             | 48.2                    |
| Itr                     | 140                     |
| MaxReturn               | 0.97                    |
| MinReturn               | 0.612                   |
| NumTrajs                | 10000                   |
| PolicyExecTime          | 31.6                    |
| StdReturn               | 0.0584                  |
| entropy_coefficient     | 0                       |
| hyperparameter_prove... | fixed_literature_der... |
| inner_learning_rate     | 0.0005                  |
| k_steps                 | 3                       |
| meta_batch_size_dist... | 10                      |
| outer_learning_rate     | 0.0005                  |
| outer_update_count      | 141                     |
| outer_update_method     | mrlco_first_order_me... |
| ppo_batch_size_traje... | 20                      |
| query_graph_count       | 80                      |
| seed                    | 0                       |
| split_role              | meta_train_support      |
| split_version           | MARGO-SPLIT-v1          |
| support_graphs_per_m... | 20                      |
| support_trajectories... | 20                      |
| value_clip_epsilon      | 0.2                     |
-----------------------------------------------------
audit health itr 140 ok=False flags=['action_collapse_MEC_0.998']

 ---------------- Iteration 141 ----------------
Sampling set of tasks/goals for this meta-batch...
Warning: No valid output stream.

[Action Choices - Iteration 141]
  Total actions: 200000
  Local (0): 206 (0.1%)
  MEC (1): 199722 (99.9%)
  V2V (2): 72 (0.0%)
Processing samples...
average task losses:  -0.00533018
average value losses:  0.03680062
Evaluating adapted task policies on a fresh support sample
Warning: No valid output stream.
Optimizing policy...
Average energy per iteration 141: 65.7003
-----------------------------------------------------
| Average energy,         | 65.7                    |
| Average greedy latency, | 620                     |
| Average latency,        | 662                     |
| Average reward,         | 0.851                   |
| AverageDiscountedReturn | 0.78                    |
| AverageReturn           | 0.851                   |
| EnvExecTime             | 50.1                    |
| Itr                     | 141                     |
| MaxReturn               | 0.978                   |
| MinReturn               | 0.378                   |
| NumTrajs                | 10000                   |
| PolicyExecTime          | 32.7                    |
| StdReturn               | 0.0931                  |
| entropy_coefficient     | 0                       |
| hyperparameter_prove... | fixed_literature_der... |
| inner_learning_rate     | 0.0005                  |
| k_steps                 | 3                       |
| meta_batch_size_dist... | 10                      |
| outer_learning_rate     | 0.0005                  |
| outer_update_count      | 142                     |
| outer_update_method     | mrlco_first_order_me... |
| ppo_batch_size_traje... | 20                      |
| query_graph_count       | 80                      |
| seed                    | 0                       |
| split_role              | meta_train_support      |
| split_version           | MARGO-SPLIT-v1          |
| support_graphs_per_m... | 20                      |
| support_trajectories... | 20                      |
| value_clip_epsilon      | 0.2                     |
-----------------------------------------------------
audit health itr 141 ok=False flags=['action_collapse_MEC_0.997']

 ---------------- Iteration 142 ----------------
Sampling set of tasks/goals for this meta-batch...
Warning: No valid output stream.

[Action Choices - Iteration 142]
  Total actions: 200000
  Local (0): 174 (0.1%)
  MEC (1): 199758 (99.9%)
  V2V (2): 68 (0.0%)
Processing samples...
average task losses:  -0.010040208
average value losses:  0.03635798
Evaluating adapted task policies on a fresh support sample
Warning: No valid output stream.
Optimizing policy...
Average energy per iteration 142: 59.2471
-----------------------------------------------------
| Average energy,         | 59.2                    |
| Average greedy latency, | 607                     |
| Average latency,        | 607                     |
| Average reward,         | 0.869                   |
| AverageDiscountedReturn | 0.795                   |
| AverageReturn           | 0.869                   |
| EnvExecTime             | 49.1                    |
| Itr                     | 142                     |
| MaxReturn               | 0.979                   |
| MinReturn               | 0.416                   |
| NumTrajs                | 10000                   |
| PolicyExecTime          | 32.4                    |
| StdReturn               | 0.0779                  |
| entropy_coefficient     | 0                       |
| hyperparameter_prove... | fixed_literature_der... |
| inner_learning_rate     | 0.0005                  |
| k_steps                 | 3                       |
| meta_batch_size_dist... | 10                      |
| outer_learning_rate     | 0.0005                  |
| outer_update_count      | 143                     |
| outer_update_method     | mrlco_first_order_me... |
| ppo_batch_size_traje... | 20                      |
| query_graph_count       | 80                      |
| seed                    | 0                       |
| split_role              | meta_train_support      |
| split_version           | MARGO-SPLIT-v1          |
| support_graphs_per_m... | 20                      |
| support_trajectories... | 20                      |
| value_clip_epsilon      | 0.2                     |
-----------------------------------------------------
audit health itr 142 ok=False flags=['action_collapse_MEC_0.996']

 ---------------- Iteration 143 ----------------
Sampling set of tasks/goals for this meta-batch...
Warning: No valid output stream.

[Action Choices - Iteration 143]
  Total actions: 200000
  Local (0): 223 (0.1%)
  MEC (1): 199689 (99.8%)
  V2V (2): 88 (0.0%)
Processing samples...
average task losses:  0.03325252
average value losses:  0.037628755
Evaluating adapted task policies on a fresh support sample
Warning: No valid output stream.
Optimizing policy...
Average energy per iteration 143: 56.6172
-----------------------------------------------------
| Average energy,         | 56.6                    |
| Average greedy latency, | 611                     |
| Average latency,        | 583                     |
| Average reward,         | 0.867                   |
| AverageDiscountedReturn | 0.79                    |
| AverageReturn           | 0.867                   |
| EnvExecTime             | 50.7                    |
| Itr                     | 143                     |
| MaxReturn               | 0.98                    |
| MinReturn               | 0.416                   |
| NumTrajs                | 10000                   |
| PolicyExecTime          | 32.2                    |
| StdReturn               | 0.0782                  |
| entropy_coefficient     | 0                       |
| hyperparameter_prove... | fixed_literature_der... |
| inner_learning_rate     | 0.0005                  |
| k_steps                 | 3                       |
| meta_batch_size_dist... | 10                      |
| outer_learning_rate     | 0.0005                  |
| outer_update_count      | 144                     |
| outer_update_method     | mrlco_first_order_me... |
| ppo_batch_size_traje... | 20                      |
| query_graph_count       | 80                      |
| seed                    | 0                       |
| split_role              | meta_train_support      |
| split_version           | MARGO-SPLIT-v1          |
| support_graphs_per_m... | 20                      |
| support_trajectories... | 20                      |
| value_clip_epsilon      | 0.2                     |
-----------------------------------------------------
audit health itr 143 ok=False flags=['action_collapse_MEC_0.997']

 ---------------- Iteration 144 ----------------
Sampling set of tasks/goals for this meta-batch...
Warning: No valid output stream.

[Action Choices - Iteration 144]
  Total actions: 200000
  Local (0): 287 (0.1%)
  MEC (1): 199623 (99.8%)
  V2V (2): 90 (0.0%)
Processing samples...
average task losses:  -0.008785233
average value losses:  0.030361207
Evaluating adapted task policies on a fresh support sample
Warning: No valid output stream.
Optimizing policy...
Average energy per iteration 144: 65.5640
-----------------------------------------------------
| Average energy,         | 65.6                    |
| Average greedy latency, | 615                     |
| Average latency,        | 625                     |
| Average reward,         | 0.866                   |
| AverageDiscountedReturn | 0.792                   |
| AverageReturn           | 0.866                   |
| EnvExecTime             | 50.7                    |
| Itr                     | 144                     |
| MaxReturn               | 0.98                    |
| MinReturn               | 0.378                   |
| NumTrajs                | 10000                   |
| PolicyExecTime          | 32.6                    |
| StdReturn               | 0.0837                  |
| entropy_coefficient     | 0                       |
| hyperparameter_prove... | fixed_literature_der... |
| inner_learning_rate     | 0.0005                  |
| k_steps                 | 3                       |
| meta_batch_size_dist... | 10                      |
| outer_learning_rate     | 0.0005                  |
| outer_update_count      | 145                     |
| outer_update_method     | mrlco_first_order_me... |
| ppo_batch_size_traje... | 20                      |
| query_graph_count       | 80                      |
| seed                    | 0                       |
| split_role              | meta_train_support      |
| split_version           | MARGO-SPLIT-v1          |
| support_graphs_per_m... | 20                      |
| support_trajectories... | 20                      |
| value_clip_epsilon      | 0.2                     |
-----------------------------------------------------
audit health itr 144 ok=False flags=['action_collapse_MEC_0.995']

 ---------------- Iteration 145 ----------------
Sampling set of tasks/goals for this meta-batch...
Warning: No valid output stream.

[Action Choices - Iteration 145]
  Total actions: 200000
  Local (0): 366 (0.2%)
  MEC (1): 199478 (99.7%)
  V2V (2): 156 (0.1%)
Processing samples...
average task losses:  0.02304476
average value losses:  0.026346147
Evaluating adapted task policies on a fresh support sample
Warning: No valid output stream.
Optimizing policy...
Average energy per iteration 145: 65.5365
-----------------------------------------------------
| Average energy,         | 65.5                    |
| Average greedy latency, | 608                     |
| Average latency,        | 648                     |
| Average reward,         | 0.86                    |
| AverageDiscountedReturn | 0.788                   |
| AverageReturn           | 0.86                    |
| EnvExecTime             | 47.7                    |
| Itr                     | 145                     |
| MaxReturn               | 0.979                   |
| MinReturn               | 0.543                   |
| NumTrajs                | 10000                   |
| PolicyExecTime          | 31.4                    |
| StdReturn               | 0.0777                  |
| entropy_coefficient     | 0                       |
| hyperparameter_prove... | fixed_literature_der... |
| inner_learning_rate     | 0.0005                  |
| k_steps                 | 3                       |
| meta_batch_size_dist... | 10                      |
| outer_learning_rate     | 0.0005                  |
| outer_update_count      | 146                     |
| outer_update_method     | mrlco_first_order_me... |
| ppo_batch_size_traje... | 20                      |
| query_graph_count       | 80                      |
| seed                    | 0                       |
| split_role              | meta_train_support      |
| split_version           | MARGO-SPLIT-v1          |
| support_graphs_per_m... | 20                      |
| support_trajectories... | 20                      |
| value_clip_epsilon      | 0.2                     |
-----------------------------------------------------
audit health itr 145 ok=False flags=['action_collapse_MEC_0.997']

 ---------------- Iteration 146 ----------------
Sampling set of tasks/goals for this meta-batch...
Warning: No valid output stream.

[Action Choices - Iteration 146]
  Total actions: 200000
  Local (0): 409 (0.2%)
  MEC (1): 199389 (99.7%)
  V2V (2): 202 (0.1%)
Processing samples...
average task losses:  0.009630114
average value losses:  0.035053924
Evaluating adapted task policies on a fresh support sample
Warning: No valid output stream.
Optimizing policy...
Average energy per iteration 146: 81.0373
-----------------------------------------------------
| Average energy,         | 81                      |
| Average greedy latency, | 627                     |
| Average latency,        | 701                     |
| Average reward,         | 0.841                   |
| AverageDiscountedReturn | 0.771                   |
| AverageReturn           | 0.841                   |
| EnvExecTime             | 50.4                    |
| Itr                     | 146                     |
| MaxReturn               | 0.978                   |
| MinReturn               | 0.377                   |
| NumTrajs                | 10000                   |
| PolicyExecTime          | 31.9                    |
| StdReturn               | 0.0894                  |
| entropy_coefficient     | 0                       |
| hyperparameter_prove... | fixed_literature_der... |
| inner_learning_rate     | 0.0005                  |
| k_steps                 | 3                       |
| meta_batch_size_dist... | 10                      |
| outer_learning_rate     | 0.0005                  |
| outer_update_count      | 147                     |
| outer_update_method     | mrlco_first_order_me... |
| ppo_batch_size_traje... | 20                      |
| query_graph_count       | 80                      |
| seed                    | 0                       |
| split_role              | meta_train_support      |
| split_version           | MARGO-SPLIT-v1          |
| support_graphs_per_m... | 20                      |
| support_trajectories... | 20                      |
| value_clip_epsilon      | 0.2                     |
-----------------------------------------------------
audit health itr 146 ok=False flags=['action_collapse_MEC_0.991']

 ---------------- Iteration 147 ----------------
Sampling set of tasks/goals for this meta-batch...
Warning: No valid output stream.

[Action Choices - Iteration 147]
  Total actions: 200000
  Local (0): 427 (0.2%)
  MEC (1): 199364 (99.7%)
  V2V (2): 209 (0.1%)
Processing samples...
average task losses:  -0.022128055
average value losses:  0.033137374
Evaluating adapted task policies on a fresh support sample
Warning: No valid output stream.
Optimizing policy...
Average energy per iteration 147: 65.7804
-----------------------------------------------------
| Average energy,         | 65.8                    |
| Average greedy latency, | 591                     |
| Average latency,        | 583                     |
| Average reward,         | 0.876                   |
| AverageDiscountedReturn | 0.804                   |
| AverageReturn           | 0.876                   |
| EnvExecTime             | 47.1                    |
| Itr                     | 147                     |
| MaxReturn               | 0.98                    |
| MinReturn               | 0.39                    |
| NumTrajs                | 10000                   |
| PolicyExecTime          | 32.4                    |
| StdReturn               | 0.0774                  |
| entropy_coefficient     | 0                       |
| hyperparameter_prove... | fixed_literature_der... |
| inner_learning_rate     | 0.0005                  |
| k_steps                 | 3                       |
| meta_batch_size_dist... | 10                      |
| outer_learning_rate     | 0.0005                  |
| outer_update_count      | 148                     |
| outer_update_method     | mrlco_first_order_me... |
| ppo_batch_size_traje... | 20                      |
| query_graph_count       | 80                      |
| seed                    | 0                       |
| split_role              | meta_train_support      |
| split_version           | MARGO-SPLIT-v1          |
| support_graphs_per_m... | 20                      |
| support_trajectories... | 20                      |
| value_clip_epsilon      | 0.2                     |
-----------------------------------------------------
audit health itr 147 ok=False flags=['action_collapse_MEC_0.991']

 ---------------- Iteration 148 ----------------
Sampling set of tasks/goals for this meta-batch...
Warning: No valid output stream.

[Action Choices - Iteration 148]
  Total actions: 200000
  Local (0): 515 (0.3%)
  MEC (1): 199201 (99.6%)
  V2V (2): 284 (0.1%)
Processing samples...
average task losses:  -0.034270223
average value losses:  0.029491162
Evaluating adapted task policies on a fresh support sample
Warning: No valid output stream.
Optimizing policy...
Average energy per iteration 148: 60.1208
-----------------------------------------------------
| Average energy,         | 60.1                    |
| Average greedy latency, | 598                     |
| Average latency,        | 602                     |
| Average reward,         | 0.873                   |
| AverageDiscountedReturn | 0.797                   |
| AverageReturn           | 0.873                   |
| EnvExecTime             | 51.3                    |
| Itr                     | 148                     |
| MaxReturn               | 0.98                    |
| MinReturn               | 0.536                   |
| NumTrajs                | 10000                   |
| PolicyExecTime          | 32.2                    |
| StdReturn               | 0.0729                  |
| entropy_coefficient     | 0                       |
| hyperparameter_prove... | fixed_literature_der... |
| inner_learning_rate     | 0.0005                  |
| k_steps                 | 3                       |
| meta_batch_size_dist... | 10                      |
| outer_learning_rate     | 0.0005                  |
| outer_update_count      | 149                     |
| outer_update_method     | mrlco_first_order_me... |
| ppo_batch_size_traje... | 20                      |
| query_graph_count       | 80                      |
| seed                    | 0                       |
| split_role              | meta_train_support      |
| split_version           | MARGO-SPLIT-v1          |
| support_graphs_per_m... | 20                      |
| support_trajectories... | 20                      |
| value_clip_epsilon      | 0.2                     |
-----------------------------------------------------
audit health itr 148 ok=False flags=['action_collapse_MEC_0.996']

 ---------------- Iteration 149 ----------------
Sampling set of tasks/goals for this meta-batch...
Warning: No valid output stream.

[Action Choices - Iteration 149]
  Total actions: 200000
  Local (0): 564 (0.3%)
  MEC (1): 199135 (99.6%)
  V2V (2): 301 (0.2%)
Processing samples...
average task losses:  -0.0016881527
average value losses:  0.01667779
Evaluating adapted task policies on a fresh support sample
Warning: No valid output stream.
Optimizing policy...
Average energy per iteration 149: 74.3900
-----------------------------------------------------
| Average energy,         | 74.4                    |
| Average greedy latency, | 593                     |
| Average latency,        | 598                     |
| Average reward,         | 0.865                   |
| AverageDiscountedReturn | 0.794                   |
| AverageReturn           | 0.865                   |
| EnvExecTime             | 49.9                    |
| Itr                     | 149                     |
| MaxReturn               | 0.98                    |
| MinReturn               | 0.313                   |
| NumTrajs                | 10000                   |
| PolicyExecTime          | 32.6                    |
| StdReturn               | 0.103                   |
| entropy_coefficient     | 0                       |
| hyperparameter_prove... | fixed_literature_der... |
| inner_learning_rate     | 0.0005                  |
| k_steps                 | 3                       |
| meta_batch_size_dist... | 10                      |
| outer_learning_rate     | 0.0005                  |
| outer_update_count      | 150                     |
| outer_update_method     | mrlco_first_order_me... |
| ppo_batch_size_traje... | 20                      |
| query_graph_count       | 80                      |
| seed                    | 0                       |
| split_role              | meta_train_support      |
| split_version           | MARGO-SPLIT-v1          |
| support_graphs_per_m... | 20                      |
| support_trajectories... | 20                      |
| value_clip_epsilon      | 0.2                     |
-----------------------------------------------------
audit health itr 149 ok=False flags=['action_collapse_MEC_0.988']

 ---------------- Iteration 150 ----------------
Sampling set of tasks/goals for this meta-batch...
Warning: No valid output stream.

[Action Choices - Iteration 150]
  Total actions: 200000
  Local (0): 572 (0.3%)
  MEC (1): 199127 (99.6%)
  V2V (2): 301 (0.2%)
Processing samples...
average task losses:  -0.0062452424
average value losses:  0.015270659
Evaluating adapted task policies on a fresh support sample
Warning: No valid output stream.
Optimizing policy...
Average energy per iteration 150: 63.5256
Warning: No valid output stream.
Warning: No valid output stream.
Warning: No valid output stream.
Warning: No valid output stream.
Warning: No valid output stream.
Warning: No valid output stream.
Warning: No valid output stream.
Warning: No valid output stream.
Warning: No valid output stream.
Warning: No valid output stream.
Warning: No valid output stream.
Warning: No valid output stream.
Warning: No valid output stream.
Warning: No valid output stream.
Warning: No valid output stream.
-----------------------------------------------------
| Average energy,         | 63.5                    |
| Average greedy latency, | 600                     |
| Average latency,        | 624                     |
| Average reward,         | 0.861                   |
| AverageDiscountedReturn | 0.79                    |
| AverageReturn           | 0.861                   |
| EnvExecTime             | 47.5                    |
| Itr                     | 150                     |
| MaxReturn               | 0.978                   |
| MinReturn               | 0.559                   |
| NumTrajs                | 10000                   |
| PolicyExecTime          | 32.2                    |
| StdReturn               | 0.0766                  |
| checkpoint_is_best_val  | 0                       |
| checkpoint_selection... | validation_query_com... |
| entropy_coefficient     | 0                       |
| hyperparameter_prove... | fixed_literature_der... |
| inner_learning_rate     | 0.0005                  |
| k_steps                 | 3                       |
| meta_batch_size_dist... | 10                      |
| outer_learning_rate     | 0.0005                  |
| outer_update_count      | 151                     |
| outer_update_method     | mrlco_first_order_me... |
| ppo_batch_size_traje... | 20                      |
| query_graph_count       | 80                      |
| seed                    | 0                       |
| split_role              | meta_train_support      |
| split_version           | MARGO-SPLIT-v1          |
| support_graphs_per_m... | 20                      |
| support_trajectories... | 20                      |
| validation_query_com... | 0.863                   |
| validation_query_mea... | 635                     |
| value_clip_epsilon      | 0.2                     |
-----------------------------------------------------
audit health itr 150 ok=False flags=['action_collapse_MEC_0.996']

 ---------------- Iteration 151 ----------------
Sampling set of tasks/goals for this meta-batch...
Warning: No valid output stream.

[Action Choices - Iteration 151]
  Total actions: 200000
  Local (0): 518 (0.3%)
  MEC (1): 199196 (99.6%)
  V2V (2): 286 (0.1%)
Processing samples...
average task losses:  0.009535033
average value losses:  0.01862055
Evaluating adapted task policies on a fresh support sample
Warning: No valid output stream.
Optimizing policy...
Average energy per iteration 151: 80.8036
-----------------------------------------------------
| Average energy,         | 80.8                    |
| Average greedy latency, | 602                     |
| Average latency,        | 656                     |
| Average reward,         | 0.85                    |
| AverageDiscountedReturn | 0.779                   |
| AverageReturn           | 0.85                    |
| EnvExecTime             | 48.6                    |
| Itr                     | 151                     |
| MaxReturn               | 0.98                    |
| MinReturn               | 0.337                   |
| NumTrajs                | 10000                   |
| PolicyExecTime          | 32.4                    |
| StdReturn               | 0.0928                  |
| entropy_coefficient     | 0                       |
| hyperparameter_prove... | fixed_literature_der... |
| inner_learning_rate     | 0.0005                  |
| k_steps                 | 3                       |
| meta_batch_size_dist... | 10                      |
| outer_learning_rate     | 0.0005                  |
| outer_update_count      | 152                     |
| outer_update_method     | mrlco_first_order_me... |
| ppo_batch_size_traje... | 20                      |
| query_graph_count       | 80                      |
| seed                    | 0                       |
| split_role              | meta_train_support      |
| split_version           | MARGO-SPLIT-v1          |
| support_graphs_per_m... | 20                      |
| support_trajectories... | 20                      |
| value_clip_epsilon      | 0.2                     |
-----------------------------------------------------
audit health itr 151 ok=False flags=['action_collapse_MEC_0.988']

 ---------------- Iteration 152 ----------------
Sampling set of tasks/goals for this meta-batch...
Warning: No valid output stream.

[Action Choices - Iteration 152]
  Total actions: 200000
  Local (0): 482 (0.2%)
  MEC (1): 199268 (99.6%)
  V2V (2): 250 (0.1%)
Processing samples...
average task losses:  -0.013130536
average value losses:  0.029863693
Evaluating adapted task policies on a fresh support sample
Warning: No valid output stream.
Optimizing policy...
Average energy per iteration 152: 78.5013
-----------------------------------------------------
| Average energy,         | 78.5                    |
| Average greedy latency, | 603                     |
| Average latency,        | 639                     |
| Average reward,         | 0.856                   |
| AverageDiscountedReturn | 0.785                   |
| AverageReturn           | 0.856                   |
| EnvExecTime             | 48.6                    |
| Itr                     | 152                     |
| MaxReturn               | 0.974                   |
| MinReturn               | 0.421                   |
| NumTrajs                | 10000                   |
| PolicyExecTime          | 32.5                    |
| StdReturn               | 0.0965                  |
| entropy_coefficient     | 0                       |
| hyperparameter_prove... | fixed_literature_der... |
| inner_learning_rate     | 0.0005                  |
| k_steps                 | 3                       |
| meta_batch_size_dist... | 10                      |
| outer_learning_rate     | 0.0005                  |
| outer_update_count      | 153                     |
| outer_update_method     | mrlco_first_order_me... |
| ppo_batch_size_traje... | 20                      |
| query_graph_count       | 80                      |
| seed                    | 0                       |
| split_role              | meta_train_support      |
| split_version           | MARGO-SPLIT-v1          |
| support_graphs_per_m... | 20                      |
| support_trajectories... | 20                      |
| value_clip_epsilon      | 0.2                     |
-----------------------------------------------------
audit health itr 152 ok=False flags=['action_collapse_MEC_0.988']

 ---------------- Iteration 153 ----------------
Sampling set of tasks/goals for this meta-batch...
Warning: No valid output stream.

[Action Choices - Iteration 153]
  Total actions: 200000
  Local (0): 496 (0.2%)
  MEC (1): 199254 (99.6%)
  V2V (2): 250 (0.1%)
Processing samples...
average task losses:  0.009906541
average value losses:  0.026497692
Evaluating adapted task policies on a fresh support sample
Warning: No valid output stream.
Optimizing policy...
Average energy per iteration 153: 75.4736
-----------------------------------------------------
| Average energy,         | 75.5                    |
| Average greedy latency, | 622                     |
| Average latency,        | 676                     |
| Average reward,         | 0.852                   |
| AverageDiscountedReturn | 0.781                   |
| AverageReturn           | 0.852                   |
| EnvExecTime             | 50.2                    |
| Itr                     | 153                     |
| MaxReturn               | 0.979                   |
| MinReturn               | 0.47                    |
| NumTrajs                | 10000                   |
| PolicyExecTime          | 32.6                    |
| StdReturn               | 0.092                   |
| entropy_coefficient     | 0                       |
| hyperparameter_prove... | fixed_literature_der... |
| inner_learning_rate     | 0.0005                  |
| k_steps                 | 3                       |
| meta_batch_size_dist... | 10                      |
| outer_learning_rate     | 0.0005                  |
| outer_update_count      | 154                     |
| outer_update_method     | mrlco_first_order_me... |
| ppo_batch_size_traje... | 20                      |
| query_graph_count       | 80                      |
| seed                    | 0                       |
| split_role              | meta_train_support      |
| split_version           | MARGO-SPLIT-v1          |
| support_graphs_per_m... | 20                      |
| support_trajectories... | 20                      |
| value_clip_epsilon      | 0.2                     |
-----------------------------------------------------
audit health itr 153 ok=False flags=['action_collapse_MEC_0.992']

 ---------------- Iteration 154 ----------------
Sampling set of tasks/goals for this meta-batch...
Warning: No valid output stream.

[Action Choices - Iteration 154]
  Total actions: 200000
  Local (0): 460 (0.2%)
  MEC (1): 199297 (99.6%)
  V2V (2): 243 (0.1%)
Processing samples...
average task losses:  0.034969617
average value losses:  0.02375689
Evaluating adapted task policies on a fresh support sample
Warning: No valid output stream.
Optimizing policy...
Average energy per iteration 154: 60.9742
-----------------------------------------------------
| Average energy,         | 61                      |
| Average greedy latency, | 611                     |
| Average latency,        | 592                     |
| Average reward,         | 0.873                   |
| AverageDiscountedReturn | 0.799                   |
| AverageReturn           | 0.873                   |
| EnvExecTime             | 49.7                    |
| Itr                     | 154                     |
| MaxReturn               | 0.99                    |
| MinReturn               | 0.395                   |
| NumTrajs                | 10000                   |
| PolicyExecTime          | 33.2                    |
| StdReturn               | 0.076                   |
| entropy_coefficient     | 0                       |
| hyperparameter_prove... | fixed_literature_der... |
| inner_learning_rate     | 0.0005                  |
| k_steps                 | 3                       |
| meta_batch_size_dist... | 10                      |
| outer_learning_rate     | 0.0005                  |
| outer_update_count      | 155                     |
| outer_update_method     | mrlco_first_order_me... |
| ppo_batch_size_traje... | 20                      |
| query_graph_count       | 80                      |
| seed                    | 0                       |
| split_role              | meta_train_support      |
| split_version           | MARGO-SPLIT-v1          |
| support_graphs_per_m... | 20                      |
| support_trajectories... | 20                      |
| value_clip_epsilon      | 0.2                     |
-----------------------------------------------------
audit health itr 154 ok=False flags=['action_collapse_MEC_0.994']

 ---------------- Iteration 155 ----------------
Sampling set of tasks/goals for this meta-batch...
Warning: No valid output stream.

[Action Choices - Iteration 155]
  Total actions: 200000
  Local (0): 443 (0.2%)
  MEC (1): 199340 (99.7%)
  V2V (2): 217 (0.1%)
Processing samples...
average task losses:  0.013033587
average value losses:  0.01752508
Evaluating adapted task policies on a fresh support sample
Warning: No valid output stream.
Optimizing policy...
Average energy per iteration 155: 52.6987
-----------------------------------------------------
| Average energy,         | 52.7                    |
| Average greedy latency, | 592                     |
| Average latency,        | 571                     |
| Average reward,         | 0.88                    |
| AverageDiscountedReturn | 0.806                   |
| AverageReturn           | 0.88                    |
| EnvExecTime             | 47.5                    |
| Itr                     | 155                     |
| MaxReturn               | 0.979                   |
| MinReturn               | 0.613                   |
| NumTrajs                | 10000                   |
| PolicyExecTime          | 32.5                    |
| StdReturn               | 0.0649                  |
| entropy_coefficient     | 0                       |
| hyperparameter_prove... | fixed_literature_der... |
| inner_learning_rate     | 0.0005                  |
| k_steps                 | 3                       |
| meta_batch_size_dist... | 10                      |
| outer_learning_rate     | 0.0005                  |
| outer_update_count      | 156                     |
| outer_update_method     | mrlco_first_order_me... |
| ppo_batch_size_traje... | 20                      |
| query_graph_count       | 80                      |
| seed                    | 0                       |
| split_role              | meta_train_support      |
| split_version           | MARGO-SPLIT-v1          |
| support_graphs_per_m... | 20                      |
| support_trajectories... | 20                      |
| value_clip_epsilon      | 0.2                     |
-----------------------------------------------------
audit health itr 155 ok=False flags=['action_collapse_MEC_0.998']

 ---------------- Iteration 156 ----------------
Sampling set of tasks/goals for this meta-batch...
Warning: No valid output stream.

[Action Choices - Iteration 156]
  Total actions: 200000
  Local (0): 455 (0.2%)
  MEC (1): 199302 (99.7%)
  V2V (2): 243 (0.1%)
Processing samples...
average task losses:  0.019286513
average value losses:  0.016725445
Evaluating adapted task policies on a fresh support sample
Warning: No valid output stream.
Optimizing policy...
Average energy per iteration 156: 67.7379
-----------------------------------------------------
| Average energy,         | 67.7                    |
| Average greedy latency, | 607                     |
| Average latency,        | 673                     |
| Average reward,         | 0.85                    |
| AverageDiscountedReturn | 0.78                    |
| AverageReturn           | 0.85                    |
| EnvExecTime             | 49.7                    |
| Itr                     | 156                     |
| MaxReturn               | 0.978                   |
| MinReturn               | 0.509                   |
| NumTrajs                | 10000                   |
| PolicyExecTime          | 32                      |
| StdReturn               | 0.087                   |
| entropy_coefficient     | 0                       |
| hyperparameter_prove... | fixed_literature_der... |
| inner_learning_rate     | 0.0005                  |
| k_steps                 | 3                       |
| meta_batch_size_dist... | 10                      |
| outer_learning_rate     | 0.0005                  |
| outer_update_count      | 157                     |
| outer_update_method     | mrlco_first_order_me... |
| ppo_batch_size_traje... | 20                      |
| query_graph_count       | 80                      |
| seed                    | 0                       |
| split_role              | meta_train_support      |
| split_version           | MARGO-SPLIT-v1          |
| support_graphs_per_m... | 20                      |
| support_trajectories... | 20                      |
| value_clip_epsilon      | 0.2                     |
-----------------------------------------------------
audit health itr 156 ok=False flags=['action_collapse_MEC_0.997']

 ---------------- Iteration 157 ----------------
Sampling set of tasks/goals for this meta-batch...
Warning: No valid output stream.

[Action Choices - Iteration 157]
  Total actions: 200000
  Local (0): 333 (0.2%)
  MEC (1): 199481 (99.7%)
  V2V (2): 186 (0.1%)
Processing samples...
average task losses:  -0.02032426
average value losses:  0.030782998
Evaluating adapted task policies on a fresh support sample
Warning: No valid output stream.
Optimizing policy...
Average energy per iteration 157: 66.5820
-----------------------------------------------------
| Average energy,         | 66.6                    |
| Average greedy latency, | 612                     |
| Average latency,        | 635                     |
| Average reward,         | 0.865                   |
| AverageDiscountedReturn | 0.794                   |
| AverageReturn           | 0.865                   |
| EnvExecTime             | 49.3                    |
| Itr                     | 157                     |
| MaxReturn               | 0.979                   |
| MinReturn               | 0.509                   |
| NumTrajs                | 10000                   |
| PolicyExecTime          | 32.5                    |
| StdReturn               | 0.0817                  |
| entropy_coefficient     | 0                       |
| hyperparameter_prove... | fixed_literature_der... |
| inner_learning_rate     | 0.0005                  |
| k_steps                 | 3                       |
| meta_batch_size_dist... | 10                      |
| outer_learning_rate     | 0.0005                  |
| outer_update_count      | 158                     |
| outer_update_method     | mrlco_first_order_me... |
| ppo_batch_size_traje... | 20                      |
| query_graph_count       | 80                      |
| seed                    | 0                       |
| split_role              | meta_train_support      |
| split_version           | MARGO-SPLIT-v1          |
| support_graphs_per_m... | 20                      |
| support_trajectories... | 20                      |
| value_clip_epsilon      | 0.2                     |
-----------------------------------------------------
audit health itr 157 ok=False flags=['action_collapse_MEC_0.995']

 ---------------- Iteration 158 ----------------
Sampling set of tasks/goals for this meta-batch...
Warning: No valid output stream.

[Action Choices - Iteration 158]
  Total actions: 200000
  Local (0): 291 (0.1%)
  MEC (1): 199547 (99.8%)
  V2V (2): 162 (0.1%)
Processing samples...
average task losses:  -0.00019691364
average value losses:  0.031933643
Evaluating adapted task policies on a fresh support sample
Warning: No valid output stream.
Optimizing policy...
Average energy per iteration 158: 66.4702
-----------------------------------------------------
| Average energy,         | 66.5                    |
| Average greedy latency, | 617                     |
| Average latency,        | 636                     |
| Average reward,         | 0.86                    |
| AverageDiscountedReturn | 0.788                   |
| AverageReturn           | 0.86                    |
| EnvExecTime             | 48.1                    |
| Itr                     | 158                     |
| MaxReturn               | 0.971                   |
| MinReturn               | 0.458                   |
| NumTrajs                | 10000                   |
| PolicyExecTime          | 31.8                    |
| StdReturn               | 0.072                   |
| entropy_coefficient     | 0                       |
| hyperparameter_prove... | fixed_literature_der... |
| inner_learning_rate     | 0.0005                  |
| k_steps                 | 3                       |
| meta_batch_size_dist... | 10                      |
| outer_learning_rate     | 0.0005                  |
| outer_update_count      | 159                     |
| outer_update_method     | mrlco_first_order_me... |
| ppo_batch_size_traje... | 20                      |
| query_graph_count       | 80                      |
| seed                    | 0                       |
| split_role              | meta_train_support      |
| split_version           | MARGO-SPLIT-v1          |
| support_graphs_per_m... | 20                      |
| support_trajectories... | 20                      |
| value_clip_epsilon      | 0.2                     |
-----------------------------------------------------
audit health itr 158 ok=False flags=['action_collapse_MEC_0.995']

 ---------------- Iteration 159 ----------------
Sampling set of tasks/goals for this meta-batch...
Warning: No valid output stream.

[Action Choices - Iteration 159]
  Total actions: 200000
  Local (0): 253 (0.1%)
  MEC (1): 199596 (99.8%)
  V2V (2): 151 (0.1%)
Processing samples...
average task losses:  -0.00054951606
average value losses:  0.02776432
Evaluating adapted task policies on a fresh support sample
Warning: No valid output stream.
Optimizing policy...
Average energy per iteration 159: 65.2358
-----------------------------------------------------
| Average energy,         | 65.2                    |
| Average greedy latency, | 610                     |
| Average latency,        | 653                     |
| Average reward,         | 0.866                   |
| AverageDiscountedReturn | 0.794                   |
| AverageReturn           | 0.866                   |
| EnvExecTime             | 50.3                    |
| Itr                     | 159                     |
| MaxReturn               | 0.98                    |
| MinReturn               | 0.531                   |
| NumTrajs                | 10000                   |
| PolicyExecTime          | 32.3                    |
| StdReturn               | 0.0853                  |
| entropy_coefficient     | 0                       |
| hyperparameter_prove... | fixed_literature_der... |
| inner_learning_rate     | 0.0005                  |
| k_steps                 | 3                       |
| meta_batch_size_dist... | 10                      |
| outer_learning_rate     | 0.0005                  |
| outer_update_count      | 160                     |
| outer_update_method     | mrlco_first_order_me... |
| ppo_batch_size_traje... | 20                      |
| query_graph_count       | 80                      |
| seed                    | 0                       |
| split_role              | meta_train_support      |
| split_version           | MARGO-SPLIT-v1          |
| support_graphs_per_m... | 20                      |
| support_trajectories... | 20                      |
| value_clip_epsilon      | 0.2                     |
-----------------------------------------------------
audit health itr 159 ok=False flags=['action_collapse_MEC_0.997']

 ---------------- Iteration 160 ----------------
Sampling set of tasks/goals for this meta-batch...
Warning: No valid output stream.

[Action Choices - Iteration 160]
  Total actions: 200000
  Local (0): 215 (0.1%)
  MEC (1): 199662 (99.8%)
  V2V (2): 123 (0.1%)
Processing samples...
average task losses:  -0.020948265
average value losses:  0.023729382
Evaluating adapted task policies on a fresh support sample
Warning: No valid output stream.
Optimizing policy...
Average energy per iteration 160: 55.1251
-----------------------------------------------------
| Average energy,         | 55.1                    |
| Average greedy latency, | 591                     |
| Average latency,        | 581                     |
| Average reward,         | 0.874                   |
| AverageDiscountedReturn | 0.801                   |
| AverageReturn           | 0.874                   |
| EnvExecTime             | 47.5                    |
| Itr                     | 160                     |
| MaxReturn               | 0.97                    |
| MinReturn               | 0.517                   |
| NumTrajs                | 10000                   |
| PolicyExecTime          | 32.8                    |
| StdReturn               | 0.0733                  |
| entropy_coefficient     | 0                       |
| hyperparameter_prove... | fixed_literature_der... |
| inner_learning_rate     | 0.0005                  |
| k_steps                 | 3                       |
| meta_batch_size_dist... | 10                      |
| outer_learning_rate     | 0.0005                  |
| outer_update_count      | 161                     |
| outer_update_method     | mrlco_first_order_me... |
| ppo_batch_size_traje... | 20                      |
| query_graph_count       | 80                      |
| seed                    | 0                       |
| split_role              | meta_train_support      |
| split_version           | MARGO-SPLIT-v1          |
| support_graphs_per_m... | 20                      |
| support_trajectories... | 20                      |
| value_clip_epsilon      | 0.2                     |
-----------------------------------------------------
audit health itr 160 ok=False flags=['action_collapse_MEC_0.998']

 ---------------- Iteration 161 ----------------
Sampling set of tasks/goals for this meta-batch...
Warning: No valid output stream.

[Action Choices - Iteration 161]
  Total actions: 200000
  Local (0): 234 (0.1%)
  MEC (1): 199616 (99.8%)
  V2V (2): 150 (0.1%)
Processing samples...
average task losses:  0.0053177844
average value losses:  0.016748535
Evaluating adapted task policies on a fresh support sample
Warning: No valid output stream.
Optimizing policy...
Average energy per iteration 161: 71.2440
-----------------------------------------------------
| Average energy,         | 71.2                    |
| Average greedy latency, | 642                     |
| Average latency,        | 700                     |
| Average reward,         | 0.842                   |
| AverageDiscountedReturn | 0.773                   |
| AverageReturn           | 0.842                   |
| EnvExecTime             | 49.9                    |
| Itr                     | 161                     |
| MaxReturn               | 0.979                   |
| MinReturn               | 0.415                   |
| NumTrajs                | 10000                   |
| PolicyExecTime          | 32.1                    |
| StdReturn               | 0.0903                  |
| entropy_coefficient     | 0                       |
| hyperparameter_prove... | fixed_literature_der... |
| inner_learning_rate     | 0.0005                  |
| k_steps                 | 3                       |
| meta_batch_size_dist... | 10                      |
| outer_learning_rate     | 0.0005                  |
| outer_update_count      | 162                     |
| outer_update_method     | mrlco_first_order_me... |
| ppo_batch_size_traje... | 20                      |
| query_graph_count       | 80                      |
| seed                    | 0                       |
| split_role              | meta_train_support      |
| split_version           | MARGO-SPLIT-v1          |
| support_graphs_per_m... | 20                      |
| support_trajectories... | 20                      |
| value_clip_epsilon      | 0.2                     |
-----------------------------------------------------
audit health itr 161 ok=False flags=['action_collapse_MEC_0.997']

 ---------------- Iteration 162 ----------------
Sampling set of tasks/goals for this meta-batch...
Warning: No valid output stream.

[Action Choices - Iteration 162]
  Total actions: 200000
  Local (0): 203 (0.1%)
  MEC (1): 199709 (99.9%)
  V2V (2): 88 (0.0%)
Processing samples...
average task losses:  0.00420217
average value losses:  0.023839498
Evaluating adapted task policies on a fresh support sample
Warning: No valid output stream.
Optimizing policy...
Average energy per iteration 162: 55.1374
-----------------------------------------------------
| Average energy,         | 55.1                    |
| Average greedy latency, | 603                     |
| Average latency,        | 599                     |
| Average reward,         | 0.874                   |
| AverageDiscountedReturn | 0.799                   |
| AverageReturn           | 0.874                   |
| EnvExecTime             | 50.1                    |
| Itr                     | 162                     |
| MaxReturn               | 0.979                   |
| MinReturn               | 0.538                   |
| NumTrajs                | 10000                   |
| PolicyExecTime          | 31.9                    |
| StdReturn               | 0.0721                  |
| entropy_coefficient     | 0                       |
| hyperparameter_prove... | fixed_literature_der... |
| inner_learning_rate     | 0.0005                  |
| k_steps                 | 3                       |
| meta_batch_size_dist... | 10                      |
| outer_learning_rate     | 0.0005                  |
| outer_update_count      | 163                     |
| outer_update_method     | mrlco_first_order_me... |
| ppo_batch_size_traje... | 20                      |
| query_graph_count       | 80                      |
| seed                    | 0                       |
| split_role              | meta_train_support      |
| split_version           | MARGO-SPLIT-v1          |
| support_graphs_per_m... | 20                      |
| support_trajectories... | 20                      |
| value_clip_epsilon      | 0.2                     |
-----------------------------------------------------
audit health itr 162 ok=False flags=['action_collapse_MEC_0.999']

 ---------------- Iteration 163 ----------------
Sampling set of tasks/goals for this meta-batch...
Warning: No valid output stream.

[Action Choices - Iteration 163]
  Total actions: 200000
  Local (0): 176 (0.1%)
  MEC (1): 199722 (99.9%)
  V2V (2): 102 (0.1%)
Processing samples...
average task losses:  -0.02400585
average value losses:  0.035851482
Evaluating adapted task policies on a fresh support sample
Warning: No valid output stream.
Optimizing policy...
Average energy per iteration 163: 58.6371
-----------------------------------------------------
| Average energy,         | 58.6                    |
| Average greedy latency, | 613                     |
| Average latency,        | 622                     |
| Average reward,         | 0.868                   |
| AverageDiscountedReturn | 0.794                   |
| AverageReturn           | 0.868                   |
| EnvExecTime             | 49.1                    |
| Itr                     | 163                     |
| MaxReturn               | 0.98                    |
| MinReturn               | 0.557                   |
| NumTrajs                | 10000                   |
| PolicyExecTime          | 30.9                    |
| StdReturn               | 0.0761                  |
| entropy_coefficient     | 0                       |
| hyperparameter_prove... | fixed_literature_der... |
| inner_learning_rate     | 0.0005                  |
| k_steps                 | 3                       |
| meta_batch_size_dist... | 10                      |
| outer_learning_rate     | 0.0005                  |
| outer_update_count      | 164                     |
| outer_update_method     | mrlco_first_order_me... |
| ppo_batch_size_traje... | 20                      |
| query_graph_count       | 80                      |
| seed                    | 0                       |
| split_role              | meta_train_support      |
| split_version           | MARGO-SPLIT-v1          |
| support_graphs_per_m... | 20                      |
| support_trajectories... | 20                      |
| value_clip_epsilon      | 0.2                     |
-----------------------------------------------------
audit health itr 163 ok=False flags=['action_collapse_MEC_0.998']

 ---------------- Iteration 164 ----------------
Sampling set of tasks/goals for this meta-batch...
Warning: No valid output stream.

[Action Choices - Iteration 164]
  Total actions: 200000
  Local (0): 174 (0.1%)
  MEC (1): 199737 (99.9%)
  V2V (2): 89 (0.0%)
Processing samples...
average task losses:  -0.02556778
average value losses:  0.038056057
Evaluating adapted task policies on a fresh support sample
Warning: No valid output stream.
Optimizing policy...
Average energy per iteration 164: 64.0197
-----------------------------------------------------
| Average energy,         | 64                      |
| Average greedy latency, | 607                     |
| Average latency,        | 661                     |
| Average reward,         | 0.853                   |
| AverageDiscountedReturn | 0.78                    |
| AverageReturn           | 0.853                   |
| EnvExecTime             | 50.9                    |
| Itr                     | 164                     |
| MaxReturn               | 0.978                   |
| MinReturn               | 0.5                     |
| NumTrajs                | 10000                   |
| PolicyExecTime          | 32.1                    |
| StdReturn               | 0.0842                  |
| entropy_coefficient     | 0                       |
| hyperparameter_prove... | fixed_literature_der... |
| inner_learning_rate     | 0.0005                  |
| k_steps                 | 3                       |
| meta_batch_size_dist... | 10                      |
| outer_learning_rate     | 0.0005                  |
| outer_update_count      | 165                     |
| outer_update_method     | mrlco_first_order_me... |
| ppo_batch_size_traje... | 20                      |
| query_graph_count       | 80                      |
| seed                    | 0                       |
| split_role              | meta_train_support      |
| split_version           | MARGO-SPLIT-v1          |
| support_graphs_per_m... | 20                      |
| support_trajectories... | 20                      |
| value_clip_epsilon      | 0.2                     |
-----------------------------------------------------
audit health itr 164 ok=False flags=['action_collapse_MEC_0.998']

 ---------------- Iteration 165 ----------------
Sampling set of tasks/goals for this meta-batch...
Warning: No valid output stream.

[Action Choices - Iteration 165]
  Total actions: 200000
  Local (0): 184 (0.1%)
  MEC (1): 199695 (99.8%)
  V2V (2): 121 (0.1%)
Processing samples...
average task losses:  0.00024405656
average value losses:  0.03206168
Evaluating adapted task policies on a fresh support sample
Warning: No valid output stream.
Optimizing policy...
Average energy per iteration 165: 64.7442
-----------------------------------------------------
| Average energy,         | 64.7                    |
| Average greedy latency, | 620                     |
| Average latency,        | 661                     |
| Average reward,         | 0.857                   |
| AverageDiscountedReturn | 0.785                   |
| AverageReturn           | 0.857                   |
| EnvExecTime             | 49.3                    |
| Itr                     | 165                     |
| MaxReturn               | 0.974                   |
| MinReturn               | 0.474                   |
| NumTrajs                | 10000                   |
| PolicyExecTime          | 31.8                    |
| StdReturn               | 0.0777                  |
| entropy_coefficient     | 0                       |
| hyperparameter_prove... | fixed_literature_der... |
| inner_learning_rate     | 0.0005                  |
| k_steps                 | 3                       |
| meta_batch_size_dist... | 10                      |
| outer_learning_rate     | 0.0005                  |
| outer_update_count      | 166                     |
| outer_update_method     | mrlco_first_order_me... |
| ppo_batch_size_traje... | 20                      |
| query_graph_count       | 80                      |
| seed                    | 0                       |
| split_role              | meta_train_support      |
| split_version           | MARGO-SPLIT-v1          |
| support_graphs_per_m... | 20                      |
| support_trajectories... | 20                      |
| value_clip_epsilon      | 0.2                     |
-----------------------------------------------------
audit health itr 165 ok=False flags=['action_collapse_MEC_0.998']

 ---------------- Iteration 166 ----------------
Sampling set of tasks/goals for this meta-batch...
Warning: No valid output stream.

[Action Choices - Iteration 166]
  Total actions: 200000
  Local (0): 141 (0.1%)
  MEC (1): 199768 (99.9%)
  V2V (2): 91 (0.0%)
Processing samples...
average task losses:  0.0031820834
average value losses:  0.025082134
Evaluating adapted task policies on a fresh support sample
Warning: No valid output stream.
Optimizing policy...
Average energy per iteration 166: 55.8128
-----------------------------------------------------
| Average energy,         | 55.8                    |
| Average greedy latency, | 601                     |
| Average latency,        | 600                     |
| Average reward,         | 0.878                   |
| AverageDiscountedReturn | 0.803                   |
| AverageReturn           | 0.878                   |
| EnvExecTime             | 49.8                    |
| Itr                     | 166                     |
| MaxReturn               | 0.98                    |
| MinReturn               | 0.504                   |
| NumTrajs                | 10000                   |
| PolicyExecTime          | 32                      |
| StdReturn               | 0.0717                  |
| entropy_coefficient     | 0                       |
| hyperparameter_prove... | fixed_literature_der... |
| inner_learning_rate     | 0.0005                  |
| k_steps                 | 3                       |
| meta_batch_size_dist... | 10                      |
| outer_learning_rate     | 0.0005                  |
| outer_update_count      | 167                     |
| outer_update_method     | mrlco_first_order_me... |
| ppo_batch_size_traje... | 20                      |
| query_graph_count       | 80                      |
| seed                    | 0                       |
| split_role              | meta_train_support      |
| split_version           | MARGO-SPLIT-v1          |
| support_graphs_per_m... | 20                      |
| support_trajectories... | 20                      |
| value_clip_epsilon      | 0.2                     |
-----------------------------------------------------
audit health itr 166 ok=False flags=['action_collapse_MEC_0.998']

 ---------------- Iteration 167 ----------------
Sampling set of tasks/goals for this meta-batch...
Warning: No valid output stream.

[Action Choices - Iteration 167]
  Total actions: 200000
  Local (0): 191 (0.1%)
  MEC (1): 199691 (99.8%)
  V2V (2): 118 (0.1%)
Processing samples...
average task losses:  0.0039581195
average value losses:  0.017797967
Evaluating adapted task policies on a fresh support sample
Warning: No valid output stream.
Optimizing policy...
Average energy per iteration 167: 65.1274
-----------------------------------------------------
| Average energy,         | 65.1                    |
| Average greedy latency, | 614                     |
| Average latency,        | 660                     |
| Average reward,         | 0.858                   |
| AverageDiscountedReturn | 0.785                   |
| AverageReturn           | 0.858                   |
| EnvExecTime             | 49.6                    |
| Itr                     | 167                     |
| MaxReturn               | 0.974                   |
| MinReturn               | 0.546                   |
| NumTrajs                | 10000                   |
| PolicyExecTime          | 32.1                    |
| StdReturn               | 0.0772                  |
| entropy_coefficient     | 0                       |
| hyperparameter_prove... | fixed_literature_der... |
| inner_learning_rate     | 0.0005                  |
| k_steps                 | 3                       |
| meta_batch_size_dist... | 10                      |
| outer_learning_rate     | 0.0005                  |
| outer_update_count      | 168                     |
| outer_update_method     | mrlco_first_order_me... |
| ppo_batch_size_traje... | 20                      |
| query_graph_count       | 80                      |
| seed                    | 0                       |
| split_role              | meta_train_support      |
| split_version           | MARGO-SPLIT-v1          |
| support_graphs_per_m... | 20                      |
| support_trajectories... | 20                      |
| value_clip_epsilon      | 0.2                     |
-----------------------------------------------------
audit health itr 167 ok=False flags=['action_collapse_MEC_0.998']

 ---------------- Iteration 168 ----------------
Sampling set of tasks/goals for this meta-batch...
Warning: No valid output stream.

[Action Choices - Iteration 168]
  Total actions: 200000
  Local (0): 194 (0.1%)
  MEC (1): 199694 (99.8%)
  V2V (2): 112 (0.1%)
Processing samples...
average task losses:  -0.045442842
average value losses:  0.022045251
Evaluating adapted task policies on a fresh support sample
Warning: No valid output stream.
Optimizing policy...
Average energy per iteration 168: 67.7021
-----------------------------------------------------
| Average energy,         | 67.7                    |
| Average greedy latency, | 613                     |
| Average latency,        | 671                     |
| Average reward,         | 0.851                   |
| AverageDiscountedReturn | 0.781                   |
| AverageReturn           | 0.851                   |
| EnvExecTime             | 49.2                    |
| Itr                     | 168                     |
| MaxReturn               | 0.98                    |
| MinReturn               | 0.502                   |
| NumTrajs                | 10000                   |
| PolicyExecTime          | 32.2                    |
| StdReturn               | 0.0931                  |
| entropy_coefficient     | 0                       |
| hyperparameter_prove... | fixed_literature_der... |
| inner_learning_rate     | 0.0005                  |
| k_steps                 | 3                       |
| meta_batch_size_dist... | 10                      |
| outer_learning_rate     | 0.0005                  |
| outer_update_count      | 169                     |
| outer_update_method     | mrlco_first_order_me... |
| ppo_batch_size_traje... | 20                      |
| query_graph_count       | 80                      |
| seed                    | 0                       |
| split_role              | meta_train_support      |
| split_version           | MARGO-SPLIT-v1          |
| support_graphs_per_m... | 20                      |
| support_trajectories... | 20                      |
| value_clip_epsilon      | 0.2                     |
-----------------------------------------------------
audit health itr 168 ok=False flags=['action_collapse_MEC_0.997']

 ---------------- Iteration 169 ----------------
Sampling set of tasks/goals for this meta-batch...
Warning: No valid output stream.

[Action Choices - Iteration 169]
  Total actions: 200000
  Local (0): 149 (0.1%)
  MEC (1): 199749 (99.9%)
  V2V (2): 102 (0.1%)
Processing samples...
average task losses:  -0.044755023
average value losses:  0.025338043
Evaluating adapted task policies on a fresh support sample
Warning: No valid output stream.
Optimizing policy...
Average energy per iteration 169: 57.1918
-----------------------------------------------------
| Average energy,         | 57.2                    |
| Average greedy latency, | 596                     |
| Average latency,        | 611                     |
| Average reward,         | 0.873                   |
| AverageDiscountedReturn | 0.801                   |
| AverageReturn           | 0.873                   |
| EnvExecTime             | 48.8                    |
| Itr                     | 169                     |
| MaxReturn               | 0.98                    |
| MinReturn               | 0.507                   |
| NumTrajs                | 10000                   |
| PolicyExecTime          | 31.8                    |
| StdReturn               | 0.0842                  |
| entropy_coefficient     | 0                       |
| hyperparameter_prove... | fixed_literature_der... |
| inner_learning_rate     | 0.0005                  |
| k_steps                 | 3                       |
| meta_batch_size_dist... | 10                      |
| outer_learning_rate     | 0.0005                  |
| outer_update_count      | 170                     |
| outer_update_method     | mrlco_first_order_me... |
| ppo_batch_size_traje... | 20                      |
| query_graph_count       | 80                      |
| seed                    | 0                       |
| split_role              | meta_train_support      |
| split_version           | MARGO-SPLIT-v1          |
| support_graphs_per_m... | 20                      |
| support_trajectories... | 20                      |
| value_clip_epsilon      | 0.2                     |
-----------------------------------------------------
audit health itr 169 ok=False flags=['action_collapse_MEC_0.999']

 ---------------- Iteration 170 ----------------
Sampling set of tasks/goals for this meta-batch...
Warning: No valid output stream.

[Action Choices - Iteration 170]
  Total actions: 200000
  Local (0): 193 (0.1%)
  MEC (1): 199679 (99.8%)
  V2V (2): 128 (0.1%)
Processing samples...
average task losses:  -0.009238222
average value losses:  0.030957656
Evaluating adapted task policies on a fresh support sample
Warning: No valid output stream.
Optimizing policy...
Average energy per iteration 170: 64.3164
-----------------------------------------------------
| Average energy,         | 64.3                    |
| Average greedy latency, | 624                     |
| Average latency,        | 660                     |
| Average reward,         | 0.856                   |
| AverageDiscountedReturn | 0.784                   |
| AverageReturn           | 0.856                   |
| EnvExecTime             | 50.3                    |
| Itr                     | 170                     |
| MaxReturn               | 0.978                   |
| MinReturn               | 0.491                   |
| NumTrajs                | 10000                   |
| PolicyExecTime          | 32.5                    |
| StdReturn               | 0.0818                  |
| entropy_coefficient     | 0                       |
| hyperparameter_prove... | fixed_literature_der... |
| inner_learning_rate     | 0.0005                  |
| k_steps                 | 3                       |
| meta_batch_size_dist... | 10                      |
| outer_learning_rate     | 0.0005                  |
| outer_update_count      | 171                     |
| outer_update_method     | mrlco_first_order_me... |
| ppo_batch_size_traje... | 20                      |
| query_graph_count       | 80                      |
| seed                    | 0                       |
| split_role              | meta_train_support      |
| split_version           | MARGO-SPLIT-v1          |
| support_graphs_per_m... | 20                      |
| support_trajectories... | 20                      |
| value_clip_epsilon      | 0.2                     |
-----------------------------------------------------
audit health itr 170 ok=False flags=['action_collapse_MEC_0.998']

 ---------------- Iteration 171 ----------------
Sampling set of tasks/goals for this meta-batch...
Warning: No valid output stream.

[Action Choices - Iteration 171]
  Total actions: 200000
  Local (0): 175 (0.1%)
  MEC (1): 199737 (99.9%)
  V2V (2): 88 (0.0%)
Processing samples...
average task losses:  0.0018376245
average value losses:  0.035821296
Evaluating adapted task policies on a fresh support sample
Warning: No valid output stream.
Optimizing policy...
Average energy per iteration 171: 62.2395
-----------------------------------------------------
| Average energy,         | 62.2                    |
| Average greedy latency, | 611                     |
| Average latency,        | 630                     |
| Average reward,         | 0.862                   |
| AverageDiscountedReturn | 0.79                    |
| AverageReturn           | 0.862                   |
| EnvExecTime             | 48.9                    |
| Itr                     | 171                     |
| MaxReturn               | 0.978                   |
| MinReturn               | 0.522                   |
| NumTrajs                | 10000                   |
| PolicyExecTime          | 32.4                    |
| StdReturn               | 0.0861                  |
| entropy_coefficient     | 0                       |
| hyperparameter_prove... | fixed_literature_der... |
| inner_learning_rate     | 0.0005                  |
| k_steps                 | 3                       |
| meta_batch_size_dist... | 10                      |
| outer_learning_rate     | 0.0005                  |
| outer_update_count      | 172                     |
| outer_update_method     | mrlco_first_order_me... |
| ppo_batch_size_traje... | 20                      |
| query_graph_count       | 80                      |
| seed                    | 0                       |
| split_role              | meta_train_support      |
| split_version           | MARGO-SPLIT-v1          |
| support_graphs_per_m... | 20                      |
| support_trajectories... | 20                      |
| value_clip_epsilon      | 0.2                     |
-----------------------------------------------------
audit health itr 171 ok=False flags=['action_collapse_MEC_0.998']

 ---------------- Iteration 172 ----------------
Sampling set of tasks/goals for this meta-batch...
Warning: No valid output stream.

[Action Choices - Iteration 172]
  Total actions: 200000
  Local (0): 177 (0.1%)
  MEC (1): 199713 (99.9%)
  V2V (2): 110 (0.1%)
Processing samples...
average task losses:  -0.025332354
average value losses:  0.028025081
Evaluating adapted task policies on a fresh support sample
Warning: No valid output stream.
Optimizing policy...
Average energy per iteration 172: 61.5881
-----------------------------------------------------
| Average energy,         | 61.6                    |
| Average greedy latency, | 613                     |
| Average latency,        | 646                     |
| Average reward,         | 0.863                   |
| AverageDiscountedReturn | 0.791                   |
| AverageReturn           | 0.863                   |
| EnvExecTime             | 49.6                    |
| Itr                     | 172                     |
| MaxReturn               | 0.977                   |
| MinReturn               | 0.547                   |
| NumTrajs                | 10000                   |
| PolicyExecTime          | 30.9                    |
| StdReturn               | 0.0842                  |
| entropy_coefficient     | 0                       |
| hyperparameter_prove... | fixed_literature_der... |
| inner_learning_rate     | 0.0005                  |
| k_steps                 | 3                       |
| meta_batch_size_dist... | 10                      |
| outer_learning_rate     | 0.0005                  |
| outer_update_count      | 173                     |
| outer_update_method     | mrlco_first_order_me... |
| ppo_batch_size_traje... | 20                      |
| query_graph_count       | 80                      |
| seed                    | 0                       |
| split_role              | meta_train_support      |
| split_version           | MARGO-SPLIT-v1          |
| support_graphs_per_m... | 20                      |
| support_trajectories... | 20                      |
| value_clip_epsilon      | 0.2                     |
-----------------------------------------------------
audit health itr 172 ok=False flags=['action_collapse_MEC_0.998']

 ---------------- Iteration 173 ----------------
Sampling set of tasks/goals for this meta-batch...
Warning: No valid output stream.

[Action Choices - Iteration 173]
  Total actions: 200000
  Local (0): 184 (0.1%)
  MEC (1): 199708 (99.9%)
  V2V (2): 108 (0.1%)
Processing samples...
average task losses:  -0.010710965
average value losses:  0.023322092
Evaluating adapted task policies on a fresh support sample
Warning: No valid output stream.
Optimizing policy...
Average energy per iteration 173: 58.2205
-----------------------------------------------------
| Average energy,         | 58.2                    |
| Average greedy latency, | 600                     |
| Average latency,        | 616                     |
| Average reward,         | 0.873                   |
| AverageDiscountedReturn | 0.799                   |
| AverageReturn           | 0.873                   |
| EnvExecTime             | 48.4                    |
| Itr                     | 173                     |
| MaxReturn               | 0.978                   |
| MinReturn               | 0.461                   |
| NumTrajs                | 10000                   |
| PolicyExecTime          | 32.5                    |
| StdReturn               | 0.0767                  |
| entropy_coefficient     | 0                       |
| hyperparameter_prove... | fixed_literature_der... |
| inner_learning_rate     | 0.0005                  |
| k_steps                 | 3                       |
| meta_batch_size_dist... | 10                      |
| outer_learning_rate     | 0.0005                  |
| outer_update_count      | 174                     |
| outer_update_method     | mrlco_first_order_me... |
| ppo_batch_size_traje... | 20                      |
| query_graph_count       | 80                      |
| seed                    | 0                       |
| split_role              | meta_train_support      |
| split_version           | MARGO-SPLIT-v1          |
| support_graphs_per_m... | 20                      |
| support_trajectories... | 20                      |
| value_clip_epsilon      | 0.2                     |
-----------------------------------------------------
audit health itr 173 ok=False flags=['action_collapse_MEC_0.998']

 ---------------- Iteration 174 ----------------
Sampling set of tasks/goals for this meta-batch...
Warning: No valid output stream.

[Action Choices - Iteration 174]
  Total actions: 200000
  Local (0): 168 (0.1%)
  MEC (1): 199701 (99.9%)
  V2V (2): 131 (0.1%)
Processing samples...
average task losses:  -0.012759013
average value losses:  0.020777328
Evaluating adapted task policies on a fresh support sample
Warning: No valid output stream.
Optimizing policy...
Average energy per iteration 174: 60.9845
-----------------------------------------------------
| Average energy,         | 61                      |
| Average greedy latency, | 608                     |
| Average latency,        | 638                     |
| Average reward,         | 0.856                   |
| AverageDiscountedReturn | 0.783                   |
| AverageReturn           | 0.856                   |
| EnvExecTime             | 49.1                    |
| Itr                     | 174                     |
| MaxReturn               | 0.971                   |
| MinReturn               | 0.51                    |
| NumTrajs                | 10000                   |
| PolicyExecTime          | 32.1                    |
| StdReturn               | 0.0837                  |
| entropy_coefficient     | 0                       |
| hyperparameter_prove... | fixed_literature_der... |
| inner_learning_rate     | 0.0005                  |
| k_steps                 | 3                       |
| meta_batch_size_dist... | 10                      |
| outer_learning_rate     | 0.0005                  |
| outer_update_count      | 175                     |
| outer_update_method     | mrlco_first_order_me... |
| ppo_batch_size_traje... | 20                      |
| query_graph_count       | 80                      |
| seed                    | 0                       |
| split_role              | meta_train_support      |
| split_version           | MARGO-SPLIT-v1          |
| support_graphs_per_m... | 20                      |
| support_trajectories... | 20                      |
| value_clip_epsilon      | 0.2                     |
-----------------------------------------------------
audit health itr 174 ok=False flags=['action_collapse_MEC_0.998']

 ---------------- Iteration 175 ----------------
Sampling set of tasks/goals for this meta-batch...
Warning: No valid output stream.

[Action Choices - Iteration 175]
  Total actions: 200000
  Local (0): 195 (0.1%)
  MEC (1): 199708 (99.9%)
  V2V (2): 97 (0.0%)
Processing samples...
average task losses:  0.02873107
average value losses:  0.02914974
Evaluating adapted task policies on a fresh support sample
Warning: No valid output stream.
Optimizing policy...
Average energy per iteration 175: 52.6467
-----------------------------------------------------
| Average energy,         | 52.6                    |
| Average greedy latency, | 594                     |
| Average latency,        | 573                     |
| Average reward,         | 0.878                   |
| AverageDiscountedReturn | 0.803                   |
| AverageReturn           | 0.878                   |
| EnvExecTime             | 49.7                    |
| Itr                     | 175                     |
| MaxReturn               | 0.978                   |
| MinReturn               | 0.555                   |
| NumTrajs                | 10000                   |
| PolicyExecTime          | 32.5                    |
| StdReturn               | 0.0689                  |
| entropy_coefficient     | 0                       |
| hyperparameter_prove... | fixed_literature_der... |
| inner_learning_rate     | 0.0005                  |
| k_steps                 | 3                       |
| meta_batch_size_dist... | 10                      |
| outer_learning_rate     | 0.0005                  |
| outer_update_count      | 176                     |
| outer_update_method     | mrlco_first_order_me... |
| ppo_batch_size_traje... | 20                      |
| query_graph_count       | 80                      |
| seed                    | 0                       |
| split_role              | meta_train_support      |
| split_version           | MARGO-SPLIT-v1          |
| support_graphs_per_m... | 20                      |
| support_trajectories... | 20                      |
| value_clip_epsilon      | 0.2                     |
-----------------------------------------------------
audit health itr 175 ok=False flags=['action_collapse_MEC_0.999']

 ---------------- Iteration 176 ----------------
Sampling set of tasks/goals for this meta-batch...
Warning: No valid output stream.

[Action Choices - Iteration 176]
  Total actions: 200000
  Local (0): 192 (0.1%)
  MEC (1): 199722 (99.9%)
  V2V (2): 86 (0.0%)
Processing samples...
average task losses:  -0.0016877
average value losses:  0.0278171
Evaluating adapted task policies on a fresh support sample
Warning: No valid output stream.
Optimizing policy...
Average energy per iteration 176: 65.5496
-----------------------------------------------------
| Average energy,         | 65.5                    |
| Average greedy latency, | 613                     |
| Average latency,        | 674                     |
| Average reward,         | 0.857                   |
| AverageDiscountedReturn | 0.787                   |
| AverageReturn           | 0.857                   |
| EnvExecTime             | 49.7                    |
| Itr                     | 176                     |
| MaxReturn               | 0.979                   |
| MinReturn               | 0.537                   |
| NumTrajs                | 10000                   |
| PolicyExecTime          | 33.2                    |
| StdReturn               | 0.0814                  |
| entropy_coefficient     | 0                       |
| hyperparameter_prove... | fixed_literature_der... |
| inner_learning_rate     | 0.0005                  |
| k_steps                 | 3                       |
| meta_batch_size_dist... | 10                      |
| outer_learning_rate     | 0.0005                  |
| outer_update_count      | 177                     |
| outer_update_method     | mrlco_first_order_me... |
| ppo_batch_size_traje... | 20                      |
| query_graph_count       | 80                      |
| seed                    | 0                       |
| split_role              | meta_train_support      |
| split_version           | MARGO-SPLIT-v1          |
| support_graphs_per_m... | 20                      |
| support_trajectories... | 20                      |
| value_clip_epsilon      | 0.2                     |
-----------------------------------------------------
audit health itr 176 ok=False flags=['action_collapse_MEC_0.998']

 ---------------- Iteration 177 ----------------
Sampling set of tasks/goals for this meta-batch...
Warning: No valid output stream.

[Action Choices - Iteration 177]
  Total actions: 200000
  Local (0): 148 (0.1%)
  MEC (1): 199773 (99.9%)
  V2V (2): 79 (0.0%)
Processing samples...
average task losses:  -0.009114184
average value losses:  0.020337088
Evaluating adapted task policies on a fresh support sample
Warning: No valid output stream.
Optimizing policy...
Average energy per iteration 177: 58.9792
-----------------------------------------------------
| Average energy,         | 59                      |
| Average greedy latency, | 606                     |
| Average latency,        | 619                     |
| Average reward,         | 0.867                   |
| AverageDiscountedReturn | 0.793                   |
| AverageReturn           | 0.867                   |
| EnvExecTime             | 50.2                    |
| Itr                     | 177                     |
| MaxReturn               | 0.973                   |
| MinReturn               | 0.556                   |
| NumTrajs                | 10000                   |
| PolicyExecTime          | 32.9                    |
| StdReturn               | 0.0713                  |
| entropy_coefficient     | 0                       |
| hyperparameter_prove... | fixed_literature_der... |
| inner_learning_rate     | 0.0005                  |
| k_steps                 | 3                       |
| meta_batch_size_dist... | 10                      |
| outer_learning_rate     | 0.0005                  |
| outer_update_count      | 178                     |
| outer_update_method     | mrlco_first_order_me... |
| ppo_batch_size_traje... | 20                      |
| query_graph_count       | 80                      |
| seed                    | 0                       |
| split_role              | meta_train_support      |
| split_version           | MARGO-SPLIT-v1          |
| support_graphs_per_m... | 20                      |
| support_trajectories... | 20                      |
| value_clip_epsilon      | 0.2                     |
-----------------------------------------------------
audit health itr 177 ok=False flags=['action_collapse_MEC_0.999']

 ---------------- Iteration 178 ----------------
Sampling set of tasks/goals for this meta-batch...
Warning: No valid output stream.

[Action Choices - Iteration 178]
  Total actions: 200000
  Local (0): 156 (0.1%)
  MEC (1): 199770 (99.9%)
  V2V (2): 74 (0.0%)
Processing samples...
average task losses:  0.0037674552
average value losses:  0.016620575
Evaluating adapted task policies on a fresh support sample
Warning: No valid output stream.
Optimizing policy...
Average energy per iteration 178: 60.8764
-----------------------------------------------------
| Average energy,         | 60.9                    |
| Average greedy latency, | 616                     |
| Average latency,        | 638                     |
| Average reward,         | 0.852                   |
| AverageDiscountedReturn | 0.78                    |
| AverageReturn           | 0.852                   |
| EnvExecTime             | 49.8                    |
| Itr                     | 178                     |
| MaxReturn               | 0.973                   |
| MinReturn               | 0.554                   |
| NumTrajs                | 10000                   |
| PolicyExecTime          | 32.4                    |
| StdReturn               | 0.0892                  |
| entropy_coefficient     | 0                       |
| hyperparameter_prove... | fixed_literature_der... |
| inner_learning_rate     | 0.0005                  |
| k_steps                 | 3                       |
| meta_batch_size_dist... | 10                      |
| outer_learning_rate     | 0.0005                  |
| outer_update_count      | 179                     |
| outer_update_method     | mrlco_first_order_me... |
| ppo_batch_size_traje... | 20                      |
| query_graph_count       | 80                      |
| seed                    | 0                       |
| split_role              | meta_train_support      |
| split_version           | MARGO-SPLIT-v1          |
| support_graphs_per_m... | 20                      |
| support_trajectories... | 20                      |
| value_clip_epsilon      | 0.2                     |
-----------------------------------------------------
audit health itr 178 ok=False flags=['action_collapse_MEC_0.999']

 ---------------- Iteration 179 ----------------
Sampling set of tasks/goals for this meta-batch...
Warning: No valid output stream.

[Action Choices - Iteration 179]
  Total actions: 200000
  Local (0): 127 (0.1%)
  MEC (1): 199817 (99.9%)
  V2V (2): 56 (0.0%)
Processing samples...
average task losses:  0.014284142
average value losses:  0.022135176
Evaluating adapted task policies on a fresh support sample
Warning: No valid output stream.
Optimizing policy...
Average energy per iteration 179: 61.8475
-----------------------------------------------------
| Average energy,         | 61.8                    |
| Average greedy latency, | 607                     |
| Average latency,        | 649                     |
| Average reward,         | 0.851                   |
| AverageDiscountedReturn | 0.78                    |
| AverageReturn           | 0.851                   |
| EnvExecTime             | 49.4                    |
| Itr                     | 179                     |
| MaxReturn               | 0.98                    |
| MinReturn               | 0.482                   |
| NumTrajs                | 10000                   |
| PolicyExecTime          | 32.9                    |
| StdReturn               | 0.0949                  |
| entropy_coefficient     | 0                       |
| hyperparameter_prove... | fixed_literature_der... |
| inner_learning_rate     | 0.0005                  |
| k_steps                 | 3                       |
| meta_batch_size_dist... | 10                      |
| outer_learning_rate     | 0.0005                  |
| outer_update_count      | 180                     |
| outer_update_method     | mrlco_first_order_me... |
| ppo_batch_size_traje... | 20                      |
| query_graph_count       | 80                      |
| seed                    | 0                       |
| split_role              | meta_train_support      |
| split_version           | MARGO-SPLIT-v1          |
| support_graphs_per_m... | 20                      |
| support_trajectories... | 20                      |
| value_clip_epsilon      | 0.2                     |
-----------------------------------------------------
audit health itr 179 ok=False flags=['action_collapse_MEC_0.998']

 ---------------- Iteration 180 ----------------
Sampling set of tasks/goals for this meta-batch...
Warning: No valid output stream.

[Action Choices - Iteration 180]
  Total actions: 200000
  Local (0): 93 (0.0%)
  MEC (1): 199859 (99.9%)
  V2V (2): 48 (0.0%)
Processing samples...
average task losses:  -0.015343943
average value losses:  0.025459588
Evaluating adapted task policies on a fresh support sample
Warning: No valid output stream.
Optimizing policy...
Average energy per iteration 180: 54.1107
-----------------------------------------------------
| Average energy,         | 54.1                    |
| Average greedy latency, | 586                     |
| Average latency,        | 568                     |
| Average reward,         | 0.88                    |
| AverageDiscountedReturn | 0.807                   |
| AverageReturn           | 0.88                    |
| EnvExecTime             | 46.9                    |
| Itr                     | 180                     |
| MaxReturn               | 0.978                   |
| MinReturn               | 0.578                   |
| NumTrajs                | 10000                   |
| PolicyExecTime          | 31.4                    |
| StdReturn               | 0.0768                  |
| entropy_coefficient     | 0                       |
| hyperparameter_prove... | fixed_literature_der... |
| inner_learning_rate     | 0.0005                  |
| k_steps                 | 3                       |
| meta_batch_size_dist... | 10                      |
| outer_learning_rate     | 0.0005                  |
| outer_update_count      | 181                     |
| outer_update_method     | mrlco_first_order_me... |
| ppo_batch_size_traje... | 20                      |
| query_graph_count       | 80                      |
| seed                    | 0                       |
| split_role              | meta_train_support      |
| split_version           | MARGO-SPLIT-v1          |
| support_graphs_per_m... | 20                      |
| support_trajectories... | 20                      |
| value_clip_epsilon      | 0.2                     |
-----------------------------------------------------
audit health itr 180 ok=False flags=['action_collapse_MEC_0.998']

 ---------------- Iteration 181 ----------------
Sampling set of tasks/goals for this meta-batch...
Warning: No valid output stream.

[Action Choices - Iteration 181]
  Total actions: 200000
  Local (0): 84 (0.0%)
  MEC (1): 199880 (99.9%)
  V2V (2): 36 (0.0%)
Processing samples...
average task losses:  0.023728712
average value losses:  0.036898978
Evaluating adapted task policies on a fresh support sample
Warning: No valid output stream.
Optimizing policy...
Average energy per iteration 181: 45.8133
-----------------------------------------------------
| Average energy,         | 45.8                    |
| Average greedy latency, | 589                     |
| Average latency,        | 522                     |
| Average reward,         | 0.889                   |
| AverageDiscountedReturn | 0.813                   |
| AverageReturn           | 0.889                   |
| EnvExecTime             | 50.4                    |
| Itr                     | 181                     |
| MaxReturn               | 0.979                   |
| MinReturn               | 0.621                   |
| NumTrajs                | 10000                   |
| PolicyExecTime          | 32.5                    |
| StdReturn               | 0.0602                  |
| entropy_coefficient     | 0                       |
| hyperparameter_prove... | fixed_literature_der... |
| inner_learning_rate     | 0.0005                  |
| k_steps                 | 3                       |
| meta_batch_size_dist... | 10                      |
| outer_learning_rate     | 0.0005                  |
| outer_update_count      | 182                     |
| outer_update_method     | mrlco_first_order_me... |
| ppo_batch_size_traje... | 20                      |
| query_graph_count       | 80                      |
| seed                    | 0                       |
| split_role              | meta_train_support      |
| split_version           | MARGO-SPLIT-v1          |
| support_graphs_per_m... | 20                      |
| support_trajectories... | 20                      |
| value_clip_epsilon      | 0.2                     |
-----------------------------------------------------
audit health itr 181 ok=False flags=['action_collapse_MEC_0.999']

 ---------------- Iteration 182 ----------------
Sampling set of tasks/goals for this meta-batch...
Warning: No valid output stream.

[Action Choices - Iteration 182]
  Total actions: 200000
  Local (0): 99 (0.0%)
  MEC (1): 199858 (99.9%)
  V2V (2): 43 (0.0%)
Processing samples...
average task losses:  -0.03379103
average value losses:  0.034410298
Evaluating adapted task policies on a fresh support sample
Warning: No valid output stream.
Optimizing policy...
Average energy per iteration 182: 56.9585
-----------------------------------------------------
| Average energy,         | 57                      |
| Average greedy latency, | 606                     |
| Average latency,        | 610                     |
| Average reward,         | 0.873                   |
| AverageDiscountedReturn | 0.799                   |
| AverageReturn           | 0.873                   |
| EnvExecTime             | 48.5                    |
| Itr                     | 182                     |
| MaxReturn               | 0.979                   |
| MinReturn               | 0.61                    |
| NumTrajs                | 10000                   |
| PolicyExecTime          | 32                      |
| StdReturn               | 0.0666                  |
| entropy_coefficient     | 0                       |
| hyperparameter_prove... | fixed_literature_der... |
| inner_learning_rate     | 0.0005                  |
| k_steps                 | 3                       |
| meta_batch_size_dist... | 10                      |
| outer_learning_rate     | 0.0005                  |
| outer_update_count      | 183                     |
| outer_update_method     | mrlco_first_order_me... |
| ppo_batch_size_traje... | 20                      |
| query_graph_count       | 80                      |
| seed                    | 0                       |
| split_role              | meta_train_support      |
| split_version           | MARGO-SPLIT-v1          |
| support_graphs_per_m... | 20                      |
| support_trajectories... | 20                      |
| value_clip_epsilon      | 0.2                     |
-----------------------------------------------------
audit health itr 182 ok=False flags=['action_collapse_MEC_0.999']

 ---------------- Iteration 183 ----------------
Sampling set of tasks/goals for this meta-batch...
Warning: No valid output stream.

[Action Choices - Iteration 183]
  Total actions: 200000
  Local (0): 103 (0.1%)
  MEC (1): 199844 (99.9%)
  V2V (2): 53 (0.0%)
Processing samples...
average task losses:  -0.020876992
average value losses:  0.027455982
Evaluating adapted task policies on a fresh support sample
Warning: No valid output stream.
Optimizing policy...
Average energy per iteration 183: 56.4870
-----------------------------------------------------
| Average energy,         | 56.5                    |
| Average greedy latency, | 603                     |
| Average latency,        | 603                     |
| Average reward,         | 0.872                   |
| AverageDiscountedReturn | 0.8                     |
| AverageReturn           | 0.872                   |
| EnvExecTime             | 48.2                    |
| Itr                     | 183                     |
| MaxReturn               | 0.978                   |
| MinReturn               | 0.535                   |
| NumTrajs                | 10000                   |
| PolicyExecTime          | 31.8                    |
| StdReturn               | 0.0813                  |
| entropy_coefficient     | 0                       |
| hyperparameter_prove... | fixed_literature_der... |
| inner_learning_rate     | 0.0005                  |
| k_steps                 | 3                       |
| meta_batch_size_dist... | 10                      |
| outer_learning_rate     | 0.0005                  |
| outer_update_count      | 184                     |
| outer_update_method     | mrlco_first_order_me... |
| ppo_batch_size_traje... | 20                      |
| query_graph_count       | 80                      |
| seed                    | 0                       |
| split_role              | meta_train_support      |
| split_version           | MARGO-SPLIT-v1          |
| support_graphs_per_m... | 20                      |
| support_trajectories... | 20                      |
| value_clip_epsilon      | 0.2                     |
-----------------------------------------------------
audit health itr 183 ok=False flags=['action_collapse_MEC_0.998']

 ---------------- Iteration 184 ----------------
Sampling set of tasks/goals for this meta-batch...
Warning: No valid output stream.

[Action Choices - Iteration 184]
  Total actions: 200000
  Local (0): 136 (0.1%)
  MEC (1): 199807 (99.9%)
  V2V (2): 57 (0.0%)
Processing samples...
average task losses:  0.0028335298
average value losses:  0.021102417
Evaluating adapted task policies on a fresh support sample
Warning: No valid output stream.
Optimizing policy...
Average energy per iteration 184: 62.9180
-----------------------------------------------------
| Average energy,         | 62.9                    |
| Average greedy latency, | 613                     |
| Average latency,        | 651                     |
| Average reward,         | 0.859                   |
| AverageDiscountedReturn | 0.786                   |
| AverageReturn           | 0.859                   |
| EnvExecTime             | 50.9                    |
| Itr                     | 184                     |
| MaxReturn               | 0.98                    |
| MinReturn               | 0.444                   |
| NumTrajs                | 10000                   |
| PolicyExecTime          | 32.3                    |
| StdReturn               | 0.0838                  |
| entropy_coefficient     | 0                       |
| hyperparameter_prove... | fixed_literature_der... |
| inner_learning_rate     | 0.0005                  |
| k_steps                 | 3                       |
| meta_batch_size_dist... | 10                      |
| outer_learning_rate     | 0.0005                  |
| outer_update_count      | 185                     |
| outer_update_method     | mrlco_first_order_me... |
| ppo_batch_size_traje... | 20                      |
| query_graph_count       | 80                      |
| seed                    | 0                       |
| split_role              | meta_train_support      |
| split_version           | MARGO-SPLIT-v1          |
| support_graphs_per_m... | 20                      |
| support_trajectories... | 20                      |
| value_clip_epsilon      | 0.2                     |
-----------------------------------------------------
audit health itr 184 ok=False flags=['action_collapse_MEC_0.997']

 ---------------- Iteration 185 ----------------
Sampling set of tasks/goals for this meta-batch...
Warning: No valid output stream.

[Action Choices - Iteration 185]
  Total actions: 200000
  Local (0): 129 (0.1%)
  MEC (1): 199816 (99.9%)
  V2V (2): 55 (0.0%)
Processing samples...
average task losses:  0.04616768
average value losses:  0.017507557
Evaluating adapted task policies on a fresh support sample
Warning: No valid output stream.
Optimizing policy...
Average energy per iteration 185: 61.5319
-----------------------------------------------------
| Average energy,         | 61.5                    |
| Average greedy latency, | 607                     |
| Average latency,        | 633                     |
| Average reward,         | 0.862                   |
| AverageDiscountedReturn | 0.791                   |
| AverageReturn           | 0.862                   |
| EnvExecTime             | 49.5                    |
| Itr                     | 185                     |
| MaxReturn               | 0.973                   |
| MinReturn               | 0.532                   |
| NumTrajs                | 10000                   |
| PolicyExecTime          | 31.8                    |
| StdReturn               | 0.0849                  |
| entropy_coefficient     | 0                       |
| hyperparameter_prove... | fixed_literature_der... |
| inner_learning_rate     | 0.0005                  |
| k_steps                 | 3                       |
| meta_batch_size_dist... | 10                      |
| outer_learning_rate     | 0.0005                  |
| outer_update_count      | 186                     |
| outer_update_method     | mrlco_first_order_me... |
| ppo_batch_size_traje... | 20                      |
| query_graph_count       | 80                      |
| seed                    | 0                       |
| split_role              | meta_train_support      |
| split_version           | MARGO-SPLIT-v1          |
| support_graphs_per_m... | 20                      |
| support_trajectories... | 20                      |
| value_clip_epsilon      | 0.2                     |
-----------------------------------------------------
audit health itr 185 ok=False flags=['action_collapse_MEC_0.998']

 ---------------- Iteration 186 ----------------
Sampling set of tasks/goals for this meta-batch...
Warning: No valid output stream.

[Action Choices - Iteration 186]
  Total actions: 200000
  Local (0): 158 (0.1%)
  MEC (1): 199777 (99.9%)
  V2V (2): 65 (0.0%)
Processing samples...
average task losses:  -0.028469881
average value losses:  0.018492712
Evaluating adapted task policies on a fresh support sample
Warning: No valid output stream.
Optimizing policy...
Average energy per iteration 186: 60.3091
-----------------------------------------------------
| Average energy,         | 60.3                    |
| Average greedy latency, | 612                     |
| Average latency,        | 625                     |
| Average reward,         | 0.865                   |
| AverageDiscountedReturn | 0.794                   |
| AverageReturn           | 0.865                   |
| EnvExecTime             | 49                      |
| Itr                     | 186                     |
| MaxReturn               | 0.974                   |
| MinReturn               | 0.511                   |
| NumTrajs                | 10000                   |
| PolicyExecTime          | 32.3                    |
| StdReturn               | 0.082                   |
| entropy_coefficient     | 0                       |
| hyperparameter_prove... | fixed_literature_der... |
| inner_learning_rate     | 0.0005                  |
| k_steps                 | 3                       |
| meta_batch_size_dist... | 10                      |
| outer_learning_rate     | 0.0005                  |
| outer_update_count      | 187                     |
| outer_update_method     | mrlco_first_order_me... |
| ppo_batch_size_traje... | 20                      |
| query_graph_count       | 80                      |
| seed                    | 0                       |
| split_role              | meta_train_support      |
| split_version           | MARGO-SPLIT-v1          |
| support_graphs_per_m... | 20                      |
| support_trajectories... | 20                      |
| value_clip_epsilon      | 0.2                     |
-----------------------------------------------------
audit health itr 186 ok=False flags=['action_collapse_MEC_0.998']

 ---------------- Iteration 187 ----------------
Sampling set of tasks/goals for this meta-batch...
Warning: No valid output stream.

[Action Choices - Iteration 187]
  Total actions: 200000
  Local (0): 139 (0.1%)
  MEC (1): 199800 (99.9%)
  V2V (2): 61 (0.0%)
Processing samples...
average task losses:  0.022283299
average value losses:  0.024926318
Evaluating adapted task policies on a fresh support sample
Warning: No valid output stream.
Optimizing policy...
Average energy per iteration 187: 60.8613
-----------------------------------------------------
| Average energy,         | 60.9                    |
| Average greedy latency, | 608                     |
| Average latency,        | 632                     |
| Average reward,         | 0.864                   |
| AverageDiscountedReturn | 0.792                   |
| AverageReturn           | 0.864                   |
| EnvExecTime             | 50.4                    |
| Itr                     | 187                     |
| MaxReturn               | 0.973                   |
| MinReturn               | 0.544                   |
| NumTrajs                | 10000                   |
| PolicyExecTime          | 33                      |
| StdReturn               | 0.0794                  |
| entropy_coefficient     | 0                       |
| hyperparameter_prove... | fixed_literature_der... |
| inner_learning_rate     | 0.0005                  |
| k_steps                 | 3                       |
| meta_batch_size_dist... | 10                      |
| outer_learning_rate     | 0.0005                  |
| outer_update_count      | 188                     |
| outer_update_method     | mrlco_first_order_me... |
| ppo_batch_size_traje... | 20                      |
| query_graph_count       | 80                      |
| seed                    | 0                       |
| split_role              | meta_train_support      |
| split_version           | MARGO-SPLIT-v1          |
| support_graphs_per_m... | 20                      |
| support_trajectories... | 20                      |
| value_clip_epsilon      | 0.2                     |
-----------------------------------------------------
audit health itr 187 ok=False flags=['action_collapse_MEC_0.998']

 ---------------- Iteration 188 ----------------
Sampling set of tasks/goals for this meta-batch...
Warning: No valid output stream.

[Action Choices - Iteration 188]
  Total actions: 200000
  Local (0): 155 (0.1%)
  MEC (1): 199771 (99.9%)
  V2V (2): 74 (0.0%)
Processing samples...
average task losses:  -0.011006529
average value losses:  0.032420136
Evaluating adapted task policies on a fresh support sample
Warning: No valid output stream.
Optimizing policy...
Average energy per iteration 188: 61.1835
-----------------------------------------------------
| Average energy,         | 61.2                    |
| Average greedy latency, | 603                     |
| Average latency,        | 620                     |
| Average reward,         | 0.866                   |
| AverageDiscountedReturn | 0.795                   |
| AverageReturn           | 0.866                   |
| EnvExecTime             | 48.1                    |
| Itr                     | 188                     |
| MaxReturn               | 0.978                   |
| MinReturn               | 0.54                    |
| NumTrajs                | 10000                   |
| PolicyExecTime          | 32.9                    |
| StdReturn               | 0.0826                  |
| entropy_coefficient     | 0                       |
| hyperparameter_prove... | fixed_literature_der... |
| inner_learning_rate     | 0.0005                  |
| k_steps                 | 3                       |
| meta_batch_size_dist... | 10                      |
| outer_learning_rate     | 0.0005                  |
| outer_update_count      | 189                     |
| outer_update_method     | mrlco_first_order_me... |
| ppo_batch_size_traje... | 20                      |
| query_graph_count       | 80                      |
| seed                    | 0                       |
| split_role              | meta_train_support      |
| split_version           | MARGO-SPLIT-v1          |
| support_graphs_per_m... | 20                      |
| support_trajectories... | 20                      |
| value_clip_epsilon      | 0.2                     |
-----------------------------------------------------
audit health itr 188 ok=False flags=['action_collapse_MEC_0.997']

 ---------------- Iteration 189 ----------------
Sampling set of tasks/goals for this meta-batch...
Warning: No valid output stream.

[Action Choices - Iteration 189]
  Total actions: 200000
  Local (0): 144 (0.1%)
  MEC (1): 199793 (99.9%)
  V2V (2): 63 (0.0%)
Processing samples...
average task losses:  -0.014690229
average value losses:  0.031701576
Evaluating adapted task policies on a fresh support sample
Warning: No valid output stream.
Optimizing policy...
Average energy per iteration 189: 53.6525
-----------------------------------------------------
| Average energy,         | 53.7                    |
| Average greedy latency, | 599                     |
| Average latency,        | 574                     |
| Average reward,         | 0.884                   |
| AverageDiscountedReturn | 0.81                    |
| AverageReturn           | 0.884                   |
| EnvExecTime             | 48.9                    |
| Itr                     | 189                     |
| MaxReturn               | 0.98                    |
| MinReturn               | 0.532                   |
| NumTrajs                | 10000                   |
| PolicyExecTime          | 32                      |
| StdReturn               | 0.069                   |
| entropy_coefficient     | 0                       |
| hyperparameter_prove... | fixed_literature_der... |
| inner_learning_rate     | 0.0005                  |
| k_steps                 | 3                       |
| meta_batch_size_dist... | 10                      |
| outer_learning_rate     | 0.0005                  |
| outer_update_count      | 190                     |
| outer_update_method     | mrlco_first_order_me... |
| ppo_batch_size_traje... | 20                      |
| query_graph_count       | 80                      |
| seed                    | 0                       |
| split_role              | meta_train_support      |
| split_version           | MARGO-SPLIT-v1          |
| support_graphs_per_m... | 20                      |
| support_trajectories... | 20                      |
| value_clip_epsilon      | 0.2                     |
-----------------------------------------------------
audit health itr 189 ok=False flags=['action_collapse_MEC_0.998']

 ---------------- Iteration 190 ----------------
Sampling set of tasks/goals for this meta-batch...
Warning: No valid output stream.

[Action Choices - Iteration 190]
  Total actions: 200000
  Local (0): 154 (0.1%)
  MEC (1): 199777 (99.9%)
  V2V (2): 69 (0.0%)
Processing samples...
average task losses:  -0.02035878
average value losses:  0.02136356
Evaluating adapted task policies on a fresh support sample
Warning: No valid output stream.
Optimizing policy...
Average energy per iteration 190: 59.1170
-----------------------------------------------------
| Average energy,         | 59.1                    |
| Average greedy latency, | 616                     |
| Average latency,        | 634                     |
| Average reward,         | 0.857                   |
| AverageDiscountedReturn | 0.783                   |
| AverageReturn           | 0.857                   |
| EnvExecTime             | 51.3                    |
| Itr                     | 190                     |
| MaxReturn               | 0.98                    |
| MinReturn               | 0.536                   |
| NumTrajs                | 10000                   |
| PolicyExecTime          | 32.7                    |
| StdReturn               | 0.0834                  |
| entropy_coefficient     | 0                       |
| hyperparameter_prove... | fixed_literature_der... |
| inner_learning_rate     | 0.0005                  |
| k_steps                 | 3                       |
| meta_batch_size_dist... | 10                      |
| outer_learning_rate     | 0.0005                  |
| outer_update_count      | 191                     |
| outer_update_method     | mrlco_first_order_me... |
| ppo_batch_size_traje... | 20                      |
| query_graph_count       | 80                      |
| seed                    | 0                       |
| split_role              | meta_train_support      |
| split_version           | MARGO-SPLIT-v1          |
| support_graphs_per_m... | 20                      |
| support_trajectories... | 20                      |
| value_clip_epsilon      | 0.2                     |
-----------------------------------------------------
audit health itr 190 ok=False flags=['action_collapse_MEC_0.998']

 ---------------- Iteration 191 ----------------
Sampling set of tasks/goals for this meta-batch...
Warning: No valid output stream.

[Action Choices - Iteration 191]
  Total actions: 200000
  Local (0): 164 (0.1%)
  MEC (1): 199755 (99.9%)
  V2V (2): 81 (0.0%)
Processing samples...
average task losses:  0.03022018
average value losses:  0.016584715
Evaluating adapted task policies on a fresh support sample
Warning: No valid output stream.
Optimizing policy...
Average energy per iteration 191: 62.7770
-----------------------------------------------------
| Average energy,         | 62.8                    |
| Average greedy latency, | 616                     |
| Average latency,        | 638                     |
| Average reward,         | 0.864                   |
| AverageDiscountedReturn | 0.793                   |
| AverageReturn           | 0.864                   |
| EnvExecTime             | 48.6                    |
| Itr                     | 191                     |
| MaxReturn               | 0.974                   |
| MinReturn               | 0.523                   |
| NumTrajs                | 10000                   |
| PolicyExecTime          | 32.2                    |
| StdReturn               | 0.0882                  |
| entropy_coefficient     | 0                       |
| hyperparameter_prove... | fixed_literature_der... |
| inner_learning_rate     | 0.0005                  |
| k_steps                 | 3                       |
| meta_batch_size_dist... | 10                      |
| outer_learning_rate     | 0.0005                  |
| outer_update_count      | 192                     |
| outer_update_method     | mrlco_first_order_me... |
| ppo_batch_size_traje... | 20                      |
| query_graph_count       | 80                      |
| seed                    | 0                       |
| split_role              | meta_train_support      |
| split_version           | MARGO-SPLIT-v1          |
| support_graphs_per_m... | 20                      |
| support_trajectories... | 20                      |
| value_clip_epsilon      | 0.2                     |
-----------------------------------------------------
audit health itr 191 ok=False flags=['action_collapse_MEC_0.998']

 ---------------- Iteration 192 ----------------
Sampling set of tasks/goals for this meta-batch...
Warning: No valid output stream.

[Action Choices - Iteration 192]
  Total actions: 200000
  Local (0): 182 (0.1%)
  MEC (1): 199750 (99.9%)
  V2V (2): 68 (0.0%)
Processing samples...
average task losses:  0.0035669159
average value losses:  0.01634696
Evaluating adapted task policies on a fresh support sample
Warning: No valid output stream.
Optimizing policy...
Average energy per iteration 192: 53.4202
-----------------------------------------------------
| Average energy,         | 53.4                    |
| Average greedy latency, | 585                     |
| Average latency,        | 579                     |
| Average reward,         | 0.881                   |
| AverageDiscountedReturn | 0.807                   |
| AverageReturn           | 0.881                   |
| EnvExecTime             | 47.5                    |
| Itr                     | 192                     |
| MaxReturn               | 0.978                   |
| MinReturn               | 0.568                   |
| NumTrajs                | 10000                   |
| PolicyExecTime          | 32.8                    |
| StdReturn               | 0.0649                  |
| entropy_coefficient     | 0                       |
| hyperparameter_prove... | fixed_literature_der... |
| inner_learning_rate     | 0.0005                  |
| k_steps                 | 3                       |
| meta_batch_size_dist... | 10                      |
| outer_learning_rate     | 0.0005                  |
| outer_update_count      | 193                     |
| outer_update_method     | mrlco_first_order_me... |
| ppo_batch_size_traje... | 20                      |
| query_graph_count       | 80                      |
| seed                    | 0                       |
| split_role              | meta_train_support      |
| split_version           | MARGO-SPLIT-v1          |
| support_graphs_per_m... | 20                      |
| support_trajectories... | 20                      |
| value_clip_epsilon      | 0.2                     |
-----------------------------------------------------
audit health itr 192 ok=False flags=['action_collapse_MEC_0.999']

 ---------------- Iteration 193 ----------------
Sampling set of tasks/goals for this meta-batch...
Warning: No valid output stream.

[Action Choices - Iteration 193]
  Total actions: 200000
  Local (0): 170 (0.1%)
  MEC (1): 199744 (99.9%)
  V2V (2): 86 (0.0%)
Processing samples...
average task losses:  -0.02647281
average value losses:  0.0215702
Evaluating adapted task policies on a fresh support sample
Warning: No valid output stream.
Optimizing policy...
Average energy per iteration 193: 60.1545
-----------------------------------------------------
| Average energy,         | 60.2                    |
| Average greedy latency, | 596                     |
| Average latency,        | 611                     |
| Average reward,         | 0.871                   |
| AverageDiscountedReturn | 0.801                   |
| AverageReturn           | 0.871                   |
| EnvExecTime             | 48.5                    |
| Itr                     | 193                     |
| MaxReturn               | 0.979                   |
| MinReturn               | 0.473                   |
| NumTrajs                | 10000                   |
| PolicyExecTime          | 27.5                    |
| StdReturn               | 0.0864                  |
| entropy_coefficient     | 0                       |
| hyperparameter_prove... | fixed_literature_der... |
| inner_learning_rate     | 0.0005                  |
| k_steps                 | 3                       |
| meta_batch_size_dist... | 10                      |
| outer_learning_rate     | 0.0005                  |
| outer_update_count      | 194                     |
| outer_update_method     | mrlco_first_order_me... |
| ppo_batch_size_traje... | 20                      |
| query_graph_count       | 80                      |
| seed                    | 0                       |
| split_role              | meta_train_support      |
| split_version           | MARGO-SPLIT-v1          |
| support_graphs_per_m... | 20                      |
| support_trajectories... | 20                      |
| value_clip_epsilon      | 0.2                     |
-----------------------------------------------------
audit health itr 193 ok=False flags=['action_collapse_MEC_0.997']

 ---------------- Iteration 194 ----------------
Sampling set of tasks/goals for this meta-batch...
Warning: No valid output stream.

[Action Choices - Iteration 194]
  Total actions: 200000
  Local (0): 159 (0.1%)
  MEC (1): 199766 (99.9%)
  V2V (2): 75 (0.0%)
Processing samples...
average task losses:  0.014570026
average value losses:  0.02567809
Evaluating adapted task policies on a fresh support sample
Warning: No valid output stream.
Optimizing policy...
Average energy per iteration 194: 67.2935
-----------------------------------------------------
| Average energy,         | 67.3                    |
| Average greedy latency, | 610                     |
| Average latency,        | 641                     |
| Average reward,         | 0.858                   |
| AverageDiscountedReturn | 0.786                   |
| AverageReturn           | 0.858                   |
| EnvExecTime             | 49.4                    |
| Itr                     | 194                     |
| MaxReturn               | 0.978                   |
| MinReturn               | 0.372                   |
| NumTrajs                | 10000                   |
| PolicyExecTime          | 31.2                    |
| StdReturn               | 0.0816                  |
| entropy_coefficient     | 0                       |
| hyperparameter_prove... | fixed_literature_der... |
| inner_learning_rate     | 0.0005                  |
| k_steps                 | 3                       |
| meta_batch_size_dist... | 10                      |
| outer_learning_rate     | 0.0005                  |
| outer_update_count      | 195                     |
| outer_update_method     | mrlco_first_order_me... |
| ppo_batch_size_traje... | 20                      |
| query_graph_count       | 80                      |
| seed                    | 0                       |
| split_role              | meta_train_support      |
| split_version           | MARGO-SPLIT-v1          |
| support_graphs_per_m... | 20                      |
| support_trajectories... | 20                      |
| value_clip_epsilon      | 0.2                     |
-----------------------------------------------------
audit health itr 194 ok=False flags=['action_collapse_MEC_0.995']

 ---------------- Iteration 195 ----------------
Sampling set of tasks/goals for this meta-batch...
Warning: No valid output stream.

[Action Choices - Iteration 195]
  Total actions: 200000
  Local (0): 174 (0.1%)
  MEC (1): 199751 (99.9%)
  V2V (2): 75 (0.0%)
Processing samples...
average task losses:  -0.0015721102
average value losses:  0.027874107
Evaluating adapted task policies on a fresh support sample
Warning: No valid output stream.
Optimizing policy...
Average energy per iteration 195: 69.0738
-----------------------------------------------------
| Average energy,         | 69.1                    |
| Average greedy latency, | 621                     |
| Average latency,        | 681                     |
| Average reward,         | 0.846                   |
| AverageDiscountedReturn | 0.776                   |
| AverageReturn           | 0.846                   |
| EnvExecTime             | 49.2                    |
| Itr                     | 195                     |
| MaxReturn               | 0.97                    |
| MinReturn               | 0.524                   |
| NumTrajs                | 10000                   |
| PolicyExecTime          | 32.3                    |
| StdReturn               | 0.0865                  |
| entropy_coefficient     | 0                       |
| hyperparameter_prove... | fixed_literature_der... |
| inner_learning_rate     | 0.0005                  |
| k_steps                 | 3                       |
| meta_batch_size_dist... | 10                      |
| outer_learning_rate     | 0.0005                  |
| outer_update_count      | 196                     |
| outer_update_method     | mrlco_first_order_me... |
| ppo_batch_size_traje... | 20                      |
| query_graph_count       | 80                      |
| seed                    | 0                       |
| split_role              | meta_train_support      |
| split_version           | MARGO-SPLIT-v1          |
| support_graphs_per_m... | 20                      |
| support_trajectories... | 20                      |
| value_clip_epsilon      | 0.2                     |
-----------------------------------------------------
audit health itr 195 ok=False flags=['action_collapse_MEC_0.997']

 ---------------- Iteration 196 ----------------
Sampling set of tasks/goals for this meta-batch...
Warning: No valid output stream.

[Action Choices - Iteration 196]
  Total actions: 200000
  Local (0): 186 (0.1%)
  MEC (1): 199727 (99.9%)
  V2V (2): 87 (0.0%)
Processing samples...
average task losses:  -0.0010833942
average value losses:  0.024715178
Evaluating adapted task policies on a fresh support sample
Warning: No valid output stream.
Optimizing policy...
Average energy per iteration 196: 66.8680
-----------------------------------------------------
| Average energy,         | 66.9                    |
| Average greedy latency, | 625                     |
| Average latency,        | 660                     |
| Average reward,         | 0.854                   |
| AverageDiscountedReturn | 0.782                   |
| AverageReturn           | 0.854                   |
| EnvExecTime             | 48                      |
| Itr                     | 196                     |
| MaxReturn               | 0.99                    |
| MinReturn               | 0.5                     |
| NumTrajs                | 10000                   |
| PolicyExecTime          | 25.9                    |
| StdReturn               | 0.0803                  |
| entropy_coefficient     | 0                       |
| hyperparameter_prove... | fixed_literature_der... |
| inner_learning_rate     | 0.0005                  |
| k_steps                 | 3                       |
| meta_batch_size_dist... | 10                      |
| outer_learning_rate     | 0.0005                  |
| outer_update_count      | 197                     |
| outer_update_method     | mrlco_first_order_me... |
| ppo_batch_size_traje... | 20                      |
| query_graph_count       | 80                      |
| seed                    | 0                       |
| split_role              | meta_train_support      |
| split_version           | MARGO-SPLIT-v1          |
| support_graphs_per_m... | 20                      |
| support_trajectories... | 20                      |
| value_clip_epsilon      | 0.2                     |
-----------------------------------------------------
audit health itr 196 ok=False flags=['action_collapse_MEC_0.996']

 ---------------- Iteration 197 ----------------
Sampling set of tasks/goals for this meta-batch...
Warning: No valid output stream.

[Action Choices - Iteration 197]
  Total actions: 200000
  Local (0): 152 (0.1%)
  MEC (1): 199763 (99.9%)
  V2V (2): 85 (0.0%)
Processing samples...
average task losses:  -0.011396829
average value losses:  0.021936513
Evaluating adapted task policies on a fresh support sample
Warning: No valid output stream.
Optimizing policy...
Average energy per iteration 197: 54.7651
-----------------------------------------------------
| Average energy,         | 54.8                    |
| Average greedy latency, | 608                     |
| Average latency,        | 599                     |
| Average reward,         | 0.873                   |
| AverageDiscountedReturn | 0.798                   |
| AverageReturn           | 0.873                   |
| EnvExecTime             | 50.4                    |
| Itr                     | 197                     |
| MaxReturn               | 0.98                    |
| MinReturn               | 0.525                   |
| NumTrajs                | 10000                   |
| PolicyExecTime          | 32.9                    |
| StdReturn               | 0.0804                  |
| entropy_coefficient     | 0                       |
| hyperparameter_prove... | fixed_literature_der... |
| inner_learning_rate     | 0.0005                  |
| k_steps                 | 3                       |
| meta_batch_size_dist... | 10                      |
| outer_learning_rate     | 0.0005                  |
| outer_update_count      | 198                     |
| outer_update_method     | mrlco_first_order_me... |
| ppo_batch_size_traje... | 20                      |
| query_graph_count       | 80                      |
| seed                    | 0                       |
| split_role              | meta_train_support      |
| split_version           | MARGO-SPLIT-v1          |
| support_graphs_per_m... | 20                      |
| support_trajectories... | 20                      |
| value_clip_epsilon      | 0.2                     |
-----------------------------------------------------
audit health itr 197 ok=False flags=['action_collapse_MEC_0.998']

 ---------------- Iteration 198 ----------------
Sampling set of tasks/goals for this meta-batch...
Warning: No valid output stream.

[Action Choices - Iteration 198]
  Total actions: 200000
  Local (0): 233 (0.1%)
  MEC (1): 199637 (99.8%)
  V2V (2): 130 (0.1%)
Processing samples...
average task losses:  0.033352494
average value losses:  0.025781423
Evaluating adapted task policies on a fresh support sample
Warning: No valid output stream.
Optimizing policy...
Average energy per iteration 198: 63.4059
-----------------------------------------------------
| Average energy,         | 63.4                    |
| Average greedy latency, | 611                     |
| Average latency,        | 641                     |
| Average reward,         | 0.861                   |
| AverageDiscountedReturn | 0.79                    |
| AverageReturn           | 0.861                   |
| EnvExecTime             | 48.1                    |
| Itr                     | 198                     |
| MaxReturn               | 0.977                   |
| MinReturn               | 0.549                   |
| NumTrajs                | 10000                   |
| PolicyExecTime          | 32.1                    |
| StdReturn               | 0.0858                  |
| entropy_coefficient     | 0                       |
| hyperparameter_prove... | fixed_literature_der... |
| inner_learning_rate     | 0.0005                  |
| k_steps                 | 3                       |
| meta_batch_size_dist... | 10                      |
| outer_learning_rate     | 0.0005                  |
| outer_update_count      | 199                     |
| outer_update_method     | mrlco_first_order_me... |
| ppo_batch_size_traje... | 20                      |
| query_graph_count       | 80                      |
| seed                    | 0                       |
| split_role              | meta_train_support      |
| split_version           | MARGO-SPLIT-v1          |
| support_graphs_per_m... | 20                      |
| support_trajectories... | 20                      |
| value_clip_epsilon      | 0.2                     |
-----------------------------------------------------
audit health itr 198 ok=False flags=['action_collapse_MEC_0.997']

 ---------------- Iteration 199 ----------------
Sampling set of tasks/goals for this meta-batch...
Warning: No valid output stream.

[Action Choices - Iteration 199]
  Total actions: 200000
  Local (0): 218 (0.1%)
  MEC (1): 199668 (99.8%)
  V2V (2): 114 (0.1%)
Processing samples...
average task losses:  -0.016672414
average value losses:  0.027292546
Evaluating adapted task policies on a fresh support sample
Warning: No valid output stream.
Optimizing policy...
Average energy per iteration 199: 62.6896
-----------------------------------------------------
| Average energy,         | 62.7                    |
| Average greedy latency, | 602                     |
| Average latency,        | 590                     |
| Average reward,         | 0.881                   |
| AverageDiscountedReturn | 0.808                   |
| AverageReturn           | 0.881                   |
| EnvExecTime             | 47.3                    |
| Itr                     | 199                     |
| MaxReturn               | 0.979                   |
| MinReturn               | 0.374                   |
| NumTrajs                | 10000                   |
| PolicyExecTime          | 32.5                    |
| StdReturn               | 0.0757                  |
| entropy_coefficient     | 0                       |
| hyperparameter_prove... | fixed_literature_der... |
| inner_learning_rate     | 0.0005                  |
| k_steps                 | 3                       |
| meta_batch_size_dist... | 10                      |
| outer_learning_rate     | 0.0005                  |
| outer_update_count      | 200                     |
| outer_update_method     | mrlco_first_order_me... |
| ppo_batch_size_traje... | 20                      |
| query_graph_count       | 80                      |
| seed                    | 0                       |
| split_role              | meta_train_support      |
| split_version           | MARGO-SPLIT-v1          |
| support_graphs_per_m... | 20                      |
| support_trajectories... | 20                      |
| value_clip_epsilon      | 0.2                     |
-----------------------------------------------------
audit health itr 199 ok=False flags=['action_collapse_MEC_0.994']

 ---------------- Iteration 200 ----------------
Sampling set of tasks/goals for this meta-batch...
Warning: No valid output stream.

[Action Choices - Iteration 200]
  Total actions: 200000
  Local (0): 276 (0.1%)
  MEC (1): 199577 (99.8%)
  V2V (2): 147 (0.1%)
Processing samples...
average task losses:  -0.053146895
average value losses:  0.022203557
Evaluating adapted task policies on a fresh support sample
Warning: No valid output stream.
Optimizing policy...
Average energy per iteration 200: 68.1156
Warning: No valid output stream.
Warning: No valid output stream.
Warning: No valid output stream.
Warning: No valid output stream.
Warning: No valid output stream.
Warning: No valid output stream.
Warning: No valid output stream.
Warning: No valid output stream.
Warning: No valid output stream.
Warning: No valid output stream.
Warning: No valid output stream.
Warning: No valid output stream.
Warning: No valid output stream.
Warning: No valid output stream.
Warning: No valid output stream.
-----------------------------------------------------
| Average energy,         | 68.1                    |
| Average greedy latency, | 596                     |
| Average latency,        | 603                     |
| Average reward,         | 0.87                    |
| AverageDiscountedReturn | 0.798                   |
| AverageReturn           | 0.87                    |
| EnvExecTime             | 48.1                    |
| Itr                     | 200                     |
| MaxReturn               | 0.973                   |
| MinReturn               | 0.535                   |
| NumTrajs                | 10000                   |
| PolicyExecTime          | 32.4                    |
| StdReturn               | 0.0767                  |
| checkpoint_is_best_val  | 0                       |
| checkpoint_selection... | validation_query_com... |
| entropy_coefficient     | 0                       |
| hyperparameter_prove... | fixed_literature_der... |
| inner_learning_rate     | 0.0005                  |
| k_steps                 | 3                       |
| meta_batch_size_dist... | 10                      |
| outer_learning_rate     | 0.0005                  |
| outer_update_count      | 201                     |
| outer_update_method     | mrlco_first_order_me... |
| ppo_batch_size_traje... | 20                      |
| query_graph_count       | 80                      |
| seed                    | 0                       |
| split_role              | meta_train_support      |
| split_version           | MARGO-SPLIT-v1          |
| support_graphs_per_m... | 20                      |
| support_trajectories... | 20                      |
| validation_query_com... | 0.864                   |
| validation_query_mea... | 631                     |
| value_clip_epsilon      | 0.2                     |
-----------------------------------------------------
audit health itr 200 ok=False flags=['action_collapse_MEC_0.992']

 ---------------- Iteration 201 ----------------
Sampling set of tasks/goals for this meta-batch...
Warning: No valid output stream.

[Action Choices - Iteration 201]
  Total actions: 200000
  Local (0): 241 (0.1%)
  MEC (1): 199608 (99.8%)
  V2V (2): 151 (0.1%)
Processing samples...
average task losses:  0.022688877
average value losses:  0.015538485
Evaluating adapted task policies on a fresh support sample
Warning: No valid output stream.
Optimizing policy...
Average energy per iteration 201: 55.3492
-----------------------------------------------------
| Average energy,         | 55.3                    |
| Average greedy latency, | 611                     |
| Average latency,        | 594                     |
| Average reward,         | 0.873                   |
| AverageDiscountedReturn | 0.798                   |
| AverageReturn           | 0.873                   |
| EnvExecTime             | 49.6                    |
| Itr                     | 201                     |
| MaxReturn               | 0.98                    |
| MinReturn               | 0.559                   |
| NumTrajs                | 10000                   |
| PolicyExecTime          | 31.8                    |
| StdReturn               | 0.0698                  |
| entropy_coefficient     | 0                       |
| hyperparameter_prove... | fixed_literature_der... |
| inner_learning_rate     | 0.0005                  |
| k_steps                 | 3                       |
| meta_batch_size_dist... | 10                      |
| outer_learning_rate     | 0.0005                  |
| outer_update_count      | 202                     |
| outer_update_method     | mrlco_first_order_me... |
| ppo_batch_size_traje... | 20                      |
| query_graph_count       | 80                      |
| seed                    | 0                       |
| split_role              | meta_train_support      |
| split_version           | MARGO-SPLIT-v1          |
| support_graphs_per_m... | 20                      |
| support_trajectories... | 20                      |
| value_clip_epsilon      | 0.2                     |
-----------------------------------------------------
audit health itr 201 ok=False flags=['action_collapse_MEC_0.998']

 ---------------- Iteration 202 ----------------
Sampling set of tasks/goals for this meta-batch...
Warning: No valid output stream.

[Action Choices - Iteration 202]
  Total actions: 200000
  Local (0): 271 (0.1%)
  MEC (1): 199562 (99.8%)
  V2V (2): 167 (0.1%)
Processing samples...
average task losses:  -0.018694488
average value losses:  0.023064842
Evaluating adapted task policies on a fresh support sample
Warning: No valid output stream.
Optimizing policy...
Average energy per iteration 202: 67.3349
-----------------------------------------------------
| Average energy,         | 67.3                    |
| Average greedy latency, | 593                     |
| Average latency,        | 604                     |
| Average reward,         | 0.872                   |
| AverageDiscountedReturn | 0.799                   |
| AverageReturn           | 0.872                   |
| EnvExecTime             | 48.7                    |
| Itr                     | 202                     |
| MaxReturn               | 0.978                   |
| MinReturn               | 0.448                   |
| NumTrajs                | 10000                   |
| PolicyExecTime          | 32.9                    |
| StdReturn               | 0.0787                  |
| entropy_coefficient     | 0                       |
| hyperparameter_prove... | fixed_literature_der... |
| inner_learning_rate     | 0.0005                  |
| k_steps                 | 3                       |
| meta_batch_size_dist... | 10                      |
| outer_learning_rate     | 0.0005                  |
| outer_update_count      | 203                     |
| outer_update_method     | mrlco_first_order_me... |
| ppo_batch_size_traje... | 20                      |
| query_graph_count       | 80                      |
| seed                    | 0                       |
| split_role              | meta_train_support      |
| split_version           | MARGO-SPLIT-v1          |
| support_graphs_per_m... | 20                      |
| support_trajectories... | 20                      |
| value_clip_epsilon      | 0.2                     |
-----------------------------------------------------
audit health itr 202 ok=False flags=['action_collapse_MEC_0.991']

 ---------------- Iteration 203 ----------------
Sampling set of tasks/goals for this meta-batch...
Warning: No valid output stream.

[Action Choices - Iteration 203]
  Total actions: 200000
  Local (0): 276 (0.1%)
  MEC (1): 199556 (99.8%)
  V2V (2): 168 (0.1%)
Processing samples...
average task losses:  0.0031496452
average value losses:  0.023523765
Evaluating adapted task policies on a fresh support sample
Warning: No valid output stream.
Optimizing policy...
Average energy per iteration 203: 64.5791
-----------------------------------------------------
| Average energy,         | 64.6                    |
| Average greedy latency, | 597                     |
| Average latency,        | 562                     |
| Average reward,         | 0.882                   |
| AverageDiscountedReturn | 0.807                   |
| AverageReturn           | 0.882                   |
| EnvExecTime             | 50.2                    |
| Itr                     | 203                     |
| MaxReturn               | 0.979                   |
| MinReturn               | 0.376                   |
| NumTrajs                | 10000                   |
| PolicyExecTime          | 32.9                    |
| StdReturn               | 0.0721                  |
| entropy_coefficient     | 0                       |
| hyperparameter_prove... | fixed_literature_der... |
| inner_learning_rate     | 0.0005                  |
| k_steps                 | 3                       |
| meta_batch_size_dist... | 10                      |
| outer_learning_rate     | 0.0005                  |
| outer_update_count      | 204                     |
| outer_update_method     | mrlco_first_order_me... |
| ppo_batch_size_traje... | 20                      |
| query_graph_count       | 80                      |
| seed                    | 0                       |
| split_role              | meta_train_support      |
| split_version           | MARGO-SPLIT-v1          |
| support_graphs_per_m... | 20                      |
| support_trajectories... | 20                      |
| value_clip_epsilon      | 0.2                     |
-----------------------------------------------------
audit health itr 203 ok=False flags=['action_collapse_MEC_0.990']

 ---------------- Iteration 204 ----------------
Sampling set of tasks/goals for this meta-batch...
Warning: No valid output stream.

[Action Choices - Iteration 204]
  Total actions: 200000
  Local (0): 369 (0.2%)
  MEC (1): 199325 (99.7%)
  V2V (2): 306 (0.2%)
Processing samples...
average task losses:  0.020444797
average value losses:  0.022284234
Evaluating adapted task policies on a fresh support sample
Warning: No valid output stream.
Optimizing policy...
Average energy per iteration 204: 73.5676
-----------------------------------------------------
| Average energy,         | 73.6                    |
| Average greedy latency, | 625                     |
| Average latency,        | 654                     |
| Average reward,         | 0.847                   |
| AverageDiscountedReturn | 0.775                   |
| AverageReturn           | 0.847                   |
| EnvExecTime             | 50.1                    |
| Itr                     | 204                     |
| MaxReturn               | 0.974                   |
| MinReturn               | 0.328                   |
| NumTrajs                | 10000                   |
| PolicyExecTime          | 31.9                    |
| StdReturn               | 0.0877                  |
| entropy_coefficient     | 0                       |
| hyperparameter_prove... | fixed_literature_der... |
| inner_learning_rate     | 0.0005                  |
| k_steps                 | 3                       |
| meta_batch_size_dist... | 10                      |
| outer_learning_rate     | 0.0005                  |
| outer_update_count      | 205                     |
| outer_update_method     | mrlco_first_order_me... |
| ppo_batch_size_traje... | 20                      |
| query_graph_count       | 80                      |
| seed                    | 0                       |
| split_role              | meta_train_support      |
| split_version           | MARGO-SPLIT-v1          |
| support_graphs_per_m... | 20                      |
| support_trajectories... | 20                      |
| value_clip_epsilon      | 0.2                     |
-----------------------------------------------------
audit health itr 204 ok=False flags=['action_collapse_MEC_0.992']

 ---------------- Iteration 205 ----------------
Sampling set of tasks/goals for this meta-batch...
Warning: No valid output stream.

[Action Choices - Iteration 205]
  Total actions: 200000
  Local (0): 301 (0.2%)
  MEC (1): 199494 (99.7%)
  V2V (2): 205 (0.1%)
Processing samples...
average task losses:  -0.010821557
average value losses:  0.020809406
Evaluating adapted task policies on a fresh support sample
Warning: No valid output stream.
Optimizing policy...
Average energy per iteration 205: 49.0141
-----------------------------------------------------
| Average energy,         | 49                      |
| Average greedy latency, | 592                     |
| Average latency,        | 538                     |
| Average reward,         | 0.89                    |
| AverageDiscountedReturn | 0.813                   |
| AverageReturn           | 0.89                    |
| EnvExecTime             | 48.7                    |
| Itr                     | 205                     |
| MaxReturn               | 0.98                    |
| MinReturn               | 0.395                   |
| NumTrajs                | 10000                   |
| PolicyExecTime          | 31                      |
| StdReturn               | 0.0563                  |
| entropy_coefficient     | 0                       |
| hyperparameter_prove... | fixed_literature_der... |
| inner_learning_rate     | 0.0005                  |
| k_steps                 | 3                       |
| meta_batch_size_dist... | 10                      |
| outer_learning_rate     | 0.0005                  |
| outer_update_count      | 206                     |
| outer_update_method     | mrlco_first_order_me... |
| ppo_batch_size_traje... | 20                      |
| query_graph_count       | 80                      |
| seed                    | 0                       |
| split_role              | meta_train_support      |
| split_version           | MARGO-SPLIT-v1          |
| support_graphs_per_m... | 20                      |
| support_trajectories... | 20                      |
| value_clip_epsilon      | 0.2                     |
-----------------------------------------------------
audit health itr 205 ok=False flags=['action_collapse_MEC_0.998']

 ---------------- Iteration 206 ----------------
Sampling set of tasks/goals for this meta-batch...
Warning: No valid output stream.

[Action Choices - Iteration 206]
  Total actions: 200000
  Local (0): 337 (0.2%)
  MEC (1): 199409 (99.7%)
  V2V (2): 254 (0.1%)
Processing samples...
average task losses:  0.0149671
average value losses:  0.021163076
Evaluating adapted task policies on a fresh support sample
Warning: No valid output stream.
Optimizing policy...
Average energy per iteration 206: 73.3633
-----------------------------------------------------
| Average energy,         | 73.4                    |
| Average greedy latency, | 601                     |
| Average latency,        | 589                     |
| Average reward,         | 0.872                   |
| AverageDiscountedReturn | 0.798                   |
| AverageReturn           | 0.872                   |
| EnvExecTime             | 49.2                    |
| Itr                     | 206                     |
| MaxReturn               | 0.974                   |
| MinReturn               | 0.398                   |
| NumTrajs                | 10000                   |
| PolicyExecTime          | 31.8                    |
| StdReturn               | 0.0828                  |
| entropy_coefficient     | 0                       |
| hyperparameter_prove... | fixed_literature_der... |
| inner_learning_rate     | 0.0005                  |
| k_steps                 | 3                       |
| meta_batch_size_dist... | 10                      |
| outer_learning_rate     | 0.0005                  |
| outer_update_count      | 207                     |
| outer_update_method     | mrlco_first_order_me... |
| ppo_batch_size_traje... | 20                      |
| query_graph_count       | 80                      |
| seed                    | 0                       |
| split_role              | meta_train_support      |
| split_version           | MARGO-SPLIT-v1          |
| support_graphs_per_m... | 20                      |
| support_trajectories... | 20                      |
| value_clip_epsilon      | 0.2                     |
-----------------------------------------------------
audit health itr 206 ok=False flags=['action_collapse_MEC_0.985']

 ---------------- Iteration 207 ----------------
Sampling set of tasks/goals for this meta-batch...
Warning: No valid output stream.

[Action Choices - Iteration 207]
  Total actions: 200000
  Local (0): 450 (0.2%)
  MEC (1): 199213 (99.6%)
  V2V (2): 337 (0.2%)
Processing samples...
average task losses:  -0.016931504
average value losses:  0.018820088
Evaluating adapted task policies on a fresh support sample
Warning: No valid output stream.
Optimizing policy...
Average energy per iteration 207: 74.4212
-----------------------------------------------------
| Average energy,         | 74.4                    |
| Average greedy latency, | 616                     |
| Average latency,        | 641                     |
| Average reward,         | 0.86                    |
| AverageDiscountedReturn | 0.788                   |
| AverageReturn           | 0.86                    |
| EnvExecTime             | 50.7                    |
| Itr                     | 207                     |
| MaxReturn               | 0.978                   |
| MinReturn               | 0.328                   |
| NumTrajs                | 10000                   |
| PolicyExecTime          | 32.9                    |
| StdReturn               | 0.0816                  |
| entropy_coefficient     | 0                       |
| hyperparameter_prove... | fixed_literature_der... |
| inner_learning_rate     | 0.0005                  |
| k_steps                 | 3                       |
| meta_batch_size_dist... | 10                      |
| outer_learning_rate     | 0.0005                  |
| outer_update_count      | 208                     |
| outer_update_method     | mrlco_first_order_me... |
| ppo_batch_size_traje... | 20                      |
| query_graph_count       | 80                      |
| seed                    | 0                       |
| split_role              | meta_train_support      |
| split_version           | MARGO-SPLIT-v1          |
| support_graphs_per_m... | 20                      |
| support_trajectories... | 20                      |
| value_clip_epsilon      | 0.2                     |
-----------------------------------------------------
audit health itr 207 ok=False flags=['action_collapse_MEC_0.990']

 ---------------- Iteration 208 ----------------
Sampling set of tasks/goals for this meta-batch...
Warning: No valid output stream.
