"Average greedy latency,",mask/active_rate,mask/forced_rate,mask/all_invalid_rate,policy/invalid_action_rate,policy/argmax_masked_rate,policy/entropy_valid,critic/value_abs_max,inner_update_mode,PolicyExecTime,EnvExecTime,AverageDiscountedReturn,AverageReturn,NumTrajs,StdReturn,MaxReturn,MinReturn,"Average energy,",Itr,"Average reward, ","Average latency,",split_role,seed,split_version,support_graphs_per_meta_task,support_trajectories_per_meta_task,query_graph_count,k_steps,outer_update_count,entropy_coefficient,value_clip_epsilon,ppo_batch_size_trajectories,meta_batch_size_distributions,inner_learning_rate,outer_learning_rate,outer_update_method,hyperparameter_provenance.policy,validation_query_composite_objective_k0,validation_query_composite_objective,validation_query_mean_latency_k0,validation_query_mean_latency_k3,checkpoint_selection_metric,checkpoint_is_best_val
623.5231310930933,0.0,0.0,0.0,0.0,0.0,1.0961478823802395,0.31908559799194336,publication,33.50901484489441,69.28822112083435,0.5110793375614959,0.5536364566813025,10000,0.12274094083392827,0.918984405467651,-0.16038711618931756,849.4175062976626,0,0.5536364566813025,955.9195745996011,meta_train_support,0,MARGO-SPLIT-v1,20,20,80,3,1,0.0,0.2,20,10,0.0005,0.0005,mrlco_first_order_mean_pseudogradient,fixed_literature_derived_defaults,0.5407967731964866,0.5582044943433105,981.6643158906606,931.9226018677912,validation_query_composite_objective,1
617.191951992389,0.0,0.0,0.0,0.0,0.0,1.0721190395525577,0.21487726271152496,publication,34.05468559265137,68.97762537002563,0.5293224805147659,0.5771567525343436,10000,0.10331060861146071,0.897501045997118,-0.06700481247690393,887.9577008584878,1,0.5771567525343436,903.8534107252326,meta_train_support,0,MARGO-SPLIT-v1,20,20,80,3,2,0.0,0.2,20,10,0.0005,0.0005,mrlco_first_order_mean_pseudogradient,fixed_literature_derived_defaults,,,,,,
585.2707312858854,0.0,0.0,0.0,0.0,0.0,0.9974090445633635,0.28450554609298706,publication,35.06218934059143,67.92626023292542,0.539645565960822,0.5895808589224436,10000,0.10624976020268154,0.9479213435305481,-0.007008929650355045,855.6557127231893,2,0.5895808589224436,907.618752507301,meta_train_support,0,MARGO-SPLIT-v1,20,20,80,3,3,0.0,0.2,20,10,0.0005,0.0005,mrlco_first_order_mean_pseudogradient,fixed_literature_derived_defaults,,,,,,
605.7362087066786,0.0,0.0,0.0,0.0,0.0,0.9448739175667504,0.3581189811229706,publication,34.76532196998596,68.41397452354431,0.5891205917473074,0.6431562663133354,10000,0.10771286821077765,0.9909245576384482,0.05589175422972348,746.6920597193101,3,0.6431562663133354,834.0745357232435,meta_train_support,0,MARGO-SPLIT-v1,20,20,80,3,4,0.0,0.2,20,10,0.0005,0.0005,mrlco_first_order_mean_pseudogradient,fixed_literature_derived_defaults,,,,,,
605.3485033679281,0.0,0.0,0.0,0.0,0.0,0.9219756855887911,0.37632912397384644,publication,34.63655424118042,69.02350115776062,0.6184191452583438,0.6741979598883868,10000,0.10237524610275602,1.008936504086164,0.09807190092248508,690.6702402782196,4,0.6741979598883868,801.9668798387704,meta_train_support,0,MARGO-SPLIT-v1,20,20,80,3,5,0.0,0.2,20,10,0.0005,0.0005,mrlco_first_order_mean_pseudogradient,fixed_literature_derived_defaults,,,,,,
600.1799012578556,0.0,0.0,0.0,0.0,0.0,0.9057583850197328,0.34303683042526245,publication,35.61929130554199,68.88563537597656,0.6572165477880744,0.7183666866289328,10000,0.10106452009207596,1.056165309417889,0.23852176634362365,617.1113727948244,5,0.7183666866289328,782.6896560044139,meta_train_support,0,MARGO-SPLIT-v1,20,20,80,3,6,0.0,0.2,20,10,0.0005,0.0005,mrlco_first_order_mean_pseudogradient,fixed_literature_derived_defaults,,,,,,
615.2842793975285,0.0,0.0,0.0,0.0,0.0,0.8945550551238991,0.27376216650009155,publication,34.946964502334595,68.98220086097717,0.6824924318252399,0.7427337309823517,10000,0.09885568828077898,1.070067812406595,0.22719876567698805,556.3289574989412,6,0.7427337309823517,777.2511573102787,meta_train_support,0,MARGO-SPLIT-v1,20,20,80,3,7,0.0,0.2,20,10,0.0005,0.0005,mrlco_first_order_mean_pseudogradient,fixed_literature_derived_defaults,,,,,,
603.9421731752532,0.0,0.0,0.0,0.0,0.0,0.8646601341635034,0.20057155191898346,publication,35.40372610092163,69.23923397064209,0.6966222762019099,0.7590446122638312,10000,0.10462185084000043,1.0663822466925266,0.23699345833569252,513.6626304560373,7,0.7590446122638312,759.4429242849922,meta_train_support,0,MARGO-SPLIT-v1,20,20,80,3,8,0.0,0.2,20,10,0.0005,0.0005,mrlco_first_order_mean_pseudogradient,fixed_literature_derived_defaults,,,,,,
600.3885777622087,0.0,0.0,0.0,0.0,0.0,0.8219197685451519,0.10273780673742294,publication,33.956886768341064,68.48554801940918,0.69661259495609,0.760046141300219,10000,0.10617237970437314,1.0896288467631268,0.0804267209315479,478.2651774273807,8,0.760046141300219,732.3115243475696,meta_train_support,0,MARGO-SPLIT-v1,20,20,80,3,9,0.0,0.2,20,10,0.0005,0.0005,mrlco_first_order_mean_pseudogradient,fixed_literature_derived_defaults,,,,,,
618.6568553879873,0.0,0.0,0.0,0.0,0.0,0.7788182987157363,0.3743160367012024,publication,33.82080030441284,68.19406509399414,0.6999670524961517,0.7615119950851348,10000,0.10029935273853942,1.0507159986508086,0.20752138351371263,494.9887481385138,9,0.7615119950851348,756.0060328151062,meta_train_support,0,MARGO-SPLIT-v1,20,20,80,3,10,0.0,0.2,20,10,0.0005,0.0005,mrlco_first_order_mean_pseudogradient,fixed_literature_derived_defaults,,,,,,
607.9600599910328,0.0,0.0,0.0,0.0,0.0,0.7144042784502938,0.5876115560531616,publication,32.664963483810425,68.6433675289154,0.7217753772822432,0.7854378060050232,10000,0.10283993283475153,1.0859245074445334,0.3309581850169745,453.30990604637134,10,0.7854378060050232,721.0819560334044,meta_train_support,0,MARGO-SPLIT-v1,20,20,80,3,11,0.0,0.2,20,10,0.0005,0.0005,mrlco_first_order_mean_pseudogradient,fixed_literature_derived_defaults,,,,,,
636.6356672997747,0.0,0.0,0.0,0.0,0.0,0.6665431489148032,0.8739655613899231,publication,33.28865385055542,70.1760675907135,0.7145801875237708,0.7779373956537563,10000,0.10142150030308156,1.0688817512371553,0.23260320348244246,443.1321643366597,11,0.7779373956537564,745.1869669969409,meta_train_support,0,MARGO-SPLIT-v1,20,20,80,3,12,0.0,0.2,20,10,0.0005,0.0005,mrlco_first_order_mean_pseudogradient,fixed_literature_derived_defaults,,,,,,
618.5834658982822,0.0,0.0,0.0,0.0,0.0,0.6044788276259654,1.0593183040618896,publication,33.55626654624939,70.25915694236755,0.7431435453106933,0.808083185957582,10000,0.11052815861242954,1.0950461265537736,0.14530108269672903,361.15625391532785,12,0.8080831859575821,726.1719336932372,meta_train_support,0,MARGO-SPLIT-v1,20,20,80,3,13,0.0,0.2,20,10,0.0005,0.0005,mrlco_first_order_mean_pseudogradient,fixed_literature_derived_defaults,,,,,,
601.6598208622523,0.0,0.0,0.0,0.0,0.0,0.531083347323682,1.3713442087173462,publication,34.461843729019165,69.22381138801575,0.783719706100181,0.8549093911213,10000,0.09833906383600823,1.086579404115751,0.44377665170142644,276.04090203566216,13,0.8549093911213,665.3155131861699,meta_train_support,0,MARGO-SPLIT-v1,20,20,80,3,14,0.0,0.2,20,10,0.0005,0.0005,mrlco_first_order_mean_pseudogradient,fixed_literature_derived_defaults,,,,,,
618.0801111005919,0.0,0.0,0.0,0.0,0.0,0.47271335488709343,1.4053698778152466,publication,33.26556134223938,70.35556817054749,0.779207686220016,0.8494795924978186,10000,0.10040653442619063,1.0777463278934072,0.38664786246161065,262.589895223239,14,0.8494795924978186,707.4295144926875,meta_train_support,0,MARGO-SPLIT-v1,20,20,80,3,15,0.0,0.2,20,10,0.0005,0.0005,mrlco_first_order_mean_pseudogradient,fixed_literature_derived_defaults,,,,,,
604.2377499540057,0.0,0.0,0.0,0.0,0.0,0.41468514006687174,1.5913047790527344,publication,33.793784379959106,69.07328867912292,0.8018546999399395,0.8729859496176621,10000,0.09098911334272737,1.0822258512803418,0.34670506213842645,239.7879523911246,15,0.8729859496176621,653.294800965294,meta_train_support,0,MARGO-SPLIT-v1,20,20,80,3,16,0.0,0.2,20,10,0.0005,0.0005,mrlco_first_order_mean_pseudogradient,fixed_literature_derived_defaults,,,,,,
590.6252554307529,0.0,0.0,0.0,0.0,0.0,0.351825811717648,1.6428090333938599,publication,35.12488412857056,70.45686411857605,0.8364230427828195,0.9122028374492376,10000,0.08944309373658098,1.0717410814012962,0.3499690817867296,177.0961833211466,16,0.9122028374492376,605.660963593983,meta_train_support,0,MARGO-SPLIT-v1,20,20,80,3,17,0.0,0.2,20,10,0.0005,0.0005,mrlco_first_order_mean_pseudogradient,fixed_literature_derived_defaults,,,,,,
616.8687825999941,0.0,0.0,0.0,0.0,0.0,0.3324811469555467,1.6137878894805908,publication,34.45385026931763,69.26963567733765,0.8138641088356048,0.8853386204562241,10000,0.09661063893933584,1.086579404115751,0.4745918009869764,192.4029921394461,17,0.8853386204562241,704.4523363367639,meta_train_support,0,MARGO-SPLIT-v1,20,20,80,3,18,0.0,0.2,20,10,0.0005,0.0005,mrlco_first_order_mean_pseudogradient,fixed_literature_derived_defaults,,,,,,
614.8845741648538,0.0,0.0,0.0,0.0,0.0,0.29124424394649656,1.2349294424057007,publication,33.48010230064392,70.03142142295837,0.8191013759038517,0.891722207363418,10000,0.0925255808724673,1.1035767700017376,0.4857791366441324,183.1497882099546,18,0.891722207363418,662.4312084200709,meta_train_support,0,MARGO-SPLIT-v1,20,20,80,3,19,0.0,0.2,20,10,0.0005,0.0005,mrlco_first_order_mean_pseudogradient,fixed_literature_derived_defaults,,,,,,
612.1934151780673,0.0,0.0,0.0,0.0,0.0,0.271269433298613,1.0529582500457764,publication,33.10479116439819,68.82667350769043,0.8288702802773729,0.902149907191698,10000,0.0850626291425464,1.0787125489450702,0.4909806788205533,150.94119368589452,19,0.902149907191698,671.2348448693874,meta_train_support,0,MARGO-SPLIT-v1,20,20,80,3,20,0.0,0.2,20,10,0.0005,0.0005,mrlco_first_order_mean_pseudogradient,fixed_literature_derived_defaults,,,,,,
613.8712567111834,0.0,0.0,0.0,0.0,0.0,0.24437968680956562,0.9431095123291016,publication,33.79958367347717,71.09560060501099,0.84175728837356,0.9174966255939924,10000,0.09248729759407606,1.0827167404143352,0.4820800473526631,131.9554235814074,20,0.9174966255939924,650.448958553802,meta_train_support,0,MARGO-SPLIT-v1,20,20,80,3,21,0.0,0.2,20,10,0.0005,0.0005,mrlco_first_order_mean_pseudogradient,fixed_literature_derived_defaults,,,,,,
594.7118542181423,0.0,0.0,0.0,0.0,0.0,0.22640274507915514,0.8297675251960754,publication,34.04104137420654,68.50676393508911,0.8600300993932553,0.9370801341854347,10000,0.08177950143962903,1.0827167404143352,0.6245816712677185,114.67581694061502,21,0.9370801341854347,618.8169284173706,meta_train_support,0,MARGO-SPLIT-v1,20,20,80,3,22,0.0,0.2,20,10,0.0005,0.0005,mrlco_first_order_mean_pseudogradient,fixed_literature_derived_defaults,,,,,,
606.2404059611729,0.0,0.0,0.0,0.0,0.0,0.21849694241066323,0.7677631378173828,publication,35.496493101119995,69.11838698387146,0.848458770643198,0.9243331140197913,10000,0.07653023171121319,1.083719008968831,0.6175891463961793,137.9130668925155,22,0.9243331140197913,636.0269365316581,meta_train_support,0,MARGO-SPLIT-v1,20,20,80,3,23,0.0,0.2,20,10,0.0005,0.0005,mrlco_first_order_mean_pseudogradient,fixed_literature_derived_defaults,,,,,,
600.7430363286563,0.0,0.0,0.0,0.0,0.0,0.19815835047794314,0.8125817775726318,publication,35.19224262237549,69.63758063316345,0.8470127439747451,0.9247674285749988,10000,0.0958270311822679,1.0787125489450702,0.4939678261216418,137.53473884039974,23,0.9247674285749988,593.4542766502109,meta_train_support,0,MARGO-SPLIT-v1,20,20,80,3,24,0.0,0.2,20,10,0.0005,0.0005,mrlco_first_order_mean_pseudogradient,fixed_literature_derived_defaults,,,,,,
630.4947095779964,0.0,0.0,0.0,0.0,0.0,0.19362008241219333,0.8891453146934509,publication,34.486464977264404,70.16472434997559,0.8447081906982512,0.9213570813140645,10000,0.08679535455801486,1.0896422730966202,0.5633747988977109,105.65643331324573,24,0.9213570813140645,670.2494033285536,meta_train_support,0,MARGO-SPLIT-v1,20,20,80,3,25,0.0,0.2,20,10,0.0005,0.0005,mrlco_first_order_mean_pseudogradient,fixed_literature_derived_defaults,,,,,,
627.9743966818945,0.0,0.0,0.0,0.0,0.0,0.17155984313051523,0.949531614780426,publication,30.750569820404053,67.83606743812561,0.84806682096619,0.9236229967388323,10000,0.09483427625086376,1.0896422730966202,0.5649013319920101,109.00749206162311,25,0.9236229967388323,654.7816673975332,meta_train_support,0,MARGO-SPLIT-v1,20,20,80,3,26,0.0,0.2,20,10,0.0005,0.0005,mrlco_first_order_mean_pseudogradient,fixed_literature_derived_defaults,,,,,,
611.791700007929,0.0,0.0,0.0,0.0,0.0,0.14191509919440773,1.0001893043518066,publication,35.714940547943115,68.58147597312927,0.8514317001668769,0.927469734336564,10000,0.08771448663412881,1.0811467714495175,0.5331250299381584,102.29923933828032,26,0.927469734336564,634.2639172358798,meta_train_support,0,MARGO-SPLIT-v1,20,20,80,3,27,0.0,0.2,20,10,0.0005,0.0005,mrlco_first_order_mean_pseudogradient,fixed_literature_derived_defaults,,,,,,
600.3270218562943,0.0,0.0,0.0,0.0,0.0,0.12068973835357288,0.9818867444992065,publication,32.84178590774536,67.27945590019226,0.8726437849644075,0.9500366140650717,10000,0.08441219468676935,1.0859245074445334,0.6420230429897855,76.65681895664643,27,0.9500366140650717,604.6727283413941,meta_train_support,0,MARGO-SPLIT-v1,20,20,80,3,28,0.0,0.2,20,10,0.0005,0.0005,mrlco_first_order_mean_pseudogradient,fixed_literature_derived_defaults,,,,,,
610.0995547912734,0.0,0.0,0.0,0.0,0.0,0.09892969167269501,0.9135197997093201,publication,30.680551290512085,68.48971652984619,0.8585223588508816,0.9346882926801787,10000,0.08099957117788929,1.078007433305869,0.6522931686242655,90.1168043507443,28,0.9346882926801787,634.2123006617287,meta_train_support,0,MARGO-SPLIT-v1,20,20,80,3,29,0.0,0.2,20,10,0.0005,0.0005,mrlco_first_order_mean_pseudogradient,fixed_literature_derived_defaults,,,,,,
615.9092620884622,0.0,0.0,0.0,0.0,0.0,0.08024639743348005,0.9077563881874084,publication,31.360243320465088,67.7898576259613,0.8621823027458244,0.9376141064170166,10000,0.09530319882015033,1.1035767700017376,0.5452486613049509,79.90667843120156,29,0.9376141064170166,640.223038261449,meta_train_support,0,MARGO-SPLIT-v1,20,20,80,3,30,0.0,0.2,20,10,0.0005,0.0005,mrlco_first_order_mean_pseudogradient,fixed_literature_derived_defaults,,,,,,
614.7970093904768,0.0,0.0,0.0,0.0,0.0,0.060730232982378736,0.8669724464416504,publication,33.89798879623413,68.67932176589966,0.8653608366858722,0.9440691753776685,10000,0.07615771450346961,1.0700036746145594,0.6213677835614678,78.02964836658903,30,0.9440691753776685,630.7923491268839,meta_train_support,0,MARGO-SPLIT-v1,20,20,80,3,31,0.0,0.2,20,10,0.0005,0.0005,mrlco_first_order_mean_pseudogradient,fixed_literature_derived_defaults,,,,,,
606.6516427646773,0.0,0.0,0.0,0.0,0.0,0.05026517856624606,0.8797683119773865,publication,31.68541121482849,68.6270272731781,0.8584836278467152,0.9369326919966025,10000,0.08535341344781597,1.0941469446163417,0.5804707582798421,77.39205117150613,31,0.9369326919966025,670.5067487563856,meta_train_support,0,MARGO-SPLIT-v1,20,20,80,3,32,0.0,0.2,20,10,0.0005,0.0005,mrlco_first_order_mean_pseudogradient,fixed_literature_derived_defaults,,,,,,
625.5801611309461,0.0,0.0,0.0,0.0,0.0,0.04503222371802054,0.9159795641899109,publication,34.04415273666382,70.45669198036194,0.8509240553697035,0.9276273904408042,10000,0.09004199529967329,1.086579404115751,0.5999044913439069,78.14119466884827,32,0.9276273904408042,670.19865138937,meta_train_support,0,MARGO-SPLIT-v1,20,20,80,3,33,0.0,0.2,20,10,0.0005,0.0005,mrlco_first_order_mean_pseudogradient,fixed_literature_derived_defaults,,,,,,
596.079923252024,0.0,0.0,0.0,0.0,0.0,0.03819612783503895,0.965657114982605,publication,34.11655354499817,69.40101385116577,0.8809842543377671,0.9624336214143261,10000,0.07761520833129407,1.1035767700017376,0.6351798235908834,64.47791691357214,33,0.9624336214143261,577.7925265518487,meta_train_support,0,MARGO-SPLIT-v1,20,20,80,3,34,0.0,0.2,20,10,0.0005,0.0005,mrlco_first_order_mean_pseudogradient,fixed_literature_derived_defaults,,,,,,
614.5558066424096,0.0,0.0,0.0,0.0,0.0,0.03759023597075513,1.0596665143966675,publication,32.394702196121216,69.35582232475281,0.8634117080197266,0.9416616733331957,10000,0.08777514547457621,1.1035767700017376,0.6296840594897752,69.01708838504176,34,0.9416616733331957,630.0596041259139,meta_train_support,0,MARGO-SPLIT-v1,20,20,80,3,35,0.0,0.2,20,10,0.0005,0.0005,mrlco_first_order_mean_pseudogradient,fixed_literature_derived_defaults,,,,,,
632.4944574965477,0.0,0.0,0.0,0.0,0.0,0.03712169507707184,1.0804260969161987,publication,35.33930826187134,70.54365801811218,0.8435559648187547,0.9198888925415748,10000,0.09202638310394931,1.0941469446163417,0.6211957181144663,78.74268536080841,35,0.9198888925415748,715.8824717803888,meta_train_support,0,MARGO-SPLIT-v1,20,20,80,3,36,0.0,0.2,20,10,0.0005,0.0005,mrlco_first_order_mean_pseudogradient,fixed_literature_derived_defaults,,,,,,
606.1623766417367,0.0,0.0,0.0,0.0,0.0,0.034023669807215905,1.0177937746047974,publication,30.47430396080017,68.96889591217041,0.8764273931253153,0.9574670150766277,10000,0.0702924341343799,1.0896422730966202,0.6599827310888133,63.80538679707631,36,0.9574670150766275,598.3551243589524,meta_train_support,0,MARGO-SPLIT-v1,20,20,80,3,37,0.0,0.2,20,10,0.0005,0.0005,mrlco_first_order_mean_pseudogradient,fixed_literature_derived_defaults,,,,,,
615.858250404426,0.0,0.0,0.0,0.0,0.0,0.03419414403617679,0.950801432132721,publication,30.1894748210907,69.00435185432434,0.8567336907907674,0.9338385358240028,10000,0.0942678954772347,1.083719008968831,0.6246441045747327,69.82456861914014,37,0.9338385358240028,641.0473209311308,meta_train_support,0,MARGO-SPLIT-v1,20,20,80,3,38,0.0,0.2,20,10,0.0005,0.0005,mrlco_first_order_mean_pseudogradient,fixed_literature_derived_defaults,,,,,,
591.5657512817111,0.0,0.0,0.0,0.0,0.0,0.03312668566074891,0.869324266910553,publication,34.49272656440735,67.62321829795837,0.8750757764131336,0.9533835583185141,10000,0.08378630604347959,1.070076978048335,0.6581777436468196,66.83573710999129,38,0.9533835583185141,601.5692955640603,meta_train_support,0,MARGO-SPLIT-v1,20,20,80,3,39,0.0,0.2,20,10,0.0005,0.0005,mrlco_first_order_mean_pseudogradient,fixed_literature_derived_defaults,,,,,,
612.1918864139693,0.0,0.0,0.0,0.0,0.0,0.03411470144187329,0.8674309849739075,publication,35.32968354225159,68.82481098175049,0.8695866090438691,0.9490120434555712,10000,0.07768079134809795,1.083719008968831,0.6560002441632402,70.40677266709912,39,0.9490120434555712,628.2943284699753,meta_train_support,0,MARGO-SPLIT-v1,20,20,80,3,40,0.0,0.2,20,10,0.0005,0.0005,mrlco_first_order_mean_pseudogradient,fixed_literature_derived_defaults,,,,,,
613.0369287118094,0.0,0.0,0.0,0.0,0.0,0.03827375949854568,0.9145334362983704,publication,33.5117073059082,69.71358799934387,0.8717063118425916,0.9500129993149723,10000,0.07842048737023714,1.0941469446163417,0.6817791250461632,71.42454179861609,40,0.9500129993149723,623.0311906783539,meta_train_support,0,MARGO-SPLIT-v1,20,20,80,3,41,0.0,0.2,20,10,0.0005,0.0005,mrlco_first_order_mean_pseudogradient,fixed_literature_derived_defaults,,,,,,
633.8413040394373,0.0,0.0,0.0,0.0,0.0,0.044349805947331476,0.9842100739479065,publication,31.680151224136353,71.38787746429443,0.8545228681364883,0.9326483408623666,10000,0.08598769772044809,1.083719008968831,0.5927341929857837,78.6873649878843,41,0.9326483408623666,675.5507793737943,meta_train_support,0,MARGO-SPLIT-v1,20,20,80,3,42,0.0,0.2,20,10,0.0005,0.0005,mrlco_first_order_mean_pseudogradient,fixed_literature_derived_defaults,,,,,,
615.7100737602506,0.0,0.0,0.0,0.0,0.0,0.05142462859188763,1.0175172090530396,publication,32.591514110565186,69.74996829032898,0.8615770795528491,0.9385769775550401,10000,0.08124384341159806,1.070076978048335,0.6540123020019223,75.58647149471724,42,0.9385769775550401,667.3825425600855,meta_train_support,0,MARGO-SPLIT-v1,20,20,80,3,43,0.0,0.2,20,10,0.0005,0.0005,mrlco_first_order_mean_pseudogradient,fixed_literature_derived_defaults,,,,,,
602.414665985162,0.0,0.0,0.0,0.0,0.0,0.05451973592530273,1.0640755891799927,publication,34.707510471343994,69.67879557609558,0.8742156467876212,0.9534533465963565,10000,0.077837505012607,1.083719008968831,0.6859345789414265,65.46557348565669,43,0.9534533465963565,612.2740501766694,meta_train_support,0,MARGO-SPLIT-v1,20,20,80,3,44,0.0,0.2,20,10,0.0005,0.0005,mrlco_first_order_mean_pseudogradient,fixed_literature_derived_defaults,,,,,,
617.1734483917509,0.0,0.0,0.0,0.0,0.0,0.05652722405564337,1.0473847389221191,publication,34.07871747016907,69.11644220352173,0.8673360472429187,0.9449576780714056,10000,0.08738665689176436,1.0822258512803418,0.624694662899217,73.32415245074425,44,0.9449576780714056,634.240116661388,meta_train_support,0,MARGO-SPLIT-v1,20,20,80,3,45,0.0,0.2,20,10,0.0005,0.0005,mrlco_first_order_mean_pseudogradient,fixed_literature_derived_defaults,,,,,,
604.4580522734778,0.0,0.0,0.0,0.0,0.0,0.05536905395170629,0.987095832824707,publication,36.57494902610779,68.546630859375,0.8752567071284387,0.9557934616581611,10000,0.08317747266182053,1.1035767700017376,0.6022751844602552,65.74036369288025,45,0.9557934616581611,599.2832353100367,meta_train_support,0,MARGO-SPLIT-v1,20,20,80,3,46,0.0,0.2,20,10,0.0005,0.0005,mrlco_first_order_mean_pseudogradient,fixed_literature_derived_defaults,,,,,,
623.1591523203986,0.0,0.0,0.0,0.0,0.0,0.0558147093145076,0.9192110300064087,publication,34.39607238769531,71.12543678283691,0.8660888730236591,0.9460681822986413,10000,0.08222637967900714,1.0805611666359314,0.5999044913439069,65.79799843375734,46,0.9460681822986413,639.5321858444948,meta_train_support,0,MARGO-SPLIT-v1,20,20,80,3,47,0.0,0.2,20,10,0.0005,0.0005,mrlco_first_order_mean_pseudogradient,fixed_literature_derived_defaults,,,,,,
596.800839249352,0.0,0.0,0.0,0.0,0.0,0.04887668568485425,0.8876487612724304,publication,33.60216426849365,69.6063277721405,0.8809481958729788,0.9608747712940838,10000,0.07912303533152393,1.0827167404143352,0.6481991728016839,61.07939925175461,47,0.9608747712940838,565.6943475676333,meta_train_support,0,MARGO-SPLIT-v1,20,20,80,3,48,0.0,0.2,20,10,0.0005,0.0005,mrlco_first_order_mean_pseudogradient,fixed_literature_derived_defaults,,,,,,
614.2428395537513,0.0,0.0,0.0,0.0,0.0,0.04432795968557184,0.8871414065361023,publication,35.20003056526184,70.48277258872986,0.870864940099767,0.9501916973112137,10000,0.08571561705678396,1.0812783929932934,0.6402901095498925,65.48823367121331,48,0.9501916973112134,618.0268080778627,meta_train_support,0,MARGO-SPLIT-v1,20,20,80,3,49,0.0,0.2,20,10,0.0005,0.0005,mrlco_first_order_mean_pseudogradient,fixed_literature_derived_defaults,,,,,,
614.0744193396569,0.0,0.0,0.0,0.0,0.0,0.042653587809557594,0.9107543230056763,publication,34.64691472053528,68.89105010032654,0.8651068441872795,0.9420250911858029,10000,0.09077556026820688,1.0941469446163417,0.6387511416667657,70.91850835036081,49,0.9420250911858029,641.8855490067264,meta_train_support,0,MARGO-SPLIT-v1,20,20,80,3,50,0.0,0.2,20,10,0.0005,0.0005,mrlco_first_order_mean_pseudogradient,fixed_literature_derived_defaults,,,,,,
578.9905638692175,0.0,0.0,0.0,0.0,0.0,0.03769497925051793,0.9554443955421448,publication,34.92029023170471,67.35010981559753,0.892295965240166,0.9723985000066739,10000,0.07128926361193742,1.1035767700017376,0.6726214016483407,57.44283080276566,50,0.9723985000066739,540.636340754603,meta_train_support,0,MARGO-SPLIT-v1,20,20,80,3,51,0.0,0.2,20,10,0.0005,0.0005,mrlco_first_order_mean_pseudogradient,fixed_literature_derived_defaults,0.9514786147618001,0.9519407654332952,631.9734062934446,631.0524759300148,validation_query_composite_objective,1
606.9201489113534,0.0,0.0,0.0,0.0,0.0,0.03718961187217049,1.0444843769073486,publication,29.875990629196167,68.46844124794006,0.8634233090229539,0.9419946502342466,10000,0.09081062132368896,1.086579404115751,0.6027318061450867,66.46473764752072,51,0.9419946502342468,647.1560090070288,meta_train_support,0,MARGO-SPLIT-v1,20,20,80,3,52,0.0,0.2,20,10,0.0005,0.0005,mrlco_first_order_mean_pseudogradient,fixed_literature_derived_defaults,,,,,,
588.0664738707405,0.0,0.0,0.0,0.0,0.0,0.031091857892445864,1.0785040855407715,publication,34.41010522842407,68.81397867202759,0.8909840046474037,0.9728088356391948,10000,0.059861444090408465,1.1035767700017376,0.6656846556936762,56.42402061112927,52,0.9728088356391948,560.5618446638243,meta_train_support,0,MARGO-SPLIT-v1,20,20,80,3,53,0.0,0.2,20,10,0.0005,0.0005,mrlco_first_order_mean_pseudogradient,fixed_literature_derived_defaults,,,,,,
615.4883110512187,0.0,0.0,0.0,0.0,0.0,0.029601148503897116,1.040456771850586,publication,33.50477695465088,69.11124396324158,0.8647876557919515,0.9432735255150685,10000,0.08123826750281922,1.0870716329564,0.6466162653081104,62.865988500324576,53,0.9432735255150685,634.6547427028684,meta_train_support,0,MARGO-SPLIT-v1,20,20,80,3,54,0.0,0.2,20,10,0.0005,0.0005,mrlco_first_order_mean_pseudogradient,fixed_literature_derived_defaults,,,,,,
602.3632318244116,0.0,0.0,0.0,0.0,0.0,0.022954971052274495,1.0118039846420288,publication,31.96549415588379,69.29601740837097,0.8813974925793052,0.9619137704688937,10000,0.07384824713402996,1.0812783929932934,0.6300882531927536,58.47416547201326,54,0.9619137704688937,586.1328455105754,meta_train_support,0,MARGO-SPLIT-v1,20,20,80,3,55,0.0,0.2,20,10,0.0005,0.0005,mrlco_first_order_mean_pseudogradient,fixed_literature_derived_defaults,,,,,,
601.718321890899,0.0,0.0,0.0,0.0,0.0,0.020201309808115755,0.9652145504951477,publication,35.8739709854126,69.34491658210754,0.8749379368891806,0.9542168383478896,10000,0.08240717206144182,1.0859245074445334,0.6346815258967177,57.94238028680229,55,0.9542168383478896,602.1861661053263,meta_train_support,0,MARGO-SPLIT-v1,20,20,80,3,56,0.0,0.2,20,10,0.0005,0.0005,mrlco_first_order_mean_pseudogradient,fixed_literature_derived_defaults,,,,,,
587.772540581349,0.0,0.0,0.0,0.0,0.0,0.016775903681086852,0.9427131414413452,publication,33.91243124008179,66.63208365440369,0.8789789314394271,0.9581949098302591,10000,0.0805280320572353,1.070076978048335,0.6238247287082165,57.34992243214225,56,0.9581949098302591,587.3779382894407,meta_train_support,0,MARGO-SPLIT-v1,20,20,80,3,57,0.0,0.2,20,10,0.0005,0.0005,mrlco_first_order_mean_pseudogradient,fixed_literature_derived_defaults,,,,,,
625.3546523347446,0.0,0.0,0.0,0.0,0.0,0.01552260382398989,0.9323316216468811,publication,35.39808487892151,69.37428021430969,0.8559201458740454,0.9335984576200453,10000,0.08986283817095435,1.0811467714495175,0.6416629780139997,66.89611274585533,57,0.9335984576200453,671.9093054274191,meta_train_support,0,MARGO-SPLIT-v1,20,20,80,3,58,0.0,0.2,20,10,0.0005,0.0005,mrlco_first_order_mean_pseudogradient,fixed_literature_derived_defaults,,,,,,
622.7172370677403,0.0,0.0,0.0,0.0,0.0,0.01362062574711504,0.9443877935409546,publication,33.54666447639465,68.6314308643341,0.8560016072654943,0.9338604183800453,10000,0.08745604733086443,1.1035767700017376,0.6258309863463717,64.89527705533344,58,0.9338604183800453,665.5486702891336,meta_train_support,0,MARGO-SPLIT-v1,20,20,80,3,59,0.0,0.2,20,10,0.0005,0.0005,mrlco_first_order_mean_pseudogradient,fixed_literature_derived_defaults,,,,,,
611.6840579937389,0.0,0.0,0.0,0.0,0.0,0.012430708505066628,0.935538113117218,publication,35.622554540634155,68.98198652267456,0.8686178716673089,0.9482621136921354,10000,0.07643765037577264,1.0870716329564,0.6368643707561585,60.99085537764886,59,0.9482621136921354,635.8633754275241,meta_train_support,0,MARGO-SPLIT-v1,20,20,80,3,60,0.0,0.2,20,10,0.0005,0.0005,mrlco_first_order_mean_pseudogradient,fixed_literature_derived_defaults,,,,,,
634.4437710087776,0.0,0.0,0.0,0.0,0.0,0.012539073926266433,0.9719330072402954,publication,34.6806423664093,70.09791731834412,0.8550054293326195,0.9339479207658876,10000,0.08793589648382023,1.07067119447014,0.6475375499539537,64.93280490302071,60,0.9339479207658876,673.4211710398279,meta_train_support,0,MARGO-SPLIT-v1,20,20,80,3,61,0.0,0.2,20,10,0.0005,0.0005,mrlco_first_order_mean_pseudogradient,fixed_literature_derived_defaults,,,,,,
636.8590734981673,0.0,0.0,0.0,0.0,0.0,0.012782560735052587,0.9595409631729126,publication,33.79628252983093,70.03378701210022,0.8447624026265701,0.9210989284226984,10000,0.09080804006291116,1.0812783929932934,0.6212811848750749,73.09428710876324,61,0.9210989284226984,715.1417487616282,meta_train_support,0,MARGO-SPLIT-v1,20,20,80,3,62,0.0,0.2,20,10,0.0005,0.0005,mrlco_first_order_mean_pseudogradient,fixed_literature_derived_defaults,,,,,,
605.380458361285,0.0,0.0,0.0,0.0,0.0,0.011807172786229898,0.9696415066719055,publication,34.83737874031067,68.30473494529724,0.8731717212609962,0.9512671467617196,10000,0.07697765436788402,1.0616356726640896,0.647538858442533,58.91820242502878,62,0.9512671467617196,619.386520413249,meta_train_support,0,MARGO-SPLIT-v1,20,20,80,3,63,0.0,0.2,20,10,0.0005,0.0005,mrlco_first_order_mean_pseudogradient,fixed_literature_derived_defaults,,,,,,
600.6528391537257,0.0,0.0,0.0,0.0,0.0,0.011197725313532275,1.0431360006332397,publication,34.65957283973694,68.81717133522034,0.8794257223030773,0.9608549017639598,10000,0.06965456564116906,1.083719008968831,0.6850711628305859,55.294489172934895,63,0.9608549017639598,597.8560640886035,meta_train_support,0,MARGO-SPLIT-v1,20,20,80,3,64,0.0,0.2,20,10,0.0005,0.0005,mrlco_first_order_mean_pseudogradient,fixed_literature_derived_defaults,,,,,,
608.7531465687207,0.0,0.0,0.0,0.0,0.0,0.01152667314188857,1.0922280550003052,publication,35.40348505973816,70.42631697654724,0.8799657377509055,0.9599781409631573,10000,0.08073395077600695,1.0941469446163417,0.6932731026872345,58.60339794824703,64,0.9599781409631573,613.6556481222725,meta_train_support,0,MARGO-SPLIT-v1,20,20,80,3,65,0.0,0.2,20,10,0.0005,0.0005,mrlco_first_order_mean_pseudogradient,fixed_literature_derived_defaults,,,,,,
597.4506245384489,0.0,0.0,0.0,0.0,0.0,0.011964870805750157,1.0993541479110718,publication,33.79138517379761,68.91665506362915,0.8852787380215518,0.9674678662025384,10000,0.0726669962315125,1.1035767700017376,0.65726628446531,54.46561309373065,65,0.9674678662025384,585.1356706359182,meta_train_support,0,MARGO-SPLIT-v1,20,20,80,3,66,0.0,0.2,20,10,0.0005,0.0005,mrlco_first_order_mean_pseudogradient,fixed_literature_derived_defaults,,,,,,
621.1488922433581,0.0,0.0,0.0,0.0,0.0,0.013700199640168878,1.0475444793701172,publication,33.43228602409363,67.55834579467773,0.8575987405328364,0.9348838572610563,10000,0.08640835922592771,1.0787125489450702,0.6440801345700761,65.25575601839746,66,0.9348838572610563,666.2887407812855,meta_train_support,0,MARGO-SPLIT-v1,20,20,80,3,67,0.0,0.2,20,10,0.0005,0.0005,mrlco_first_order_mean_pseudogradient,fixed_literature_derived_defaults,,,,,,
611.1647586892536,0.0,0.0,0.0,0.0,0.0,0.013684878735955091,1.017195224761963,publication,33.187984466552734,69.33781218528748,0.8653178770221033,0.9435180450439282,10000,0.08871315372801142,1.0715482848323281,0.6557292035258174,63.141264667078175,67,0.9435180450439282,645.8436529556982,meta_train_support,0,MARGO-SPLIT-v1,20,20,80,3,68,0.0,0.2,20,10,0.0005,0.0005,mrlco_first_order_mean_pseudogradient,fixed_literature_derived_defaults,,,,,,
604.6489307288986,0.0,0.0,0.0,0.0,0.0,0.013602673459263772,1.002598762512207,publication,35.24823307991028,69.0617892742157,0.8717078976758433,0.9502474806750725,10000,0.08324129648595814,1.078007433305869,0.5292535782511136,58.62293807321336,68,0.9502474806750723,616.3062404374341,meta_train_support,0,MARGO-SPLIT-v1,20,20,80,3,69,0.0,0.2,20,10,0.0005,0.0005,mrlco_first_order_mean_pseudogradient,fixed_literature_derived_defaults,,,,,,
592.31691161623,0.0,0.0,0.0,0.0,0.0,0.012730322132085614,1.0005488395690918,publication,30.66101312637329,66.74427366256714,0.8914203043678044,0.9722694587321646,10000,0.07481725077184917,1.1035767700017376,0.6993930958538068,50.04680596031494,69,0.9722694587321646,546.4461742657867,meta_train_support,0,MARGO-SPLIT-v1,20,20,80,3,70,0.0,0.2,20,10,0.0005,0.0005,mrlco_first_order_mean_pseudogradient,fixed_literature_derived_defaults,,,,,,
624.4945266425268,0.0,0.0,0.0,0.0,0.0,0.01416450808872873,0.9754381775856018,publication,33.894161224365234,69.6227068901062,0.8627972479336516,0.9419722436344122,10000,0.08390172602536931,1.0870716329564,0.5934882558833897,64.7010387201379,70,0.9419722436344122,646.1831137475749,meta_train_support,0,MARGO-SPLIT-v1,20,20,80,3,71,0.0,0.2,20,10,0.0005,0.0005,mrlco_first_order_mean_pseudogradient,fixed_literature_derived_defaults,,,,,,
615.8582504044261,0.0,0.0,0.0,0.0,0.0,0.01347462945855726,0.9951205253601074,publication,33.811453342437744,70.60679721832275,0.8701099095718878,0.9500458013168427,10000,0.07684764867633742,1.1035767700017376,0.6526476499084202,58.9212941500842,71,0.9500458013168427,614.9479972135707,meta_train_support,0,MARGO-SPLIT-v1,20,20,80,3,72,0.0,0.2,20,10,0.0005,0.0005,mrlco_first_order_mean_pseudogradient,fixed_literature_derived_defaults,,,,,,
625.589933571039,0.0,0.0,0.0,0.0,0.0,0.014729640656163645,1.0569016933441162,publication,35.087926626205444,70.35457158088684,0.8555439281787436,0.9332810480668841,10000,0.08797380218207933,1.083719008968831,0.6388821365146412,67.85441034659817,72,0.9332810480668838,665.4903594436156,meta_train_support,0,MARGO-SPLIT-v1,20,20,80,3,73,0.0,0.2,20,10,0.0005,0.0005,mrlco_first_order_mean_pseudogradient,fixed_literature_derived_defaults,,,,,,
636.2397971283913,0.0,0.0,0.0,0.0,0.0,0.016151290144563665,1.0775666236877441,publication,31.718395709991455,69.66218519210815,0.841556537887391,0.9160347396000934,10000,0.09518383103227761,1.0733134940515847,0.6245757038391653,74.14380349545664,73,0.9160347396000934,724.360272214113,meta_train_support,0,MARGO-SPLIT-v1,20,20,80,3,74,0.0,0.2,20,10,0.0005,0.0005,mrlco_first_order_mean_pseudogradient,fixed_literature_derived_defaults,,,,,,
596.2147895051684,0.0,0.0,0.0,0.0,0.0,0.014398677939264469,1.0700621604919434,publication,34.25417971611023,67.25927352905273,0.8779114699636484,0.9561247590115883,10000,0.08218114978287884,1.0812783929932934,0.6203836528974016,57.89659519543403,74,0.9561247590115883,590.2647763150228,meta_train_support,0,MARGO-SPLIT-v1,20,20,80,3,75,0.0,0.2,20,10,0.0005,0.0005,mrlco_first_order_mean_pseudogradient,fixed_literature_derived_defaults,,,,,,
609.4599041223662,0.0,0.0,0.0,0.0,0.0,0.014562553643291391,1.0337344408035278,publication,34.49338889122009,68.3449912071228,0.8787960166411378,0.9588368305176891,10000,0.08617391446331545,1.0941469446163417,0.6423576043818772,57.71758705225318,75,0.9588368305176891,603.9247453852025,meta_train_support,0,MARGO-SPLIT-v1,20,20,80,3,76,0.0,0.2,20,10,0.0005,0.0005,mrlco_first_order_mean_pseudogradient,fixed_literature_derived_defaults,,,,,,
597.2187635084153,0.0,0.0,0.0,0.0,0.0,0.015506518905817815,1.0439977645874023,publication,30.934093952178955,68.42560577392578,0.8749816073651558,0.954799918594764,10000,0.06998701400618289,1.070076978048335,0.660061202369089,57.64508101996879,76,0.954799918594764,606.9313306293092,meta_train_support,0,MARGO-SPLIT-v1,20,20,80,3,77,0.0,0.2,20,10,0.0005,0.0005,mrlco_first_order_mean_pseudogradient,fixed_literature_derived_defaults,,,,,,
601.777182080228,0.0,0.0,0.0,0.0,0.0,0.01627509153316714,1.003036379814148,publication,33.8956196308136,66.98516130447388,0.8807841589698241,0.9600331641124561,10000,0.07691077528126193,1.0827167404143352,0.6571140331715603,58.77371969689648,77,0.9600331641124561,586.4954537239444,meta_train_support,0,MARGO-SPLIT-v1,20,20,80,3,78,0.0,0.2,20,10,0.0005,0.0005,mrlco_first_order_mean_pseudogradient,fixed_literature_derived_defaults,,,,,,
621.5954992255482,0.0,0.0,0.0,0.0,0.0,0.01868902372690008,0.9771397113800049,publication,33.18010902404785,71.31380581855774,0.8593589462423941,0.9383131963648622,10000,0.0896378972003865,1.083719008968831,0.5999044913439069,67.3882999502472,78,0.9383131963648622,661.8835000227969,meta_train_support,0,MARGO-SPLIT-v1,20,20,80,3,79,0.0,0.2,20,10,0.0005,0.0005,mrlco_first_order_mean_pseudogradient,fixed_literature_derived_defaults,,,,,,
602.1073304264477,0.0,0.0,0.0,0.0,0.0,0.019226734318332807,0.9516550898551941,publication,34.61284780502319,69.5417788028717,0.8760923925102563,0.9548277688118358,10000,0.07767303432308564,1.0896422730966202,0.7050808342270591,59.90389435581823,79,0.9548277688118358,618.1762306588839,meta_train_support,0,MARGO-SPLIT-v1,20,20,80,3,80,0.0,0.2,20,10,0.0005,0.0005,mrlco_first_order_mean_pseudogradient,fixed_literature_derived_defaults,,,,,,
606.8869240009717,0.0,0.0,0.0,0.0,0.0,0.02199420337108887,0.9853192567825317,publication,33.279178619384766,70.61143398284912,0.8657645239138179,0.9439203964346532,10000,0.08206668632515912,1.086579404115751,0.6416629780139997,63.30995949326139,80,0.9439203964346532,631.3263886964457,meta_train_support,0,MARGO-SPLIT-v1,20,20,80,3,81,0.0,0.2,20,10,0.0005,0.0005,mrlco_first_order_mean_pseudogradient,fixed_literature_derived_defaults,,,,,,
610.4457467903137,0.0,0.0,0.0,0.0,0.0,0.02400608347924353,0.9646756649017334,publication,33.428375482559204,68.29328632354736,0.8614901838812575,0.9383965487745929,10000,0.08905500663417067,1.0694930158525962,0.6189806907042761,68.71940580596711,81,0.9383965487745929,656.0259463057354,meta_train_support,0,MARGO-SPLIT-v1,20,20,80,3,82,0.0,0.2,20,10,0.0005,0.0005,mrlco_first_order_mean_pseudogradient,fixed_literature_derived_defaults,,,,,,
596.079923252024,0.0,0.0,0.0,0.0,0.0,0.022293731984146303,0.9694902300834656,publication,33.92825388908386,68.78666472434998,0.8866065965833408,0.9670919233216646,10000,0.07146671797285314,1.0896422730966202,0.6667395805797545,57.37713576459079,82,0.9670919233216644,552.4465160145282,meta_train_support,0,MARGO-SPLIT-v1,20,20,80,3,83,0.0,0.2,20,10,0.0005,0.0005,mrlco_first_order_mean_pseudogradient,fixed_literature_derived_defaults,,,,,,
595.809980037008,0.0,0.0,0.0,0.0,0.0,0.024502660116434677,0.9498871564865112,publication,31.809898376464844,70.04992294311523,0.8851027916293469,0.9652318591879725,10000,0.08097195501152861,1.0812783929932934,0.6349965517580184,57.65401098480634,83,0.9652318591879725,569.2402888273375,meta_train_support,0,MARGO-SPLIT-v1,20,20,80,3,84,0.0,0.2,20,10,0.0005,0.0005,mrlco_first_order_mean_pseudogradient,fixed_literature_derived_defaults,,,,,,
603.2889845037051,0.0,0.0,0.0,0.0,0.0,0.026101484815070942,0.9623565673828125,publication,30.534335613250732,68.06578660011292,0.8818929053479918,0.9625638333030223,10000,0.062373306345701825,1.078007433305869,0.6965523054817958,60.24724689887603,84,0.9625638333030223,593.207793830012,meta_train_support,0,MARGO-SPLIT-v1,20,20,80,3,85,0.0,0.2,20,10,0.0005,0.0005,mrlco_first_order_mean_pseudogradient,fixed_literature_derived_defaults,,,,,,
618.3384064868382,0.0,0.0,0.0,0.0,0.0,0.03104882504095933,0.9550382494926453,publication,31.182466983795166,68.91749978065491,0.8625592315694792,0.9406836415751817,10000,0.08853000753040516,1.0816942762118964,0.49004356137058325,70.67428390414308,85,0.9406836415751817,637.3609500262343,meta_train_support,0,MARGO-SPLIT-v1,20,20,80,3,86,0.0,0.2,20,10,0.0005,0.0005,mrlco_first_order_mean_pseudogradient,fixed_literature_derived_defaults,,,,,,
601.5610699740411,0.0,0.0,0.0,0.0,0.0,0.03290726553668642,0.9767066836357117,publication,35.29179859161377,68.51379823684692,0.8787993786827526,0.9570388142986094,10000,0.0884744565870933,1.0812783929932934,0.6462077198334645,60.32066561315094,86,0.9570388142986094,603.1940010299097,meta_train_support,0,MARGO-SPLIT-v1,20,20,80,3,87,0.0,0.2,20,10,0.0005,0.0005,mrlco_first_order_mean_pseudogradient,fixed_literature_derived_defaults,,,,,,
616.3354300235204,0.0,0.0,0.0,0.0,0.0,0.03360223641409485,0.9818775057792664,publication,31.979220867156982,69.28730392456055,0.8659579431572669,0.9444614850617814,10000,0.07928249796542708,1.083719008968831,0.6527819162069048,67.4575519689081,87,0.9444614850617814,649.4800131959207,meta_train_support,0,MARGO-SPLIT-v1,20,20,80,3,88,0.0,0.2,20,10,0.0005,0.0005,mrlco_first_order_mean_pseudogradient,fixed_literature_derived_defaults,,,,,,
612.407882079683,0.0,0.0,0.0,0.0,0.0,0.031020542344469642,0.9722973704338074,publication,34.91404175758362,70.10204935073853,0.8663074154851685,0.9448367605103336,10000,0.0834171783675885,1.0870716329564,0.5884720147541143,71.18768614093524,88,0.9448367605103336,635.4758539024298,meta_train_support,0,MARGO-SPLIT-v1,20,20,80,3,89,0.0,0.2,20,10,0.0005,0.0005,mrlco_first_order_mean_pseudogradient,fixed_literature_derived_defaults,,,,,,
614.7233676073074,0.0,0.0,0.0,0.0,0.0,0.028231163937900046,0.9631474614143372,publication,31.698788166046143,70.38347959518433,0.8640946354709508,0.943477380901487,10000,0.08607196413113759,1.0777463278934072,0.6368643707561585,64.1143247336671,89,0.943477380901487,637.3921370455661,meta_train_support,0,MARGO-SPLIT-v1,20,20,80,3,90,0.0,0.2,20,10,0.0005,0.0005,mrlco_first_order_mean_pseudogradient,fixed_literature_derived_defaults,,,,,,
618.097124396583,0.0,0.0,0.0,0.0,0.0,0.0270749587161615,0.9719253182411194,publication,31.826145887374878,69.76741552352905,0.8632145339770927,0.9414836759607446,10000,0.08937815634499478,1.0787125489450702,0.6282417843713521,69.11165679619981,90,0.9414836759607448,654.507683734278,meta_train_support,0,MARGO-SPLIT-v1,20,20,80,3,91,0.0,0.2,20,10,0.0005,0.0005,mrlco_first_order_mean_pseudogradient,fixed_literature_derived_defaults,,,,,,
628.581154278837,0.0,0.0,0.0,0.0,0.0,0.02493694127391598,0.9558629989624023,publication,33.19360017776489,69.22887372970581,0.8531370313671951,0.9312020080894748,10000,0.08273674125963253,1.0630719426953146,0.6275522028906547,69.62607118112787,91,0.9312020080894748,684.9124138279956,meta_train_support,0,MARGO-SPLIT-v1,20,20,80,3,92,0.0,0.2,20,10,0.0005,0.0005,mrlco_first_order_mean_pseudogradient,fixed_literature_derived_defaults,,,,,,
609.6987890820094,0.0,0.0,0.0,0.0,0.0,0.02093702514286188,0.9935709834098816,publication,32.881717681884766,70.15910196304321,0.8780782379832631,0.9574494362413921,10000,0.08080637508246954,1.1035767700017376,0.6501370183602336,59.07536825426462,92,0.9574494362413921,597.4798050709262,meta_train_support,0,MARGO-SPLIT-v1,20,20,80,3,93,0.0,0.2,20,10,0.0005,0.0005,mrlco_first_order_mean_pseudogradient,fixed_literature_derived_defaults,,,,,,
609.6030642221451,0.0,0.0,0.0,0.0,0.0,0.019817966855768508,0.9932402968406677,publication,35.17756414413452,69.0489490032196,0.8590176792635013,0.9360709309066686,10000,0.09082407512651276,1.086579404115751,0.6304058776107664,66.79405320809816,93,0.9360709309066686,645.2673026932907,meta_train_support,0,MARGO-SPLIT-v1,20,20,80,3,94,0.0,0.2,20,10,0.0005,0.0005,mrlco_first_order_mean_pseudogradient,fixed_literature_derived_defaults,,,,,,
608.3862279260907,0.0,0.0,0.0,0.0,0.0,0.016899320846422688,1.008237361907959,publication,35.153279542922974,69.08769750595093,0.8751968378816624,0.9543130558752538,10000,0.07273214004667002,1.0941469446163417,0.6466697759685867,60.71504238792284,94,0.9543130558752538,614.0845862806402,meta_train_support,0,MARGO-SPLIT-v1,20,20,80,3,95,0.0,0.2,20,10,0.0005,0.0005,mrlco_first_order_mean_pseudogradient,fixed_literature_derived_defaults,,,,,,
614.3393724738257,0.0,0.0,0.0,0.0,0.0,0.016651643198840133,0.982173502445221,publication,34.13914895057678,69.63091564178467,0.866598455617131,0.943859272564818,10000,0.08523904912548533,1.086579404115751,0.6387511416667657,63.7131491759347,95,0.943859272564818,634.8729147006075,meta_train_support,0,MARGO-SPLIT-v1,20,20,80,3,96,0.0,0.2,20,10,0.0005,0.0005,mrlco_first_order_mean_pseudogradient,fixed_literature_derived_defaults,,,,,,
635.663311688069,0.0,0.0,0.0,0.0,0.0,0.017206702941313812,0.9445348381996155,publication,33.228209495544434,69.89973044395447,0.8514702016536776,0.929354377661866,10000,0.0815129630422775,1.0524041281083911,0.6416411344315394,71.92557462776185,96,0.929354377661866,706.1943809897082,meta_train_support,0,MARGO-SPLIT-v1,20,20,80,3,97,0.0,0.2,20,10,0.0005,0.0005,mrlco_first_order_mean_pseudogradient,fixed_literature_derived_defaults,,,,,,
603.7171097471783,0.0,0.0,0.0,0.0,0.0,0.014768259013418735,0.9622409343719482,publication,33.35934543609619,70.7951090335846,0.8746554481372197,0.9536061309650739,10000,0.07108152481824882,1.070076978048335,0.6505371966985257,63.36085063167316,97,0.9536061309650739,617.0907565231445,meta_train_support,0,MARGO-SPLIT-v1,20,20,80,3,98,0.0,0.2,20,10,0.0005,0.0005,mrlco_first_order_mean_pseudogradient,fixed_literature_derived_defaults,,,,,,
613.843956344509,0.0,0.0,0.0,0.0,0.0,0.01513212408439304,0.9926690459251404,publication,33.20382881164551,70.07622838020325,0.8628399817383746,0.9412178372812415,10000,0.08098962943339508,1.0787125489450702,0.6720827363288214,63.48378952247237,98,0.9412178372812415,649.8905703630951,meta_train_support,0,MARGO-SPLIT-v1,20,20,80,3,99,0.0,0.2,20,10,0.0005,0.0005,mrlco_first_order_mean_pseudogradient,fixed_literature_derived_defaults,,,,,,
602.4160068875041,0.0,0.0,0.0,0.0,0.0,0.014527751750309178,1.010029911994934,publication,34.23244023323059,69.31371212005615,0.8760394627655366,0.9538852143946851,10000,0.08749916632340103,1.0777463278934072,0.6081234011194071,60.78091497976995,99,0.9538852143946851,622.3042744455242,meta_train_support,0,MARGO-SPLIT-v1,20,20,80,3,100,0.0,0.2,20,10,0.0005,0.0005,mrlco_first_order_mean_pseudogradient,fixed_literature_derived_defaults,,,,,,
604.6792284925733,0.0,0.0,0.0,0.0,0.0,0.014695744301900607,0.9954272508621216,publication,33.41420316696167,70.74506759643555,0.86975523727613,0.9480448899969378,10000,0.08869211666123647,1.083719008968831,0.6123214798474735,62.38936781098873,100,0.9480448899969378,612.8735595269571,meta_train_support,0,MARGO-SPLIT-v1,20,20,80,3,101,0.0,0.2,20,10,0.0005,0.0005,mrlco_first_order_mean_pseudogradient,fixed_literature_derived_defaults,0.9536143160974818,0.9521020155912476,630.422219843723,630.2503714926585,validation_query_composite_objective,1
610.0874743387767,0.0,0.0,0.0,0.0,0.0,0.014389630965157139,0.987086296081543,publication,35.005271911621094,70.93132758140564,0.8748082909486647,0.9558510273429379,10000,0.08225817176724311,1.0870716329564,0.6532918535326196,59.01283192892675,101,0.9558510273429379,621.010340889075,meta_train_support,0,MARGO-SPLIT-v1,20,20,80,3,102,0.0,0.2,20,10,0.0005,0.0005,mrlco_first_order_mean_pseudogradient,fixed_literature_derived_defaults,,,,,,
609.7279719487054,0.0,0.0,0.0,0.0,0.0,0.01513700455839779,0.988116979598999,publication,32.906713008880615,69.46793627738953,0.8730908661642574,0.950749954947387,10000,0.08427895225619585,1.0941469446163417,0.5927341929857837,61.66655666574712,102,0.950749954947387,629.9707833559977,meta_train_support,0,MARGO-SPLIT-v1,20,20,80,3,103,0.0,0.2,20,10,0.0005,0.0005,mrlco_first_order_mean_pseudogradient,fixed_literature_derived_defaults,,,,,,
612.0716486072267,0.0,0.0,0.0,0.0,0.0,0.015665172538086653,0.9785480499267578,publication,33.69624924659729,68.212229013443,0.8568255963471891,0.9329644921308009,10000,0.09182756879440246,1.0870716329564,0.5572655609720543,66.62025699800417,103,0.9329644921308009,653.0653733407033,meta_train_support,0,MARGO-SPLIT-v1,20,20,80,3,104,0.0,0.2,20,10,0.0005,0.0005,mrlco_first_order_mean_pseudogradient,fixed_literature_derived_defaults,,,,,,
606.9201489113535,0.0,0.0,0.0,0.0,0.0,0.014614424214295454,0.971467912197113,publication,33.69635534286499,68.55635404586792,0.8702438671294375,0.9483627926979078,10000,0.09225191616583037,1.0870716329564,0.6489874565566759,60.073865833934455,104,0.9483627926979078,621.4823402206503,meta_train_support,0,MARGO-SPLIT-v1,20,20,80,3,105,0.0,0.2,20,10,0.0005,0.0005,mrlco_first_order_mean_pseudogradient,fixed_literature_derived_defaults,,,,,,
592.2432698330607,0.0,0.0,0.0,0.0,0.0,0.01281180000413284,0.9849418997764587,publication,32.10112738609314,69.99589848518372,0.8851111845155554,0.9656723823557412,10000,0.07988646896603617,1.0733201117294189,0.6372342819683194,55.392783033426724,105,0.9656723823557412,589.4103251180404,meta_train_support,0,MARGO-SPLIT-v1,20,20,80,3,106,0.0,0.2,20,10,0.0005,0.0005,mrlco_first_order_mean_pseudogradient,fixed_literature_derived_defaults,,,,,,
629.7362235133307,0.0,0.0,0.0,0.0,0.0,0.01549954807457507,1.0303750038146973,publication,35.6714563369751,69.71250224113464,0.8483039637280861,0.9236490611486271,10000,0.08976574131875883,1.086579404115751,0.39072073313158906,76.19464595086758,106,0.9236490611486273,712.6939985096808,meta_train_support,0,MARGO-SPLIT-v1,20,20,80,3,107,0.0,0.2,20,10,0.0005,0.0005,mrlco_first_order_mean_pseudogradient,fixed_literature_derived_defaults,,,,,,
608.265731272275,0.0,0.0,0.0,0.0,0.0,0.014176192048968158,1.027916431427002,publication,35.017738580703735,70.46132493019104,0.8678211007160624,0.9481268932726762,10000,0.09241809513601078,1.0812783929932934,0.6116593275794642,59.7930197122387,107,0.9481268932726762,616.2023009073434,meta_train_support,0,MARGO-SPLIT-v1,20,20,80,3,108,0.0,0.2,20,10,0.0005,0.0005,mrlco_first_order_mean_pseudogradient,fixed_literature_derived_defaults,,,,,,
637.3500925179618,0.0,0.0,0.0,0.0,0.0,0.016392829373174038,1.0143554210662842,publication,35.70526123046875,69.59861755371094,0.8385109130786761,0.9131904389870044,10000,0.10198617909264783,1.0647155336633405,0.5508722094980557,78.29736862417408,108,0.9131904389870044,724.4482125727232,meta_train_support,0,MARGO-SPLIT-v1,20,20,80,3,109,0.0,0.2,20,10,0.0005,0.0005,mrlco_first_order_mean_pseudogradient,fixed_literature_derived_defaults,,,,,,
599.1756628270695,0.0,0.0,0.0,0.0,0.0,0.013582897256641616,0.9971951246261597,publication,33.40659832954407,67.70638251304626,0.8761000070427055,0.9556859274339953,10000,0.08237224126447518,1.1035767700017376,0.6015686803316422,64.42103169516972,109,0.9556859274339953,601.1718228826101,meta_train_support,0,MARGO-SPLIT-v1,20,20,80,3,110,0.0,0.2,20,10,0.0005,0.0005,mrlco_first_order_mean_pseudogradient,fixed_literature_derived_defaults,,,,,,
611.075514126328,0.0,0.0,0.0,0.0,0.0,0.015192698990673293,0.9829192757606506,publication,32.86390519142151,69.58321237564087,0.8686931885758135,0.9458603755071117,10000,0.09265297544777454,1.0870716329564,0.6491211672470657,64.93944446148414,110,0.9458603755071117,636.162313438951,meta_train_support,0,MARGO-SPLIT-v1,20,20,80,3,111,0.0,0.2,20,10,0.0005,0.0005,mrlco_first_order_mean_pseudogradient,fixed_literature_derived_defaults,,,,,,
611.8361027888026,0.0,0.0,0.0,0.0,0.0,0.01624675651437548,0.9777106046676636,publication,35.13145613670349,69.13275837898254,0.871060067089017,0.9511488610227145,10000,0.08240098212599774,1.0870716329564,0.6343008296672216,61.94587681766821,111,0.9511488610227147,614.7163702370194,meta_train_support,0,MARGO-SPLIT-v1,20,20,80,3,112,0.0,0.2,20,10,0.0005,0.0005,mrlco_first_order_mean_pseudogradient,fixed_literature_derived_defaults,,,,,,
613.8801960079602,0.0,0.0,0.0,0.0,0.0,0.018474351401747795,1.0165165662765503,publication,34.21733808517456,67.96601939201355,0.8661955744448775,0.9417667332365478,10000,0.08509890332690768,1.0870716329564,0.5628064896284267,71.47886879008848,112,0.9417667332365478,642.6426824641146,meta_train_support,0,MARGO-SPLIT-v1,20,20,80,3,113,0.0,0.2,20,10,0.0005,0.0005,mrlco_first_order_mean_pseudogradient,fixed_literature_derived_defaults,,,,,,
592.1691951543127,0.0,0.0,0.0,0.0,0.0,0.017352551214231595,1.0177314281463623,publication,33.84771704673767,67.94980478286743,0.8813888687163213,0.9613136780927954,10000,0.09059687761629596,1.0870716329564,0.5293295376076887,63.57476326370491,113,0.9613136780927954,577.4208467268876,meta_train_support,0,MARGO-SPLIT-v1,20,20,80,3,114,0.0,0.2,20,10,0.0005,0.0005,mrlco_first_order_mean_pseudogradient,fixed_literature_derived_defaults,,,,,,
597.8222073810168,0.0,0.0,0.0,0.0,0.0,0.01972959880963747,1.0306851863861084,publication,33.16535806655884,70.62774896621704,0.874613513107862,0.9557893782490035,10000,0.07425546551540761,1.0715482848323281,0.5644761965510162,65.25290328938223,114,0.9557893782490035,590.1947861375141,meta_train_support,0,MARGO-SPLIT-v1,20,20,80,3,115,0.0,0.2,20,10,0.0005,0.0005,mrlco_first_order_mean_pseudogradient,fixed_literature_derived_defaults,,,,,,
611.8795002347811,0.0,0.0,0.0,0.0,0.0,0.02503340968747651,1.0184251070022583,publication,33.850300788879395,68.75398182868958,0.8652492942109414,0.9424404464821069,10000,0.08994971456444767,1.0896422730966202,0.5946784853898041,65.82116914273938,115,0.9424404464821069,636.2940360190745,meta_train_support,0,MARGO-SPLIT-v1,20,20,80,3,116,0.0,0.2,20,10,0.0005,0.0005,mrlco_first_order_mean_pseudogradient,fixed_literature_derived_defaults,,,,,,
609.8696032843862,0.0,0.0,0.0,0.0,0.0,0.025731356881860408,0.99134761095047,publication,34.52947926521301,68.89078664779663,0.866567017689358,0.9427310623979219,10000,0.09419922292121333,1.0812783929932934,0.541252235528389,74.25727586572255,116,0.9427310623979219,619.4339836151995,meta_train_support,0,MARGO-SPLIT-v1,20,20,80,3,117,0.0,0.2,20,10,0.0005,0.0005,mrlco_first_order_mean_pseudogradient,fixed_literature_derived_defaults,,,,,,
636.2397971283913,0.0,0.0,0.0,0.0,0.0,0.029840225353870983,0.9840660095214844,publication,33.74550986289978,70.47587156295776,0.8342756859835928,0.9089856553467014,10000,0.09694061873554148,1.086579404115751,0.05507303533938057,85.97625079840535,117,0.9089856553467014,714.5717035142272,meta_train_support,0,MARGO-SPLIT-v1,20,20,80,3,118,0.0,0.2,20,10,0.0005,0.0005,mrlco_first_order_mean_pseudogradient,fixed_literature_derived_defaults,,,,,,
611.2388333680018,0.0,0.0,0.0,0.0,0.0,0.024773108719946545,1.0459874868392944,publication,33.26508140563965,69.02666473388672,0.8659229458564424,0.9448945339891408,10000,0.08565846963535674,1.0827167404143352,0.4485606565469549,77.96681287836462,118,0.9448945339891408,619.7922053404385,meta_train_support,0,MARGO-SPLIT-v1,20,20,80,3,119,0.0,0.2,20,10,0.0005,0.0005,mrlco_first_order_mean_pseudogradient,fixed_literature_derived_defaults,,,,,,
587.3677328283991,0.0,0.0,0.0,0.0,0.0,0.022529097254605508,1.043639898300171,publication,32.333807706832886,66.78161454200745,0.873206557106402,0.951202968632513,10000,0.08571379257395685,1.0941469446163417,0.5777985089199417,70.6175594448337,119,0.951202968632513,595.2884022562475,meta_train_support,0,MARGO-SPLIT-v1,20,20,80,3,120,0.0,0.2,20,10,0.0005,0.0005,mrlco_first_order_mean_pseudogradient,fixed_literature_derived_defaults,,,,,,
613.8012203665733,0.0,0.0,0.0,0.0,0.0,0.022522348538304537,1.051315426826477,publication,34.990787982940674,69.18454933166504,0.8534294345033177,0.9292780824592228,10000,0.09603626098793151,1.0700036746145594,0.5081543244932837,80.9692392433851,120,0.9292780824592229,655.2774508743028,meta_train_support,0,MARGO-SPLIT-v1,20,20,80,3,121,0.0,0.2,20,10,0.0005,0.0005,mrlco_first_order_mean_pseudogradient,fixed_literature_derived_defaults,,,,,,
608.3542729327339,0.0,0.0,0.0,0.0,0.0,0.018625102797641895,1.0244754552841187,publication,34.1445415019989,68.8270947933197,0.8750691660403894,0.9547155701413034,10000,0.07138228525991588,1.0694930158525962,0.6632854016671743,67.0633747515254,121,0.9547155701413034,613.5877427746651,meta_train_support,0,MARGO-SPLIT-v1,20,20,80,3,122,0.0,0.2,20,10,0.0005,0.0005,mrlco_first_order_mean_pseudogradient,fixed_literature_derived_defaults,,,,,,
615.8743729006086,0.0,0.0,0.0,0.0,0.0,0.017665268912249336,1.0379104614257812,publication,34.85168528556824,71.26798820495605,0.8659295856619765,0.9448840663071464,10000,0.09093607062661412,1.0827167404143352,0.5507462781950156,67.26225651834068,122,0.9448840663071464,644.0360525471237,meta_train_support,0,MARGO-SPLIT-v1,20,20,80,3,123,0.0,0.2,20,10,0.0005,0.0005,mrlco_first_order_mean_pseudogradient,fixed_literature_derived_defaults,,,,,,
613.5091021965707,0.0,0.0,0.0,0.0,0.0,0.017118873204752857,1.0252920389175415,publication,35.59461450576782,69.69625973701477,0.8632108007603001,0.941552083373041,10000,0.0904390650849847,1.0827167404143352,0.49815443693988093,74.11095624720981,123,0.941552083373041,641.3008945240429,meta_train_support,0,MARGO-SPLIT-v1,20,20,80,3,124,0.0,0.2,20,10,0.0005,0.0005,mrlco_first_order_mean_pseudogradient,fixed_literature_derived_defaults,,,,,,
609.3268856763023,0.0,0.0,0.0,0.0,0.0,0.01788882555366442,1.0376787185668945,publication,34.470627784729004,69.34045720100403,0.8684897125193369,0.9456005988763322,10000,0.08964412243332619,1.0941469446163417,0.6326717765638866,62.454657529366195,124,0.9456005988763322,633.8599771472577,meta_train_support,0,MARGO-SPLIT-v1,20,20,80,3,125,0.0,0.2,20,10,0.0005,0.0005,mrlco_first_order_mean_pseudogradient,fixed_literature_derived_defaults,,,,,,
605.0793720455852,0.0,0.0,0.0,0.0,0.0,0.01624940592511911,1.0577718019485474,publication,31.113925218582153,69.02419304847717,0.882600418626686,0.9622177694742293,10000,0.08220498635900071,1.0941469446163417,0.6476521349526871,55.88649698343108,125,0.9622177694742293,588.5623168985123,meta_train_support,0,MARGO-SPLIT-v1,20,20,80,3,126,0.0,0.2,20,10,0.0005,0.0005,mrlco_first_order_mean_pseudogradient,fixed_literature_derived_defaults,,,,,,
590.4636995681354,0.0,0.0,0.0,0.0,0.0,0.013835191141821844,1.030887484550476,publication,34.383158922195435,69.74487829208374,0.8829277638881109,0.9631709951064791,10000,0.08224665454338684,1.0941469446163417,0.49157690796480336,59.189426951609974,126,0.9631709951064791,554.6976080985123,meta_train_support,0,MARGO-SPLIT-v1,20,20,80,3,127,0.0,0.2,20,10,0.0005,0.0005,mrlco_first_order_mean_pseudogradient,fixed_literature_derived_defaults,,,,,,
610.1292321139064,0.0,0.0,0.0,0.0,0.0,0.013794287003543118,1.0445064306259155,publication,33.83510684967041,70.71611142158508,0.874041901923717,0.9539153174860965,10000,0.07298604442337826,1.0859245074445334,0.700429046293053,62.140897258841164,127,0.9539153174860965,618.6952945434216,meta_train_support,0,MARGO-SPLIT-v1,20,20,80,3,128,0.0,0.2,20,10,0.0005,0.0005,mrlco_first_order_mean_pseudogradient,fixed_literature_derived_defaults,,,,,,
605.9836378063475,0.0,0.0,0.0,0.0,0.0,0.013329287440704291,0.9724656939506531,publication,34.65224266052246,70.14418840408325,0.8619182013571042,0.9406962273373385,10000,0.08822808608098984,1.0703377335940178,0.5607115375507594,66.52012795028975,128,0.9406962273373385,664.3874705178138,meta_train_support,0,MARGO-SPLIT-v1,20,20,80,3,129,0.0,0.2,20,10,0.0005,0.0005,mrlco_first_order_mean_pseudogradient,fixed_literature_derived_defaults,,,,,,
600.3576359473092,0.0,0.0,0.0,0.0,0.0,0.012459903440467681,0.9772055149078369,publication,30.99112057685852,67.69450879096985,0.8704854271169288,0.9476470956816611,10000,0.08353317311204257,1.0777463278934072,0.36332850900679037,61.59733939347873,129,0.947647095681661,616.515019184806,meta_train_support,0,MARGO-SPLIT-v1,20,20,80,3,130,0.0,0.2,20,10,0.0005,0.0005,mrlco_first_order_mean_pseudogradient,fixed_literature_derived_defaults,,,,,,
602.9950512143134,0.0,0.0,0.0,0.0,0.0,0.011418235101786852,0.9986042380332947,publication,33.153156042099,68.25505876541138,0.8801660629254675,0.9589163278442405,10000,0.07658718801543718,1.0811467714495175,0.6472078771042221,56.17144671846925,130,0.9589163278442405,600.2039845922252,meta_train_support,0,MARGO-SPLIT-v1,20,20,80,3,131,0.0,0.2,20,10,0.0005,0.0005,mrlco_first_order_mean_pseudogradient,fixed_literature_derived_defaults,,,,,,
616.5712744361742,0.0,0.0,0.0,0.0,0.0,0.011250042326098537,1.0557266473770142,publication,35.2871572971344,68.98347425460815,0.8691516690499573,0.9486034605887388,10000,0.0794704991536843,1.0715482848323281,0.6254638580422996,62.221395971064595,131,0.9486034605887388,641.6344697416074,meta_train_support,0,MARGO-SPLIT-v1,20,20,80,3,132,0.0,0.2,20,10,0.0005,0.0005,mrlco_first_order_mean_pseudogradient,fixed_literature_derived_defaults,,,,,,
643.865541170924,0.0,0.0,0.0,0.0,0.0,0.012549616119751436,1.086471438407898,publication,33.041197538375854,70.4338731765747,0.842031439192333,0.9178964282833002,10000,0.08641886518796825,1.0870716329564,0.6350703682763716,74.33927855487975,132,0.9178964282833002,707.6875972739806,meta_train_support,0,MARGO-SPLIT-v1,20,20,80,3,133,0.0,0.2,20,10,0.0005,0.0005,mrlco_first_order_mean_pseudogradient,fixed_literature_derived_defaults,,,,,,
605.2735970924923,0.0,0.0,0.0,0.0,0.0,0.010597803909819384,1.0509874820709229,publication,35.99067187309265,68.95731496810913,0.8780400204503661,0.9586748277413392,10000,0.07885525148582646,1.1035767700017376,0.6245757038391653,59.94710499136332,133,0.9586748277413389,593.9580642987428,meta_train_support,0,MARGO-SPLIT-v1,20,20,80,3,134,0.0,0.2,20,10,0.0005,0.0005,mrlco_first_order_mean_pseudogradient,fixed_literature_derived_defaults,,,,,,
607.0248130679947,0.0,0.0,0.0,0.0,0.0,0.012229999914008772,1.0236592292785645,publication,34.88195323944092,68.36329960823059,0.8695181844942635,0.9476156884827768,10000,0.08596634631435257,1.0812783929932934,0.6416629780139997,62.141630933219915,134,0.9476156884827768,620.5360037166133,meta_train_support,0,MARGO-SPLIT-v1,20,20,80,3,135,0.0,0.2,20,10,0.0005,0.0005,mrlco_first_order_mean_pseudogradient,fixed_literature_derived_defaults,,,,,,
628.1721693165507,0.0,0.0,0.0,0.0,0.0,0.013909908484839143,1.0039011240005493,publication,34.5081422328949,68.9854028224945,0.8505820381875585,0.9272030043476188,10000,0.09234569415260133,1.1035767700017376,0.6265397637908608,68.51966967016864,135,0.9272030043476188,694.4246821196951,meta_train_support,0,MARGO-SPLIT-v1,20,20,80,3,136,0.0,0.2,20,10,0.0005,0.0005,mrlco_first_order_mean_pseudogradient,fixed_literature_derived_defaults,,,,,,
612.7165585407394,0.0,0.0,0.0,0.0,0.0,0.01406974994756618,1.000118374824524,publication,34.79311943054199,69.87814593315125,0.8586301590165818,0.935131474696658,10000,0.09633422300037918,1.0941469446163417,0.6131722626009564,70.23335870422238,136,0.935131474696658,659.4680951925222,meta_train_support,0,MARGO-SPLIT-v1,20,20,80,3,137,0.0,0.2,20,10,0.0005,0.0005,mrlco_first_order_mean_pseudogradient,fixed_literature_derived_defaults,,,,,,
627.9561715879032,0.0,0.0,0.0,0.0,0.0,0.01526557239772845,0.9593406915664673,publication,35.74561357498169,72.4168758392334,0.8521269418457142,0.9297777180816811,10000,0.07850491055032885,1.0616356726640896,0.6042319347765048,72.0539175215223,137,0.9297777180816809,695.8848364892877,meta_train_support,0,MARGO-SPLIT-v1,20,20,80,3,138,0.0,0.2,20,10,0.0005,0.0005,mrlco_first_order_mean_pseudogradient,fixed_literature_derived_defaults,,,,,,
610.2033067926543,0.0,0.0,0.0,0.0,0.0,0.014639751860760119,1.0342087745666504,publication,35.14368987083435,71.5782253742218,0.8819742448772351,0.9628510411428217,10000,0.07012262430073776,1.0827167404143352,0.6996219011171066,56.909095501862886,138,0.9628510411428217,605.1240285754573,meta_train_support,0,MARGO-SPLIT-v1,20,20,80,3,139,0.0,0.2,20,10,0.0005,0.0005,mrlco_first_order_mean_pseudogradient,fixed_literature_derived_defaults,,,,,,
608.2021219882965,0.0,0.0,0.0,0.0,0.0,0.015620756411792338,1.0467267036437988,publication,33.66910362243652,72.6242368221283,0.8713861158868789,0.9486581508146766,10000,0.0886499305144329,1.0941469446163417,0.6255785338453406,64.4620367035687,139,0.9486581508146766,623.996150846296,meta_train_support,0,MARGO-SPLIT-v1,20,20,80,3,140,0.0,0.2,20,10,0.0005,0.0005,mrlco_first_order_mean_pseudogradient,fixed_literature_derived_defaults,,,,,,
626.9257377568108,0.0,0.0,0.0,0.0,0.0,0.015719129520460517,1.0538171529769897,publication,33.81977891921997,72.02994394302368,0.8579693577351741,0.935541182177304,10000,0.08695184384827935,1.083719008968831,0.6389019618194691,70.89165572262046,140,0.935541182177304,666.6234300919969,meta_train_support,0,MARGO-SPLIT-v1,20,20,80,3,141,0.0,0.2,20,10,0.0005,0.0005,mrlco_first_order_mean_pseudogradient,fixed_literature_derived_defaults,,,,,,
607.9056998725346,0.0,0.0,0.0,0.0,0.0,0.01516556611532269,1.042931318283081,publication,33.126185178756714,69.82942795753479,0.8704899220507919,0.9483664300015237,10000,0.07844128474006239,1.078007433305869,0.6998811716254436,61.450307126094934,141,0.9483664300015237,625.7658391761724,meta_train_support,0,MARGO-SPLIT-v1,20,20,80,3,142,0.0,0.2,20,10,0.0005,0.0005,mrlco_first_order_mean_pseudogradient,fixed_literature_derived_defaults,,,,,,
613.8897603118214,0.0,0.0,0.0,0.0,0.0,0.014847336734310101,0.9931628108024597,publication,30.586732387542725,69.45184421539307,0.8656775904854891,0.9446813573302943,10000,0.08995024677538425,1.1035767700017376,0.5875970431094371,65.45354684316598,142,0.9446813573302943,624.0919280658286,meta_train_support,0,MARGO-SPLIT-v1,20,20,80,3,143,0.0,0.2,20,10,0.0005,0.0005,mrlco_first_order_mean_pseudogradient,fixed_literature_derived_defaults,,,,,,
596.5325412389074,0.0,0.0,0.0,0.0,0.0,0.014530858359222533,1.0089466571807861,publication,31.41529631614685,68.57600808143616,0.8743116432900486,0.9514260844167584,10000,0.08799494237928958,1.0811467714495175,0.6282930386562003,61.244257379960466,143,0.9514260844167584,602.3230259082998,meta_train_support,0,MARGO-SPLIT-v1,20,20,80,3,144,0.0,0.2,20,10,0.0005,0.0005,mrlco_first_order_mean_pseudogradient,fixed_literature_derived_defaults,,,,,,
621.2663812090739,0.0,0.0,0.0,0.0,0.0,0.0162088447622704,1.0002299547195435,publication,34.576045751571655,69.33832836151123,0.8551840736640628,0.9309772037431998,10000,0.09284910424794568,1.1035767700017376,0.6205661085969026,75.06506797957067,144,0.9309772037431998,677.1763818560246,meta_train_support,0,MARGO-SPLIT-v1,20,20,80,3,145,0.0,0.2,20,10,0.0005,0.0005,mrlco_first_order_mean_pseudogradient,fixed_literature_derived_defaults,,,,,,
606.026770670196,0.0,0.0,0.0,0.0,0.0,0.01633160191592667,1.0838463306427002,publication,32.709476709365845,69.37999033927917,0.8663054653321491,0.9458374593050339,10000,0.08372908032077195,1.0777463278934072,0.6667395805797545,66.88253263847989,145,0.9458374593050339,612.17319298666,meta_train_support,0,MARGO-SPLIT-v1,20,20,80,3,146,0.0,0.2,20,10,0.0005,0.0005,mrlco_first_order_mean_pseudogradient,fixed_literature_derived_defaults,,,,,,
613.6103419111524,0.0,0.0,0.0,0.0,0.0,0.019074238711382644,1.1247363090515137,publication,34.56898474693298,68.80665731430054,0.8608556695370858,0.9393808594754406,10000,0.09071575097383998,1.1035767700017376,0.49905246418193305,75.11439383652753,146,0.9393808594754406,655.2694418474865,meta_train_support,0,MARGO-SPLIT-v1,20,20,80,3,147,0.0,0.2,20,10,0.0005,0.0005,mrlco_first_order_mean_pseudogradient,fixed_literature_derived_defaults,,,,,,
605.380458361285,0.0,0.0,0.0,0.0,0.0,0.02153076042543157,1.1266560554504395,publication,34.49023246765137,69.35696005821228,0.8715425592508289,0.94980599568156,10000,0.07692282456173564,1.0811467714495175,0.655696475316688,62.535994218154634,147,0.94980599568156,607.7722239057064,meta_train_support,0,MARGO-SPLIT-v1,20,20,80,3,148,0.0,0.2,20,10,0.0005,0.0005,mrlco_first_order_mean_pseudogradient,fixed_literature_derived_defaults,,,,,,
599.1959063969886,0.0,0.0,0.0,0.0,0.0,0.020669725477144584,1.1419163942337036,publication,33.94778752326965,69.48227143287659,0.8847873864300724,0.9644139384964238,10000,0.07967841847106893,1.0827167404143352,0.5483390611824852,57.33308628231659,148,0.9644139384964238,569.2141223523453,meta_train_support,0,MARGO-SPLIT-v1,20,20,80,3,149,0.0,0.2,20,10,0.0005,0.0005,mrlco_first_order_mean_pseudogradient,fixed_literature_derived_defaults,,,,,,
622.1837231839725,0.0,0.0,0.0,0.0,0.0,0.02267969080022518,1.0282396078109741,publication,34.09444856643677,69.61589479446411,0.8524625615762429,0.9281667816568583,10000,0.08485066776933949,1.0811467714495175,0.6958648377321753,69.81130042824255,149,0.9281667816568583,704.5791894853592,meta_train_support,0,MARGO-SPLIT-v1,20,20,80,3,150,0.0,0.2,20,10,0.0005,0.0005,mrlco_first_order_mean_pseudogradient,fixed_literature_derived_defaults,,,,,,
614.1040912375314,0.0,0.0,0.0,0.0,0.0,0.01746493618231856,1.0288949012756348,publication,34.92690181732178,71.02190327644348,0.8714961690072767,0.9506745413523122,10000,0.08930392674342569,1.0941469446163417,0.6230937737729795,60.34384807694222,150,0.9506745413523122,619.5856425040314,meta_train_support,0,MARGO-SPLIT-v1,20,20,80,3,151,0.0,0.2,20,10,0.0005,0.0005,mrlco_first_order_mean_pseudogradient,fixed_literature_derived_defaults,0.9538700913289455,0.953259778797943,630.3172111708435,629.9886652562278,validation_query_composite_objective,1
609.2411621239116,0.0,0.0,0.0,0.0,0.0,0.013838940617482342,1.0291332006454468,publication,27.480417728424072,69.37288117408752,0.8645352754029096,0.94434252011574,10000,0.08445437595576735,1.0811467714495175,0.6288193854434386,64.38454918361685,151,0.94434252011574,625.5860680950287,meta_train_support,0,MARGO-SPLIT-v1,20,20,80,3,152,0.0,0.2,20,10,0.0005,0.0005,mrlco_first_order_mean_pseudogradient,fixed_literature_derived_defaults,,,,,,
627.6294517084667,0.0,0.0,0.0,0.0,0.0,0.011228524657876887,1.0184687376022339,publication,30.5042507648468,70.80644035339355,0.8504063784672511,0.9283442671578774,10000,0.0939097310662008,1.0870716329564,0.6255785338453406,69.99773186417552,152,0.9283442671578774,686.5143218819454,meta_train_support,0,MARGO-SPLIT-v1,20,20,80,3,153,0.0,0.2,20,10,0.0005,0.0005,mrlco_first_order_mean_pseudogradient,fixed_literature_derived_defaults,,,,,,
608.5737048308645,0.0,0.0,0.0,0.0,0.0,0.008408306912238076,1.0294181108474731,publication,26.241636276245117,69.11221957206726,0.8752820410253899,0.9534449102830229,10000,0.08357752215409966,1.086579404115751,0.6092474611512575,59.812292957223846,153,0.9534449102830229,609.777578143079,meta_train_support,0,MARGO-SPLIT-v1,20,20,80,3,154,0.0,0.2,20,10,0.0005,0.0005,mrlco_first_order_mean_pseudogradient,fixed_literature_derived_defaults,,,,,,
599.1121717175755,0.0,0.0,0.0,0.0,0.0,0.007493301335106859,1.0719330310821533,publication,34.99064755439758,69.36327052116394,0.8820127259947742,0.9614258544980417,10000,0.08324684366331367,1.0870716329564,0.6899127472858004,56.377876798428126,154,0.9614258544980417,601.4850687073258,meta_train_support,0,MARGO-SPLIT-v1,20,20,80,3,155,0.0,0.2,20,10,0.0005,0.0005,mrlco_first_order_mean_pseudogradient,fixed_literature_derived_defaults,,,,,,
596.079923252024,0.0,0.0,0.0,0.0,0.0,0.006749257566845332,1.1040476560592651,publication,33.1665985584259,69.43800115585327,0.886189798741481,0.9678929734895549,10000,0.07567632802568103,1.0822258512803418,0.6639947475157802,50.80387748398078,155,0.9678929734895549,568.4280557732092,meta_train_support,0,MARGO-SPLIT-v1,20,20,80,3,156,0.0,0.2,20,10,0.0005,0.0005,mrlco_first_order_mean_pseudogradient,fixed_literature_derived_defaults,,,,,,
612.7337415135112,0.0,0.0,0.0,0.0,0.0,0.006819346291507321,1.111005187034607,publication,34.58249235153198,68.69165325164795,0.8670348153504216,0.9433545783487445,10000,0.08668434676542688,1.0822258512803418,0.6663360274978606,61.62616712890179,156,0.9433545783487445,643.8541672618553,meta_train_support,0,MARGO-SPLIT-v1,20,20,80,3,157,0.0,0.2,20,10,0.0005,0.0005,mrlco_first_order_mean_pseudogradient,fixed_literature_derived_defaults,,,,,,
610.1327797016553,0.0,0.0,0.0,0.0,0.0,0.006371178940436306,1.0723892450332642,publication,34.40037178993225,68.83523559570312,0.8711957120778651,0.9489592809847042,10000,0.09074836612352699,1.0941469446163417,0.6115623313252313,58.11898641388833,157,0.9489592809847042,621.71824930933,meta_train_support,0,MARGO-SPLIT-v1,20,20,80,3,158,0.0,0.2,20,10,0.0005,0.0005,mrlco_first_order_mean_pseudogradient,fixed_literature_derived_defaults,,,,,,
605.498963107586,0.0,0.0,0.0,0.0,0.0,0.005948635100231293,1.0248830318450928,publication,34.23841571807861,68.65174126625061,0.8786475027802526,0.9585214672038137,10000,0.07723626737032308,1.086579404115751,0.6060136577773624,55.265286142140745,158,0.9585214672038137,597.8835642351859,meta_train_support,0,MARGO-SPLIT-v1,20,20,80,3,159,0.0,0.2,20,10,0.0005,0.0005,mrlco_first_order_mean_pseudogradient,fixed_literature_derived_defaults,,,,,,
613.8281238473346,0.0,0.0,0.0,0.0,0.0,0.006494964274389472,0.9823744297027588,publication,34.449424028396606,70.05832147598267,0.8685461255900907,0.9478055859422339,10000,0.08476302202033165,1.0812783929932934,0.6147460541309389,57.97387561792445,159,0.9478055859422336,613.8127691735581,meta_train_support,0,MARGO-SPLIT-v1,20,20,80,3,160,0.0,0.2,20,10,0.0005,0.0005,mrlco_first_order_mean_pseudogradient,fixed_literature_derived_defaults,,,,,,
603.3464869668824,0.0,0.0,0.0,0.0,0.0,0.006444078742854205,0.9720420837402344,publication,32.02453064918518,67.88875889778137,0.8708645786863508,0.9488706813485455,10000,0.09055329881950404,1.078007433305869,0.6440801345700761,59.7206069045916,160,0.9488706813485455,633.8507316185842,meta_train_support,0,MARGO-SPLIT-v1,20,20,80,3,161,0.0,0.2,20,10,0.0005,0.0005,mrlco_first_order_mean_pseudogradient,fixed_literature_derived_defaults,,,,,,
605.4509548881531,0.0,0.0,0.0,0.0,0.0,0.006358516310512231,1.0059139728546143,publication,32.33579921722412,68.72894096374512,0.8836163939928896,0.9641528807624276,10000,0.07814006713493811,1.0787125489450702,0.6362983799406166,54.640643074022734,161,0.9641528807624276,596.5353690026733,meta_train_support,0,MARGO-SPLIT-v1,20,20,80,3,162,0.0,0.2,20,10,0.0005,0.0005,mrlco_first_order_mean_pseudogradient,fixed_literature_derived_defaults,,,,,,
612.8259348043306,0.0,0.0,0.0,0.0,0.0,0.006834937920839809,0.9927080869674683,publication,33.185970067977905,69.36807608604431,0.8690093705131466,0.9491510475320046,10000,0.08683637509940342,1.0827167404143352,0.6806411915834875,57.9241955315191,162,0.9491510475320046,629.4589368452113,meta_train_support,0,MARGO-SPLIT-v1,20,20,80,3,163,0.0,0.2,20,10,0.0005,0.0005,mrlco_first_order_mean_pseudogradient,fixed_literature_derived_defaults,,,,,,
608.5262968701771,0.0,0.0,0.0,0.0,0.0,0.007087572591540206,1.0498343706130981,publication,34.36913204193115,69.81098747253418,0.867796597833664,0.9472310978636417,10000,0.08092363845009774,1.0683936486693157,0.6024816183261772,59.78450639357295,163,0.9472310978636417,634.7746583219761,meta_train_support,0,MARGO-SPLIT-v1,20,20,80,3,164,0.0,0.2,20,10,0.0005,0.0005,mrlco_first_order_mean_pseudogradient,fixed_literature_derived_defaults,,,,,,
621.1481966086251,0.0,0.0,0.0,0.0,0.0,0.007836343229802648,1.0707786083221436,publication,34.260716915130615,68.36077380180359,0.867513456617878,0.9442532195333868,10000,0.08188449820811784,1.0812783929932934,0.6440801345700761,63.5695788825253,164,0.9442532195333868,657.7672431201865,meta_train_support,0,MARGO-SPLIT-v1,20,20,80,3,165,0.0,0.2,20,10,0.0005,0.0005,mrlco_first_order_mean_pseudogradient,fixed_literature_derived_defaults,,,,,,
603.5720256858144,0.0,0.0,0.0,0.0,0.0,0.0077048927080681845,1.0529199838638306,publication,35.41482186317444,69.89678955078125,0.879832159378416,0.9605421763502616,10000,0.0832469780106605,1.0896422730966202,0.6208214327132386,54.54338452682708,165,0.9605421763502616,579.7836403453118,meta_train_support,0,MARGO-SPLIT-v1,20,20,80,3,166,0.0,0.2,20,10,0.0005,0.0005,mrlco_first_order_mean_pseudogradient,fixed_literature_derived_defaults,,,,,,
622.4881245481901,0.0,0.0,0.0,0.0,0.0,0.009461565358910138,1.0259567499160767,publication,36.7026207447052,70.7381694316864,0.8486750698201521,0.9250091268435634,10000,0.08750326242775802,1.07067119447014,0.6426812737919774,67.38314548032157,166,0.9250091268435635,695.1353053278759,meta_train_support,0,MARGO-SPLIT-v1,20,20,80,3,167,0.0,0.2,20,10,0.0005,0.0005,mrlco_first_order_mean_pseudogradient,fixed_literature_derived_defaults,,,,,,
607.3334895290511,0.0,0.0,0.0,0.0,0.0,0.009867644188142793,1.0420352220535278,publication,34.925142765045166,68.42612314224243,0.8695300931905607,0.9464513239670969,10000,0.08894702647884305,1.0827167404143352,0.6494655387789185,65.53396142054766,167,0.9464513239670969,642.439042496278,meta_train_support,0,MARGO-SPLIT-v1,20,20,80,3,168,0.0,0.2,20,10,0.0005,0.0005,mrlco_first_order_mean_pseudogradient,fixed_literature_derived_defaults,,,,,,
628.6121766523088,0.0,0.0,0.0,0.0,0.0,0.011391368811697123,1.0340685844421387,publication,35.08127450942993,69.48070287704468,0.8542093567068741,0.9325102612333088,10000,0.08736915109534023,1.0896422730966202,0.6182380569013877,76.1496160967762,168,0.9325102612333088,676.5581035342394,meta_train_support,0,MARGO-SPLIT-v1,20,20,80,3,169,0.0,0.2,20,10,0.0005,0.0005,mrlco_first_order_mean_pseudogradient,fixed_literature_derived_defaults,,,,,,
608.9759090321813,0.0,0.0,0.0,0.0,0.0,0.012702416008717545,1.1048628091812134,publication,34.766541481018066,69.4249038696289,0.8710216563038653,0.9494763648418644,10000,0.07812938188420887,1.1035767700017376,0.6230934893448169,62.58078959994627,169,0.9494763648418644,624.6849912376989,meta_train_support,0,MARGO-SPLIT-v1,20,20,80,3,170,0.0,0.2,20,10,0.0005,0.0005,mrlco_first_order_mean_pseudogradient,fixed_literature_derived_defaults,,,,,,
609.6461970859935,0.0,0.0,0.0,0.0,0.0,0.01533062878162688,1.055454134941101,publication,34.63860607147217,67.63809990882874,0.8601603567888378,0.9354695674650008,10000,0.0981058571846316,1.1035767700017376,0.5388253731130046,87.75809572695564,170,0.9354695674650008,637.767185499314,meta_train_support,0,MARGO-SPLIT-v1,20,20,80,3,171,0.0,0.2,20,10,0.0005,0.0005,mrlco_first_order_mean_pseudogradient,fixed_literature_derived_defaults,,,,,,
599.9998925054415,0.0,0.0,0.0,0.0,0.0,0.019214623017343092,1.042435884475708,publication,34.276063203811646,70.53298354148865,0.8689975409960522,0.9467028971055402,10000,0.08661383335202785,1.083719008968831,0.6460931015907584,67.36412826650407,171,0.9467028971055402,613.2560444865336,meta_train_support,0,MARGO-SPLIT-v1,20,20,80,3,172,0.0,0.2,20,10,0.0005,0.0005,mrlco_first_order_mean_pseudogradient,fixed_literature_derived_defaults,,,,,,
621.6760041712353,0.0,0.0,0.0,0.0,0.0,0.02233619646473994,1.048903226852417,publication,34.78945994377136,70.89804077148438,0.8553074502389447,0.9311026292857174,10000,0.08661505199983849,1.0683936486693157,0.5986325366032992,88.93870580858422,172,0.9311026292857174,662.1440750673158,meta_train_support,0,MARGO-SPLIT-v1,20,20,80,3,173,0.0,0.2,20,10,0.0005,0.0005,mrlco_first_order_mean_pseudogradient,fixed_literature_derived_defaults,,,,,,
622.2703727711541,0.0,0.0,0.0,0.0,0.0,0.0250363940599161,1.0560307502746582,publication,34.82632780075073,69.73122215270996,0.8532767004732151,0.9307894097608002,10000,0.0963926953477377,1.0812783929932934,0.593127602291901,84.07040088040253,173,0.9307894097608002,651.9783567733436,meta_train_support,0,MARGO-SPLIT-v1,20,20,80,3,174,0.0,0.2,20,10,0.0005,0.0005,mrlco_first_order_mean_pseudogradient,fixed_literature_derived_defaults,,,,,,
606.2883035981041,0.0,0.0,0.0,0.0,0.0,0.025299514967670217,1.0733662843704224,publication,34.120755672454834,69.45644927024841,0.8672806518022997,0.9448742448377978,10000,0.0946523707182672,1.1035767700017376,0.5309554338663788,72.99350044089694,174,0.9448742448377978,617.6100603711715,meta_train_support,0,MARGO-SPLIT-v1,20,20,80,3,175,0.0,0.2,20,10,0.0005,0.0005,mrlco_first_order_mean_pseudogradient,fixed_literature_derived_defaults,,,,,,
602.1332803175244,0.0,0.0,0.0,0.0,0.0,0.023094058203929662,1.0367480516433716,publication,34.79917311668396,70.97339534759521,0.8658733958641482,0.9437758395434874,10000,0.09858742046074097,1.0822258512803418,0.48808126019507025,71.00549941350026,175,0.9437758395434874,614.0130513251073,meta_train_support,0,MARGO-SPLIT-v1,20,20,80,3,176,0.0,0.2,20,10,0.0005,0.0005,mrlco_first_order_mean_pseudogradient,fixed_literature_derived_defaults,,,,,,
600.4158781288828,0.0,0.0,0.0,0.0,0.0,0.018104124280222123,1.0257128477096558,publication,33.5375862121582,69.08646726608276,0.8678036689057581,0.9457501087723764,10000,0.08727204438509815,1.0941469446163417,0.6713421778413837,71.23727631332932,176,0.9457501087723764,634.3296007820537,meta_train_support,0,MARGO-SPLIT-v1,20,20,80,3,177,0.0,0.2,20,10,0.0005,0.0005,mrlco_first_order_mean_pseudogradient,fixed_literature_derived_defaults,,,,,,
631.5703788707461,0.0,0.0,0.0,0.0,0.0,0.0144885809448124,1.012604832649231,publication,35.03727912902832,69.88526201248169,0.8456424988948341,0.9227687684621863,10000,0.08699020862030363,1.0787125489450702,0.5864987975020992,83.1824657060319,177,0.9227687684621863,672.4952037238093,meta_train_support,0,MARGO-SPLIT-v1,20,20,80,3,178,0.0,0.2,20,10,0.0005,0.0005,mrlco_first_order_mean_pseudogradient,fixed_literature_derived_defaults,,,,,,
623.4391009196962,0.0,0.0,0.0,0.0,0.0,0.011596368545212734,1.049060344696045,publication,33.45006203651428,69.58084058761597,0.8550531032451497,0.9325510949151794,10000,0.09125370444551921,1.0870716329564,0.6299365895081598,75.02069969869146,178,0.9325510949151794,650.9431089112092,meta_train_support,0,MARGO-SPLIT-v1,20,20,80,3,179,0.0,0.2,20,10,0.0005,0.0005,mrlco_first_order_mean_pseudogradient,fixed_literature_derived_defaults,,,,,,
584.6596985921043,0.0,0.0,0.0,0.0,0.0,0.008720880969454371,1.0876870155334473,publication,35.71914887428284,73.63694286346436,0.888182432670979,0.9692186817795848,10000,0.07242950984419608,1.0822258512803418,0.6136017735106508,51.33414959158413,179,0.9692186817795848,544.4740848049341,meta_train_support,0,MARGO-SPLIT-v1,20,20,80,3,180,0.0,0.2,20,10,0.0005,0.0005,mrlco_first_order_mean_pseudogradient,fixed_literature_derived_defaults,,,,,,
602.0741055160659,0.0,0.0,0.0,0.0,0.0,0.007491549092039209,1.052127480506897,publication,32.76647734642029,68.91649103164673,0.8836580489088915,0.9623423153817247,10000,0.0746147884881645,1.0812783929932934,0.6203747955219915,55.051193291957524,180,0.9623423153817247,591.9958345144748,meta_train_support,0,MARGO-SPLIT-v1,20,20,80,3,181,0.0,0.2,20,10,0.0005,0.0005,mrlco_first_order_mean_pseudogradient,fixed_literature_derived_defaults,,,,,,
608.3006204601288,0.0,0.0,0.0,0.0,0.0,0.006463908911505404,1.0425375699996948,publication,32.27895426750183,67.36783051490784,0.8669610862233962,0.943784452095823,10000,0.09377999814163182,1.07067119447014,0.6540123020019223,59.77076480290261,181,0.943784452095823,643.2968222094904,meta_train_support,0,MARGO-SPLIT-v1,20,20,80,3,182,0.0,0.2,20,10,0.0005,0.0005,mrlco_first_order_mean_pseudogradient,fixed_literature_derived_defaults,,,,,,
615.0461300274713,0.0,0.0,0.0,0.0,0.0,0.004339425266849199,1.0089398622512817,publication,33.56426525115967,69.56256914138794,0.879088299240771,0.9589997952509438,10000,0.07625466260724353,1.0896422730966202,0.6707441323996358,55.76359000375775,182,0.9589997952509438,600.6406634586101,meta_train_support,0,MARGO-SPLIT-v1,20,20,80,3,183,0.0,0.2,20,10,0.0005,0.0005,mrlco_first_order_mean_pseudogradient,fixed_literature_derived_defaults,,,,,,
609.2154377267566,0.0,0.0,0.0,0.0,0.0,0.003494232593346976,0.9271277785301208,publication,34.62401461601257,69.66816544532776,0.8796361207393396,0.9580268504451749,10000,0.08640320937724792,1.086579404115751,0.6417330531807528,56.36893896593649,183,0.9580268504451749,607.5311824210263,meta_train_support,0,MARGO-SPLIT-v1,20,20,80,3,184,0.0,0.2,20,10,0.0005,0.0005,mrlco_first_order_mean_pseudogradient,fixed_literature_derived_defaults,,,,,,
602.709423823452,0.0,0.0,0.0,0.0,0.0,0.003009635794346541,0.8899235129356384,publication,35.0481116771698,70.34022760391235,0.8736769993884582,0.9540149284141131,10000,0.08679475555055194,1.0870716329564,0.5808589146894795,55.36776184462336,184,0.9540149284141131,611.9484158197403,meta_train_support,0,MARGO-SPLIT-v1,20,20,80,3,185,0.0,0.2,20,10,0.0005,0.0005,mrlco_first_order_mean_pseudogradient,fixed_literature_derived_defaults,,,,,,
641.9866119685854,0.0,0.0,0.0,0.0,0.0,0.003713326273566479,0.9368987083435059,publication,34.98742055892944,70.0881462097168,0.8398833155432484,0.9164867667488381,10000,0.0865431347747136,1.083719008968831,0.6421553350995316,72.62423061827496,185,0.9164867667488381,740.129925909778,meta_train_support,0,MARGO-SPLIT-v1,20,20,80,3,186,0.0,0.2,20,10,0.0005,0.0005,mrlco_first_order_mean_pseudogradient,fixed_literature_derived_defaults,,,,,,
615.680149568912,0.0,0.0,0.0,0.0,0.0,0.003582416491006042,1.0128417015075684,publication,33.73886179924011,69.7461006641388,0.8621063882177182,0.9380904339328306,10000,0.08829888384241147,1.0827167404143352,0.6468654794805127,65.5062082750169,186,0.9380904339328306,665.8688259610925,meta_train_support,0,MARGO-SPLIT-v1,20,20,80,3,187,0.0,0.2,20,10,0.0005,0.0005,mrlco_first_order_mean_pseudogradient,fixed_literature_derived_defaults,,,,,,
614.4474002171107,0.0,0.0,0.0,0.0,0.0,0.0036113082006713716,1.0388771295547485,publication,33.62849259376526,71.0253963470459,0.8706208191627135,0.9503262587860715,10000,0.08525891004031533,1.0812783929932934,0.6475375499539537,57.79834553956926,187,0.9503262587860715,624.0147853555557,meta_train_support,0,MARGO-SPLIT-v1,20,20,80,3,188,0.0,0.2,20,10,0.0005,0.0005,mrlco_first_order_mean_pseudogradient,fixed_literature_derived_defaults,,,,,,
601.3369666082382,0.0,0.0,0.0,0.0,0.0,0.0034823416809791614,1.0374197959899902,publication,34.411356687545776,69.49050688743591,0.8886077849212989,0.9696384155951137,10000,0.06962835696922712,1.1035767700017376,0.6759217390882962,52.5016426151874,188,0.9696384155951137,574.7069597036675,meta_train_support,0,MARGO-SPLIT-v1,20,20,80,3,189,0.0,0.2,20,10,0.0005,0.0005,mrlco_first_order_mean_pseudogradient,fixed_literature_derived_defaults,,,,,,
604.901693686785,0.0,0.0,0.0,0.0,0.0,0.00474335192889323,1.065520167350769,publication,33.54180932044983,68.45334506034851,0.8746340636281394,0.9534744377317025,10000,0.0828120931749296,1.086579404115751,0.6387511416667657,58.88984008101708,189,0.9534744377317025,616.5890964760944,meta_train_support,0,MARGO-SPLIT-v1,20,20,80,3,190,0.0,0.2,20,10,0.0005,0.0005,mrlco_first_order_mean_pseudogradient,fixed_literature_derived_defaults,,,,,,
618.7531294609888,0.0,0.0,0.0,0.0,0.0,0.005701859345882035,1.0290499925613403,publication,33.766677141189575,70.05369186401367,0.8700968977689642,0.9492376829151261,10000,0.07703389617859338,1.0822258512803418,0.6323083726201372,59.947856596396214,190,0.9492376829151261,623.0590710411632,meta_train_support,0,MARGO-SPLIT-v1,20,20,80,3,191,0.0,0.2,20,10,0.0005,0.0005,mrlco_first_order_mean_pseudogradient,fixed_literature_derived_defaults,,,,,,
622.9100234400613,0.0,0.0,0.0,0.0,0.0,0.00838839690393845,1.0495511293411255,publication,34.21410012245178,69.3742880821228,0.8576868077145611,0.933253168459791,10000,0.09392008514104916,1.0870716329564,0.5808589146894795,66.49529643800687,191,0.933253168459791,680.6026612656184,meta_train_support,0,MARGO-SPLIT-v1,20,20,80,3,192,0.0,0.2,20,10,0.0005,0.0005,mrlco_first_order_mean_pseudogradient,fixed_literature_derived_defaults,,,,,,
613.3587242044448,0.0,0.0,0.0,0.0,0.0,0.009441057634160747,1.0314809083938599,publication,34.894612073898315,70.05963683128357,0.8642758480626463,0.9420870607215406,10000,0.09227488185018713,1.086579404115751,0.6290694486021972,69.3706280155964,192,0.9420870607215406,655.6703842602457,meta_train_support,0,MARGO-SPLIT-v1,20,20,80,3,193,0.0,0.2,20,10,0.0005,0.0005,mrlco_first_order_mean_pseudogradient,fixed_literature_derived_defaults,,,,,,
608.9027944157056,0.0,0.0,0.0,0.0,0.0,0.011951132034685211,1.0553922653198242,publication,34.35536003112793,69.25750088691711,0.8661463743753766,0.942306844377307,10000,0.09985670206714252,1.0896422730966202,0.5910734551738964,62.33696341066786,193,0.942306844377307,641.5522598438807,meta_train_support,0,MARGO-SPLIT-v1,20,20,80,3,194,0.0,0.2,20,10,0.0005,0.0005,mrlco_first_order_mean_pseudogradient,fixed_literature_derived_defaults,,,,,,
627.3112616543907,0.0,0.0,0.0,0.0,0.0,0.015413322968428572,1.0597630739212036,publication,34.75470995903015,68.95093154907227,0.8460485554668611,0.9220367232809075,10000,0.08708920182565207,1.067148099903708,0.6121179101618671,73.50467131180828,194,0.9220367232809075,701.7899753950637,meta_train_support,0,MARGO-SPLIT-v1,20,20,80,3,195,0.0,0.2,20,10,0.0005,0.0005,mrlco_first_order_mean_pseudogradient,fixed_literature_derived_defaults,,,,,,
608.5625269603729,0.0,0.0,0.0,0.0,0.0,0.016475917347607588,1.0672166347503662,publication,33.08079552650452,68.89386487007141,0.8655829813564695,0.9425800686224,10000,0.0900683720856798,1.0787125489450702,0.5445799309193895,71.37676996054857,195,0.9425800686224,644.5718428336606,meta_train_support,0,MARGO-SPLIT-v1,20,20,80,3,196,0.0,0.2,20,10,0.0005,0.0005,mrlco_first_order_mean_pseudogradient,fixed_literature_derived_defaults,,,,,,
598.621526270117,0.0,0.0,0.0,0.0,0.0,0.01890726656422356,1.080993890762329,publication,33.66305494308472,68.84126710891724,0.8721546686802156,0.9491903108615748,10000,0.08768691972093107,1.0896422730966202,0.6391528599028292,66.06494640120376,196,0.9491903108615748,616.0742956220382,meta_train_support,0,MARGO-SPLIT-v1,20,20,80,3,197,0.0,0.2,20,10,0.0005,0.0005,mrlco_first_order_mean_pseudogradient,fixed_literature_derived_defaults,,,,,,
600.0183453952382,0.0,0.0,0.0,0.0,0.0,0.022221803363920514,1.0556797981262207,publication,33.63947534561157,67.4034776687622,0.8697279973487999,0.9469170714456694,10000,0.08426303286197245,1.0941469446163417,0.6188859225418452,73.78830894244811,197,0.9469170714456694,614.1938350291512,meta_train_support,0,MARGO-SPLIT-v1,20,20,80,3,198,0.0,0.2,20,10,0.0005,0.0005,mrlco_first_order_mean_pseudogradient,fixed_literature_derived_defaults,,,,,,
626.7469989214216,0.0,0.0,0.0,0.0,0.0,0.03088735697764802,1.0642954111099243,publication,34.49574565887451,70.69180202484131,0.8275440354928917,0.8999244628014772,10000,0.10650906613540911,1.0827167404143352,0.3094671318120521,111.16305663671135,198,0.8999244628014772,738.3716194000626,meta_train_support,0,MARGO-SPLIT-v1,20,20,80,3,199,0.0,0.2,20,10,0.0005,0.0005,mrlco_first_order_mean_pseudogradient,fixed_literature_derived_defaults,,,,,,
608.4134477341925,0.0,0.0,0.0,0.0,0.0,0.029701371350089795,1.015730619430542,publication,36.32256722450256,71.07394766807556,0.864663710457028,0.9436641667010308,10000,0.0885481748443106,1.0812783929932934,0.5808589146894795,73.94353227006395,199,0.9436641667010308,636.9006841084181,meta_train_support,0,MARGO-SPLIT-v1,20,20,80,3,200,0.0,0.2,20,10,0.0005,0.0005,mrlco_first_order_mean_pseudogradient,fixed_literature_derived_defaults,,,,,,
628.6121766523088,0.0,0.0,0.0,0.0,0.0,0.03379766283205273,1.0092823505401611,publication,33.66924524307251,70.50793385505676,0.8346014058890483,0.9093390623720242,10000,0.09968882879695103,1.0896422730966202,0.4708301605980787,107.92875416237052,200,0.9093390623720242,710.6289726291029,meta_train_support,0,MARGO-SPLIT-v1,20,20,80,3,201,0.0,0.2,20,10,0.0005,0.0005,mrlco_first_order_mean_pseudogradient,fixed_literature_derived_defaults,0.9524417851183828,0.9222111984741378,631.1280327063575,653.897620051591,validation_query_composite_objective,0
589.8151023207663,0.0,0.0,0.0,0.0,0.0,0.026451148901026726,1.0209846496582031,publication,32.35781502723694,68.17911863327026,0.8815767081854404,0.9610976571062431,10000,0.07593939501141234,1.0941469446163417,0.4920422375526087,74.8189853251225,201,0.9610976571062431,552.6456255622251,meta_train_support,0,MARGO-SPLIT-v1,20,20,80,3,202,0.0,0.2,20,10,0.0005,0.0005,mrlco_first_order_mean_pseudogradient,fixed_literature_derived_defaults,,,,,,
621.607579678045,0.0,0.0,0.0,0.0,0.0,0.029326485767039667,1.053207516670227,publication,20.90855884552002,68.54021048545837,0.8459829497242894,0.9189888580002898,10000,0.10261717114000943,1.0777463278934072,0.3021368124447761,96.97147165485121,202,0.9189888580002898,691.2987660340145,meta_train_support,0,MARGO-SPLIT-v1,20,20,80,3,203,0.0,0.2,20,10,0.0005,0.0005,mrlco_first_order_mean_pseudogradient,fixed_literature_derived_defaults,,,,,,
629.383144271401,0.0,0.0,0.0,0.0,0.0,0.02345398938527686,1.0404598712921143,publication,20.817944049835205,68.56595754623413,0.8488880630033439,0.9248101096072915,10000,0.09868055901463482,1.0896422730966202,0.5606325589537545,74.38773520299536,203,0.9248101096072915,690.0166093884577,meta_train_support,0,MARGO-SPLIT-v1,20,20,80,3,204,0.0,0.2,20,10,0.0005,0.0005,mrlco_first_order_mean_pseudogradient,fixed_literature_derived_defaults,,,,,,
606.2189190426418,0.0,0.0,0.0,0.0,0.0,0.013983141347909673,1.0955326557159424,publication,26.939250707626343,71.31135153770447,0.8662913347883953,0.9452996845275049,10000,0.07941212916991337,1.0870716329564,0.5808589146894795,59.87524649434417,204,0.9452996845275049,626.7596181594221,meta_train_support,0,MARGO-SPLIT-v1,20,20,80,3,205,0.0,0.2,20,10,0.0005,0.0005,mrlco_first_order_mean_pseudogradient,fixed_literature_derived_defaults,,,,,,
620.1824465013232,0.0,0.0,0.0,0.0,0.0,0.009892907682291584,1.0684058666229248,publication,30.434971809387207,69.94553732872009,0.8749809970571029,0.9551159290168038,10000,0.08324627700246467,1.0777463278934072,0.6309405914779719,58.68489323837695,205,0.9551159290168038,616.3043532995579,meta_train_support,0,MARGO-SPLIT-v1,20,20,80,3,206,0.0,0.2,20,10,0.0005,0.0005,mrlco_first_order_mean_pseudogradient,fixed_literature_derived_defaults,,,,,,
602.1934322857993,0.0,0.0,0.0,0.0,0.0,0.007818250672157202,1.0441230535507202,publication,33.58257603645325,67.9466323852539,0.8728125728701781,0.9500398843228346,10000,0.0836794116670676,1.0717410814012962,0.5877184765930299,59.45354474425452,206,0.9500398843228344,606.2421978218473,meta_train_support,0,MARGO-SPLIT-v1,20,20,80,3,207,0.0,0.2,20,10,0.0005,0.0005,mrlco_first_order_mean_pseudogradient,fixed_literature_derived_defaults,,,,,,
606.219879104914,0.0,0.0,0.0,0.0,0.0,0.006985616379508532,1.0387252569198608,publication,33.07833456993103,69.8026990890503,0.8746290250885884,0.9529923176265722,10000,0.09310211779994305,1.1035767700017376,0.6255785338453406,57.8781160502861,207,0.9529923176265722,612.7466047031634,meta_train_support,0,MARGO-SPLIT-v1,20,20,80,3,208,0.0,0.2,20,10,0.0005,0.0005,mrlco_first_order_mean_pseudogradient,fixed_literature_derived_defaults,,,,,,
594.2255127164432,0.0,0.0,0.0,0.0,0.0,0.0048567785760051906,1.0098917484283447,publication,32.631587982177734,68.32876968383789,0.890920711981272,0.9718423499789762,10000,0.07402601283930407,1.0941469446163417,0.6489874565566759,49.480459962739026,208,0.9718423499789762,554.18973156306,meta_train_support,0,MARGO-SPLIT-v1,20,20,80,3,209,0.0,0.2,20,10,0.0005,0.0005,mrlco_first_order_mean_pseudogradient,fixed_literature_derived_defaults,,,,,,
609.0156216897692,0.0,0.0,0.0,0.0,0.0,0.00592581013627765,1.023772954940796,publication,33.17311882972717,68.90798234939575,0.8726919270364563,0.9512689434553251,10000,0.09568408002709043,1.1035767700017376,0.6396648220020282,57.02645383451446,209,0.9512689434553251,612.6912004151781,meta_train_support,0,MARGO-SPLIT-v1,20,20,80,3,210,0.0,0.2,20,10,0.0005,0.0005,mrlco_first_order_mean_pseudogradient,fixed_literature_derived_defaults,,,,,,
600.6399814946857,0.0,0.0,0.0,0.0,0.0,0.005539885382963322,1.02777099609375,publication,32.3962664604187,68.36827898025513,0.8787369108954146,0.9573479693725616,10000,0.08874524301208936,1.083719008968831,0.6173317685656616,58.32293677204318,210,0.9573479693725618,606.7966378972012,meta_train_support,0,MARGO-SPLIT-v1,20,20,80,3,211,0.0,0.2,20,10,0.0005,0.0005,mrlco_first_order_mean_pseudogradient,fixed_literature_derived_defaults,,,,,,
616.9698157110214,0.0,0.0,0.0,0.0,0.0,0.00632501031162882,1.0046898126602173,publication,30.98328137397766,68.84783172607422,0.8645758995398932,0.944163217735889,10000,0.08755567468656603,1.086579404115751,0.6343046385204855,62.447599495255176,211,0.944163217735889,656.5955219816058,meta_train_support,0,MARGO-SPLIT-v1,20,20,80,3,212,0.0,0.2,20,10,0.0005,0.0005,mrlco_first_order_mean_pseudogradient,fixed_literature_derived_defaults,,,,,,
620.6024374762943,0.0,0.0,0.0,0.0,0.0,0.006876068584569214,0.9783525466918945,publication,35.00671148300171,70.36872839927673,0.8622953090398962,0.9392723702608088,10000,0.08840308128016978,1.0822258512803418,0.677367150356936,63.11082843065703,212,0.9392723702608088,651.4941237127603,meta_train_support,0,MARGO-SPLIT-v1,20,20,80,3,213,0.0,0.2,20,10,0.0005,0.0005,mrlco_first_order_mean_pseudogradient,fixed_literature_derived_defaults,,,,,,
596.726764570604,0.0,0.0,0.0,0.0,0.0,0.006585545395155147,0.9243930578231812,publication,35.50555896759033,68.3595609664917,0.879679339165121,0.9592925391872381,10000,0.0880037060277738,1.0870716329564,0.6413678777983456,55.66182793331207,213,0.9592925391872381,585.4630654704407,meta_train_support,0,MARGO-SPLIT-v1,20,20,80,3,214,0.0,0.2,20,10,0.0005,0.0005,mrlco_first_order_mean_pseudogradient,fixed_literature_derived_defaults,,,,,,
609.2858294869151,0.0,0.0,0.0,0.0,0.0,0.008676053077131183,0.9452303051948547,publication,33.471479654312134,68.83190751075745,0.8624079642804653,0.9406308702902745,10000,0.08703301745018407,1.0827167404143352,0.6065933426091604,65.00785601741731,214,0.9406308702902745,644.3361018077454,meta_train_support,0,MARGO-SPLIT-v1,20,20,80,3,215,0.0,0.2,20,10,0.0005,0.0005,mrlco_first_order_mean_pseudogradient,fixed_literature_derived_defaults,,,,,,
609.3887332964351,0.0,0.0,0.0,0.0,0.0,0.01101074673315578,0.9849830269813538,publication,33.98323655128479,69.64005661010742,0.859188764723545,0.936072279445791,10000,0.09230862601374175,1.0812783929932934,0.613329996972394,69.07055057904816,215,0.936072279445791,656.231548230039,meta_train_support,0,MARGO-SPLIT-v1,20,20,80,3,216,0.0,0.2,20,10,0.0005,0.0005,mrlco_first_order_mean_pseudogradient,fixed_literature_derived_defaults,,,,,,
620.435846349689,0.0,0.0,0.0,0.0,0.0,0.012871903130115374,1.055732011795044,publication,35.082908391952515,69.74527502059937,0.8644670981387557,0.9445162462443557,10000,0.09142354776947133,1.0870716329564,0.5589809347063982,66.4062812738987,216,0.9445162462443557,643.191774444708,meta_train_support,0,MARGO-SPLIT-v1,20,20,80,3,217,0.0,0.2,20,10,0.0005,0.0005,mrlco_first_order_mean_pseudogradient,fixed_literature_derived_defaults,,,,,,
631.1607559085846,0.0,0.0,0.0,0.0,0.0,0.019189439841482928,1.0228404998779297,publication,34.06737780570984,70.52367377281189,0.8460433513210948,0.9226767488393398,10000,0.10366602822109451,1.086579404115751,0.5392844662444332,77.8368965600465,217,0.9226767488393398,707.1419197669642,meta_train_support,0,MARGO-SPLIT-v1,20,20,80,3,218,0.0,0.2,20,10,0.0005,0.0005,mrlco_first_order_mean_pseudogradient,fixed_literature_derived_defaults,,,,,,
619.3555964303289,0.0,0.0,0.0,0.0,0.0,0.020530613183171908,1.01437509059906,publication,34.91176962852478,69.76652312278748,0.8594387035790305,0.9384970044820168,10000,0.08481901643520531,1.0777463278934072,0.6231422335228195,65.2376485582956,218,0.9384970044820166,663.2590453633227,meta_train_support,0,MARGO-SPLIT-v1,20,20,80,3,219,0.0,0.2,20,10,0.0005,0.0005,mrlco_first_order_mean_pseudogradient,fixed_literature_derived_defaults,,,,,,
619.5874574603624,0.0,0.0,0.0,0.0,0.0,0.021657099505256683,0.9861589074134827,publication,34.165767192840576,70.19433498382568,0.8638176926354354,0.9422083831662685,10000,0.08839841520688557,1.0787125489450702,0.5908165224456735,68.63063892721449,219,0.9422083831662685,638.5426196427251,meta_train_support,0,MARGO-SPLIT-v1,20,20,80,3,220,0.0,0.2,20,10,0.0005,0.0005,mrlco_first_order_mean_pseudogradient,fixed_literature_derived_defaults,,,,,,
608.2559530971255,0.0,0.0,0.0,0.0,0.0,0.020899379806101046,0.9134676456451416,publication,34.445937156677246,68.49231481552124,0.8686651803666707,0.9472119153705114,10000,0.09324229887097148,1.0870716329564,0.5300756612072927,75.12710328286302,220,0.9472119153705114,609.1334544818114,meta_train_support,0,MARGO-SPLIT-v1,20,20,80,3,221,0.0,0.2,20,10,0.0005,0.0005,mrlco_first_order_mean_pseudogradient,fixed_literature_derived_defaults,,,,,,
615.4956051434244,0.0,0.0,0.0,0.0,0.0,0.023142238513487342,0.9254131317138672,publication,34.190606117248535,70.37745189666748,0.8634327219891962,0.9416446014259129,10000,0.09937782376493584,1.0870716329564,0.5179893035152481,88.2995311738696,221,0.9416446014259129,631.981162864933,meta_train_support,0,MARGO-SPLIT-v1,20,20,80,3,222,0.0,0.2,20,10,0.0005,0.0005,mrlco_first_order_mean_pseudogradient,fixed_literature_derived_defaults,,,,,,
621.1647415815216,0.0,0.0,0.0,0.0,0.0,0.02436924638027046,0.9588515162467957,publication,34.76369309425354,69.53588151931763,0.8593043210920596,0.9369087665403318,10000,0.08392279129264078,1.0812783929932934,0.6000238612508257,75.79884367763792,222,0.9369087665403318,663.0825562008475,meta_train_support,0,MARGO-SPLIT-v1,20,20,80,3,223,0.0,0.2,20,10,0.0005,0.0005,mrlco_first_order_mean_pseudogradient,fixed_literature_derived_defaults,,,,,,
610.8820321192742,0.0,0.0,0.0,0.0,0.0,0.02180972992955277,0.9735788106918335,publication,33.985124588012695,69.36959052085876,0.8714707641818906,0.9505121815035049,10000,0.08551895905651383,1.0812783929932934,0.6035791081227555,66.23423959188696,223,0.950512181503505,618.7901737327466,meta_train_support,0,MARGO-SPLIT-v1,20,20,80,3,224,0.0,0.2,20,10,0.0005,0.0005,mrlco_first_order_mean_pseudogradient,fixed_literature_derived_defaults,,,,,,
607.4374883991377,0.0,0.0,0.0,0.0,0.0,0.01929906811205751,0.9709975123405457,publication,33.796507120132446,69.92286133766174,0.8660216812888053,0.9443246645739528,10000,0.0866316635412169,1.083719008968831,0.43071212425431016,84.57985592539667,224,0.9443246645739528,601.1717782158674,meta_train_support,0,MARGO-SPLIT-v1,20,20,80,3,225,0.0,0.2,20,10,0.0005,0.0005,mrlco_first_order_mean_pseudogradient,fixed_literature_derived_defaults,,,,,,
622.8515224114145,0.0,0.0,0.0,0.0,0.0,0.021668809572906338,0.9736535549163818,publication,35.8997483253479,70.01441407203674,0.8577222804208823,0.9351180952125444,10000,0.09252387659778845,1.0941469446163417,0.5070425887433365,85.56206561211488,225,0.9351180952125444,638.1512915846049,meta_train_support,0,MARGO-SPLIT-v1,20,20,80,3,226,0.0,0.2,20,10,0.0005,0.0005,mrlco_first_order_mean_pseudogradient,fixed_literature_derived_defaults,,,,,,
626.199437500722,0.0,0.0,0.0,0.0,0.0,0.02512244115965178,0.9787902235984802,publication,33.80510473251343,69.99586987495422,0.85624843662294,0.9347339135863701,10000,0.08395886920961167,1.0941469446163417,0.5120971583666062,71.88840524765085,226,0.9347339135863701,664.5939029726234,meta_train_support,0,MARGO-SPLIT-v1,20,20,80,3,227,0.0,0.2,20,10,0.0005,0.0005,mrlco_first_order_mean_pseudogradient,fixed_literature_derived_defaults,,,,,,
622.9804134850094,0.0,0.0,0.0,0.0,0.0,0.02790436345894715,0.9679895043373108,publication,33.24479699134827,69.43079543113708,0.8443254816710227,0.9222488890188367,10000,0.09442172942970904,1.0688817512371553,0.6280238733474687,78.74205000597632,227,0.9222488890188367,695.1229175328405,meta_train_support,0,MARGO-SPLIT-v1,20,20,80,3,228,0.0,0.2,20,10,0.0005,0.0005,mrlco_first_order_mean_pseudogradient,fixed_literature_derived_defaults,,,,,,
620.8520965552603,0.0,0.0,0.0,0.0,0.0,0.025663866701778733,0.9647157788276672,publication,35.04837226867676,70.19824147224426,0.8613566406901653,0.9405612467118419,10000,0.0941550255048465,1.083719008968831,0.5440221519346742,73.83651705895839,228,0.9405612467118419,657.6472797475815,meta_train_support,0,MARGO-SPLIT-v1,20,20,80,3,229,0.0,0.2,20,10,0.0005,0.0005,mrlco_first_order_mean_pseudogradient,fixed_literature_derived_defaults,,,,,,
609.4102202149663,0.0,0.0,0.0,0.0,0.0,0.024889270828206498,0.9858015775680542,publication,35.38895893096924,68.5931875705719,0.8636041463800664,0.9411608807913883,10000,0.10462273115919424,1.1035767700017376,0.2556423504933202,81.42305957442257,229,0.9411608807913883,628.4006517471763,meta_train_support,0,MARGO-SPLIT-v1,20,20,80,3,230,0.0,0.2,20,10,0.0005,0.0005,mrlco_first_order_mean_pseudogradient,fixed_literature_derived_defaults,,,,,,
606.4902222329004,0.0,0.0,0.0,0.0,0.0,0.023387050080864474,1.0039095878601074,publication,34.3110511302948,71.15000581741333,0.8712837513782895,0.9501564103745149,10000,0.08793873975219083,1.086579404115751,0.5860810017815723,76.51432934584422,230,0.9501564103745149,600.1570611623573,meta_train_support,0,MARGO-SPLIT-v1,20,20,80,3,231,0.0,0.2,20,10,0.0005,0.0005,mrlco_first_order_mean_pseudogradient,fixed_literature_derived_defaults,,,,,,
615.2251346339499,0.0,0.0,0.0,0.0,0.0,0.028694131327341266,0.9889086484909058,publication,34.920888900756836,68.06131076812744,0.8404690530442119,0.9154772409707155,10000,0.09978984735255622,1.0812783929932934,0.4116416643680372,118.68030283170363,231,0.9154772409707155,664.7675497713769,meta_train_support,0,MARGO-SPLIT-v1,20,20,80,3,232,0.0,0.2,20,10,0.0005,0.0005,mrlco_first_order_mean_pseudogradient,fixed_literature_derived_defaults,,,,,,
608.0418867535454,0.0,0.0,0.0,0.0,0.0,0.030964384269443708,1.0039085149765015,publication,36.27461266517639,69.70479106903076,0.849956451053638,0.9257201982890226,10000,0.09500166574095589,1.0717410814012962,0.5616777658297747,88.91063807005146,232,0.9257201982890226,641.5201362855503,meta_train_support,0,MARGO-SPLIT-v1,20,20,80,3,233,0.0,0.2,20,10,0.0005,0.0005,mrlco_first_order_mean_pseudogradient,fixed_literature_derived_defaults,,,,,,
610.5763608380317,0.0,0.0,0.0,0.0,0.0,0.03321050209906895,0.9987341165542603,publication,33.209696769714355,68.22101402282715,0.8674523722078576,0.9441721906198222,10000,0.08281193156134345,1.0812783929932934,0.661180651021812,73.75132004204282,233,0.9441721906198222,636.1547509052044,meta_train_support,0,MARGO-SPLIT-v1,20,20,80,3,234,0.0,0.2,20,10,0.0005,0.0005,mrlco_first_order_mean_pseudogradient,fixed_literature_derived_defaults,,,,,,
611.6435233637537,0.0,0.0,0.0,0.0,0.0,0.034689639354364456,0.9685089588165283,publication,34.083172082901,68.56289553642273,0.8579324613338878,0.9339589894022238,10000,0.10042391487814936,1.0941469446163417,0.4868289964992152,89.67192883059879,234,0.9339589894022238,626.276210050632,meta_train_support,0,MARGO-SPLIT-v1,20,20,80,3,235,0.0,0.2,20,10,0.0005,0.0005,mrlco_first_order_mean_pseudogradient,fixed_literature_derived_defaults,,,,,,
629.5002466423034,0.0,0.0,0.0,0.0,0.0,0.03833858135315575,0.9715266227722168,publication,33.78598594665527,69.7465922832489,0.8537857384377471,0.9298492247240642,10000,0.0914195141898003,1.0822258512803418,0.42290809800488494,75.62100079671745,235,0.9298492247240642,664.6245586642169,meta_train_support,0,MARGO-SPLIT-v1,20,20,80,3,236,0.0,0.2,20,10,0.0005,0.0005,mrlco_first_order_mean_pseudogradient,fixed_literature_derived_defaults,,,,,,
600.3589058643341,0.0,0.0,0.0,0.0,0.0,0.03041137752215859,0.9762696623802185,publication,33.021719217300415,69.05148983001709,0.8634278037554194,0.9415627061484027,10000,0.08394552234567633,1.0733134940515847,0.5614859405882856,76.88532403779237,236,0.9415627061484027,628.630543985894,meta_train_support,0,MARGO-SPLIT-v1,20,20,80,3,237,0.0,0.2,20,10,0.0005,0.0005,mrlco_first_order_mean_pseudogradient,fixed_literature_derived_defaults,,,,,,
629.1886620926313,0.0,0.0,0.0,0.0,0.0,0.028822943402983636,1.013424277305603,publication,32.76229763031006,70.61560273170471,0.8536015774331432,0.9314084522384785,10000,0.09494216621819777,1.086579404115751,0.21124132840772203,86.65867024376641,237,0.9314084522384785,663.2101354203891,meta_train_support,0,MARGO-SPLIT-v1,20,20,80,3,238,0.0,0.2,20,10,0.0005,0.0005,mrlco_first_order_mean_pseudogradient,fixed_literature_derived_defaults,,,,,,
591.8010325180055,0.0,0.0,0.0,0.0,0.0,0.021689254105667,1.0469294786453247,publication,34.18963098526001,66.82033252716064,0.8734810128149427,0.9513599083490802,10000,0.08094731169430215,1.0811467714495175,0.6258296824314614,74.12546997755449,238,0.9513599083490802,589.177036897485,meta_train_support,0,MARGO-SPLIT-v1,20,20,80,3,239,0.0,0.2,20,10,0.0005,0.0005,mrlco_first_order_mean_pseudogradient,fixed_literature_derived_defaults,,,,,,
612.3207774875641,0.0,0.0,0.0,0.0,0.0,0.020297008195125647,1.0069819688796997,publication,35.000359296798706,69.73040628433228,0.855650965676954,0.9334726627902861,10000,0.09607535001044006,1.0941469446163417,0.42621269214593516,100.21778905635655,239,0.9334726627902861,633.0917872852339,meta_train_support,0,MARGO-SPLIT-v1,20,20,80,3,240,0.0,0.2,20,10,0.0005,0.0005,mrlco_first_order_mean_pseudogradient,fixed_literature_derived_defaults,,,,,,
608.5305719670159,0.0,0.0,0.0,0.0,0.0,0.0201622670974815,1.0129637718200684,publication,34.35249447822571,69.83514952659607,0.8598608700542347,0.9372386080730406,10000,0.09660094510018367,1.0811467714495175,0.5731106901283031,94.99006286728849,240,0.9372386080730406,639.1501673303101,meta_train_support,0,MARGO-SPLIT-v1,20,20,80,3,241,0.0,0.2,20,10,0.0005,0.0005,mrlco_first_order_mean_pseudogradient,fixed_literature_derived_defaults,,,,,,
614.0902518368313,0.0,0.0,0.0,0.0,0.0,0.021916731518714806,0.9999490976333618,publication,34.23293089866638,69.56422638893127,0.8629041199888464,0.9404275814810326,10000,0.09441885245397762,1.078007433305869,0.5442325148613456,80.35153600598537,241,0.9404275814810326,646.3371102911104,meta_train_support,0,MARGO-SPLIT-v1,20,20,80,3,242,0.0,0.2,20,10,0.0005,0.0005,mrlco_first_order_mean_pseudogradient,fixed_literature_derived_defaults,,,,,,
618.851078719684,0.0,0.0,0.0,0.0,0.0,0.022643357565362385,0.9866435527801514,publication,34.165618896484375,70.1821665763855,0.8609468170003218,0.939624703256131,10000,0.0924899413483668,1.1035767700017376,0.5987614014715319,65.80620546203986,242,0.939624703256131,651.7268526326397,meta_train_support,0,MARGO-SPLIT-v1,20,20,80,3,243,0.0,0.2,20,10,0.0005,0.0005,mrlco_first_order_mean_pseudogradient,fixed_literature_derived_defaults,,,,,,
616.5982328684534,0.0,0.0,0.0,0.0,0.0,0.02023285967344616,0.9722792506217957,publication,34.767921686172485,70.4643042087555,0.8543357731437216,0.9324837463181644,10000,0.1018275242298899,1.0822258512803418,0.5027190807833706,97.93404438326989,243,0.9324837463181644,632.3751154157898,meta_train_support,0,MARGO-SPLIT-v1,20,20,80,3,244,0.0,0.2,20,10,0.0005,0.0005,mrlco_first_order_mean_pseudogradient,fixed_literature_derived_defaults,,,,,,
612.1315675579342,0.0,0.0,0.0,0.0,0.0,0.020064457233005012,0.9670516848564148,publication,34.49129366874695,68.96552062034607,0.8666500409599017,0.9441108451604865,10000,0.08342012157239223,1.0941469446163417,0.5693739113887691,73.11681610206627,244,0.9441108451604865,642.0889345424855,meta_train_support,0,MARGO-SPLIT-v1,20,20,80,3,245,0.0,0.2,20,10,0.0005,0.0005,mrlco_first_order_mean_pseudogradient,fixed_literature_derived_defaults,,,,,,
619.9192700840542,0.0,0.0,0.0,0.0,0.0,0.018794160060772707,0.9832341074943542,publication,35.374762535095215,70.60829782485962,0.8623561695802994,0.9396418568913012,10000,0.08624676334939035,1.1035767700017376,0.3772595366851925,73.22043080117456,245,0.939641856891301,645.8581631770282,meta_train_support,0,MARGO-SPLIT-v1,20,20,80,3,246,0.0,0.2,20,10,0.0005,0.0005,mrlco_first_order_mean_pseudogradient,fixed_literature_derived_defaults,,,,,,
613.9042752005441,0.0,0.0,0.0,0.0,0.0,0.0166889723405715,1.001764178276062,publication,33.98293733596802,69.42331099510193,0.863156283317176,0.9436143820387759,10000,0.07919980803734053,1.0827167404143352,0.589738930186074,80.07598354463502,246,0.9436143820387759,617.3182749126025,meta_train_support,0,MARGO-SPLIT-v1,20,20,80,3,247,0.0,0.2,20,10,0.0005,0.0005,mrlco_first_order_mean_pseudogradient,fixed_literature_derived_defaults,,,,,,
617.5338533638273,0.0,0.0,0.0,0.0,0.0,0.01970182357363788,1.0254698991775513,publication,33.29774570465088,70.80107045173645,0.8539711163150272,0.9307810671553575,10000,0.09495603739838401,1.0896422730966202,0.42376313024135104,78.79845365061063,247,0.9307810671553575,685.1524984847259,meta_train_support,0,MARGO-SPLIT-v1,20,20,80,3,248,0.0,0.2,20,10,0.0005,0.0005,mrlco_first_order_mean_pseudogradient,fixed_literature_derived_defaults,,,,,,
630.1202186468125,0.0,0.0,0.0,0.0,0.0,0.022434559572864346,1.0183733701705933,publication,27.11448574066162,69.29950284957886,0.8519801193500862,0.9280325851565185,10000,0.10088090241059318,1.0827167404143352,0.5374137834121491,92.65458893852762,248,0.9280325851565185,693.0995893638856,meta_train_support,0,MARGO-SPLIT-v1,20,20,80,3,249,0.0,0.2,20,10,0.0005,0.0005,mrlco_first_order_mean_pseudogradient,fixed_literature_derived_defaults,,,,,,
595.7197828620775,0.0,0.0,0.0,0.0,0.0,0.021091858669098917,1.0332294702529907,publication,33.522127628326416,70.57605028152466,0.870606295475694,0.9486209741969854,10000,0.09351412278656812,1.0703377335940178,0.2670648789276794,96.63726413993622,249,0.9486209741969854,597.9422067232636,meta_train_support,0,MARGO-SPLIT-v1,20,20,80,3,250,0.0,0.2,20,10,0.0005,0.0005,mrlco_first_order_mean_pseudogradient,fixed_literature_derived_defaults,,,,,,
630.7202183741979,0.0,0.0,0.0,0.0,0.0,0.026055282593926237,1.0307849645614624,publication,33.816741704940796,70.73805117607117,0.860785110673671,0.9392089578671794,10000,0.08834426989512704,1.1035767700017376,0.5339428828650302,86.25217302340737,250,0.9392089578671794,662.2842306559903,meta_train_support,0,MARGO-SPLIT-v1,20,20,80,3,251,0.0,0.2,20,10,0.0005,0.0005,mrlco_first_order_mean_pseudogradient,fixed_literature_derived_defaults,0.9518072733880706,0.9467939856055294,631.0939127920906,629.9251192645896,validation_query_composite_objective,0
