"Average greedy latency,",mask/active_rate,mask/forced_rate,mask/all_invalid_rate,policy/invalid_action_rate,policy/argmax_masked_rate,policy/entropy_valid,critic/value_abs_max,inner_update_mode,PolicyExecTime,EnvExecTime,AverageDiscountedReturn,AverageReturn,NumTrajs,StdReturn,MaxReturn,MinReturn,"Average energy,",Itr,"Average reward, ","Average latency,",split_role,seed,split_version,support_graphs_per_meta_task,support_trajectories_per_meta_task,query_graph_count,k_steps,outer_update_count,entropy_coefficient,value_clip_epsilon,ppo_batch_size_trajectories,meta_batch_size_distributions,inner_learning_rate,outer_learning_rate,outer_update_method,hyperparameter_provenance.policy,validation_query_composite_objective_k0,validation_query_composite_objective,validation_query_mean_latency_k0,validation_query_mean_latency_k3,checkpoint_selection_metric,checkpoint_is_best_val
623.5231310930933,0.0,0.0,0.0,0.0,0.0,1.0948013887351489,0.18540477752685547,publication,35.28321599960327,69.82485294342041,0.5179137066511754,0.5603137272162246,10000,0.12691998426547824,0.9660796933598037,-0.42869748764571103,797.8860236031286,0,0.5603137272162246,981.3536522672638,meta_train_support,0,MARGO-SPLIT-v1,20,20,80,3,1,0.0,0.2,20,10,0.0005,0.0005,mrlco_first_order_mean_pseudogradient,fixed_literature_derived_defaults,0.5994006937562771,0.6235384801075345,979.7037616016208,925.5658141146362,validation_query_composite_objective,1
617.191951992389,0.0,0.0,0.0,0.0,0.0,1.0273176398554977,0.5049988627433777,publication,36.67253232002258,69.7958722114563,0.5678301717728584,0.6142254275838072,10000,0.10411796523502663,0.960065840753761,-0.0017864104001759085,740.346526520933,1,0.6142254275838072,914.7958066961983,meta_train_support,0,MARGO-SPLIT-v1,20,20,80,3,2,0.0,0.2,20,10,0.0005,0.0005,mrlco_first_order_mean_pseudogradient,fixed_literature_derived_defaults,,,,,,
585.2707312858854,0.0,0.0,0.0,0.0,0.0,0.9675435849452281,0.8553747534751892,publication,37.23401474952698,68.03892874717712,0.6406711804566274,0.695562343830897,10000,0.10407810667575161,1.0750372930931515,0.14411902633821017,605.1660254785878,2,0.695562343830897,818.4110111325155,meta_train_support,0,MARGO-SPLIT-v1,20,20,80,3,3,0.0,0.2,20,10,0.0005,0.0005,mrlco_first_order_mean_pseudogradient,fixed_literature_derived_defaults,,,,,,
605.7362087066786,0.0,0.0,0.0,0.0,0.0,0.8966367228033658,1.189809799194336,publication,37.52537822723389,68.55380821228027,0.6766761432681496,0.7353648254410534,10000,0.10450267799252656,1.0528726168208438,0.22196619033689924,525.2253531760953,3,0.7353648254410534,765.7794393806416,meta_train_support,0,MARGO-SPLIT-v1,20,20,80,3,4,0.0,0.2,20,10,0.0005,0.0005,mrlco_first_order_mean_pseudogradient,fixed_literature_derived_defaults,,,,,,
605.3485033679281,0.0,0.0,0.0,0.0,0.0,0.8393324050945867,1.175662636756897,publication,37.63996124267578,69.2293312549591,0.6802683341666399,0.7388569804209018,10000,0.10674750037482797,1.0516844717979406,0.1483242215747782,534.3338195710513,4,0.7388569804209018,756.3311815639196,meta_train_support,0,MARGO-SPLIT-v1,20,20,80,3,5,0.0,0.2,20,10,0.0005,0.0005,mrlco_first_order_mean_pseudogradient,fixed_literature_derived_defaults,,,,,,
600.1799012578556,0.0,0.0,0.0,0.0,0.0,0.7968252942292878,0.9629043340682983,publication,37.48846483230591,68.0969967842102,0.7066071570303682,0.7681205431592566,10000,0.10114959802449337,1.0666969178386123,0.20818603652464296,505.0684232768986,5,0.7681205431592566,728.1254893959523,meta_train_support,0,MARGO-SPLIT-v1,20,20,80,3,6,0.0,0.2,20,10,0.0005,0.0005,mrlco_first_order_mean_pseudogradient,fixed_literature_derived_defaults,,,,,,
615.2842793975285,0.0,0.0,0.0,0.0,0.0,0.7593563836532633,0.7907438278198242,publication,37.5071120262146,68.69968008995056,0.7040288008959704,0.7622615475670075,10000,0.1035102165823022,1.0590408980960488,0.29892681481912176,496.9633559560182,6,0.7622615475670075,764.5567962351553,meta_train_support,0,MARGO-SPLIT-v1,20,20,80,3,7,0.0,0.2,20,10,0.0005,0.0005,mrlco_first_order_mean_pseudogradient,fixed_literature_derived_defaults,,,,,,
603.9421731752532,0.0,0.0,0.0,0.0,0.0,0.7210362609098945,0.6592391729354858,publication,37.0484721660614,69.01044631004333,0.7449749979911873,0.8075404038406129,10000,0.1068326094204121,1.070076978048335,0.27391222598380827,382.4650348863223,7,0.8075404038406129,727.7122149737331,meta_train_support,0,MARGO-SPLIT-v1,20,20,80,3,8,0.0,0.2,20,10,0.0005,0.0005,mrlco_first_order_mean_pseudogradient,fixed_literature_derived_defaults,,,,,,
600.3885777622087,0.0,0.0,0.0,0.0,0.0,0.6682405124252184,0.6293349862098694,publication,35.61028981208801,69.90490245819092,0.7710866118404869,0.83893439889602,10000,0.10664257432365072,1.1035767700017376,0.2450538217732423,290.99194988313417,8,0.83893439889602,683.7638849380493,meta_train_support,0,MARGO-SPLIT-v1,20,20,80,3,9,0.0,0.2,20,10,0.0005,0.0005,mrlco_first_order_mean_pseudogradient,fixed_literature_derived_defaults,,,,,,
618.6568553879873,0.0,0.0,0.0,0.0,0.0,0.5931235588765175,0.6536148190498352,publication,36.71579098701477,69.23438668251038,0.78200843281167,0.8490332880151764,10000,0.11329532978051657,1.069182469494016,0.39592508519371206,284.84432455742876,9,0.8490332880151764,697.6304734532996,meta_train_support,0,MARGO-SPLIT-v1,20,20,80,3,10,0.0,0.2,20,10,0.0005,0.0005,mrlco_first_order_mean_pseudogradient,fixed_literature_derived_defaults,,,,,,
607.9600599910328,0.0,0.0,0.0,0.0,0.0,0.4862181065320467,0.6741443872451782,publication,36.96129107475281,68.2513074874878,0.8230351207378741,0.8944827645358748,10000,0.11235405172593275,1.0896422730966202,0.4626067629703696,198.91232822800347,10,0.8944827645358748,647.0446528492491,meta_train_support,0,MARGO-SPLIT-v1,20,20,80,3,11,0.0,0.2,20,10,0.0005,0.0005,mrlco_first_order_mean_pseudogradient,fixed_literature_derived_defaults,,,,,,
636.6356672997747,0.0,0.0,0.0,0.0,0.0,0.36879012413298057,0.8100676536560059,publication,36.385515451431274,69.35720038414001,0.8164510174517569,0.8895409002015938,10000,0.10023448001884382,1.0768005413273363,0.34566588272519494,164.21870952871814,11,0.8895409002015938,698.8001177649118,meta_train_support,0,MARGO-SPLIT-v1,20,20,80,3,12,0.0,0.2,20,10,0.0005,0.0005,mrlco_first_order_mean_pseudogradient,fixed_literature_derived_defaults,,,,,,
618.5834658982822,0.0,0.0,0.0,0.0,0.0,0.24837478518836062,0.9375036358833313,publication,36.46397256851196,69.70646214485168,0.8389654489885666,0.9137222430969985,10000,0.10156998904611027,1.1035767700017376,0.5564025908437938,107.6880152045771,12,0.9137222430969985,674.5987857299968,meta_train_support,0,MARGO-SPLIT-v1,20,20,80,3,13,0.0,0.2,20,10,0.0005,0.0005,mrlco_first_order_mean_pseudogradient,fixed_literature_derived_defaults,,,,,,
601.6598208622523,0.0,0.0,0.0,0.0,0.0,0.14165365917429687,1.1024292707443237,publication,38.38007998466492,69.4653799533844,0.8328412420971305,0.9086763159887622,10000,0.08777428433409977,1.0870716329564,0.5213691400101605,167.97562407201374,13,0.9086763159887622,618.6046933360278,meta_train_support,0,MARGO-SPLIT-v1,20,20,80,3,14,0.0,0.2,20,10,0.0005,0.0005,mrlco_first_order_mean_pseudogradient,fixed_literature_derived_defaults,,,,,,
618.0801111005919,0.0,0.0,0.0,0.0,0.0,0.11282122960438074,1.07292640209198,publication,34.02208399772644,69.64763951301575,0.8395424136772562,0.9164990676525046,10000,0.09577860240084826,1.0777463278934072,0.4959502488904346,127.26674548690829,14,0.9164990676525046,652.6871808949197,meta_train_support,0,MARGO-SPLIT-v1,20,20,80,3,15,0.0,0.2,20,10,0.0005,0.0005,mrlco_first_order_mean_pseudogradient,fixed_literature_derived_defaults,,,,,,
604.2377499540057,0.0,0.0,0.0,0.0,0.0,0.09717663099396097,0.9351664185523987,publication,35.28225779533386,68.81656813621521,0.8702427248829141,0.9483654838403897,10000,0.07492604999394807,1.0824395591156881,0.5758953670666163,75.54970792363133,15,0.9483654838403897,601.978796718457,meta_train_support,0,MARGO-SPLIT-v1,20,20,80,3,16,0.0,0.2,20,10,0.0005,0.0005,mrlco_first_order_mean_pseudogradient,fixed_literature_derived_defaults,,,,,,
590.6252554307529,0.0,0.0,0.0,0.0,0.0,0.07566578315981562,0.8695890307426453,publication,36.38437104225159,68.3416166305542,0.8920045494474387,0.973564632926214,10000,0.06986083296373684,1.0717410814012962,0.5729086308141842,59.603799765122936,16,0.973564632926214,545.1846210579422,meta_train_support,0,MARGO-SPLIT-v1,20,20,80,3,17,0.0,0.2,20,10,0.0005,0.0005,mrlco_first_order_mean_pseudogradient,fixed_literature_derived_defaults,,,,,,
616.8687825999941,0.0,0.0,0.0,0.0,0.0,0.06788714079320304,0.9367174506187439,publication,37.174742698669434,69.89102506637573,0.8527829396324705,0.9282897060915022,10000,0.0918828383488349,1.086579404115751,0.49479416427060563,86.32627649618334,17,0.9282897060915022,678.357497247373,meta_train_support,0,MARGO-SPLIT-v1,20,20,80,3,18,0.0,0.2,20,10,0.0005,0.0005,mrlco_first_order_mean_pseudogradient,fixed_literature_derived_defaults,,,,,,
614.8845741648538,0.0,0.0,0.0,0.0,0.0,0.05181025357404748,1.0561811923980713,publication,36.34092116355896,69.08800601959229,0.8540605011242144,0.9300397113603184,10000,0.0887228537902529,1.1035767700017376,0.5056653754479806,94.64450718973787,18,0.9300397113603184,640.0897209812478,meta_train_support,0,MARGO-SPLIT-v1,20,20,80,3,19,0.0,0.2,20,10,0.0005,0.0005,mrlco_first_order_mean_pseudogradient,fixed_literature_derived_defaults,,,,,,
612.1934151780673,0.0,0.0,0.0,0.0,0.0,0.04823300206322287,1.0122328996658325,publication,35.167309522628784,67.46084713935852,0.8512567692646414,0.9270017674788341,10000,0.08356244053653553,1.0805611666359314,0.4929645908126046,94.86616296792799,19,0.9270017674788341,654.2463206071623,meta_train_support,0,MARGO-SPLIT-v1,20,20,80,3,20,0.0,0.2,20,10,0.0005,0.0005,mrlco_first_order_mean_pseudogradient,fixed_literature_derived_defaults,,,,,,
613.8712567111834,0.0,0.0,0.0,0.0,0.0,0.05045554040709404,0.8582435250282288,publication,37.13242030143738,70.03003573417664,0.8700421096596932,0.9486880372874748,10000,0.08855155293845803,1.0827167404143352,0.6081234011194071,65.04105531465711,20,0.9486880372874748,627.9134819320133,meta_train_support,0,MARGO-SPLIT-v1,20,20,80,3,21,0.0,0.2,20,10,0.0005,0.0005,mrlco_first_order_mean_pseudogradient,fixed_literature_derived_defaults,,,,,,
594.7118542181423,0.0,0.0,0.0,0.0,0.0,0.04784623540079758,0.8124865889549255,publication,36.15702199935913,69.05805683135986,0.8828967859312592,0.9622479575647365,10000,0.07731015548861768,1.0827167404143352,0.6514722608287805,60.20064663181125,21,0.9622479575647365,597.5311495927278,meta_train_support,0,MARGO-SPLIT-v1,20,20,80,3,22,0.0,0.2,20,10,0.0005,0.0005,mrlco_first_order_mean_pseudogradient,fixed_literature_derived_defaults,,,,,,
606.2404059611729,0.0,0.0,0.0,0.0,0.0,0.04542847230764853,0.9093761444091797,publication,36.59443688392639,69.0904905796051,0.8757473036782106,0.9545395136011006,10000,0.07482591343393595,1.083719008968831,0.622342541197713,69.30814884547534,22,0.9545395136011006,613.057927226944,meta_train_support,0,MARGO-SPLIT-v1,20,20,80,3,23,0.0,0.2,20,10,0.0005,0.0005,mrlco_first_order_mean_pseudogradient,fixed_literature_derived_defaults,,,,,,
600.7430363286563,0.0,0.0,0.0,0.0,0.0,0.03904268358371024,1.0637893676757812,publication,36.7200767993927,69.34268569946289,0.8724388290798557,0.9533040976333313,10000,0.08212165922980176,1.0787125489450702,0.534615257651342,76.70128165658116,23,0.9533040976333313,573.2118489906721,meta_train_support,0,MARGO-SPLIT-v1,20,20,80,3,24,0.0,0.2,20,10,0.0005,0.0005,mrlco_first_order_mean_pseudogradient,fixed_literature_derived_defaults,,,,,,
630.4947095779964,0.0,0.0,0.0,0.0,0.0,0.04665547104326577,1.0314021110534668,publication,37.08318018913269,69.61977028846741,0.852286476738815,0.9298314987018972,10000,0.08813810776553134,1.0896422730966202,0.44053412234804423,89.94833756163118,24,0.9298314987018972,662.1722310178279,meta_train_support,0,MARGO-SPLIT-v1,20,20,80,3,25,0.0,0.2,20,10,0.0005,0.0005,mrlco_first_order_mean_pseudogradient,fixed_literature_derived_defaults,,,,,,
627.9743966818945,0.0,0.0,0.0,0.0,0.0,0.056984457733342805,0.9344437122344971,publication,32.83377981185913,68.03524112701416,0.8620667368270113,0.939388884663398,10000,0.08898627609571112,1.0896422730966202,0.6114289124889648,70.7732494497243,25,0.939388884663398,647.3960920478917,meta_train_support,0,MARGO-SPLIT-v1,20,20,80,3,26,0.0,0.2,20,10,0.0005,0.0005,mrlco_first_order_mean_pseudogradient,fixed_literature_derived_defaults,,,,,,
611.791700007929,0.0,0.0,0.0,0.0,0.0,0.057855374358294055,0.9463894367218018,publication,34.051602363586426,68.26497220993042,0.8657586404825326,0.9436820000051808,10000,0.08352087765704994,1.0811467714495175,0.624947951110262,68.21222478646496,26,0.9436820000051808,621.9550341247709,meta_train_support,0,MARGO-SPLIT-v1,20,20,80,3,27,0.0,0.2,20,10,0.0005,0.0005,mrlco_first_order_mean_pseudogradient,fixed_literature_derived_defaults,,,,,,
600.3270218562943,0.0,0.0,0.0,0.0,0.0,0.05966523966144393,0.9870489835739136,publication,30.34634256362915,66.57038760185242,0.8760828237043272,0.9538487762168179,10000,0.08730545820332605,1.0827167404143352,0.5758293693677164,72.27177918242673,27,0.9538487762168179,597.964828055266,meta_train_support,0,MARGO-SPLIT-v1,20,20,80,3,28,0.0,0.2,20,10,0.0005,0.0005,mrlco_first_order_mean_pseudogradient,fixed_literature_derived_defaults,,,,,,
610.0995547912734,0.0,0.0,0.0,0.0,0.0,0.059153694005287145,1.056675910949707,publication,36.48573040962219,70.43032717704773,0.8643422249941094,0.9410347830211827,10000,0.08408116605998131,1.078007433305869,0.617160800372577,73.44344081819354,28,0.9410347830211827,631.8390303596592,meta_train_support,0,MARGO-SPLIT-v1,20,20,80,3,29,0.0,0.2,20,10,0.0005,0.0005,mrlco_first_order_mean_pseudogradient,fixed_literature_derived_defaults,,,,,,
615.9092620884622,0.0,0.0,0.0,0.0,0.0,0.05728049761077755,1.152933955192566,publication,31.653359413146973,67.07797741889954,0.8586292523008471,0.9336230700749812,10000,0.0959099046793883,1.1035767700017376,0.5362205651659699,87.15689311639905,29,0.9336230700749812,644.4175516047927,meta_train_support,0,MARGO-SPLIT-v1,20,20,80,3,30,0.0,0.2,20,10,0.0005,0.0005,mrlco_first_order_mean_pseudogradient,fixed_literature_derived_defaults,,,,,,
614.7970093904768,0.0,0.0,0.0,0.0,0.0,0.055775905422814555,1.1301493644714355,publication,29.188977479934692,67.62475514411926,0.8674678562291319,0.946501378092228,10000,0.07799946027417003,1.0728158229650253,0.5948874984028165,75.89667555343486,30,0.946501378092228,626.2373534425082,meta_train_support,0,MARGO-SPLIT-v1,20,20,80,3,31,0.0,0.2,20,10,0.0005,0.0005,mrlco_first_order_mean_pseudogradient,fixed_literature_derived_defaults,,,,,,
606.6516427646773,0.0,0.0,0.0,0.0,0.0,0.057499167670652586,1.003901720046997,publication,36.78515672683716,69.09570932388306,0.8584123027760557,0.9368935015263753,10000,0.0878582598125079,1.0941469446163417,0.549564723044942,81.52790565033744,31,0.9368935015263753,667.237547856903,meta_train_support,0,MARGO-SPLIT-v1,20,20,80,3,32,0.0,0.2,20,10,0.0005,0.0005,mrlco_first_order_mean_pseudogradient,fixed_literature_derived_defaults,,,,,,
625.5801611309461,0.0,0.0,0.0,0.0,0.0,0.06045124296428174,0.8514361381530762,publication,37.24679899215698,69.50639343261719,0.8509001454117114,0.9275143991183348,10000,0.09244595994207622,1.086579404115751,0.5999044913439069,79.38998620662483,32,0.9275143991183348,668.8712735777937,meta_train_support,0,MARGO-SPLIT-v1,20,20,80,3,33,0.0,0.2,20,10,0.0005,0.0005,mrlco_first_order_mean_pseudogradient,fixed_literature_derived_defaults,,,,,,
596.079923252024,0.0,0.0,0.0,0.0,0.0,0.053005910536489176,0.8361786603927612,publication,30.109954357147217,68.81214904785156,0.8782349611918884,0.9592388480671054,10000,0.07842754319071953,1.1035767700017376,0.4604918543716674,69.79697904006632,33,0.9592388480671054,581.0369496518148,meta_train_support,0,MARGO-SPLIT-v1,20,20,80,3,34,0.0,0.2,20,10,0.0005,0.0005,mrlco_first_order_mean_pseudogradient,fixed_literature_derived_defaults,,,,,,
614.5558066424096,0.0,0.0,0.0,0.0,0.0,0.05393119586558104,0.8968914151191711,publication,37.8996958732605,69.31000065803528,0.8610795525987415,0.9389360367476683,10000,0.08996236628435053,1.1035767700017376,0.407374343961026,75.07002889728508,34,0.9389360367476683,630.6718235827718,meta_train_support,0,MARGO-SPLIT-v1,20,20,80,3,35,0.0,0.2,20,10,0.0005,0.0005,mrlco_first_order_mean_pseudogradient,fixed_literature_derived_defaults,,,,,,
632.4944574965477,0.0,0.0,0.0,0.0,0.0,0.055397650776393366,0.9927962422370911,publication,29.023672580718994,68.8863537311554,0.8407281306186946,0.9167750279620852,10000,0.0931716937142444,1.0941469446163417,0.6211436850812699,85.92778216687634,35,0.9167750279620852,717.4518694214672,meta_train_support,0,MARGO-SPLIT-v1,20,20,80,3,36,0.0,0.2,20,10,0.0005,0.0005,mrlco_first_order_mean_pseudogradient,fixed_literature_derived_defaults,,,,,,
606.1623766417367,0.0,0.0,0.0,0.0,0.0,0.04965593308254807,1.0218496322631836,publication,28.946192979812622,67.40267252922058,0.8753561547118907,0.9561983973058317,10000,0.0735318585591028,1.0896422730966202,0.407374343961026,67.05354735408456,36,0.9561983973058317,597.6960807930128,meta_train_support,0,MARGO-SPLIT-v1,20,20,80,3,37,0.0,0.2,20,10,0.0005,0.0005,mrlco_first_order_mean_pseudogradient,fixed_literature_derived_defaults,,,,,,
615.858250404426,0.0,0.0,0.0,0.0,0.0,0.05222233858467158,1.052180290222168,publication,36.17625951766968,69.18573665618896,0.8549794346429243,0.9318679787434994,10000,0.09641617630410794,1.083719008968831,0.5672413560114398,74.91524924041596,37,0.9318679787434994,640.9247075591959,meta_train_support,0,MARGO-SPLIT-v1,20,20,80,3,38,0.0,0.2,20,10,0.0005,0.0005,mrlco_first_order_mean_pseudogradient,fixed_literature_derived_defaults,,,,,,
591.5657512817111,0.0,0.0,0.0,0.0,0.0,0.04740492474865941,0.9998059868812561,publication,36.854151248931885,66.74297571182251,0.8755359867195278,0.953804313271094,10000,0.08637168848559036,1.070076978048335,0.5946243671338541,66.8791134329869,38,0.953804313271094,599.7419885725825,meta_train_support,0,MARGO-SPLIT-v1,20,20,80,3,39,0.0,0.2,20,10,0.0005,0.0005,mrlco_first_order_mean_pseudogradient,fixed_literature_derived_defaults,,,,,,
612.1918864139693,0.0,0.0,0.0,0.0,0.0,0.04429596469859197,0.973300039768219,publication,36.25733232498169,70.07294368743896,0.8718040211489533,0.9514540561379625,10000,0.07828606712754792,1.083719008968831,0.6593832866751556,65.76780522154367,39,0.9514540561379625,625.515998172508,meta_train_support,0,MARGO-SPLIT-v1,20,20,80,3,40,0.0,0.2,20,10,0.0005,0.0005,mrlco_first_order_mean_pseudogradient,fixed_literature_derived_defaults,,,,,,
613.0369287118094,0.0,0.0,0.0,0.0,0.0,0.040413289539573016,1.0345745086669922,publication,34.97207975387573,69.58147954940796,0.8737379678499437,0.9521860818501182,10000,0.07822650648037935,1.0941469446163417,0.6261831771391283,66.5414910730768,40,0.9521860818501182,621.2663797053609,meta_train_support,0,MARGO-SPLIT-v1,20,20,80,3,41,0.0,0.2,20,10,0.0005,0.0005,mrlco_first_order_mean_pseudogradient,fixed_literature_derived_defaults,,,,,,
633.8413040394373,0.0,0.0,0.0,0.0,0.0,0.03634227206135753,1.0433493852615356,publication,34.338239908218384,70.78393030166626,0.855477767689888,0.9336365272079417,10000,0.08598274167062815,1.083719008968831,0.5997191327886741,75.38325945082185,41,0.9336365272079417,675.4551841931969,meta_train_support,0,MARGO-SPLIT-v1,20,20,80,3,42,0.0,0.2,20,10,0.0005,0.0005,mrlco_first_order_mean_pseudogradient,fixed_literature_derived_defaults,,,,,,
615.7100737602506,0.0,0.0,0.0,0.0,0.0,0.032457666647638585,1.072992205619812,publication,37.5557382106781,69.76327514648438,0.8619860391281287,0.9390208607196713,10000,0.08216736646822594,1.070076978048335,0.57427961338536,73.3658061605969,42,0.9390208607196713,667.3455763161795,meta_train_support,0,MARGO-SPLIT-v1,20,20,80,3,43,0.0,0.2,20,10,0.0005,0.0005,mrlco_first_order_mean_pseudogradient,fixed_literature_derived_defaults,,,,,,
602.414665985162,0.0,0.0,0.0,0.0,0.0,0.027325702640219635,1.0716053247451782,publication,37.529924392700195,68.74176096916199,0.8738989334837135,0.953040365439032,10000,0.07859536644141084,1.083719008968831,0.6752876945705555,66.30392493464323,43,0.953040365439032,611.9903489790455,meta_train_support,0,MARGO-SPLIT-v1,20,20,80,3,44,0.0,0.2,20,10,0.0005,0.0005,mrlco_first_order_mean_pseudogradient,fixed_literature_derived_defaults,,,,,,
617.1734483917509,0.0,0.0,0.0,0.0,0.0,0.0277070329924426,1.0170625448226929,publication,37.30320692062378,68.14999222755432,0.8700074838004294,0.9478857512797604,10000,0.08750261375635031,1.0822258512803418,0.6475375499539537,67.4102859660923,44,0.9478857512797604,631.7088881736279,meta_train_support,0,MARGO-SPLIT-v1,20,20,80,3,45,0.0,0.2,20,10,0.0005,0.0005,mrlco_first_order_mean_pseudogradient,fixed_literature_derived_defaults,,,,,,
604.4580522734778,0.0,0.0,0.0,0.0,0.0,0.02510377794947657,0.9731545448303223,publication,36.01189208030701,68.40482711791992,0.8781212788288248,0.9589885934703581,10000,0.08078465869798747,1.1035767700017376,0.6497414594588178,56.4087815954689,45,0.9589885934703581,599.2973728912135,meta_train_support,0,MARGO-SPLIT-v1,20,20,80,3,46,0.0,0.2,20,10,0.0005,0.0005,mrlco_first_order_mean_pseudogradient,fixed_literature_derived_defaults,,,,,,
623.1591523203986,0.0,0.0,0.0,0.0,0.0,0.02391570706373235,0.9827253222465515,publication,36.26003456115723,70.10173416137695,0.8668889958814235,0.9469870389520791,10000,0.08117007680198302,1.0787125489450702,0.6283061406515057,63.1730826084216,46,0.9469870389520791,639.6076345337214,meta_train_support,0,MARGO-SPLIT-v1,20,20,80,3,47,0.0,0.2,20,10,0.0005,0.0005,mrlco_first_order_mean_pseudogradient,fixed_literature_derived_defaults,,,,,,
596.800839249352,0.0,0.0,0.0,0.0,0.0,0.021077205461255848,1.0280405282974243,publication,37.70142960548401,68.51168847084045,0.8828737215891679,0.9628783801732,10000,0.08029659240038177,1.0827167404143352,0.6430053681812936,56.24109906346828,47,0.9628783801732003,564.640542198192,meta_train_support,0,MARGO-SPLIT-v1,20,20,80,3,48,0.0,0.2,20,10,0.0005,0.0005,mrlco_first_order_mean_pseudogradient,fixed_literature_derived_defaults,,,,,,
614.2428395537513,0.0,0.0,0.0,0.0,0.0,0.020361746932267753,1.0546741485595703,publication,36.81132984161377,70.79706621170044,0.8718278163335659,0.951145241075923,10000,0.08651812918026536,1.0812783929932934,0.6692948907496766,62.61502388430241,48,0.951145241075923,617.0330453056404,meta_train_support,0,MARGO-SPLIT-v1,20,20,80,3,49,0.0,0.2,20,10,0.0005,0.0005,mrlco_first_order_mean_pseudogradient,fixed_literature_derived_defaults,,,,,,
614.0744193396569,0.0,0.0,0.0,0.0,0.0,0.022008339110176654,0.9714417457580566,publication,36.237571239471436,68.03133893013,0.867648779491143,0.9448073466769847,10000,0.09036170007510187,1.0941469446163417,0.6255785338453406,63.853646884193694,49,0.9448073466769847,640.5763808914865,meta_train_support,0,MARGO-SPLIT-v1,20,20,80,3,50,0.0,0.2,20,10,0.0005,0.0005,mrlco_first_order_mean_pseudogradient,fixed_literature_derived_defaults,,,,,,
578.9905638692175,0.0,0.0,0.0,0.0,0.0,0.020581484618404873,0.9531533122062683,publication,35.10124468803406,67.052738904953,0.8953320668982373,0.9757470785155609,10000,0.07095517645069431,1.1035767700017376,0.6230302513461393,50.362199861104266,50,0.9757470785155611,537.8740507641438,meta_train_support,0,MARGO-SPLIT-v1,20,20,80,3,51,0.0,0.2,20,10,0.0005,0.0005,mrlco_first_order_mean_pseudogradient,fixed_literature_derived_defaults,0.9529063360300188,0.9526659296537122,631.1764651695581,631.3628701049915,validation_query_composite_objective,1
606.9201489113534,0.0,0.0,0.0,0.0,0.0,0.021994943397370903,0.9852593541145325,publication,36.38476514816284,68.56891465187073,0.8644212414113017,0.9430495005903456,10000,0.09148360287387443,1.086579404115751,0.6263777264638307,64.2204487690402,51,0.9430495005903456,645.9905152096177,meta_train_support,0,MARGO-SPLIT-v1,20,20,80,3,52,0.0,0.2,20,10,0.0005,0.0005,mrlco_first_order_mean_pseudogradient,fixed_literature_derived_defaults,,,,,,
588.0664738707405,0.0,0.0,0.0,0.0,0.0,0.018332803351381845,1.0521867275238037,publication,36.99719858169556,69.22852301597595,0.891200840104194,0.9729673842718636,10000,0.05957050851829566,1.1035767700017376,0.7284024889882833,55.04774356044792,52,0.9729673842718636,560.8869820250783,meta_train_support,0,MARGO-SPLIT-v1,20,20,80,3,53,0.0,0.2,20,10,0.0005,0.0005,mrlco_first_order_mean_pseudogradient,fixed_literature_derived_defaults,,,,,,
615.4883110512187,0.0,0.0,0.0,0.0,0.0,0.021247795947517484,1.0714493989944458,publication,33.818665504455566,68.84614777565002,0.8619904528668065,0.9400772721945561,10000,0.08257901891845085,1.0870716329564,0.6439784816028088,69.4330045350768,53,0.9400772721945561,636.9112693260139,meta_train_support,0,MARGO-SPLIT-v1,20,20,80,3,54,0.0,0.2,20,10,0.0005,0.0005,mrlco_first_order_mean_pseudogradient,fixed_literature_derived_defaults,,,,,,
602.3632318244116,0.0,0.0,0.0,0.0,0.0,0.02189210677041507,0.9932103157043457,publication,37.49650001525879,69.27855563163757,0.8817361160177929,0.9622416687579549,10000,0.07330411966537374,1.0812783929932934,0.6296840594897752,57.16832502669678,54,0.9622416687579549,586.3138233325221,meta_train_support,0,MARGO-SPLIT-v1,20,20,80,3,55,0.0,0.2,20,10,0.0005,0.0005,mrlco_first_order_mean_pseudogradient,fixed_literature_derived_defaults,,,,,,
601.718321890899,0.0,0.0,0.0,0.0,0.0,0.025665494212915082,0.9286033511161804,publication,35.599082469940186,68.93686318397522,0.8746740166033616,0.9539091870616164,10000,0.08216947235004808,1.0812783929932934,0.6416411344315394,57.81370037423532,55,0.9539091870616164,602.9662318099976,meta_train_support,0,MARGO-SPLIT-v1,20,20,80,3,56,0.0,0.2,20,10,0.0005,0.0005,mrlco_first_order_mean_pseudogradient,fixed_literature_derived_defaults,,,,,,
587.772540581349,0.0,0.0,0.0,0.0,0.0,0.026369432219597064,0.9024035334587097,publication,36.599445104599,66.98607850074768,0.8783093661053349,0.9574262490466116,10000,0.08202499198791542,1.070076978048335,0.6238760088660655,58.92099700145651,56,0.9574262490466116,587.8035538133186,meta_train_support,0,MARGO-SPLIT-v1,20,20,80,3,57,0.0,0.2,20,10,0.0005,0.0005,mrlco_first_order_mean_pseudogradient,fixed_literature_derived_defaults,,,,,,
625.3546523347446,0.0,0.0,0.0,0.0,0.0,0.029479317372606405,0.9776214957237244,publication,33.525081396102905,68.73651099205017,0.8535896268386558,0.9309508669680113,10000,0.09050245395112623,1.0811467714495175,0.6133356362257245,72.39748670935082,57,0.9309508669680113,673.577327887012,meta_train_support,0,MARGO-SPLIT-v1,20,20,80,3,58,0.0,0.2,20,10,0.0005,0.0005,mrlco_first_order_mean_pseudogradient,fixed_literature_derived_defaults,,,,,,
622.7172370677403,0.0,0.0,0.0,0.0,0.0,0.02995211200377474,1.0462541580200195,publication,38.006197452545166,69.24788570404053,0.8532884598966577,0.930782497659292,10000,0.08908095711957238,1.1035767700017376,0.6265397637908608,72.17923444710716,58,0.930782497659292,666.6336626396028,meta_train_support,0,MARGO-SPLIT-v1,20,20,80,3,59,0.0,0.2,20,10,0.0005,0.0005,mrlco_first_order_mean_pseudogradient,fixed_literature_derived_defaults,,,,,,
611.6840579937389,0.0,0.0,0.0,0.0,0.0,0.03281765749226278,1.0171678066253662,publication,36.68883967399597,69.46670007705688,0.8666698143660989,0.9459960168714235,10000,0.0784653892853513,1.0870716329564,0.6147460541309389,65.87710116564217,59,0.9459960168714235,636.7342890179129,meta_train_support,0,MARGO-SPLIT-v1,20,20,80,3,60,0.0,0.2,20,10,0.0005,0.0005,mrlco_first_order_mean_pseudogradient,fixed_literature_derived_defaults,,,,,,
634.4437710087776,0.0,0.0,0.0,0.0,0.0,0.03763938415161099,1.0059394836425781,publication,35.949198961257935,70.45185041427612,0.8525963649484681,0.9311934996847613,10000,0.0882537336527336,1.0745883754828771,0.6127087555772978,70.18923757203326,60,0.9311934996847613,675.7362531609264,meta_train_support,0,MARGO-SPLIT-v1,20,20,80,3,61,0.0,0.2,20,10,0.0005,0.0005,mrlco_first_order_mean_pseudogradient,fixed_literature_derived_defaults,,,,,,
636.8590734981673,0.0,0.0,0.0,0.0,0.0,0.041629482928358226,1.0004891157150269,publication,36.16857361793518,70.3810122013092,0.8413827658879957,0.9172699558647439,10000,0.09230658900272175,1.0812783929932934,0.5293295376076887,81.65116645568745,61,0.9172699558647439,716.6638690199607,meta_train_support,0,MARGO-SPLIT-v1,20,20,80,3,62,0.0,0.2,20,10,0.0005,0.0005,mrlco_first_order_mean_pseudogradient,fixed_literature_derived_defaults,,,,,,
605.380458361285,0.0,0.0,0.0,0.0,0.0,0.039119122409548186,1.0122365951538086,publication,36.787471294403076,67.73454070091248,0.8709668220513431,0.9488027881287006,10000,0.0784802919409039,1.0616356726640896,0.6216038797162718,64.54980084924448,62,0.9488027881287006,620.5563321945396,meta_train_support,0,MARGO-SPLIT-v1,20,20,80,3,63,0.0,0.2,20,10,0.0005,0.0005,mrlco_first_order_mean_pseudogradient,fixed_literature_derived_defaults,,,,,,
600.6528391537257,0.0,0.0,0.0,0.0,0.0,0.0359290636185772,1.020365834236145,publication,35.485647201538086,70.30385184288025,0.8760493988735263,0.9570794715423919,10000,0.07197025252289752,1.083719008968831,0.7060479939362281,63.11052122736086,63,0.9570794715423919,600.521357937607,meta_train_support,0,MARGO-SPLIT-v1,20,20,80,3,64,0.0,0.2,20,10,0.0005,0.0005,mrlco_first_order_mean_pseudogradient,fixed_literature_derived_defaults,,,,,,
608.7531465687207,0.0,0.0,0.0,0.0,0.0,0.03601065163246858,0.9926698207855225,publication,35.465755224227905,69.50483417510986,0.8784900488696307,0.958255482140765,10000,0.08257892438934465,1.0941469446163417,0.6429886696817848,63.49107544396352,64,0.958255482140765,613.5814587610572,meta_train_support,0,MARGO-SPLIT-v1,20,20,80,3,65,0.0,0.2,20,10,0.0005,0.0005,mrlco_first_order_mean_pseudogradient,fixed_literature_derived_defaults,,,,,,
597.4506245384489,0.0,0.0,0.0,0.0,0.0,0.03440157428835627,0.9977526068687439,publication,35.75345730781555,69.00748825073242,0.8831861949324697,0.9650650000839489,10000,0.07410122970250466,1.1035767700017376,0.6545799901034548,59.207198837963716,65,0.9650650000839489,586.983460335068,meta_train_support,0,MARGO-SPLIT-v1,20,20,80,3,66,0.0,0.2,20,10,0.0005,0.0005,mrlco_first_order_mean_pseudogradient,fixed_literature_derived_defaults,,,,,,
621.1488922433581,0.0,0.0,0.0,0.0,0.0,0.036163930241821456,0.9930271506309509,publication,36.36597275733948,69.688884973526,0.8554194762493106,0.9324258448353062,10000,0.08804815147874996,1.0787125489450702,0.6135853721176322,71.2153551909093,66,0.9324258448353062,667.1056341980566,meta_train_support,0,MARGO-SPLIT-v1,20,20,80,3,67,0.0,0.2,20,10,0.0005,0.0005,mrlco_first_order_mean_pseudogradient,fixed_literature_derived_defaults,,,,,,
611.1647586892536,0.0,0.0,0.0,0.0,0.0,0.03304127644655053,1.0127331018447876,publication,37.27022409439087,69.76953935623169,0.8634898857699543,0.9414595588671758,10000,0.08949558084580743,1.0715482848323281,0.5571512037806181,67.79817161539667,67,0.9414595588671758,646.8914479204791,meta_train_support,0,MARGO-SPLIT-v1,20,20,80,3,68,0.0,0.2,20,10,0.0005,0.0005,mrlco_first_order_mean_pseudogradient,fixed_literature_derived_defaults,,,,,,
604.6489307288986,0.0,0.0,0.0,0.0,0.0,0.029012663538798562,0.9808486700057983,publication,35.759602069854736,68.38469624519348,0.8704052950204121,0.9487681229791757,10000,0.0841320537352684,1.078007433305869,0.6250704170987239,62.419543414871534,68,0.9487681229791757,616.7460247786877,meta_train_support,0,MARGO-SPLIT-v1,20,20,80,3,69,0.0,0.2,20,10,0.0005,0.0005,mrlco_first_order_mean_pseudogradient,fixed_literature_derived_defaults,,,,,,
592.31691161623,0.0,0.0,0.0,0.0,0.0,0.024275288729314524,0.990428626537323,publication,36.45812702178955,66.65756487846375,0.8898706132219888,0.9705390397849633,10000,0.07614240037732706,1.1035767700017376,0.5786609288739679,53.82198208499854,69,0.9705390397849633,547.4251347575447,meta_train_support,0,MARGO-SPLIT-v1,20,20,80,3,70,0.0,0.2,20,10,0.0005,0.0005,mrlco_first_order_mean_pseudogradient,fixed_literature_derived_defaults,,,,,,
624.4945266425268,0.0,0.0,0.0,0.0,0.0,0.025194992911739177,0.9504203796386719,publication,34.170769929885864,69.00420713424683,0.8613364952283098,0.9403331519844426,10000,0.0843360294793656,1.0870716329564,0.5865822900938854,68.85534839908415,70,0.9403331519844426,646.5103152882114,meta_train_support,0,MARGO-SPLIT-v1,20,20,80,3,71,0.0,0.2,20,10,0.0005,0.0005,mrlco_first_order_mean_pseudogradient,fixed_literature_derived_defaults,,,,,,
615.8582504044261,0.0,0.0,0.0,0.0,0.0,0.02220446180837379,0.9393013715744019,publication,34.04168081283569,69.81363797187805,0.8693025411667035,0.9491343818651563,10000,0.07757652590979021,1.1035767700017376,0.6491211672470657,60.78640913443419,71,0.9491343818651561,615.6453730294296,meta_train_support,0,MARGO-SPLIT-v1,20,20,80,3,72,0.0,0.2,20,10,0.0005,0.0005,mrlco_first_order_mean_pseudogradient,fixed_literature_derived_defaults,,,,,,
625.589933571039,0.0,0.0,0.0,0.0,0.0,0.021848882665665034,0.9573408365249634,publication,34.782063722610474,70.04285526275635,0.8545691920908927,0.9321750460624455,10000,0.08860962691785336,1.083719008968831,0.5174327678243891,70.34256755053227,72,0.9321750460624455,666.077258323164,meta_train_support,0,MARGO-SPLIT-v1,20,20,80,3,73,0.0,0.2,20,10,0.0005,0.0005,mrlco_first_order_mean_pseudogradient,fixed_literature_derived_defaults,,,,,,
636.2397971283913,0.0,0.0,0.0,0.0,0.0,0.021920108716427886,0.975287914276123,publication,34.77330303192139,69.55872893333435,0.8407041301246354,0.9150385805819582,10000,0.09562384438486554,1.0733134940515847,0.6245757038391653,76.49765552194683,73,0.9150385805819582,724.5777033082963,meta_train_support,0,MARGO-SPLIT-v1,20,20,80,3,74,0.0,0.2,20,10,0.0005,0.0005,mrlco_first_order_mean_pseudogradient,fixed_literature_derived_defaults,,,,,,
596.2147895051684,0.0,0.0,0.0,0.0,0.0,0.018404145655185288,0.9659473896026611,publication,37.39262413978577,66.54821372032166,0.877356168710698,0.955492902791113,10000,0.08337830242172638,1.0812783929932934,0.6050384492919615,59.93855802485264,74,0.955492902791113,590.0071929669352,meta_train_support,0,MARGO-SPLIT-v1,20,20,80,3,75,0.0,0.2,20,10,0.0005,0.0005,mrlco_first_order_mean_pseudogradient,fixed_literature_derived_defaults,,,,,,
609.4599041223662,0.0,0.0,0.0,0.0,0.0,0.01781765261774678,1.0107033252716064,publication,35.447859048843384,68.75191855430603,0.8786011877002095,0.958618072494384,10000,0.08636320643068894,1.0941469446163417,0.6074682100192904,58.33451663369925,75,0.958618072494384,604.1336313615335,meta_train_support,0,MARGO-SPLIT-v1,20,20,80,3,76,0.0,0.2,20,10,0.0005,0.0005,mrlco_first_order_mean_pseudogradient,fixed_literature_derived_defaults,,,,,,
597.2187635084153,0.0,0.0,0.0,0.0,0.0,0.016974895854185327,1.0893118381500244,publication,35.94959497451782,68.15307593345642,0.8745549799597868,0.95433334585799,10000,0.07029624157770298,1.070076978048335,0.6649629891639799,58.9600054536146,76,0.95433334585799,606.7946061315727,meta_train_support,0,MARGO-SPLIT-v1,20,20,80,3,77,0.0,0.2,20,10,0.0005,0.0005,mrlco_first_order_mean_pseudogradient,fixed_literature_derived_defaults,,,,,,
601.777182080228,0.0,0.0,0.0,0.0,0.0,0.017538392454162485,1.0441503524780273,publication,37.189388275146484,66.83591890335083,0.8812192948106035,0.96051021972296,10000,0.0772122414466985,1.0827167404143352,0.639084084493945,57.641036433089724,77,0.96051021972296,586.3673519764968,meta_train_support,0,MARGO-SPLIT-v1,20,20,80,3,78,0.0,0.2,20,10,0.0005,0.0005,mrlco_first_order_mean_pseudogradient,fixed_literature_derived_defaults,,,,,,
621.5954992255482,0.0,0.0,0.0,0.0,0.0,0.019775082161829313,1.0097899436950684,publication,36.10869550704956,70.81139540672302,0.8599667326105493,0.9389736766893245,10000,0.08929296006423305,1.083719008968831,0.5927341929857837,65.63722492897851,78,0.9389736766893245,661.4957749684675,meta_train_support,0,MARGO-SPLIT-v1,20,20,80,3,79,0.0,0.2,20,10,0.0005,0.0005,mrlco_first_order_mean_pseudogradient,fixed_literature_derived_defaults,,,,,,
602.1073304264477,0.0,0.0,0.0,0.0,0.0,0.017807649850080598,0.9521981477737427,publication,33.79338884353638,69.15081524848938,0.8764391962854999,0.9551831864909569,10000,0.0777393202619773,1.0896422730966202,0.7081143531073817,59.09900068623357,79,0.9551831864909567,617.8215059459644,meta_train_support,0,MARGO-SPLIT-v1,20,20,80,3,80,0.0,0.2,20,10,0.0005,0.0005,mrlco_first_order_mean_pseudogradient,fixed_literature_derived_defaults,,,,,,
606.8869240009717,0.0,0.0,0.0,0.0,0.0,0.017812632745469813,0.9668173789978027,publication,36.95777082443237,69.79473209381104,0.8662255304965445,0.9443423556385431,10000,0.08290587340852927,1.086579404115751,0.5893502392822431,62.71861100001341,80,0.9443423556385431,630.4089116691848,meta_train_support,0,MARGO-SPLIT-v1,20,20,80,3,81,0.0,0.2,20,10,0.0005,0.0005,mrlco_first_order_mean_pseudogradient,fixed_literature_derived_defaults,,,,,,
610.4457467903137,0.0,0.0,0.0,0.0,0.0,0.01670554407049958,0.9954882860183716,publication,38.30724740028381,67.90413498878479,0.8628753205068505,0.9399204400076198,10000,0.08826274269398673,1.0694930158525962,0.6374867796983134,64.70208832253532,81,0.93992044000762,655.4906267189884,meta_train_support,0,MARGO-SPLIT-v1,20,20,80,3,82,0.0,0.2,20,10,0.0005,0.0005,mrlco_first_order_mean_pseudogradient,fixed_literature_derived_defaults,,,,,,
596.079923252024,0.0,0.0,0.0,0.0,0.0,0.012609472657370953,1.0351494550704956,publication,35.35189771652222,68.08783173561096,0.8880391169009725,0.9686898664845505,10000,0.0709775205898768,1.0896422730966202,0.5260263801488236,53.95279884193312,82,0.9686898664845505,551.4081599727044,meta_train_support,0,MARGO-SPLIT-v1,20,20,80,3,83,0.0,0.2,20,10,0.0005,0.0005,mrlco_first_order_mean_pseudogradient,fixed_literature_derived_defaults,,,,,,
595.809980037008,0.0,0.0,0.0,0.0,0.0,0.013099066985325519,0.9940959215164185,publication,36.142897844314575,70.44112849235535,0.8863750800063875,0.9666508755134677,10000,0.0808343028704484,1.0812783929932934,0.6009529404693655,54.828895189388064,83,0.9666508755134677,568.0910520133618,meta_train_support,0,MARGO-SPLIT-v1,20,20,80,3,84,0.0,0.2,20,10,0.0005,0.0005,mrlco_first_order_mean_pseudogradient,fixed_literature_derived_defaults,,,,,,
603.2889845037051,0.0,0.0,0.0,0.0,0.0,0.013529046013375623,0.9307382702827454,publication,37.68051218986511,68.0900309085846,0.8840529996423915,0.9649600009256953,10000,0.0615783670698443,1.078007433305869,0.7031021471366617,54.49945749593228,84,0.9649600009256953,591.8224369747026,meta_train_support,0,MARGO-SPLIT-v1,20,20,80,3,85,0.0,0.2,20,10,0.0005,0.0005,mrlco_first_order_mean_pseudogradient,fixed_literature_derived_defaults,,,,,,
618.3384064868382,0.0,0.0,0.0,0.0,0.0,0.015286476313211693,0.9574302434921265,publication,36.906291007995605,68.8290228843689,0.866243791248232,0.9449382800030538,10000,0.08511787194361466,1.078007433305869,0.6193175733328555,61.643710455742756,85,0.9449382800030538,635.9304163486086,meta_train_support,0,MARGO-SPLIT-v1,20,20,80,3,86,0.0,0.2,20,10,0.0005,0.0005,mrlco_first_order_mean_pseudogradient,fixed_literature_derived_defaults,,,,,,
601.5610699740411,0.0,0.0,0.0,0.0,0.0,0.015013150364437131,0.9898741841316223,publication,36.73212456703186,69.51345562934875,0.8796567593770002,0.9579835481104941,10000,0.08841666054598138,1.0812783929932934,0.627687598396576,58.56876441560915,86,0.9579835481104944,602.3120535616412,meta_train_support,0,MARGO-SPLIT-v1,20,20,80,3,87,0.0,0.2,20,10,0.0005,0.0005,mrlco_first_order_mean_pseudogradient,fixed_literature_derived_defaults,,,,,,
616.3354300235204,0.0,0.0,0.0,0.0,0.0,0.015695403160433257,1.0133081674575806,publication,34.128429889678955,68.65873336791992,0.8671433319535731,0.9458027892476006,10000,0.07832035006861633,1.083719008968831,0.6514722608287805,64.82790952337592,87,0.9458027892476008,648.5994906736538,meta_train_support,0,MARGO-SPLIT-v1,20,20,80,3,88,0.0,0.2,20,10,0.0005,0.0005,mrlco_first_order_mean_pseudogradient,fixed_literature_derived_defaults,,,,,,
612.407882079683,0.0,0.0,0.0,0.0,0.0,0.015676999881542638,1.0218446254730225,publication,36.10444188117981,69.31277465820312,0.8684450135243216,0.9472884922325419,10000,0.08050962658894241,1.0870716329564,0.6316760668956372,64.06135990607414,88,0.9472884922325419,635.9313291349138,meta_train_support,0,MARGO-SPLIT-v1,20,20,80,3,89,0.0,0.2,20,10,0.0005,0.0005,mrlco_first_order_mean_pseudogradient,fixed_literature_derived_defaults,,,,,,
614.7233676073074,0.0,0.0,0.0,0.0,0.0,0.0166994381794574,0.9706796407699585,publication,35.30041265487671,69.7383816242218,0.864373247149722,0.9437765693261408,10000,0.08660054121306346,1.0777463278934072,0.6071956416438448,63.35623128486061,89,0.9437765693261408,637.2311238375881,meta_train_support,0,MARGO-SPLIT-v1,20,20,80,3,90,0.0,0.2,20,10,0.0005,0.0005,mrlco_first_order_mean_pseudogradient,fixed_literature_derived_defaults,,,,,,
618.097124396583,0.0,0.0,0.0,0.0,0.0,0.019873660237674822,0.9410894513130188,publication,35.301918268203735,69.7530574798584,0.8645959758041457,0.9430533142252862,10000,0.08829464386319764,1.0787125489450702,0.6440801345700761,65.22380894460771,90,0.9430533142252862,653.8166010289873,meta_train_support,0,MARGO-SPLIT-v1,20,20,80,3,91,0.0,0.2,20,10,0.0005,0.0005,mrlco_first_order_mean_pseudogradient,fixed_literature_derived_defaults,,,,,,
628.581154278837,0.0,0.0,0.0,0.0,0.0,0.02118087144817156,0.9526458382606506,publication,36.92780780792236,69.40344524383545,0.8534702773811373,0.9315580995469973,10000,0.08308379737946185,1.0630719426953146,0.5808589146894795,68.69826195812966,91,0.9315580995469973,684.8932694585568,meta_train_support,0,MARGO-SPLIT-v1,20,20,80,3,92,0.0,0.2,20,10,0.0005,0.0005,mrlco_first_order_mean_pseudogradient,fixed_literature_derived_defaults,,,,,,
609.6987890820094,0.0,0.0,0.0,0.0,0.0,0.02006876934796444,1.0017344951629639,publication,37.30799579620361,69.18060660362244,0.8783668538753671,0.9577269984678282,10000,0.08052868171984581,1.1035767700017376,0.6668436222032158,57.848073853987295,92,0.9577269984678282,597.7595169348799,meta_train_support,0,MARGO-SPLIT-v1,20,20,80,3,93,0.0,0.2,20,10,0.0005,0.0005,mrlco_first_order_mean_pseudogradient,fixed_literature_derived_defaults,,,,,,
609.6030642221451,0.0,0.0,0.0,0.0,0.0,0.020911814511687797,1.0690414905548096,publication,37.13599705696106,68.94442486763,0.8594629352816857,0.9365256763558795,10000,0.0915269766058241,1.086579404115751,0.5909427552652542,66.32499166418457,93,0.9365256763558795,644.2572168543094,meta_train_support,0,MARGO-SPLIT-v1,20,20,80,3,94,0.0,0.2,20,10,0.0005,0.0005,mrlco_first_order_mean_pseudogradient,fixed_literature_derived_defaults,,,,,,
608.3862279260907,0.0,0.0,0.0,0.0,0.0,0.01994860263769971,1.0219874382019043,publication,35.38025999069214,68.83713936805725,0.8742631291737379,0.9532561419272227,10000,0.07275934617682919,1.0941469446163417,0.6439784816028088,62.3442572068567,94,0.9532561419272227,615.3583934093747,meta_train_support,0,MARGO-SPLIT-v1,20,20,80,3,95,0.0,0.2,20,10,0.0005,0.0005,mrlco_first_order_mean_pseudogradient,fixed_literature_derived_defaults,,,,,,
614.3393724738257,0.0,0.0,0.0,0.0,0.0,0.023246839527389276,0.9554219245910645,publication,35.57238841056824,70.33979034423828,0.8669587349652392,0.9442024753422291,10000,0.08534484397361985,1.086579404115751,0.6482421247988838,62.97281700921337,95,0.9442024753422291,634.6648082192802,meta_train_support,0,MARGO-SPLIT-v1,20,20,80,3,96,0.0,0.2,20,10,0.0005,0.0005,mrlco_first_order_mean_pseudogradient,fixed_literature_derived_defaults,,,,,,
635.663311688069,0.0,0.0,0.0,0.0,0.0,0.025770651106280237,0.9220726490020752,publication,36.224541902542114,69.47793006896973,0.85005319984332,0.9277361840000183,10000,0.08263795881670505,1.0524041281083911,0.6416411344315394,76.36352690954699,96,0.9277361840000183,706.3557363053459,meta_train_support,0,MARGO-SPLIT-v1,20,20,80,3,97,0.0,0.2,20,10,0.0005,0.0005,mrlco_first_order_mean_pseudogradient,fixed_literature_derived_defaults,,,,,,
603.7171097471783,0.0,0.0,0.0,0.0,0.0,0.023524966846283454,0.9496779441833496,publication,35.98132300376892,69.37928652763367,0.8747590665604965,0.9537579655379114,10000,0.07150146301253395,1.070076978048335,0.6930374043680798,63.00180125399498,97,0.9537579655379114,617.0600413179643,meta_train_support,0,MARGO-SPLIT-v1,20,20,80,3,98,0.0,0.2,20,10,0.0005,0.0005,mrlco_first_order_mean_pseudogradient,fixed_literature_derived_defaults,,,,,,
613.843956344509,0.0,0.0,0.0,0.0,0.0,0.024100336324473202,1.0137474536895752,publication,36.43297863006592,70.35060620307922,0.8624655489755755,0.9407163277859961,10000,0.08171936706662963,1.0787125489450702,0.6602958161959057,65.9095716778504,98,0.9407163277859961,648.9886269309139,meta_train_support,0,MARGO-SPLIT-v1,20,20,80,3,99,0.0,0.2,20,10,0.0005,0.0005,mrlco_first_order_mean_pseudogradient,fixed_literature_derived_defaults,,,,,,
602.4160068875041,0.0,0.0,0.0,0.0,0.0,0.022771991570775713,1.0566580295562744,publication,29.62879991531372,68.97332787513733,0.8747076935757745,0.9524057119040368,10000,0.08773603871452126,1.0777463278934072,0.5673357573077445,64.4044203890212,99,0.9524057119040368,622.9897881080886,meta_train_support,0,MARGO-SPLIT-v1,20,20,80,3,100,0.0,0.2,20,10,0.0005,0.0005,mrlco_first_order_mean_pseudogradient,fixed_literature_derived_defaults,,,,,,
604.6792284925733,0.0,0.0,0.0,0.0,0.0,0.024972224216778586,1.030874252319336,publication,32.77817511558533,70.67399287223816,0.8703448529363943,0.9487291601362653,10000,0.08744416490992624,1.083719008968831,0.6536123073929161,60.62570827388655,100,0.9487291601362653,612.9192453439848,meta_train_support,0,MARGO-SPLIT-v1,20,20,80,3,101,0.0,0.2,20,10,0.0005,0.0005,mrlco_first_order_mean_pseudogradient,fixed_literature_derived_defaults,0.9523070316256173,0.9522173688771497,631.3959634638593,631.2074687213845,validation_query_composite_objective,0
610.0874743387767,0.0,0.0,0.0,0.0,0.0,0.0252157989358063,0.9980515241622925,publication,37.714385747909546,70.37762427330017,0.8742607521790411,0.9552478769842674,10000,0.08311400845101938,1.0870716329564,0.5856614368007225,60.927538547135434,101,0.9552478769842674,621.0624555756664,meta_train_support,0,MARGO-SPLIT-v1,20,20,80,3,102,0.0,0.2,20,10,0.0005,0.0005,mrlco_first_order_mean_pseudogradient,fixed_literature_derived_defaults,,,,,,
609.7279719487054,0.0,0.0,0.0,0.0,0.0,0.027371163851935266,0.96295166015625,publication,36.07584595680237,69.03560709953308,0.8703468709893903,0.9476168312736527,10000,0.08707175642029372,1.0941469446163417,0.5927341929857837,70.2929062109212,102,0.9476168312736527,630.1099346533013,meta_train_support,0,MARGO-SPLIT-v1,20,20,80,3,103,0.0,0.2,20,10,0.0005,0.0005,mrlco_first_order_mean_pseudogradient,fixed_literature_derived_defaults,,,,,,
612.0716486072267,0.0,0.0,0.0,0.0,0.0,0.029123477772787006,0.9650697708129883,publication,35.03403973579407,68.21983814239502,0.8562209401823944,0.932281149941053,10000,0.0919878678962925,1.0870716329564,0.6299365895081598,68.64986963451767,103,0.932281149941053,652.857552220854,meta_train_support,0,MARGO-SPLIT-v1,20,20,80,3,104,0.0,0.2,20,10,0.0005,0.0005,mrlco_first_order_mean_pseudogradient,fixed_literature_derived_defaults,,,,,,
606.9201489113535,0.0,0.0,0.0,0.0,0.0,0.027722274593015232,0.9783262610435486,publication,38.06400942802429,68.26645565032959,0.8687149058125153,0.9466544403569275,10000,0.09305964774634112,1.0870716329564,0.6074668407623465,63.841039411993684,104,0.9466544403569275,622.5842371576746,meta_train_support,0,MARGO-SPLIT-v1,20,20,80,3,105,0.0,0.2,20,10,0.0005,0.0005,mrlco_first_order_mean_pseudogradient,fixed_literature_derived_defaults,,,,,,
592.2432698330607,0.0,0.0,0.0,0.0,0.0,0.025367842718448837,0.9787194728851318,publication,33.611735105514526,68.27038049697876,0.8840403177990076,0.9644425247999159,10000,0.080036411093383,1.0733201117294189,0.6188541744439724,57.55204417137059,105,0.9644425247999159,590.7348067313807,meta_train_support,0,MARGO-SPLIT-v1,20,20,80,3,106,0.0,0.2,20,10,0.0005,0.0005,mrlco_first_order_mean_pseudogradient,fixed_literature_derived_defaults,,,,,,
629.7362235133307,0.0,0.0,0.0,0.0,0.0,0.03125673042027091,1.0098400115966797,publication,33.90731930732727,68.43043971061707,0.8478090628027815,0.923097820514269,10000,0.09014983584660521,1.086579404115751,0.5985988553756548,78.10541736686723,106,0.923097820514269,712.9904462753527,meta_train_support,0,MARGO-SPLIT-v1,20,20,80,3,107,0.0,0.2,20,10,0.0005,0.0005,mrlco_first_order_mean_pseudogradient,fixed_literature_derived_defaults,,,,,,
608.265731272275,0.0,0.0,0.0,0.0,0.0,0.028846052249382283,1.0087405443191528,publication,36.75531458854675,70.18084263801575,0.8662891484274964,0.9462986445008162,10000,0.09348727561542503,1.0812783929932934,0.6299365895081598,63.55379005762264,107,0.9462986445008162,617.0598954954816,meta_train_support,0,MARGO-SPLIT-v1,20,20,80,3,108,0.0,0.2,20,10,0.0005,0.0005,mrlco_first_order_mean_pseudogradient,fixed_literature_derived_defaults,,,,,,
637.3500925179618,0.0,0.0,0.0,0.0,0.0,0.03417846404021451,0.999191164970398,publication,37.6022367477417,69.35547804832458,0.8398013732059613,0.9147400352516517,10000,0.10006200763839317,1.0647155336633405,0.5808589146894795,73.88587171418196,108,0.9147400352516517,725.2888009009348,meta_train_support,0,MARGO-SPLIT-v1,20,20,80,3,109,0.0,0.2,20,10,0.0005,0.0005,mrlco_first_order_mean_pseudogradient,fixed_literature_derived_defaults,,,,,,
599.1756628270695,0.0,0.0,0.0,0.0,0.0,0.02807819731758798,1.0147709846496582,publication,36.057013750076294,68.04277515411377,0.8779676807810796,0.9577511042425569,10000,0.07965068295283738,1.1035767700017376,0.6707515915465122,57.33401900729354,109,0.9577511042425569,602.2984581299877,meta_train_support,0,MARGO-SPLIT-v1,20,20,80,3,110,0.0,0.2,20,10,0.0005,0.0005,mrlco_first_order_mean_pseudogradient,fixed_literature_derived_defaults,,,,,,
611.075514126328,0.0,0.0,0.0,0.0,0.0,0.02643881217392478,1.0663436651229858,publication,36.63115477561951,68.36827683448792,0.868103385053698,0.9451051160403333,10000,0.09370985873985113,1.0870716329564,0.6248360952512204,67.34793422459067,110,0.9451051160403333,635.5758105627618,meta_train_support,0,MARGO-SPLIT-v1,20,20,80,3,111,0.0,0.2,20,10,0.0005,0.0005,mrlco_first_order_mean_pseudogradient,fixed_literature_derived_defaults,,,,,,
611.8361027888026,0.0,0.0,0.0,0.0,0.0,0.02408200871459954,1.03397536277771,publication,34.4005446434021,68.45132422447205,0.8713874844116135,0.9514356041438444,10000,0.08233312660042544,1.0870716329564,0.6257181659906687,59.46943975759512,111,0.9514356041438444,616.0830704296275,meta_train_support,0,MARGO-SPLIT-v1,20,20,80,3,112,0.0,0.2,20,10,0.0005,0.0005,mrlco_first_order_mean_pseudogradient,fixed_literature_derived_defaults,,,,,,
613.8801960079602,0.0,0.0,0.0,0.0,0.0,0.024179190729658354,0.9767187833786011,publication,36.79774236679077,66.8223009109497,0.8683522921182039,0.9441566916541687,10000,0.08313905564328354,1.0870716329564,0.6142038083877824,65.62714413663875,112,0.9441566916541687,642.1920681260204,meta_train_support,0,MARGO-SPLIT-v1,20,20,80,3,113,0.0,0.2,20,10,0.0005,0.0005,mrlco_first_order_mean_pseudogradient,fixed_literature_derived_defaults,,,,,,
592.1691951543127,0.0,0.0,0.0,0.0,0.0,0.019689615538720187,0.9517884850502014,publication,37.46268320083618,68.04083061218262,0.8846194220654945,0.9648165996609789,10000,0.086641077545999,1.0870716329564,0.6387511416667657,54.57050976805077,113,0.9648165996609789,576.5046847517259,meta_train_support,0,MARGO-SPLIT-v1,20,20,80,3,114,0.0,0.2,20,10,0.0005,0.0005,mrlco_first_order_mean_pseudogradient,fixed_literature_derived_defaults,,,,,,
597.8222073810168,0.0,0.0,0.0,0.0,0.0,0.01726870127408203,0.9869277477264404,publication,37.05763816833496,69.58244276046753,0.8798393733341936,0.9614567973358881,10000,0.07118548562613763,1.0715482848323281,0.6858068159461677,55.46547908431337,114,0.9614567973358881,585.1958992862837,meta_train_support,0,MARGO-SPLIT-v1,20,20,80,3,115,0.0,0.2,20,10,0.0005,0.0005,mrlco_first_order_mean_pseudogradient,fixed_literature_derived_defaults,,,,,,
611.8795002347811,0.0,0.0,0.0,0.0,0.0,0.017694870215686675,1.0015920400619507,publication,37.19793510437012,68.65176677703857,0.8661279667336624,0.9433869905064352,10000,0.08858931854972828,1.0896422730966202,0.6323083726201372,62.27672885450091,115,0.9433869905064352,637.3197778248215,meta_train_support,0,MARGO-SPLIT-v1,20,20,80,3,116,0.0,0.2,20,10,0.0005,0.0005,mrlco_first_order_mean_pseudogradient,fixed_literature_derived_defaults,,,,,,
609.8696032843862,0.0,0.0,0.0,0.0,0.0,0.01601061259249859,0.9794710278511047,publication,34.54700064659119,68.10544943809509,0.8701177913633453,0.9467750763671151,10000,0.08873757096343113,1.0812783929932934,0.6320743109312063,60.42959076300005,116,0.9467750763671151,621.470397077168,meta_train_support,0,MARGO-SPLIT-v1,20,20,80,3,117,0.0,0.2,20,10,0.0005,0.0005,mrlco_first_order_mean_pseudogradient,fixed_literature_derived_defaults,,,,,,
636.2397971283913,0.0,0.0,0.0,0.0,0.0,0.01627548109782995,0.9498725533485413,publication,36.1448769569397,70.37265300750732,0.8394897835988413,0.9151153074527998,10000,0.09188684508577134,1.086579404115751,0.6299365895081598,72.00301707650365,117,0.9151153074527998,713.9041083688982,meta_train_support,0,MARGO-SPLIT-v1,20,20,80,3,118,0.0,0.2,20,10,0.0005,0.0005,mrlco_first_order_mean_pseudogradient,fixed_literature_derived_defaults,,,,,,
611.2388333680018,0.0,0.0,0.0,0.0,0.0,0.013084929717354159,0.9488719701766968,publication,35.11722254753113,69.2037558555603,0.8737798755249483,0.9533499520647071,10000,0.07963755904142192,1.0827167404143352,0.6789233494947274,57.825217034834125,118,0.9533499520647071,615.0320038370664,meta_train_support,0,MARGO-SPLIT-v1,20,20,80,3,119,0.0,0.2,20,10,0.0005,0.0005,mrlco_first_order_mean_pseudogradient,fixed_literature_derived_defaults,,,,,,
587.3677328283991,0.0,0.0,0.0,0.0,0.0,0.011517961450514085,0.9553613066673279,publication,34.618603467941284,67.06923055648804,0.8779149509938768,0.9562737044216525,10000,0.08229932587371659,1.0941469446163417,0.6081234011194071,55.861941499169205,119,0.9562737044216525,595.0276460855838,meta_train_support,0,MARGO-SPLIT-v1,20,20,80,3,120,0.0,0.2,20,10,0.0005,0.0005,mrlco_first_order_mean_pseudogradient,fixed_literature_derived_defaults,,,,,,
613.8012203665733,0.0,0.0,0.0,0.0,0.0,0.011058135621951517,1.0033231973648071,publication,37.410277128219604,68.71767854690552,0.8590695027288779,0.9356745151492203,10000,0.09032151128107815,1.0700036746145594,0.6285567091549473,63.36564587347619,120,0.9356745151492203,655.9421457306944,meta_train_support,0,MARGO-SPLIT-v1,20,20,80,3,121,0.0,0.2,20,10,0.0005,0.0005,mrlco_first_order_mean_pseudogradient,fixed_literature_derived_defaults,,,,,,
608.3542729327339,0.0,0.0,0.0,0.0,0.0,0.009319171191380374,1.057957649230957,publication,36.68258810043335,69.20229506492615,0.8783619704191832,0.9582614463192358,10000,0.06903796677199578,1.0694930158525962,0.7420698052419564,57.42365323095191,121,0.9582614463192358,613.0170892853968,meta_train_support,0,MARGO-SPLIT-v1,20,20,80,3,122,0.0,0.2,20,10,0.0005,0.0005,mrlco_first_order_mean_pseudogradient,fixed_literature_derived_defaults,,,,,,
615.8743729006086,0.0,0.0,0.0,0.0,0.0,0.008943741258758119,1.047912359237671,publication,36.3832471370697,68.50729703903198,0.8685815677774815,0.9476728314088372,10000,0.0904897969272102,1.0827167404143352,0.5808589146894795,61.27062302326306,122,0.9476728314088374,641.8189035839584,meta_train_support,0,MARGO-SPLIT-v1,20,20,80,3,123,0.0,0.2,20,10,0.0005,0.0005,mrlco_first_order_mean_pseudogradient,fixed_literature_derived_defaults,,,,,,
613.5091021965707,0.0,0.0,0.0,0.0,0.0,0.008777239639492075,0.9925807118415833,publication,36.22170448303223,70.4986002445221,0.8684706180762635,0.9475356995116184,10000,0.08629505429614291,1.0827167404143352,0.6440801345700761,59.871013748878475,123,0.9475356995116184,639.7098356807504,meta_train_support,0,MARGO-SPLIT-v1,20,20,80,3,124,0.0,0.2,20,10,0.0005,0.0005,mrlco_first_order_mean_pseudogradient,fixed_literature_derived_defaults,,,,,,
609.3268856763023,0.0,0.0,0.0,0.0,0.0,0.008544706086270814,0.9614052772521973,publication,37.79579544067383,69.74939727783203,0.8689350027866736,0.9460411814453873,10000,0.08917538707821096,1.0941469446163417,0.6515168403665417,60.83399170719212,124,0.9460411814453873,634.3898468884645,meta_train_support,0,MARGO-SPLIT-v1,20,20,80,3,125,0.0,0.2,20,10,0.0005,0.0005,mrlco_first_order_mean_pseudogradient,fixed_literature_derived_defaults,,,,,,
605.0793720455852,0.0,0.0,0.0,0.0,0.0,0.008070173211737728,0.9678563475608826,publication,36.57667422294617,70.75744891166687,0.8835841247881268,0.9631822824028202,10000,0.08239393010419536,1.0941469446163417,0.6497414594588178,54.19344806668582,125,0.9631822824028202,587.3317518295506,meta_train_support,0,MARGO-SPLIT-v1,20,20,80,3,126,0.0,0.2,20,10,0.0005,0.0005,mrlco_first_order_mean_pseudogradient,fixed_literature_derived_defaults,,,,,,
590.4636995681354,0.0,0.0,0.0,0.0,0.0,0.00713466400623005,1.0142911672592163,publication,35.74365520477295,69.6750135421753,0.8874979233917926,0.9682366618978011,10000,0.07822639825933692,1.0941469446163417,0.6626027327745643,48.94043323358569,126,0.9682366618978011,551.9863074304186,meta_train_support,0,MARGO-SPLIT-v1,20,20,80,3,127,0.0,0.2,20,10,0.0005,0.0005,mrlco_first_order_mean_pseudogradient,fixed_literature_derived_defaults,,,,,,
610.1292321139064,0.0,0.0,0.0,0.0,0.0,0.007102524800133174,1.0303930044174194,publication,34.36198544502258,70.197744846344,0.8760360480718175,0.9560244458818957,10000,0.07261401334429281,1.0811467714495175,0.7031021471366617,57.77058791297618,127,0.9560244458818957,616.915468465399,meta_train_support,0,MARGO-SPLIT-v1,20,20,80,3,128,0.0,0.2,20,10,0.0005,0.0005,mrlco_first_order_mean_pseudogradient,fixed_literature_derived_defaults,,,,,,
605.9836378063475,0.0,0.0,0.0,0.0,0.0,0.007581091559914297,1.0026159286499023,publication,36.519412994384766,69.39641237258911,0.8629302470601277,0.9417355646187874,10000,0.08745087003256553,1.0703377335940178,0.5808589146894795,63.16054582980897,128,0.9417355646187874,664.7938493247291,meta_train_support,0,MARGO-SPLIT-v1,20,20,80,3,129,0.0,0.2,20,10,0.0005,0.0005,mrlco_first_order_mean_pseudogradient,fixed_literature_derived_defaults,,,,,,
600.3576359473092,0.0,0.0,0.0,0.0,0.0,0.008469417600604186,0.9258509874343872,publication,35.57672309875488,67.79188108444214,0.8715402993513568,0.9488059370214434,10000,0.08274004820136002,1.0777463278934072,0.660061202369089,58.180233732218504,129,0.9488059370214434,616.7376910083022,meta_train_support,0,MARGO-SPLIT-v1,20,20,80,3,130,0.0,0.2,20,10,0.0005,0.0005,mrlco_first_order_mean_pseudogradient,fixed_literature_derived_defaults,,,,,,
602.9950512143134,0.0,0.0,0.0,0.0,0.0,0.00905066459700779,0.9091843962669373,publication,37.73150825500488,67.51205492019653,0.8807056867531583,0.9594992661152127,10000,0.07626084689051366,1.0811467714495175,0.6472078771042221,54.472185895727215,130,0.9594992661152127,600.2353566834122,meta_train_support,0,MARGO-SPLIT-v1,20,20,80,3,131,0.0,0.2,20,10,0.0005,0.0005,mrlco_first_order_mean_pseudogradient,fixed_literature_derived_defaults,,,,,,
616.5712744361742,0.0,0.0,0.0,0.0,0.0,0.009645459604917365,0.9728649258613586,publication,37.77202844619751,70.07380604743958,0.8697270722539339,0.9492633929147846,10000,0.07916464421549087,1.0715482848323281,0.6737613451133696,60.623979024457654,131,0.9492633929147846,641.6296799070373,meta_train_support,0,MARGO-SPLIT-v1,20,20,80,3,132,0.0,0.2,20,10,0.0005,0.0005,mrlco_first_order_mean_pseudogradient,fixed_literature_derived_defaults,,,,,,
643.865541170924,0.0,0.0,0.0,0.0,0.0,0.01100727660829042,1.0322939157485962,publication,35.75210952758789,69.58304381370544,0.8431928124653963,0.919178430223382,10000,0.08578858616892655,1.0870716329564,0.6705640540093731,70.35474948978664,132,0.919178430223382,708.2234280056015,meta_train_support,0,MARGO-SPLIT-v1,20,20,80,3,133,0.0,0.2,20,10,0.0005,0.0005,mrlco_first_order_mean_pseudogradient,fixed_literature_derived_defaults,,,,,,
605.2735970924923,0.0,0.0,0.0,0.0,0.0,0.009782581944301774,1.0369654893875122,publication,37.15396165847778,68.78322911262512,0.8791696349585556,0.9598622473185644,10000,0.07847508901148019,1.1035767700017376,0.6545799901034548,57.07344027424405,133,0.9598622473185644,593.4000536944948,meta_train_support,0,MARGO-SPLIT-v1,20,20,80,3,134,0.0,0.2,20,10,0.0005,0.0005,mrlco_first_order_mean_pseudogradient,fixed_literature_derived_defaults,,,,,,
607.0248130679947,0.0,0.0,0.0,0.0,0.0,0.01193458804514711,0.9854102730751038,publication,38.2402400970459,68.07383847236633,0.87046088873738,0.9486599942576548,10000,0.08544990593741501,1.0812783929932934,0.57510495778391,59.75970583181016,134,0.9486599942576548,620.3441066833755,meta_train_support,0,MARGO-SPLIT-v1,20,20,80,3,135,0.0,0.2,20,10,0.0005,0.0005,mrlco_first_order_mean_pseudogradient,fixed_literature_derived_defaults,,,,,,
628.1721693165507,0.0,0.0,0.0,0.0,0.0,0.014242605341818383,0.9604154229164124,publication,37.15763998031616,69.18924760818481,0.850611616713956,0.9272113003818547,10000,0.09242117720888234,1.1035767700017376,0.6304247407341808,68.1394038729827,135,0.9272113003818547,694.6930043335029,meta_train_support,0,MARGO-SPLIT-v1,20,20,80,3,136,0.0,0.2,20,10,0.0005,0.0005,mrlco_first_order_mean_pseudogradient,fixed_literature_derived_defaults,,,,,,
612.7165585407394,0.0,0.0,0.0,0.0,0.0,0.01520466960479873,0.9648135304450989,publication,36.28877830505371,74.83848643302917,0.8604046930801833,0.9371792215581422,10000,0.0949817049987321,1.0941469446163417,0.6245757038391653,64.80087452823884,136,0.9371792215581422,659.3703129077625,meta_train_support,0,MARGO-SPLIT-v1,20,20,80,3,137,0.0,0.2,20,10,0.0005,0.0005,mrlco_first_order_mean_pseudogradient,fixed_literature_derived_defaults,,,,,,
627.9561715879032,0.0,0.0,0.0,0.0,0.0,0.01586584381820533,0.9530368447303772,publication,35.44373607635498,72.58919477462769,0.8532144594140884,0.9310449214508062,10000,0.07734173329189181,1.0616356726640896,0.6421553350995316,68.49638578880348,137,0.9310449214508062,696.0011640236745,meta_train_support,0,MARGO-SPLIT-v1,20,20,80,3,138,0.0,0.2,20,10,0.0005,0.0005,mrlco_first_order_mean_pseudogradient,fixed_literature_derived_defaults,,,,,,
610.2033067926543,0.0,0.0,0.0,0.0,0.0,0.013247214191458157,1.0108575820922852,publication,34.65401554107666,69.90214920043945,0.8823049437111742,0.9631846762942085,10000,0.07019806079861332,1.0827167404143352,0.6423576043818772,56.07419507986025,138,0.9631846762942085,605.0174440296527,meta_train_support,0,MARGO-SPLIT-v1,20,20,80,3,139,0.0,0.2,20,10,0.0005,0.0005,mrlco_first_order_mean_pseudogradient,fixed_literature_derived_defaults,,,,,,
608.2021219882965,0.0,0.0,0.0,0.0,0.0,0.012986241211498366,1.05620539188385,publication,33.74740147590637,69.02774572372437,0.8719269304619909,0.949233625156464,10000,0.0879171822028604,1.0941469446163417,0.6258309863463717,62.05308170523557,139,0.9492336251564643,624.8906702603804,meta_train_support,0,MARGO-SPLIT-v1,20,20,80,3,140,0.0,0.2,20,10,0.0005,0.0005,mrlco_first_order_mean_pseudogradient,fixed_literature_derived_defaults,,,,,,
626.9257377568108,0.0,0.0,0.0,0.0,0.0,0.013932619444355627,1.0645804405212402,publication,32.779975175857544,69.9355878829956,0.8597715021035494,0.937542941379689,10000,0.08590089167364306,1.083719008968831,0.6318206189016772,65.84017475804673,140,0.937542941379689,666.5098966266032,meta_train_support,0,MARGO-SPLIT-v1,20,20,80,3,141,0.0,0.2,20,10,0.0005,0.0005,mrlco_first_order_mean_pseudogradient,fixed_literature_derived_defaults,,,,,,
607.9056998725346,0.0,0.0,0.0,0.0,0.0,0.014605721093056554,0.9701496362686157,publication,36.13922834396362,69.04962706565857,0.870858745899258,0.948692010497437,10000,0.07893509144567283,1.078007433305869,0.6677490735526563,60.36014688144929,141,0.9486920104974371,625.6974929753726,meta_train_support,0,MARGO-SPLIT-v1,20,20,80,3,142,0.0,0.2,20,10,0.0005,0.0005,mrlco_first_order_mean_pseudogradient,fixed_literature_derived_defaults,,,,,,
613.8897603118214,0.0,0.0,0.0,0.0,0.0,0.01571366810902486,0.8856747150421143,publication,34.97425365447998,69.61751437187195,0.8674198892655897,0.9467000098815938,10000,0.0877251017554401,1.1035767700017376,0.4597548773037945,59.58401146479781,142,0.9467000098815939,624.6099392457062,meta_train_support,0,MARGO-SPLIT-v1,20,20,80,3,143,0.0,0.2,20,10,0.0005,0.0005,mrlco_first_order_mean_pseudogradient,fixed_literature_derived_defaults,,,,,,
596.5325412389074,0.0,0.0,0.0,0.0,0.0,0.016602990775693344,0.8672193288803101,publication,36.46273732185364,67.47850155830383,0.8751718604311447,0.9523300220218727,10000,0.08772315510849285,1.0811467714495175,0.6593832866751556,58.43290632422436,143,0.9523300220218727,602.4940198265266,meta_train_support,0,MARGO-SPLIT-v1,20,20,80,3,144,0.0,0.2,20,10,0.0005,0.0005,mrlco_first_order_mean_pseudogradient,fixed_literature_derived_defaults,,,,,,
621.2663812090739,0.0,0.0,0.0,0.0,0.0,0.0179637847697763,0.8966142535209656,publication,34.68152642250061,69.28078079223633,0.8570795631323561,0.933044085106083,10000,0.091081233116478,1.1035767700017376,0.6323083726201372,68.02267659904146,144,0.933044085106083,678.4055355206326,meta_train_support,0,MARGO-SPLIT-v1,20,20,80,3,145,0.0,0.2,20,10,0.0005,0.0005,mrlco_first_order_mean_pseudogradient,fixed_literature_derived_defaults,,,,,,
606.026770670196,0.0,0.0,0.0,0.0,0.0,0.015577817902526844,1.008292317390442,publication,37.197715759277344,69.2235209941864,0.8695599257948609,0.9491231149895136,10000,0.08384016680039903,1.0777463278934072,0.6667395805797545,57.9462183776838,145,0.9491231149895136,611.2417560933317,meta_train_support,0,MARGO-SPLIT-v1,20,20,80,3,146,0.0,0.2,20,10,0.0005,0.0005,mrlco_first_order_mean_pseudogradient,fixed_literature_derived_defaults,,,,,,
613.6103419111524,0.0,0.0,0.0,0.0,0.0,0.015666641431824543,1.070067286491394,publication,37.15336203575134,68.75866055488586,0.8637541396250028,0.9424264647724802,10000,0.08999886121193114,1.1035767700017376,0.6560522356161024,63.73717777604256,146,0.9424264647724802,656.6568394476632,meta_train_support,0,MARGO-SPLIT-v1,20,20,80,3,147,0.0,0.2,20,10,0.0005,0.0005,mrlco_first_order_mean_pseudogradient,fixed_literature_derived_defaults,,,,,,
605.380458361285,0.0,0.0,0.0,0.0,0.0,0.016600995657454612,1.0501160621643066,publication,35.404658794403076,68.95247197151184,0.8717561284604369,0.9498642648120371,10000,0.07667232017640976,1.0811467714495175,0.6441482650134972,60.25945148865679,147,0.9498642648120371,609.5304424057457,meta_train_support,0,MARGO-SPLIT-v1,20,20,80,3,148,0.0,0.2,20,10,0.0005,0.0005,mrlco_first_order_mean_pseudogradient,fixed_literature_derived_defaults,,,,,,
599.1959063969886,0.0,0.0,0.0,0.0,0.0,0.017718320147506347,0.952573299407959,publication,31.537360191345215,68.87527585029602,0.8856922639172801,0.965333249758863,10000,0.07899147598798698,1.0859245074445334,0.5904296110888548,53.809236620284594,148,0.965333249758863,569.8348969553525,meta_train_support,0,MARGO-SPLIT-v1,20,20,80,3,149,0.0,0.2,20,10,0.0005,0.0005,mrlco_first_order_mean_pseudogradient,fixed_literature_derived_defaults,,,,,,
622.1837231839725,0.0,0.0,0.0,0.0,0.0,0.0221332195561504,0.8697575926780701,publication,35.15328311920166,69.52378058433533,0.8516257233359911,0.9272374391638525,10000,0.08528040636554118,1.0811467714495175,0.6456768796850271,72.78576162829067,149,0.9272374391638525,704.5267574424225,meta_train_support,0,MARGO-SPLIT-v1,20,20,80,3,150,0.0,0.2,20,10,0.0005,0.0005,mrlco_first_order_mean_pseudogradient,fixed_literature_derived_defaults,,,,,,
614.1040912375314,0.0,0.0,0.0,0.0,0.0,0.02182385315210314,0.8777919411659241,publication,32.60202622413635,69.74684977531433,0.8709058846372533,0.9499718312839519,10000,0.0892466965198025,1.0941469446163417,0.6372090201104615,60.99275847257194,150,0.9499718312839519,620.7192344525118,meta_train_support,0,MARGO-SPLIT-v1,20,20,80,3,151,0.0,0.2,20,10,0.0005,0.0005,mrlco_first_order_mean_pseudogradient,fixed_literature_derived_defaults,0.9531113672666278,0.9528618830474427,630.9206753980957,631.1655108066574,validation_query_composite_objective,1
609.2411621239116,0.0,0.0,0.0,0.0,0.0,0.02182931226602382,0.9213911294937134,publication,36.69347023963928,68.5791437625885,0.8662010510426644,0.946281134759749,10000,0.08293015661641778,1.0811467714495175,0.6560002441632402,59.77605044997875,151,0.946281134759749,626.0608922814846,meta_train_support,0,MARGO-SPLIT-v1,20,20,80,3,152,0.0,0.2,20,10,0.0005,0.0005,mrlco_first_order_mean_pseudogradient,fixed_literature_derived_defaults,,,,,,
627.6294517084667,0.0,0.0,0.0,0.0,0.0,0.023080705802481106,0.99251788854599,publication,34.69992518424988,69.43535828590393,0.8505857866963299,0.9285207166570264,10000,0.09360333103791973,1.0870716329564,0.5788078356255253,68.60137616731721,152,0.9285207166570264,687.599538748925,meta_train_support,0,MARGO-SPLIT-v1,20,20,80,3,153,0.0,0.2,20,10,0.0005,0.0005,mrlco_first_order_mean_pseudogradient,fixed_literature_derived_defaults,,,,,,
608.5737048308645,0.0,0.0,0.0,0.0,0.0,0.02069708012054436,1.0647779703140259,publication,36.22984862327576,69.24015283584595,0.8744640071440083,0.9524744231378274,10000,0.08404771504965229,1.086579404115751,0.6092671419710923,61.06698088136085,153,0.9524744231378274,611.0529415177195,meta_train_support,0,MARGO-SPLIT-v1,20,20,80,3,154,0.0,0.2,20,10,0.0005,0.0005,mrlco_first_order_mean_pseudogradient,fixed_literature_derived_defaults,,,,,,
599.1121717175755,0.0,0.0,0.0,0.0,0.0,0.021043754652561707,1.0712409019470215,publication,35.916752338409424,69.2066125869751,0.8803106950865393,0.9594815601770129,10000,0.08397722564084324,1.0870716329564,0.6369821344245961,60.69984005564483,154,0.9594815601770129,602.7993932351658,meta_train_support,0,MARGO-SPLIT-v1,20,20,80,3,155,0.0,0.2,20,10,0.0005,0.0005,mrlco_first_order_mean_pseudogradient,fixed_literature_derived_defaults,,,,,,
596.079923252024,0.0,0.0,0.0,0.0,0.0,0.020986734976366623,1.0355277061462402,publication,36.05483627319336,70.677894115448,0.884796901802753,0.966303650728072,10000,0.07587156280924585,1.0822258512803418,0.6515168403665417,54.255571883589276,155,0.966303650728072,569.8148151008103,meta_train_support,0,MARGO-SPLIT-v1,20,20,80,3,156,0.0,0.2,20,10,0.0005,0.0005,mrlco_first_order_mean_pseudogradient,fixed_literature_derived_defaults,,,,,,
612.7337415135112,0.0,0.0,0.0,0.0,0.0,0.025561149886607588,0.9481797814369202,publication,37.23973608016968,68.32336211204529,0.8659146517016351,0.9420854599943547,10000,0.08692978315958884,1.0822258512803418,0.6429886696817848,65.07131936908291,156,0.9420854599943547,644.378685356662,meta_train_support,0,MARGO-SPLIT-v1,20,20,80,3,157,0.0,0.2,20,10,0.0005,0.0005,mrlco_first_order_mean_pseudogradient,fixed_literature_derived_defaults,,,,,,
610.1327797016553,0.0,0.0,0.0,0.0,0.0,0.02692055877914055,0.8931362628936768,publication,34.726134061813354,68.6667046546936,0.8700810616898184,0.9476991328483418,10000,0.09148907599649878,1.0941469446163417,0.6220091040496466,61.249262430688646,157,0.9476991328483418,622.1635431638773,meta_train_support,0,MARGO-SPLIT-v1,20,20,80,3,158,0.0,0.2,20,10,0.0005,0.0005,mrlco_first_order_mean_pseudogradient,fixed_literature_derived_defaults,,,,,,
605.498963107586,0.0,0.0,0.0,0.0,0.0,0.025643654457138437,0.8658025860786438,publication,33.89805197715759,67.30592632293701,0.8774808220676332,0.957213370684141,10000,0.07773197015534247,1.086579404115751,0.6248643954822848,58.07727973055508,158,0.957213370684141,598.764690271274,meta_train_support,0,MARGO-SPLIT-v1,20,20,80,3,159,0.0,0.2,20,10,0.0005,0.0005,mrlco_first_order_mean_pseudogradient,fixed_literature_derived_defaults,,,,,,
613.8281238473346,0.0,0.0,0.0,0.0,0.0,0.025202982873918978,0.9099426865577698,publication,34.25099301338196,69.46347856521606,0.8675727354234736,0.9466968953555693,10000,0.08499010226482598,1.0812783929932934,0.6397559518907059,60.63526976671568,159,0.9466968953555692,614.4268312389646,meta_train_support,0,MARGO-SPLIT-v1,20,20,80,3,160,0.0,0.2,20,10,0.0005,0.0005,mrlco_first_order_mean_pseudogradient,fixed_literature_derived_defaults,,,,,,
603.3464869668824,0.0,0.0,0.0,0.0,0.0,0.02348615428617973,0.9814371466636658,publication,36.14691424369812,68.26668906211853,0.8699069574955857,0.9477692777697757,10000,0.09114716759536136,1.078007433305869,0.639938195119115,62.941837157602805,160,0.9477692777697757,633.9427334086254,meta_train_support,0,MARGO-SPLIT-v1,20,20,80,3,161,0.0,0.2,20,10,0.0005,0.0005,mrlco_first_order_mean_pseudogradient,fixed_literature_derived_defaults,,,,,,
605.4509548881531,0.0,0.0,0.0,0.0,0.0,0.019809361289289076,1.0869214534759521,publication,37.06302356719971,69.4924566745758,0.8821523818191257,0.9625207625653948,10000,0.07850212324440795,1.0787125489450702,0.5862706821609607,58.301967670824055,161,0.9625207625653948,597.8871466660894,meta_train_support,0,MARGO-SPLIT-v1,20,20,80,3,162,0.0,0.2,20,10,0.0005,0.0005,mrlco_first_order_mean_pseudogradient,fixed_literature_derived_defaults,,,,,,
612.8259348043306,0.0,0.0,0.0,0.0,0.0,0.019506636018010275,1.1148706674575806,publication,36.5423469543457,70.68461680412292,0.8672474801106024,0.9471406899388248,10000,0.08810937330360955,1.0827167404143352,0.6321852312372077,62.706185153691095,162,0.9471406899388248,630.3779051343346,meta_train_support,0,MARGO-SPLIT-v1,20,20,80,3,163,0.0,0.2,20,10,0.0005,0.0005,mrlco_first_order_mean_pseudogradient,fixed_literature_derived_defaults,,,,,,
608.5262968701771,0.0,0.0,0.0,0.0,0.0,0.019595827099881856,1.0478214025497437,publication,36.17058491706848,69.57663655281067,0.8663048969616267,0.9455229296573959,10000,0.0804956250439623,1.0683936486693157,0.6248843710647588,62.881921903653,163,0.9455229296573959,636.6858157497501,meta_train_support,0,MARGO-SPLIT-v1,20,20,80,3,164,0.0,0.2,20,10,0.0005,0.0005,mrlco_first_order_mean_pseudogradient,fixed_literature_derived_defaults,,,,,,
621.1481966086251,0.0,0.0,0.0,0.0,0.0,0.022977671283917957,0.9404871463775635,publication,37.72121715545654,69.97157788276672,0.8664464224799654,0.9430351943899928,10000,0.0828602064449684,1.0812783929932934,0.5810495779450082,66.91291522190792,164,0.9430351943899931,658.0767928878826,meta_train_support,0,MARGO-SPLIT-v1,20,20,80,3,165,0.0,0.2,20,10,0.0005,0.0005,mrlco_first_order_mean_pseudogradient,fixed_literature_derived_defaults,,,,,,
603.5720256858144,0.0,0.0,0.0,0.0,0.0,0.0228508215425817,0.8621495962142944,publication,34.093212842941284,68.53183436393738,0.8790913596206494,0.959721225685696,10000,0.08302451499271282,1.0896422730966202,0.6436095236490027,55.562058383584976,165,0.9597212256856957,581.0678876267827,meta_train_support,0,MARGO-SPLIT-v1,20,20,80,3,166,0.0,0.2,20,10,0.0005,0.0005,mrlco_first_order_mean_pseudogradient,fixed_literature_derived_defaults,,,,,,
622.4881245481901,0.0,0.0,0.0,0.0,0.0,0.026620117997271327,0.8274190425872803,publication,37.25392389297485,70.11398839950562,0.8475420402749029,0.92371486912989,10000,0.0879568397045797,1.07067119447014,0.6275714924796951,70.89078707984919,166,0.92371486912989,695.4109959410708,meta_train_support,0,MARGO-SPLIT-v1,20,20,80,3,167,0.0,0.2,20,10,0.0005,0.0005,mrlco_first_order_mean_pseudogradient,fixed_literature_derived_defaults,,,,,,
607.3334895290511,0.0,0.0,0.0,0.0,0.0,0.02614489645270653,0.8665884137153625,publication,35.56759810447693,67.88927173614502,0.8695294317781932,0.946473111137788,10000,0.08795629987916971,1.0827167404143352,0.6335768521631596,64.57023528745766,167,0.946473111137788,643.4474818041747,meta_train_support,0,MARGO-SPLIT-v1,20,20,80,3,168,0.0,0.2,20,10,0.0005,0.0005,mrlco_first_order_mean_pseudogradient,fixed_literature_derived_defaults,,,,,,
628.6121766523088,0.0,0.0,0.0,0.0,0.0,0.024203472969481346,0.9635459184646606,publication,35.27347183227539,68.5251145362854,0.8567303557602505,0.9354559188776355,10000,0.08309867458401018,1.0896422730966202,0.6421553350995316,67.83209270536189,168,0.9354559188776355,676.4610942423167,meta_train_support,0,MARGO-SPLIT-v1,20,20,80,3,169,0.0,0.2,20,10,0.0005,0.0005,mrlco_first_order_mean_pseudogradient,fixed_literature_derived_defaults,,,,,,
608.9759090321813,0.0,0.0,0.0,0.0,0.0,0.021985687667715442,1.0422531366348267,publication,36.378865242004395,68.81879949569702,0.8717397260569504,0.9503405655688716,10000,0.0780891392689502,1.1035767700017376,0.6417330531807528,61.42564118178226,169,0.9503405655688716,623.6539997222342,meta_train_support,0,MARGO-SPLIT-v1,20,20,80,3,170,0.0,0.2,20,10,0.0005,0.0005,mrlco_first_order_mean_pseudogradient,fixed_literature_derived_defaults,,,,,,
609.6461970859935,0.0,0.0,0.0,0.0,0.0,0.02244518574566749,1.0674786567687988,publication,37.51048493385315,68.59584426879883,0.8682939274770959,0.9449237000180185,10000,0.08900007336756666,1.1035767700017376,0.5999044913439069,64.83190877441531,170,0.9449237000180185,634.376194250153,meta_train_support,0,MARGO-SPLIT-v1,20,20,80,3,171,0.0,0.2,20,10,0.0005,0.0005,mrlco_first_order_mean_pseudogradient,fixed_literature_derived_defaults,,,,,,
599.9998925054415,0.0,0.0,0.0,0.0,0.0,0.021834943517059845,1.032448172569275,publication,37.0616888999939,68.58623456954956,0.8722619400156922,0.950565954568211,10000,0.08711991989114413,1.083719008968831,0.6406381555679596,59.62019722315604,171,0.950565954568211,610.2692598284558,meta_train_support,0,MARGO-SPLIT-v1,20,20,80,3,172,0.0,0.2,20,10,0.0005,0.0005,mrlco_first_order_mean_pseudogradient,fixed_literature_derived_defaults,,,,,,
621.6760041712353,0.0,0.0,0.0,0.0,0.0,0.0220427844820561,0.9802280068397522,publication,36.66958045959473,70.223965883255,0.8647545928146148,0.942103922200627,10000,0.08656108452581192,1.0683936486693157,0.5808589146894795,66.31298238268275,172,0.9421039222006268,655.8897724563312,meta_train_support,0,MARGO-SPLIT-v1,20,20,80,3,173,0.0,0.2,20,10,0.0005,0.0005,mrlco_first_order_mean_pseudogradient,fixed_literature_derived_defaults,,,,,,
622.2703727711541,0.0,0.0,0.0,0.0,0.0,0.021076642421874514,0.926657497882843,publication,37.43087816238403,70.80466747283936,0.8654966915070232,0.9451445481693801,10000,0.08952967446565241,1.0812783929932934,0.6120761464319462,63.04293207712392,173,0.94514454816938,637.7224062297739,meta_train_support,0,MARGO-SPLIT-v1,20,20,80,3,174,0.0,0.2,20,10,0.0005,0.0005,mrlco_first_order_mean_pseudogradient,fixed_literature_derived_defaults,,,,,,
606.2883035981041,0.0,0.0,0.0,0.0,0.0,0.020245047120301077,0.9190284609794617,publication,37.14537787437439,69.83047556877136,0.8738990201339366,0.952665113712419,10000,0.0910945215368633,1.1035767700017376,0.6362244618167621,59.02292043973241,174,0.952665113712419,610.4026271607863,meta_train_support,0,MARGO-SPLIT-v1,20,20,80,3,175,0.0,0.2,20,10,0.0005,0.0005,mrlco_first_order_mean_pseudogradient,fixed_literature_derived_defaults,,,,,,
602.1332803175244,0.0,0.0,0.0,0.0,0.0,0.019274253997160755,0.9447699189186096,publication,38.97307538986206,73.05524921417236,0.8734719414456186,0.9527089667381071,10000,0.09311648595831,1.0822258512803418,0.6304247407341808,58.01864800648913,175,0.9527089667381069,604.5199445045349,meta_train_support,0,MARGO-SPLIT-v1,20,20,80,3,176,0.0,0.2,20,10,0.0005,0.0005,mrlco_first_order_mean_pseudogradient,fixed_literature_derived_defaults,,,,,,
600.4158781288828,0.0,0.0,0.0,0.0,0.0,0.017674208377632346,0.9980651140213013,publication,35.76672434806824,69.81672620773315,0.872572031083054,0.9513514536015859,10000,0.09124564581321876,1.0941469446163417,0.5904224953259802,61.013797524909045,176,0.9513514536015859,628.6293780199187,meta_train_support,0,MARGO-SPLIT-v1,20,20,80,3,177,0.0,0.2,20,10,0.0005,0.0005,mrlco_first_order_mean_pseudogradient,fixed_literature_derived_defaults,,,,,,
631.5703788707461,0.0,0.0,0.0,0.0,0.0,0.017027838206253854,1.0508157014846802,publication,36.006338596343994,69.91874980926514,0.8544461514823377,0.9331506792418073,10000,0.08442965556372006,1.0787125489450702,0.6397559518907059,67.35867211862755,177,0.9331506792418073,663.2348720409067,meta_train_support,0,MARGO-SPLIT-v1,20,20,80,3,178,0.0,0.2,20,10,0.0005,0.0005,mrlco_first_order_mean_pseudogradient,fixed_literature_derived_defaults,,,,,,
623.4391009196962,0.0,0.0,0.0,0.0,0.0,0.017211002598289577,1.0225006341934204,publication,36.04148602485657,69.71102786064148,0.8610021819975715,0.9395979760796747,10000,0.09034253541317304,1.0870716329564,0.6299365895081598,64.73668523327105,178,0.9395979760796747,643.6963494275554,meta_train_support,0,MARGO-SPLIT-v1,20,20,80,3,179,0.0,0.2,20,10,0.0005,0.0005,mrlco_first_order_mean_pseudogradient,fixed_literature_derived_defaults,,,,,,
584.6596985921043,0.0,0.0,0.0,0.0,0.0,0.01641717790109378,0.9547629952430725,publication,38.08221364021301,69.37130045890808,0.8886302425757389,0.969801089700579,10000,0.07314166121135646,1.0822258512803418,0.6194031970448411,50.87879278155447,179,0.969801089700579,543.4146026549762,meta_train_support,0,MARGO-SPLIT-v1,20,20,80,3,180,0.0,0.2,20,10,0.0005,0.0005,mrlco_first_order_mean_pseudogradient,fixed_literature_derived_defaults,,,,,,
602.0741055160659,0.0,0.0,0.0,0.0,0.0,0.01908454310676012,0.900201678276062,publication,37.1233434677124,70.13320302963257,0.8830856326941564,0.9617317561086671,10000,0.07458521138011281,1.0812783929932934,0.6387511416667657,56.71688359027933,180,0.9617317561086669,592.1828907716805,meta_train_support,0,MARGO-SPLIT-v1,20,20,80,3,181,0.0,0.2,20,10,0.0005,0.0005,mrlco_first_order_mean_pseudogradient,fixed_literature_derived_defaults,,,,,,
608.3006204601288,0.0,0.0,0.0,0.0,0.0,0.02175825810787456,0.9044184684753418,publication,37.367584466934204,67.57242441177368,0.8654762440229986,0.9421418347696179,10000,0.09475493637411248,1.07067119447014,0.6439784816028088,64.43354823797108,181,0.9421418347696179,643.4014746845245,meta_train_support,0,MARGO-SPLIT-v1,20,20,80,3,182,0.0,0.2,20,10,0.0005,0.0005,mrlco_first_order_mean_pseudogradient,fixed_literature_derived_defaults,,,,,,
615.0461300274713,0.0,0.0,0.0,0.0,0.0,0.020952753895289576,0.9585202932357788,publication,37.421950578689575,70.42101693153381,0.8778794336622272,0.9576416301805517,10000,0.07711480693004269,1.0896422730966202,0.647538858442533,58.8025631495683,182,0.9576416301805517,601.4813396671091,meta_train_support,0,MARGO-SPLIT-v1,20,20,80,3,183,0.0,0.2,20,10,0.0005,0.0005,mrlco_first_order_mean_pseudogradient,fixed_literature_derived_defaults,,,,,,
609.2154377267566,0.0,0.0,0.0,0.0,0.0,0.02106313544526929,1.0181457996368408,publication,35.765419244766235,69.43137860298157,0.8787943609801172,0.9570843848741643,10000,0.08697068293544134,1.086579404115751,0.6388821365146412,59.18460971520016,183,0.9570843848741643,607.5774715486252,meta_train_support,0,MARGO-SPLIT-v1,20,20,80,3,184,0.0,0.2,20,10,0.0005,0.0005,mrlco_first_order_mean_pseudogradient,fixed_literature_derived_defaults,,,,,,
602.709423823452,0.0,0.0,0.0,0.0,0.0,0.019522478686547377,1.0654516220092773,publication,37.099501609802246,68.93457055091858,0.8718822520108288,0.952001234269748,10000,0.08755809926531784,1.0870716329564,0.5792344136948353,59.28633847486393,184,0.952001234269748,613.5482731677288,meta_train_support,0,MARGO-SPLIT-v1,20,20,80,3,185,0.0,0.2,20,10,0.0005,0.0005,mrlco_first_order_mean_pseudogradient,fixed_literature_derived_defaults,,,,,,
641.9866119685854,0.0,0.0,0.0,0.0,0.0,0.023041483216195452,1.0738612413406372,publication,33.31023645401001,69.436350107193,0.8381567645024679,0.9145163167027582,10000,0.08709063358039562,1.083719008968831,0.6369821344245961,77.36884361109058,185,0.9145163167027582,740.8698611987304,meta_train_support,0,MARGO-SPLIT-v1,20,20,80,3,186,0.0,0.2,20,10,0.0005,0.0005,mrlco_first_order_mean_pseudogradient,fixed_literature_derived_defaults,,,,,,
615.680149568912,0.0,0.0,0.0,0.0,0.0,0.023555179487808896,1.0280663967132568,publication,36.91121959686279,68.9148600101471,0.8601763366357256,0.9359097835852753,10000,0.08866704628779677,1.0827167404143352,0.5808464797317872,70.88090025389066,186,0.9359097835852753,666.9005327945259,meta_train_support,0,MARGO-SPLIT-v1,20,20,80,3,187,0.0,0.2,20,10,0.0005,0.0005,mrlco_first_order_mean_pseudogradient,fixed_literature_derived_defaults,,,,,,
614.4474002171107,0.0,0.0,0.0,0.0,0.0,0.023251887259773188,0.9522011876106262,publication,36.87596797943115,70.97617173194885,0.8686493590057336,0.9481180903950477,10000,0.0865296329233732,1.0812783929932934,0.5999044913439069,63.33940655680951,187,0.9481180903950477,624.7428631782954,meta_train_support,0,MARGO-SPLIT-v1,20,20,80,3,188,0.0,0.2,20,10,0.0005,0.0005,mrlco_first_order_mean_pseudogradient,fixed_literature_derived_defaults,,,,,,
601.3369666082382,0.0,0.0,0.0,0.0,0.0,0.023951627648526805,0.9134616255760193,publication,37.11781930923462,68.65944957733154,0.8873324118770898,0.9682162152911539,10000,0.07009587717268055,1.1035767700017376,0.6673110589963549,55.42486870555235,188,0.9682162152911539,575.853472857666,meta_train_support,0,MARGO-SPLIT-v1,20,20,80,3,189,0.0,0.2,20,10,0.0005,0.0005,mrlco_first_order_mean_pseudogradient,fixed_literature_derived_defaults,,,,,,
604.901693686785,0.0,0.0,0.0,0.0,0.0,0.026153958798655848,0.9250878095626831,publication,36.60375452041626,68.08683681488037,0.8735120648014734,0.9522100786030511,10000,0.08332763025850974,1.086579404115751,0.6387511416667657,61.77806340676155,189,0.9522100786030511,617.3999324586882,meta_train_support,0,MARGO-SPLIT-v1,20,20,80,3,190,0.0,0.2,20,10,0.0005,0.0005,mrlco_first_order_mean_pseudogradient,fixed_literature_derived_defaults,,,,,,
618.7531294609888,0.0,0.0,0.0,0.0,0.0,0.02477597838689762,0.9491153359413147,publication,36.705962896347046,69.31814956665039,0.8683617319894482,0.9472756368724761,10000,0.07846607182516206,1.0822258512803418,0.6191087641022902,64.85083218794196,190,0.9472756368724761,623.7548005621542,meta_train_support,0,MARGO-SPLIT-v1,20,20,80,3,191,0.0,0.2,20,10,0.0005,0.0005,mrlco_first_order_mean_pseudogradient,fixed_literature_derived_defaults,,,,,,
622.9100234400613,0.0,0.0,0.0,0.0,0.0,0.02782896201562533,0.9739911556243896,publication,34.80122923851013,69.44597482681274,0.8573608931214436,0.9328969073038424,10000,0.09378732592105994,1.0870716329564,0.6060136577773624,67.39202275991997,191,0.9328969073038424,680.8347557040091,meta_train_support,0,MARGO-SPLIT-v1,20,20,80,3,192,0.0,0.2,20,10,0.0005,0.0005,mrlco_first_order_mean_pseudogradient,fixed_literature_derived_defaults,,,,,,
613.3587242044448,0.0,0.0,0.0,0.0,0.0,0.02377496878294659,1.0516374111175537,publication,37.076475858688354,69.61417937278748,0.8639463592750617,0.9417811090786148,10000,0.08996582273010839,1.086579404115751,0.63051661762395,68.04011588490492,192,0.9417811090786148,657.628611925553,meta_train_support,0,MARGO-SPLIT-v1,20,20,80,3,193,0.0,0.2,20,10,0.0005,0.0005,mrlco_first_order_mean_pseudogradient,fixed_literature_derived_defaults,,,,,,
608.9027944157056,0.0,0.0,0.0,0.0,0.0,0.023172067705804874,1.068905234336853,publication,35.30110168457031,69.23358607292175,0.864973157276212,0.9409913969623936,10000,0.10016499137865116,1.0896422730966202,0.57510495778391,65.29475515110408,193,0.9409913969623936,642.4726767104967,meta_train_support,0,MARGO-SPLIT-v1,20,20,80,3,194,0.0,0.2,20,10,0.0005,0.0005,mrlco_first_order_mean_pseudogradient,fixed_literature_derived_defaults,,,,,,
627.3112616543907,0.0,0.0,0.0,0.0,0.0,0.023857699722491094,1.0640062093734741,publication,37.06764531135559,69.14880180358887,0.846182968305835,0.9221804618765757,10000,0.08609619786216158,1.067148099903708,0.6265397637908608,72.26685047170596,194,0.9221804618765757,702.5572886515276,meta_train_support,0,MARGO-SPLIT-v1,20,20,80,3,195,0.0,0.2,20,10,0.0005,0.0005,mrlco_first_order_mean_pseudogradient,fixed_literature_derived_defaults,,,,,,
608.5625269603729,0.0,0.0,0.0,0.0,0.0,0.02283962756671629,0.9886682033538818,publication,38.16395616531372,68.75869560241699,0.869390754634324,0.9470285180809622,10000,0.08825586449010712,1.0787125489450702,0.57510495778391,63.555261089463976,195,0.9470285180809622,640.8222281348759,meta_train_support,0,MARGO-SPLIT-v1,20,20,80,3,196,0.0,0.2,20,10,0.0005,0.0005,mrlco_first_order_mean_pseudogradient,fixed_literature_derived_defaults,,,,,,
598.621526270117,0.0,0.0,0.0,0.0,0.0,0.022594372070946056,0.9144022464752197,publication,35.49334907531738,68.09194278717041,0.8746919550947289,0.9521750809179866,10000,0.08686284063756017,1.0896422730966202,0.6309503091100531,60.863519599437936,196,0.9521750809179866,613.683023336619,meta_train_support,0,MARGO-SPLIT-v1,20,20,80,3,197,0.0,0.2,20,10,0.0005,0.0005,mrlco_first_order_mean_pseudogradient,fixed_literature_derived_defaults,,,,,,
600.0183453952382,0.0,0.0,0.0,0.0,0.0,0.021240279540601037,0.8590205907821655,publication,29.098544359207153,67.16336560249329,0.8763261337091164,0.9547049495847209,10000,0.08093780602026611,1.0941469446163417,0.6559377511483112,59.060020029390664,197,0.9547049495847209,608.6716050972939,meta_train_support,0,MARGO-SPLIT-v1,20,20,80,3,198,0.0,0.2,20,10,0.0005,0.0005,mrlco_first_order_mean_pseudogradient,fixed_literature_derived_defaults,,,,,,
626.7469989214216,0.0,0.0,0.0,0.0,0.0,0.02331860694153302,0.8923887610435486,publication,25.814134120941162,71.0515456199646,0.8441350321445225,0.9193885536534708,10000,0.0972764525209562,1.0827167404143352,0.5693941399441954,73.68043505345976,198,0.9193885536534708,723.590135129697,meta_train_support,0,MARGO-SPLIT-v1,20,20,80,3,199,0.0,0.2,20,10,0.0005,0.0005,mrlco_first_order_mean_pseudogradient,fixed_literature_derived_defaults,,,,,,
608.4134477341925,0.0,0.0,0.0,0.0,0.0,0.017484150049502937,0.9774662852287292,publication,27.07347822189331,67.60301423072815,0.8712353107383253,0.9514026562712453,10000,0.08458258755079956,1.0812783929932934,0.592693503965062,59.80712290391089,199,0.9514026562712453,629.5974947521141,meta_train_support,0,MARGO-SPLIT-v1,20,20,80,3,200,0.0,0.2,20,10,0.0005,0.0005,mrlco_first_order_mean_pseudogradient,fixed_literature_derived_defaults,,,,,,
628.6121766523088,0.0,0.0,0.0,0.0,0.0,0.016695703320549645,1.0490138530731201,publication,30.730191707611084,69.00999712944031,0.8530754266166503,0.9310810320391228,10000,0.08078085755961659,1.0896422730966202,0.6515168403665417,68.75657087885328,200,0.9310810320391231,692.0857570547037,meta_train_support,0,MARGO-SPLIT-v1,20,20,80,3,201,0.0,0.2,20,10,0.0005,0.0005,mrlco_first_order_mean_pseudogradient,fixed_literature_derived_defaults,0.9536836842477021,0.9525273655744296,630.6056791715359,631.237594077739,validation_query_composite_objective,0
589.8151023207663,0.0,0.0,0.0,0.0,0.0,0.013081156378949447,1.0906440019607544,publication,33.6590313911438,68.07752895355225,0.8967508178968892,0.9790450715152805,10000,0.05554322746738325,1.0941469446163417,0.7390531279697046,48.47228943926757,201,0.9790450715152805,533.4957884592519,meta_train_support,0,MARGO-SPLIT-v1,20,20,80,3,202,0.0,0.2,20,10,0.0005,0.0005,mrlco_first_order_mean_pseudogradient,fixed_literature_derived_defaults,,,,,,
621.607579678045,0.0,0.0,0.0,0.0,0.0,0.01672885966741851,1.0360695123672485,publication,37.51671528816223,69.12091541290283,0.8571835058708793,0.9321165449870358,10000,0.09085367890972117,1.0777463278934072,0.57510495778391,69.11457840687366,202,0.9321165449870358,683.69322184806,meta_train_support,0,MARGO-SPLIT-v1,20,20,80,3,203,0.0,0.2,20,10,0.0005,0.0005,mrlco_first_order_mean_pseudogradient,fixed_literature_derived_defaults,,,,,,
629.383144271401,0.0,0.0,0.0,0.0,0.0,0.01763186013835193,0.9690861105918884,publication,32.375730752944946,68.91072201728821,0.8496696897676498,0.925765196452707,10000,0.09566058624934236,1.0896422730966202,0.594669754779137,71.41406131022013,203,0.9257651964527069,690.9190905697005,meta_train_support,0,MARGO-SPLIT-v1,20,20,80,3,204,0.0,0.2,20,10,0.0005,0.0005,mrlco_first_order_mean_pseudogradient,fixed_literature_derived_defaults,,,,,,
606.2189190426418,0.0,0.0,0.0,0.0,0.0,0.016886666668336048,0.905471682548523,publication,36.115649700164795,70.65289616584778,0.8660546453622757,0.9450488640452588,10000,0.07960157607099502,1.0870716329564,0.5895809072422067,60.788730520851246,204,0.9450488640452588,626.6847598077679,meta_train_support,0,MARGO-SPLIT-v1,20,20,80,3,205,0.0,0.2,20,10,0.0005,0.0005,mrlco_first_order_mean_pseudogradient,fixed_literature_derived_defaults,,,,,,
620.1824465013232,0.0,0.0,0.0,0.0,0.0,0.017004854104250577,0.9131900072097778,publication,37.2720582485199,70.48412752151489,0.8749441736694824,0.9550791551812646,10000,0.08262541659514648,1.0777463278934072,0.647197247112522,58.45070232851596,205,0.9550791551812646,616.7059128087385,meta_train_support,0,MARGO-SPLIT-v1,20,20,80,3,206,0.0,0.2,20,10,0.0005,0.0005,mrlco_first_order_mean_pseudogradient,fixed_literature_derived_defaults,,,,,,
602.1934322857993,0.0,0.0,0.0,0.0,0.0,0.017562826862702195,0.9256039261817932,publication,33.61762309074402,66.51126861572266,0.8727404559606441,0.9499827071792392,10000,0.08318213584762164,1.0717410814012962,0.5808589146894795,59.38022678662485,206,0.9499827071792392,606.6453788565622,meta_train_support,0,MARGO-SPLIT-v1,20,20,80,3,207,0.0,0.2,20,10,0.0005,0.0005,mrlco_first_order_mean_pseudogradient,fixed_literature_derived_defaults,,,,,,
606.219879104914,0.0,0.0,0.0,0.0,0.0,0.01643379219108535,1.0217605829238892,publication,36.891690731048584,69.8099844455719,0.8741251260375204,0.9524107425510194,10000,0.09325658749092831,1.1035767700017376,0.6245757038391653,58.99473499907488,207,0.9524107425510194,613.2111173675537,meta_train_support,0,MARGO-SPLIT-v1,20,20,80,3,208,0.0,0.2,20,10,0.0005,0.0005,mrlco_first_order_mean_pseudogradient,fixed_literature_derived_defaults,,,,,,
594.2255127164432,0.0,0.0,0.0,0.0,0.0,0.01403330984022009,1.0918080806732178,publication,36.169766426086426,69.05073809623718,0.8896644161643377,0.9704578409628056,10000,0.07483113100593751,1.0941469446163417,0.6397559518907059,52.65355730449883,208,0.9704578409628056,554.98745922569,meta_train_support,0,MARGO-SPLIT-v1,20,20,80,3,209,0.0,0.2,20,10,0.0005,0.0005,mrlco_first_order_mean_pseudogradient,fixed_literature_derived_defaults,,,,,,
609.0156216897692,0.0,0.0,0.0,0.0,0.0,0.01554394073309391,1.077064037322998,publication,35.72113800048828,69.29656600952148,0.8716381563251331,0.9500999671870968,10000,0.09602579026364624,1.1035767700017376,0.6263777264638307,59.80642727082405,209,0.9500999671870968,613.4366164716353,meta_train_support,0,MARGO-SPLIT-v1,20,20,80,3,210,0.0,0.2,20,10,0.0005,0.0005,mrlco_first_order_mean_pseudogradient,fixed_literature_derived_defaults,,,,,,
600.6399814946857,0.0,0.0,0.0,0.0,0.0,0.01626066862430287,1.0210782289505005,publication,35.461583375930786,68.48364448547363,0.8781540994482894,0.9566951018329606,10000,0.08850624814211264,1.083719008968831,0.6373665401618418,59.57550947721673,210,0.9566951018329606,607.5578360246672,meta_train_support,0,MARGO-SPLIT-v1,20,20,80,3,211,0.0,0.2,20,10,0.0005,0.0005,mrlco_first_order_mean_pseudogradient,fixed_literature_derived_defaults,,,,,,
616.9698157110214,0.0,0.0,0.0,0.0,0.0,0.017528592727930427,0.946671187877655,publication,36.859386920928955,69.10801458358765,0.8635126369973299,0.9429622543779888,10000,0.08745288081664992,1.086579404115751,0.6336299198056791,64.56111567523286,211,0.9429622543779888,658.017095462186,meta_train_support,0,MARGO-SPLIT-v1,20,20,80,3,212,0.0,0.2,20,10,0.0005,0.0005,mrlco_first_order_mean_pseudogradient,fixed_literature_derived_defaults,,,,,,
620.6024374762943,0.0,0.0,0.0,0.0,0.0,0.019475377042055843,0.8797732591629028,publication,36.13301610946655,68.66870617866516,0.8615030566752886,0.938370695449808,10000,0.08871527227896349,1.0822258512803418,0.6044613009597317,65.0196108690029,212,0.938370695449808,652.0881171493189,meta_train_support,0,MARGO-SPLIT-v1,20,20,80,3,213,0.0,0.2,20,10,0.0005,0.0005,mrlco_first_order_mean_pseudogradient,fixed_literature_derived_defaults,,,,,,
596.726764570604,0.0,0.0,0.0,0.0,0.0,0.018449302998470203,0.8896927833557129,publication,37.000611782073975,68.38756799697876,0.8794022776637119,0.9589865951066014,10000,0.08800162475419525,1.0870716329564,0.6016773350856611,56.32287811218273,213,0.9589865951066014,585.8953321479374,meta_train_support,0,MARGO-SPLIT-v1,20,20,80,3,214,0.0,0.2,20,10,0.0005,0.0005,mrlco_first_order_mean_pseudogradient,fixed_literature_derived_defaults,,,,,,
609.2858294869151,0.0,0.0,0.0,0.0,0.0,0.01915235460894909,0.9283050894737244,publication,35.84423780441284,69.46799373626709,0.8624375464268677,0.9406734258630819,10000,0.08648928575747594,1.0827167404143352,0.6255785338453406,64.51192346612059,214,0.9406734258630819,644.5957813386739,meta_train_support,0,MARGO-SPLIT-v1,20,20,80,3,215,0.0,0.2,20,10,0.0005,0.0005,mrlco_first_order_mean_pseudogradient,fixed_literature_derived_defaults,,,,,,
609.3887332964351,0.0,0.0,0.0,0.0,0.0,0.01824256593492895,1.0020538568496704,publication,36.935943603515625,68.6296079158783,0.8599966464692858,0.9369780451162311,10000,0.09048752452411328,1.0812783929932934,0.6433605901467734,64.467891177593,215,0.9369780451162311,658.0919820578083,meta_train_support,0,MARGO-SPLIT-v1,20,20,80,3,216,0.0,0.2,20,10,0.0005,0.0005,mrlco_first_order_mean_pseudogradient,fixed_literature_derived_defaults,,,,,,
620.435846349689,0.0,0.0,0.0,0.0,0.0,0.015527380084614274,1.0730366706848145,publication,37.267619609832764,69.66538763046265,0.8649998780256103,0.94516670345764,10000,0.08997857438326676,1.0870716329564,0.6231422335228195,63.03858684337321,216,0.94516670345764,644.85615952334,meta_train_support,0,MARGO-SPLIT-v1,20,20,80,3,217,0.0,0.2,20,10,0.0005,0.0005,mrlco_first_order_mean_pseudogradient,fixed_literature_derived_defaults,,,,,,
631.1607559085846,0.0,0.0,0.0,0.0,0.0,0.01629660903685456,1.0977622270584106,publication,36.71975588798523,70.3528196811676,0.8473587125330098,0.9241868459802765,10000,0.1006271834835601,1.086579404115751,0.6115010958586593,71.76367767652714,217,0.9241868459802765,709.1966917891748,meta_train_support,0,MARGO-SPLIT-v1,20,20,80,3,218,0.0,0.2,20,10,0.0005,0.0005,mrlco_first_order_mean_pseudogradient,fixed_literature_derived_defaults,,,,,,
619.3555964303289,0.0,0.0,0.0,0.0,0.0,0.014984626414292738,1.0646289587020874,publication,36.76198363304138,69.68958330154419,0.8593523271125522,0.9384260622655718,10000,0.08417183873888338,1.0777463278934072,0.6323723685597823,64.50487734627708,218,0.9384260622655718,664.3108533526339,meta_train_support,0,MARGO-SPLIT-v1,20,20,80,3,219,0.0,0.2,20,10,0.0005,0.0005,mrlco_first_order_mean_pseudogradient,fixed_literature_derived_defaults,,,,,,
619.5874574603624,0.0,0.0,0.0,0.0,0.0,0.015251234343422161,0.993759274482727,publication,36.18145179748535,69.63443732261658,0.8660766330412741,0.9447342400292359,10000,0.08545082154173345,1.0787125489450702,0.6533332525347691,60.03568272811911,219,0.9447342400292359,639.8516810373511,meta_train_support,0,MARGO-SPLIT-v1,20,20,80,3,220,0.0,0.2,20,10,0.0005,0.0005,mrlco_first_order_mean_pseudogradient,fixed_literature_derived_defaults,,,,,,
608.2559530971255,0.0,0.0,0.0,0.0,0.0,0.014821163336014001,0.9207869172096252,publication,38.208075523376465,68.58277297019958,0.8739328850625007,0.953143306879778,10000,0.08538445904770332,1.0870716329564,0.6372342819683194,58.573784640005115,220,0.953143306879778,610.18097262328,meta_train_support,0,MARGO-SPLIT-v1,20,20,80,3,221,0.0,0.2,20,10,0.0005,0.0005,mrlco_first_order_mean_pseudogradient,fixed_literature_derived_defaults,,,,,,
615.4956051434244,0.0,0.0,0.0,0.0,0.0,0.014980182355961746,0.912284255027771,publication,36.085705041885376,69.3899610042572,0.8699242464364215,0.9489036499671185,10000,0.08881875261578244,1.0870716329564,0.6304247407341808,61.33955697485641,221,0.9489036499671185,638.0462241655226,meta_train_support,0,MARGO-SPLIT-v1,20,20,80,3,222,0.0,0.2,20,10,0.0005,0.0005,mrlco_first_order_mean_pseudogradient,fixed_literature_derived_defaults,,,,,,
621.1647415815216,0.0,0.0,0.0,0.0,0.0,0.014670345526575989,0.9650317430496216,publication,36.120405435562134,69.81037402153015,0.8629792928771116,0.9410370422806118,10000,0.08085251150750615,1.0812783929932934,0.6564617415474495,65.39739535969173,222,0.9410370422806118,662.1034066512557,meta_train_support,0,MARGO-SPLIT-v1,20,20,80,3,223,0.0,0.2,20,10,0.0005,0.0005,mrlco_first_order_mean_pseudogradient,fixed_literature_derived_defaults,,,,,,
610.8820321192742,0.0,0.0,0.0,0.0,0.0,0.013498108138094524,1.0088298320770264,publication,37.33257269859314,69.30749940872192,0.8739383093271539,0.953266552646536,10000,0.08320320559156304,1.0812783929932934,0.6449040888577381,58.12120110638161,223,0.953266552646536,618.9467279728632,meta_train_support,0,MARGO-SPLIT-v1,20,20,80,3,224,0.0,0.2,20,10,0.0005,0.0005,mrlco_first_order_mean_pseudogradient,fixed_literature_derived_defaults,,,,,,
607.4374883991377,0.0,0.0,0.0,0.0,0.0,0.012072830319000385,1.0235247611999512,publication,37.80239987373352,69.7311954498291,0.8743943002686201,0.953681545672939,10000,0.07271553444426768,1.083719008968831,0.6397559518907059,56.65242991574762,224,0.953681545672939,602.6120215828813,meta_train_support,0,MARGO-SPLIT-v1,20,20,80,3,225,0.0,0.2,20,10,0.0005,0.0005,mrlco_first_order_mean_pseudogradient,fixed_literature_derived_defaults,,,,,,
622.8515224114145,0.0,0.0,0.0,0.0,0.0,0.012592597247425686,1.0442219972610474,publication,36.632572174072266,69.87150478363037,0.8657075632877397,0.9442549989474835,10000,0.085816397389633,1.0941469446163417,0.6245757038391653,62.40291753573281,225,0.9442549989474835,636.8091000278691,meta_train_support,0,MARGO-SPLIT-v1,20,20,80,3,226,0.0,0.2,20,10,0.0005,0.0005,mrlco_first_order_mean_pseudogradient,fixed_literature_derived_defaults,,,,,,
626.199437500722,0.0,0.0,0.0,0.0,0.0,0.013117122985399894,1.0376108884811401,publication,37.63812875747681,69.6288104057312,0.859217912974818,0.9380993544986095,10000,0.08155485491554551,1.0941469446163417,0.6481991728016839,64.07929870164065,226,0.9380993544986095,663.5802458162526,meta_train_support,0,MARGO-SPLIT-v1,20,20,80,3,227,0.0,0.2,20,10,0.0005,0.0005,mrlco_first_order_mean_pseudogradient,fixed_literature_derived_defaults,,,,,,
622.9804134850094,0.0,0.0,0.0,0.0,0.0,0.014465275657322583,0.964604914188385,publication,37.97123861312866,69.22294521331787,0.8477622584341714,0.92605519951812,10000,0.09245051823006672,1.0688817512371553,0.6258309863463717,66.27240855254043,227,0.92605519951812,696.8783225126565,meta_train_support,0,MARGO-SPLIT-v1,20,20,80,3,228,0.0,0.2,20,10,0.0005,0.0005,mrlco_first_order_mean_pseudogradient,fixed_literature_derived_defaults,,,,,,
620.8520965552603,0.0,0.0,0.0,0.0,0.0,0.0138154715832224,0.9355730414390564,publication,34.53913140296936,70.32770824432373,0.8644348296223763,0.9440115973383268,10000,0.09205028319271712,1.083719008968831,0.6372342819683194,62.85103074552775,228,0.9440115973383268,658.7808923344259,meta_train_support,0,MARGO-SPLIT-v1,20,20,80,3,229,0.0,0.2,20,10,0.0005,0.0005,mrlco_first_order_mean_pseudogradient,fixed_literature_derived_defaults,,,,,,
609.4102202149663,0.0,0.0,0.0,0.0,0.0,0.013510438521537186,0.969610333442688,publication,36.820653676986694,67.84851503372192,0.870272889686288,0.948814376287517,10000,0.09168689818258981,1.1035767700017376,0.6255785338453406,60.39001216455362,229,0.948814376287517,629.932328628461,meta_train_support,0,MARGO-SPLIT-v1,20,20,80,3,230,0.0,0.2,20,10,0.0005,0.0005,mrlco_first_order_mean_pseudogradient,fixed_literature_derived_defaults,,,,,,
606.4902222329004,0.0,0.0,0.0,0.0,0.0,0.012298296396122704,0.9773468971252441,publication,36.05699706077576,69.90255951881409,0.876914004115655,0.9562440431881202,10000,0.0820219016048138,1.086579404115751,0.6296840594897752,57.81008055343923,230,0.9562440431881202,601.6168918821267,meta_train_support,0,MARGO-SPLIT-v1,20,20,80,3,231,0.0,0.2,20,10,0.0005,0.0005,mrlco_first_order_mean_pseudogradient,fixed_literature_derived_defaults,,,,,,
615.2251346339499,0.0,0.0,0.0,0.0,0.0,0.012859314530133061,1.0086420774459839,publication,34.35464286804199,69.22967743873596,0.8569527142110428,0.9337773683930009,10000,0.08751027851772404,1.0812783929932934,0.6263777264638307,65.38344329958956,231,0.9337773683930007,667.5193809572573,meta_train_support,0,MARGO-SPLIT-v1,20,20,80,3,232,0.0,0.2,20,10,0.0005,0.0005,mrlco_first_order_mean_pseudogradient,fixed_literature_derived_defaults,,,,,,
608.0418867535454,0.0,0.0,0.0,0.0,0.0,0.012058003602653659,1.0499730110168457,publication,35.41030740737915,69.08157277107239,0.860664209649256,0.9371497439994402,10000,0.0914456213937394,1.0717410814012962,0.6471499838854755,61.36330694850251,232,0.9371497439994402,636.4104125565093,meta_train_support,0,MARGO-SPLIT-v1,20,20,80,3,233,0.0,0.2,20,10,0.0005,0.0005,mrlco_first_order_mean_pseudogradient,fixed_literature_derived_defaults,,,,,,
610.5763608380317,0.0,0.0,0.0,0.0,0.0,0.011432777481208588,1.087720274925232,publication,36.45404648780823,67.92071032524109,0.8716731391219293,0.9484760685313893,10000,0.0824795541657069,1.0812783929932934,0.6489874565566759,60.88269399225584,233,0.9484760685313893,634.8757127987808,meta_train_support,0,MARGO-SPLIT-v1,20,20,80,3,234,0.0,0.2,20,10,0.0005,0.0005,mrlco_first_order_mean_pseudogradient,fixed_literature_derived_defaults,,,,,,
611.6435233637537,0.0,0.0,0.0,0.0,0.0,0.011234929115991178,1.0030627250671387,publication,37.841524839401245,68.7292423248291,0.8676455507263053,0.9448918562015409,10000,0.08964196177079808,1.0941469446163417,0.5808589146894795,59.89338841185772,234,0.9448918562015409,626.5291402736065,meta_train_support,0,MARGO-SPLIT-v1,20,20,80,3,235,0.0,0.2,20,10,0.0005,0.0005,mrlco_first_order_mean_pseudogradient,fixed_literature_derived_defaults,,,,,,
629.5002466423034,0.0,0.0,0.0,0.0,0.0,0.011408131143452651,1.012884259223938,publication,35.98451542854309,69.93198895454407,0.8576456812361505,0.9342362056682223,10000,0.08822700988056205,1.0822258512803418,0.6304058776107664,64.35942623787967,235,0.9342362056682225,664.2596281615406,meta_train_support,0,MARGO-SPLIT-v1,20,20,80,3,236,0.0,0.2,20,10,0.0005,0.0005,mrlco_first_order_mean_pseudogradient,fixed_literature_derived_defaults,,,,,,
600.3589058643341,0.0,0.0,0.0,0.0,0.0,0.010499371127448122,0.9166352152824402,publication,34.80309581756592,67.57179665565491,0.8697612074355501,0.9483963751800174,10000,0.08122315408414689,1.0733134940515847,0.658716837020161,59.28743943939307,236,0.9483963751800174,627.0650465368979,meta_train_support,0,MARGO-SPLIT-v1,20,20,80,3,237,0.0,0.2,20,10,0.0005,0.0005,mrlco_first_order_mean_pseudogradient,fixed_literature_derived_defaults,,,,,,
629.1886620926313,0.0,0.0,0.0,0.0,0.0,0.010408576670976073,0.9147518873214722,publication,36.583234548568726,69.78822994232178,0.8601297869625992,0.9389240411938677,10000,0.0840799715296595,1.086579404115751,0.621457950530706,64.68605753285316,237,0.9389240411938677,665.6854070635891,meta_train_support,0,MARGO-SPLIT-v1,20,20,80,3,238,0.0,0.2,20,10,0.0005,0.0005,mrlco_first_order_mean_pseudogradient,fixed_literature_derived_defaults,,,,,,
591.8010325180055,0.0,0.0,0.0,0.0,0.0,0.009728408174893333,0.9399627447128296,publication,37.09089946746826,66.7318868637085,0.8804881072117207,0.9584962575423018,10000,0.0802469866391467,1.0811467714495175,0.658716837020161,54.70356601145706,238,0.9584962575423018,585.9542345392663,meta_train_support,0,MARGO-SPLIT-v1,20,20,80,3,239,0.0,0.2,20,10,0.0005,0.0005,mrlco_first_order_mean_pseudogradient,fixed_literature_derived_defaults,,,,,,
612.3207774875641,0.0,0.0,0.0,0.0,0.0,0.009416287713407589,0.9853548407554626,publication,35.691983461380005,69.27798318862915,0.8692835589116723,0.9484579385266395,10000,0.08379541002436458,1.0941469446163417,0.6236089101217984,58.924051379579595,239,0.9484579385266395,632.1819237908853,meta_train_support,0,MARGO-SPLIT-v1,20,20,80,3,240,0.0,0.2,20,10,0.0005,0.0005,mrlco_first_order_mean_pseudogradient,fixed_literature_derived_defaults,,,,,,
608.5305719670159,0.0,0.0,0.0,0.0,0.0,0.009215934147325544,1.0514384508132935,publication,36.897061347961426,68.8820321559906,0.8698413995437968,0.9481457009975469,10000,0.08958912062546265,1.0811467714495175,0.6518495756548199,60.69459820843076,240,0.9481457009975469,641.0128922296647,meta_train_support,0,MARGO-SPLIT-v1,20,20,80,3,241,0.0,0.2,20,10,0.0005,0.0005,mrlco_first_order_mean_pseudogradient,fixed_literature_derived_defaults,,,,,,
614.0902518368313,0.0,0.0,0.0,0.0,0.0,0.00962356295892477,1.053935170173645,publication,35.61082148551941,70.03301239013672,0.8676845359440111,0.9457184578056435,10000,0.0888621279632976,1.078007433305869,0.6263777264638307,61.99510212654397,241,0.9457184578056435,649.1241988137763,meta_train_support,0,MARGO-SPLIT-v1,20,20,80,3,242,0.0,0.2,20,10,0.0005,0.0005,mrlco_first_order_mean_pseudogradient,fixed_literature_derived_defaults,,,,,,
618.851078719684,0.0,0.0,0.0,0.0,0.0,0.009868794252060945,1.006954550743103,publication,34.17057013511658,69.68976759910583,0.8620128017836468,0.9407596665801133,10000,0.09219243463791982,1.1035767700017376,0.6309976134621674,62.831076466310826,242,0.9407596665801133,651.5434111913573,meta_train_support,0,MARGO-SPLIT-v1,20,20,80,3,243,0.0,0.2,20,10,0.0005,0.0005,mrlco_first_order_mean_pseudogradient,fixed_literature_derived_defaults,,,,,,
616.5982328684534,0.0,0.0,0.0,0.0,0.0,0.009640750570176207,0.9794653058052063,publication,29.496105909347534,67.93344855308533,0.8648094624048425,0.9443790443227427,10000,0.08813175948920389,1.0822258512803418,0.6304058776107664,60.01237103863886,243,0.9443790443227427,637.4689799855437,meta_train_support,0,MARGO-SPLIT-v1,20,20,80,3,244,0.0,0.2,20,10,0.0005,0.0005,mrlco_first_order_mean_pseudogradient,fixed_literature_derived_defaults,,,,,,
612.1315675579342,0.0,0.0,0.0,0.0,0.0,0.010160587252468123,0.947894811630249,publication,36.526782512664795,68.13245964050293,0.8698168606005294,0.9477400165857188,10000,0.079445938387988,1.0941469446163417,0.6529032006104742,62.3108170968162,244,0.9477400165857188,643.259338852501,meta_train_support,0,MARGO-SPLIT-v1,20,20,80,3,245,0.0,0.2,20,10,0.0005,0.0005,mrlco_first_order_mean_pseudogradient,fixed_literature_derived_defaults,,,,,,
619.9192700840542,0.0,0.0,0.0,0.0,0.0,0.010339783834368873,0.9708054661750793,publication,34.177265882492065,69.41118431091309,0.8663201997868583,0.9440894094942052,10000,0.08248927765481676,1.1035767700017376,0.6335928329390452,61.0242310385207,245,0.9440894094942052,645.721921879308,meta_train_support,0,MARGO-SPLIT-v1,20,20,80,3,246,0.0,0.2,20,10,0.0005,0.0005,mrlco_first_order_mean_pseudogradient,fixed_literature_derived_defaults,,,,,,
613.9042752005441,0.0,0.0,0.0,0.0,0.0,0.009691684140389003,0.9975643157958984,publication,28.428266286849976,69.47963643074036,0.8707701085331832,0.9517006216019341,10000,0.07530225267728431,1.0827167404143352,0.6526476499084202,57.566223745418384,246,0.9517006216019342,615.7473113804435,meta_train_support,0,MARGO-SPLIT-v1,20,20,80,3,247,0.0,0.2,20,10,0.0005,0.0005,mrlco_first_order_mean_pseudogradient,fixed_literature_derived_defaults,,,,,,
617.5338533638273,0.0,0.0,0.0,0.0,0.0,0.01122721602284323,0.9787082076072693,publication,30.953792095184326,70.20726108551025,0.8585015970538563,0.9358325977482671,10000,0.09289429465793816,1.0896422730966202,0.6531540610779922,65.36121974018087,247,0.9358325977482671,684.5749288892977,meta_train_support,0,MARGO-SPLIT-v1,20,20,80,3,248,0.0,0.2,20,10,0.0005,0.0005,mrlco_first_order_mean_pseudogradient,fixed_literature_derived_defaults,,,,,,
630.1202186468125,0.0,0.0,0.0,0.0,0.0,0.01144051531129267,0.9627172946929932,publication,36.234261989593506,69.53920459747314,0.8585752216182962,0.935424864244769,10000,0.09416098824631695,1.0827167404143352,0.6332264220073469,68.00327001552212,248,0.935424864244769,696.2274475670215,meta_train_support,0,MARGO-SPLIT-v1,20,20,80,3,249,0.0,0.2,20,10,0.0005,0.0005,mrlco_first_order_mean_pseudogradient,fixed_literature_derived_defaults,,,,,,
595.7197828620775,0.0,0.0,0.0,0.0,0.0,0.010419205819347877,0.9832759499549866,publication,34.41721272468567,68.85682821273804,0.8826498447744571,0.9621929623268299,10000,0.07389711038442533,1.0703377335940178,0.6727763528324942,55.88950691249269,249,0.9621929623268299,600.433307525681,meta_train_support,0,MARGO-SPLIT-v1,20,20,80,3,250,0.0,0.2,20,10,0.0005,0.0005,mrlco_first_order_mean_pseudogradient,fixed_literature_derived_defaults,,,,,,
