"Average greedy latency,",action_fraction/local,action_fraction/mec,action_fraction/v2v,policy/policy_loss_mean,policy/value_loss_mean,policy/approx_kl,policy/clip_fraction,policy/grad_norm,collapse/flag,mask/active_rate,mask/forced_rate,mask/all_invalid_rate,policy/invalid_action_rate,policy/argmax_masked_rate,policy/entropy_valid,critic/value_abs_max,inner_update_mode,PolicyExecTime,EnvExecTime,AverageDiscountedReturn,AverageReturn,NumTrajs,StdReturn,MaxReturn,MinReturn,training/objective_discounted_return,training/objective_legacy_undiscounted_sum,"Average energy,",energy/average_energy_scope,energy/requester_joules,energy/mobile_joules,energy/system_joules,energy/primary_joules,energy/primary_scope,constraint/penalty,Itr,"Average reward, ","Average latency,",split_role,seed,split_version,support_graphs_per_meta_task,support_trajectories_per_meta_task,query_graph_count,k_steps,outer_update_count,entropy_coefficient,value_clip_epsilon,ppo_batch_size_trajectories,meta_batch_size_distributions,inner_learning_rate,outer_learning_rate,outer_update_method,hyperparameter_provenance.policy,constraint/mean_violation_C_GRAPH_HARD_DEADLINE,constraint/delta_C_GRAPH_HARD_DEADLINE,constraint/mean_violation_C_HI_TASK_TARDINESS,constraint/delta_C_HI_TASK_TARDINESS,constraint/mean_violation_C_MED_TASK_TARDINESS,constraint/delta_C_MED_TASK_TARDINESS,constraint/updates,constraint/skipped,constraint/lambda_C_GRAPH_HARD_DEADLINE,constraint/lambda_C_HI_TASK_TARDINESS,constraint/lambda_C_MED_TASK_TARDINESS,validation/objective_discounted_return_k0,validation/objective_discounted_return_k3,validation/query_mean_latency_seconds_k3,validation/graph_hard_violation_rate_k3,validation/high_task_tardiness_rate_k3,validation/medium_task_tardiness_rate_k3,validation/firm_task_miss_rate_k3,validation/mode_switch_rate_k3,validation/hi_mode_rate_k3,validation/mc_policy_violation_count_k3,checkpoint_selection_metric,checkpoint_selection_rule_id,checkpoint_selection_rule_sha,checkpoint_selection_key_hash,checkpoint_selection_latency_s,checkpoint_is_best_val
0.0598065005164599,0.406,0.259,0.335,0.03480135649442673,0.0825742855668068,0.07463549360012015,0.460916664203008,1.2804718007644018,0.0,0.0,0.0,0.0,0.0,0.0,1.082926361308754,0.2737674117088318,publication,0.5951380729675293,3.8077385425567627,0.22371730566713333,0.2572405802530648,200,0.5134922627060263,1.881187898106873,-0.3380974205210805,0.22371730566713333,0.25724057682324203,96.67197032213211,mobile,0.08666318214620615,0.6302846246193793,4.833598510436931,4.833598510436931,system,0.0,0,0.25724057682324203,0.19598673831497432,meta_train_support,2,MARGO-SPLIT-v1,20,20,80,3,1,0.0,0.2,20,10,0.0005,0.0005,mrlco_first_order_mean_pseudogradient,fixed_literature_derived_defaults,0.03547548164438527,0.0017737740822192636,0.27421050509068684,0.013710525254534343,0.009549911007015998,0.00047749555035079996,3.0,0.0,0.0017737740822192636,0.013710525254534343,0.00047749555035079996,-0.13502422978803197,-0.13647801124142514,0.13647801124142514,0.1,0.275,0.075,0.04875,0.975,0.975,0.0,validation/automotive_lexicographic_v1,automotive_lexicographic_v1,a3bd00d5108237acdb706f561212b5d840bac151f48b5250a61c573d9c9ffb6c,313035734.0,0.13647801124142514,1.0
0.0735519410670634,0.297,0.3635,0.3395,0.02778693288564682,0.05714302510023117,0.07060083243995904,0.46016666938861206,1.2814232637484868,0.0,0.0,0.0,0.0,0.0,0.0,1.0904819614227375,0.306939035654068,publication,0.5113182067871094,5.285904169082642,0.07201291857119081,0.08678627239981992,200,0.26887438573515526,0.9547761608264409,-0.6734277513314737,0.0720129185711908,0.08678627167246304,238.92938436985017,mobile,0.18211883937161286,1.2781086765648317,11.946469554452268,11.946469554452268,system,0.0,1,0.08678627167246304,0.21209237373620535,meta_train_support,2,MARGO-SPLIT-v1,20,20,80,3,2,0.0,0.2,20,10,0.0005,0.0005,mrlco_first_order_mean_pseudogradient,fixed_literature_derived_defaults,0.030047283950917783,0.0015023641975458893,0.24748083663004375,0.012374041831502189,0.011822045409402026,0.0005911022704701014,3.0,0.0,0.003276138279765153,0.02608456708603653,0.0010685978208209014,,,,,,,,,,,,,,,,
0.05066919967015041,0.25575,0.4585,0.28575,0.027893444523215294,0.0982397273182869,0.057886358986919115,0.45658333225486175,1.512829888363679,0.0,0.0,0.0,0.0,0.0,0.0,1.0482941513218846,0.3318905234336853,publication,0.6800045967102051,5.510751962661743,0.23719832629013463,0.2706181838507291,200,0.33221522622966826,1.3516519237309694,-0.1865327549603535,0.23719832629013463,0.2706181827117689,420.7716729879379,mobile,0.09863010917615987,1.4215449488310892,21.038583654354433,21.038583654354433,system,0.0,2,0.2706181827117689,0.16709015026282517,meta_train_support,2,MARGO-SPLIT-v1,20,20,80,3,3,0.0,0.2,20,10,0.0005,0.0005,mrlco_first_order_mean_pseudogradient,fixed_literature_derived_defaults,0.023797358530770422,0.0011898679265385207,0.20355664780792562,0.010177832390396279,0.011979984763858718,0.0005989992381929361,3.0,0.0,0.004466006206303674,0.03626239947643281,0.0016675970590138375,,,,,,,,,,,,,,,,
0.06287497223105273,0.2435,0.49775,0.25875,0.016207197681069374,0.0788218304514885,0.0564269438230743,0.4081666688124338,1.1466771736741066,0.0,0.0,0.0,0.0,0.0,0.0,1.0136151186503775,0.6394146680831909,publication,0.6673862934112549,5.36929988861084,0.3173172650036893,0.36136842327664,200,0.46181890471592146,1.4996981883887202,-0.19452154613099992,0.31731726500368923,0.36136842767475175,372.6515671253204,mobile,0.20083606408382984,0.7680521131983309,18.632578469442663,18.632578469442663,system,0.0,3,0.36136842767475175,0.18448174685514704,meta_train_support,2,MARGO-SPLIT-v1,20,20,80,3,4,0.0,0.2,20,10,0.0005,0.0005,mrlco_first_order_mean_pseudogradient,fixed_literature_derived_defaults,0.02018808717226672,0.0010094043586133363,0.17224812698897904,0.008612406349448952,0.009602746794677302,0.000480137339733865,3.0,0.0,0.00547541056491701,0.04487480582588176,0.0021477343987477025,,,,,,,,,,,,,,,,
0.04780742703132096,0.21425,0.5825,0.20325,0.010790356434881687,0.07207349687814713,0.04769890978932381,0.3792500021557013,1.0183804050087928,0.0,0.0,0.0,0.0,0.0,0.0,0.9665967089719665,0.6615645289421082,publication,0.6382052898406982,5.3258514404296875,0.40057527838481133,0.45495046005894113,200,0.4964043405849125,1.901183663867414,-0.10009551886469126,0.4005752783848114,0.4549504674039781,792.6073630475998,mobile,0.06360856963979727,0.6759393437851426,39.630367727270055,39.630367727270055,system,0.0,4,0.4549504674039781,0.12669716929943797,meta_train_support,2,MARGO-SPLIT-v1,20,20,80,3,5,0.0,0.2,20,10,0.0005,0.0005,mrlco_first_order_mean_pseudogradient,fixed_literature_derived_defaults,0.017185354480696257,0.0008592677240348125,0.14669003085634946,0.007334501542817472,0.007703220033842677,0.00038516100169213403,3.0,0.0,0.006334678288951822,0.052209307368699234,0.0025328954004398365,,,,,,,,,,,,,,,,
0.06573330330191138,0.22525,0.6185,0.15625,0.0037238167133182287,0.14490272104740143,0.03592721566868325,0.28941666533549626,1.0258411412437756,0.0,0.0,0.0,0.0,0.0,0.0,0.8945541464069605,0.7194559574127197,publication,0.666637659072876,5.28631067276001,0.5928677960281017,0.6784516502738552,200,0.8824660509515596,3.337198863737285,-0.11765709426254034,0.5928677960281016,0.6784516469947994,670.8986266613007,mobile,0.09186411918750302,0.3148627439907922,33.54493046821898,33.54493046821898,system,0.0,5,0.6784516469947994,0.16758347346853963,meta_train_support,2,MARGO-SPLIT-v1,20,20,80,3,6,0.0,0.2,20,10,0.0005,0.0005,mrlco_first_order_mean_pseudogradient,fixed_literature_derived_defaults,0.01587616503190963,0.0007938082515954814,0.14854137473621706,0.007427068736810857,0.008658435840506825,0.0004329217920253413,3.0,0.0,0.007128486540547304,0.05963637610551009,0.002965817192465178,,,,,,,,,,,,,,,,
0.038809645096702386,0.15825,0.70975,0.132,0.0028653189074248075,0.03955170139670372,0.027131538651883606,0.19133333452045917,0.7297726040085155,0.0,0.0,0.0,0.0,0.0,0.0,0.7727758904475978,0.703484833240509,publication,0.681859016418457,5.5723490715026855,0.319254196381546,0.3606769013976009,200,0.5125710404308629,1.887459198012948,-0.12022327934391797,0.31925419638154606,0.36067690927069634,802.1618462562561,mobile,0.07626930005781547,0.4219637964883311,40.10809228262318,40.10809228262318,system,0.0,6,0.36067690927069634,0.08364209881191456,meta_train_support,2,MARGO-SPLIT-v1,20,20,80,3,7,0.0,0.2,20,10,0.0005,0.0005,mrlco_first_order_mean_pseudogradient,fixed_literature_derived_defaults,0.01360814145592254,0.0006804070727961268,0.12736519122404308,0.006368259561202155,0.007421516434720136,0.0003710758217360067,3.0,0.0,0.007808893613343431,0.06600463566671225,0.0033368930142011846,,,,,,,,,,,,,,,,
0.05841650081834725,0.164,0.727,0.109,0.0012412655632942915,0.05247502401471138,0.0118370231318598,0.10750000017384687,0.5959998443722725,0.0,0.0,0.0,0.0,0.0,0.0,0.7589976324208154,0.4421464502811432,publication,0.6830968856811523,5.367662191390991,0.20955322824294595,0.2392762291481972,200,0.38799216473527276,1.5807510698214173,-0.20570641924859956,0.20955322824294598,0.23927622741786764,150.7411291885376,mobile,0.06976320926574513,0.18592835782049127,7.537056469009984,7.537056469009984,system,0.0,7,0.23927622741786764,0.1296372271058124,meta_train_support,2,MARGO-SPLIT-v1,20,20,80,3,8,0.0,0.2,20,10,0.0005,0.0005,mrlco_first_order_mean_pseudogradient,fixed_literature_derived_defaults,0.012208042308521556,0.0006104021154260779,0.11696273494717788,0.005848136747358901,0.007562826771107248,0.00037814133855536237,3.0,0.0,0.008419295728769509,0.07185277241407115,0.003715034352756547,,,,,,,,,,,,,,,,
0.06967794209179715,0.18325,0.71725,0.0995,0.005413307808339596,0.06291881948709488,0.014051201310940087,0.11849999763071536,0.571024597932895,0.0,0.0,0.0,0.0,0.0,0.0,0.7276411810529843,0.39408090710639954,publication,0.6499662399291992,5.563843250274658,0.28469311906401934,0.32556232968269794,200,0.6473436990574811,2.428564286790788,-0.3555499743670225,0.2846931190640194,0.32556232874514535,98.71597054481506,mobile,0.06214770332018477,0.1554750929481993,4.935798442976838,4.935798442976838,system,0.0,8,0.32556232874514535,0.13708906939328266,meta_train_support,2,MARGO-SPLIT-v1,20,20,80,3,9,0.0,0.2,20,10,0.0005,0.0005,mrlco_first_order_mean_pseudogradient,fixed_literature_derived_defaults,0.011286812051319463,0.0005643406025659728,0.11032221358079818,0.005516110679039912,0.00771701425503679,0.0003858507127518394,3.0,0.0,0.008983636331335481,0.07736888309311106,0.004100885065508386,,,,,,,,,,,,,,,,
0.056722472580281035,0.12825,0.793,0.07875,0.006553109269589186,0.17773431539535522,0.014498272212222215,0.0906666662544012,1.0397771274050076,0.0,0.0,0.0,0.0,0.0,0.0,0.5890583284097586,0.35289841890335083,publication,0.6706221103668213,4.900982141494751,0.5729404967638395,0.6479406288034625,200,0.502937967294909,1.6797146326862276,-0.09295695810578763,0.5729404967638395,0.6479406385566108,709.7426476573944,mobile,0.06735524204513536,0.4689502426496181,35.48713201219593,35.48713201219593,system,0.0,9,0.6479406385566108,0.10124571525614613,meta_train_support,2,MARGO-SPLIT-v1,20,20,80,3,10,0.0,0.2,20,10,0.0005,0.0005,mrlco_first_order_mean_pseudogradient,fixed_literature_derived_defaults,0.010351608815572406,0.0005175804407786203,0.1026997131177951,0.005134985655889754,0.007593666758995463,0.0003796833379497728,3.0,0.0,0.009501216772114102,0.08250386874900081,0.004480568403458159,,,,,,,,,,,,,,,,
0.06663735552586167,0.10225,0.8185,0.07925,0.004046636633574963,0.24296681582927704,0.013067012823497254,0.09299999934931596,1.2358186709384122,0.0,0.0,0.0,0.0,0.0,0.0,0.518609567720736,0.3893105387687683,publication,0.6941895484924316,5.2181267738342285,0.6357883183302075,0.7223164549771536,200,0.6114547458244515,1.9750820198096335,-0.07055947472690605,0.6357883183302075,0.7223164557898417,900.6714134788513,mobile,0.04519898263218678,0.316960689713066,45.03356984517349,45.03356984517349,system,0.0,10,0.7223164557898417,0.1009162470753122,meta_train_support,2,MARGO-SPLIT-v1,20,20,80,3,11,0.0,0.2,20,10,0.0005,0.0005,mrlco_first_order_mean_pseudogradient,fixed_literature_derived_defaults,0.009577971744233025,0.000478898587211651,0.09933998439447346,0.0049669992197236695,0.008206001606148348,0.00041030008030741756,3.0,0.0,0.009980115359325753,0.08747086796872448,0.004890868483765577,,,,,,,,,,,,,,,,
0.06002389102654092,0.11925,0.7985,0.08225,-0.0008959664846770465,0.1801477074623108,0.012804627868657312,0.10183333195745944,0.8643357326587042,0.0,0.0,0.0,0.0,0.0,0.0,0.5385734212537054,0.35004958510398865,publication,0.6716673374176025,5.504307985305786,0.4664575673306166,0.53160148664605,200,0.7820938422480582,2.79198557138443,-0.2295626411214471,0.46645756733061666,0.5316014904016629,231.80232879638672,mobile,0.04576457057937429,0.11034448657816404,11.59011642140191,11.59011642140191,system,0.0,11,0.5316014904016629,0.10534979432600478,meta_train_support,2,MARGO-SPLIT-v1,20,20,80,3,12,0.0,0.2,20,10,0.0005,0.0005,mrlco_first_order_mean_pseudogradient,fixed_literature_derived_defaults,0.00929979787152903,0.0004649898935764514,0.09790572406232592,0.0048952862031163,0.008733950704833014,0.00043669753524165026,3.0,0.0,0.010445105252902204,0.09236615417184078,0.005327566019007227,,,,,,,,,,,,,,,,
0.0540942424349927,0.104,0.8355,0.0605,0.0026766122318804264,0.2961980104446411,0.00906877968615542,0.0828333331272006,1.2011177688837051,0.0,0.0,0.0,0.0,0.0,0.0,0.44677451807226776,0.4341057538986206,publication,0.7006204128265381,4.998489856719971,0.6947213547555308,0.786667715947217,200,0.9081277492744029,3.0370448250323534,-0.061373813383397646,0.694721354755531,0.786667706775479,859.0595227050782,mobile,0.038731677174169685,0.17600064767584217,42.952975814947784,42.952975814947784,system,0.0,12,0.786667706775479,0.0750906770184799,meta_train_support,2,MARGO-SPLIT-v1,20,20,80,3,13,0.0,0.2,20,10,0.0005,0.0005,mrlco_first_order_mean_pseudogradient,fixed_literature_derived_defaults,0.008623999523803692,0.0004311999761901844,0.09278439590984186,0.004639219795492089,0.008552416397889565,0.0004276208198944779,3.0,0.0,0.010876305229092388,0.09700537396733287,0.005755186838901705,,,,,,,,,,,,,,,,
0.04581835167255348,0.08375,0.85875,0.0575,-0.00044362759217619896,0.2848816215991974,0.006775368307717145,0.06274999994784594,1.3329746231436732,0.0,0.0,0.0,0.0,0.0,0.0,0.4018503708218872,0.5324270725250244,publication,0.6721453666687012,5.16755485534668,0.7534576925644572,0.8530150409484304,200,0.8984382933225661,2.9321049274876714,-0.007294917479157448,0.7534576925644572,0.8530150261335074,1132.4783550453185,mobile,0.029473307062691124,0.1267852444918168,56.62391842573177,56.62391842573177,system,0.0,13,0.8530150261335074,0.05442557413541726,meta_train_support,2,MARGO-SPLIT-v1,20,20,80,3,14,0.0,0.2,20,10,0.0005,0.0005,mrlco_first_order_mean_pseudogradient,fixed_literature_derived_defaults,0.00802517991733484,0.0004012589958667413,0.0878601769855775,0.004393008849278873,0.00862606194688638,0.0004313030973443193,3.0,0.0,0.01127756422495913,0.10139838281661175,0.006186489936246024,,,,,,,,,,,,,,,,
0.04575901476664413,0.09925,0.8365,0.06425,-0.0017782917711883783,0.06984986364841461,0.007440107719351848,0.06550000005712112,1.1897585531075794,0.0,0.0,0.0,0.0,0.0,0.0,0.41356291151387475,0.5612846612930298,publication,0.6201324462890625,5.324892520904541,0.239296609612918,0.2700135698644135,200,0.4040552600932865,1.5647701052948833,-0.03329757135361433,0.23929660961291796,0.27001357519300656,741.6801091194153,mobile,0.03131412317590914,0.1141379626736139,37.08400643643881,37.08400643643881,system,0.0,14,0.27001357519300656,0.06963054922556221,meta_train_support,2,MARGO-SPLIT-v1,20,20,80,3,15,0.0,0.2,20,10,0.0005,0.0005,mrlco_first_order_mean_pseudogradient,fixed_literature_derived_defaults,0.00749016792284585,0.0003745083961422934,0.08235779610435433,0.0041178898052177115,0.008217142310371288,0.00041085711551856405,3.0,0.0,0.011652072621101423,0.10551627262182946,0.006597347051764588,,,,,,,,,,,,,,,,
0.04911400166233669,0.0905,0.85825,0.05125,0.0010850197868421674,0.3774334490299225,0.005323422323757161,0.06816666622956594,1.2238548984130222,0.0,0.0,0.0,0.0,0.0,0.0,0.3790250920474814,0.5915169715881348,publication,0.663567066192627,5.573977470397949,0.6706949506908592,0.7589626790498285,200,0.8290000949283727,2.474465903826058,-0.006086328881792724,0.6706949506908593,0.7589626662805676,643.4240787696839,mobile,0.03345354727141256,0.12355721205105191,32.17120400703175,32.17120400703175,system,0.0,15,0.7589626662805676,0.07216941024208642,meta_train_support,2,MARGO-SPLIT-v1,20,20,80,3,16,0.0,0.2,20,10,0.0005,0.0005,mrlco_first_order_mean_pseudogradient,fixed_literature_derived_defaults,0.007060611953641141,0.00035303059768205733,0.07909155515894066,0.003954577757947039,0.008192469581739586,0.0004096234790869789,3.0,0.0,0.01200510321878348,0.1094708503797765,0.007006970530851567,,,,,,,,,,,,,,,,
0.07276580469557528,0.0895,0.85875,0.05175,0.0019549333956092596,0.3825247883796692,0.007839368780454001,0.08174999964733917,1.2541093856096268,0.0,0.0,0.0,0.0,0.0,0.0,0.3549839147305884,0.6298083662986755,publication,0.6309514045715332,5.205915451049805,0.7650780060035245,0.8687025674494726,200,1.069102772755707,3.0753502706065774,-0.07514177612029016,0.7650780060035246,0.8687025701254606,198.20251585006713,mobile,0.029036446090503362,0.0647183489151853,9.91012585029425,9.91012585029425,system,0.0,16,0.8687025701254606,0.08558119495481858,meta_train_support,2,MARGO-SPLIT-v1,20,20,80,3,17,0.0,0.2,20,10,0.0005,0.0005,mrlco_first_order_mean_pseudogradient,fixed_literature_derived_defaults,0.006645281838721075,0.00033226409193605304,0.07495167205269443,0.0037475836026347187,0.007894512102625758,0.00039472560513128824,3.0,0.0,0.012337367310719534,0.11321843398241122,0.007401696135982855,,,,,,,,,,,,,,,,
0.0711735246635888,0.0805,0.87925,0.04025,0.001852106535807252,0.15543214976787567,0.004864211004072179,0.06333333323709667,0.9512380411227545,0.0,0.0,0.0,0.0,0.0,0.0,0.31521053004863825,0.697301983833313,publication,0.6869456768035889,5.538708448410034,0.5122026824972734,0.5785132462603201,200,0.7531376090154493,2.2944114774581976,-0.038082663784734905,0.5122026824972734,0.578513233968988,207.606840133667,mobile,0.025160881684278973,0.06468561497867208,10.380341972780194,10.380341972780194,system,0.0,17,0.578513233968988,0.07805640332454612,meta_train_support,2,MARGO-SPLIT-v1,20,20,80,3,18,0.0,0.2,20,10,0.0005,0.0005,mrlco_first_order_mean_pseudogradient,fixed_literature_derived_defaults,0.006327162387909428,0.0003163581193954719,0.0712808149079542,0.0035640407453977063,0.007531604064322239,0.00037658020321611196,3.0,0.0,0.012653725430115005,0.11678247472780892,0.007778276339198967,,,,,,,,,,,,,,,,
0.05144386094148197,0.06775,0.9,0.03225,0.004519873298704624,0.05202207714319229,0.01500189440169682,0.09291666521069905,0.9457176913817724,0.0,0.0,0.0,0.0,0.0,0.0,0.27038373389738707,0.6569960713386536,publication,0.6208014488220215,4.761198997497559,0.2784868219056467,0.3140037716336519,200,0.3722393947050601,1.3771514859981835,-0.028670295607298613,0.2784868219056468,0.31400376254809087,847.9385055923462,mobile,0.03492163934662105,0.09959021709997501,42.39692428587993,42.39692428587993,system,0.0,18,0.31400376254809087,0.06856300395915763,meta_train_support,2,MARGO-SPLIT-v1,20,20,80,3,19,0.0,0.2,20,10,0.0005,0.0005,mrlco_first_order_mean_pseudogradient,fixed_literature_derived_defaults,0.005994153841177353,0.0002997076920588683,0.06752919307069344,0.003376459653534669,0.007135203850410543,0.00035676019252052753,3.0,0.0,0.012953433122173874,0.12015893438134359,0.008135036531719495,,,,,,,,,,,,,,,,
0.057599627109814235,0.066,0.89925,0.03475,-0.0015596518060192466,0.2698878347873688,0.00503552485703646,0.05883333357051015,1.0504612860580287,0.0,0.0,0.0,0.0,0.0,0.0,0.26932837187663844,0.6414076089859009,publication,0.6802539825439453,5.038199424743652,0.6456032922189131,0.7282976779883392,200,0.8212545572524378,2.6321545420214534,-0.035704029724001884,0.645603292218913,0.7282976858282928,495.64747749328615,mobile,0.026191239707344324,0.06896507563130641,24.782372522309647,24.782372522309647,system,0.0,19,0.7282976858282928,0.06574504553376835,meta_train_support,2,MARGO-SPLIT-v1,20,20,80,3,20,0.0,0.2,20,10,0.0005,0.0005,mrlco_first_order_mean_pseudogradient,fixed_literature_derived_defaults,0.0056944461491184855,0.0002847223074559247,0.06439100262006481,0.0032195501310032376,0.006860606284192329,0.00034303031420961604,3.0,0.0,0.013238155429629798,0.12337848451234683,0.00847806684592911,,,,,,,,,,,,,,,,
0.06144117332624029,0.06325,0.90425,0.0325,0.004494509194046259,0.4668528735637665,0.007557661340494329,0.06666666623204946,1.5088986515998841,0.0,0.0,0.0,0.0,0.0,0.0,0.2340759547836549,0.6853196024894714,publication,0.6402223110198975,4.568448305130005,0.9825727284913435,1.1086828070532193,200,0.9558128282860547,2.64039148343727,-0.034613894938956946,0.9825727284913437,1.1086827944777906,935.5503624343872,mobile,0.019515894132656794,0.05110500020189799,46.77751786703993,46.77751786703993,system,0.0,20,1.1086827944777906,0.0634934177997785,meta_train_support,2,MARGO-SPLIT-v1,20,20,80,3,21,0.0,0.2,20,10,0.0005,0.0005,mrlco_first_order_mean_pseudogradient,fixed_literature_derived_defaults,0.005423282046779511,0.0002711641023389749,0.06159947181160802,0.00307997359058039,0.006624705187820422,0.0003312352593910217,3.0,0.0,0.013509319531968773,0.12645845810292722,0.008809302105320133,,,,,,,,,,,,,,,,
0.05561994834388824,0.0595,0.90625,0.03425,0.003935357555747032,0.07834526896476746,0.010131757908190289,0.07991666719317436,0.9598717530568441,0.0,0.0,0.0,0.0,0.0,0.0,0.2459251848893489,0.6237154006958008,publication,0.6012060642242432,5.629953861236572,0.37680482990401565,0.4246515138650102,200,0.4679773969077566,1.2629997357726097,0.03513408808976237,0.3768048299040157,0.4246515231207013,495.6625824546814,mobile,0.018321306938015494,0.05906765435449675,24.783129095819596,24.783129095819596,system,0.0,21,0.4246515231207013,0.057670117903892294,meta_train_support,2,MARGO-SPLIT-v1,20,20,80,3,22,0.0,0.2,20,10,0.0005,0.0005,mrlco_first_order_mean_pseudogradient,fixed_literature_derived_defaults,0.005176769226471351,0.00025883846132356697,0.05880552631574052,0.002940276315787027,0.006323582224737676,0.00031617911123688405,3.0,0.0,0.01376815799329234,0.12939873441871425,0.009125481216557017,,,,,,,,,,,,,,,,
0.05266828304653241,0.0625,0.9005,0.037,-0.0011632980313152075,0.11170580238103867,0.0038753161420269555,0.039916666798914466,1.1586378196875253,0.0,0.0,0.0,0.0,0.0,0.0,0.24904627956493572,0.6114214658737183,publication,0.625748872756958,5.0277488231658936,0.3514387777471784,0.3960470591086596,200,0.6360302072716295,2.1743125962093472,-0.01872490849927999,0.3514387777471784,0.39604705619392916,327.08645875930785,mobile,0.01612911072844655,0.05751496977590734,16.35432323889221,16.35432323889221,system,0.0,22,0.39604705619392916,0.04753790190607901,meta_train_support,2,MARGO-SPLIT-v1,20,20,80,3,23,0.0,0.2,20,10,0.0005,0.0005,mrlco_first_order_mean_pseudogradient,fixed_literature_derived_defaults,0.004951692303581292,0.0002475846151790643,0.05626800858724402,0.002813400429362206,0.006060956751272369,0.00030304783756361815,3.0,0.0,0.014015742608471405,0.13221213484807645,0.009428529054120635,,,,,,,,,,,,,,,,
0.05634615567372544,0.0655,0.90325,0.03125,-0.001250439090654254,0.12433814257383347,0.008434549552233269,0.07500000037252905,1.2974220822254818,0.0,0.0,0.0,0.0,0.0,0.0,0.23514869398516197,0.646710991859436,publication,0.6734092235565186,5.354536533355713,0.44046088331239663,0.4974095713994211,200,0.7217846339275645,2.026073820888996,-0.017811733239796013,0.44046088331239674,0.49740956167457623,388.2307109642029,mobile,0.01823604378742609,0.03678527488189936,19.411535120099586,19.411535120099586,system,0.0,23,0.49740956167457623,0.06265703165941103,meta_train_support,2,MARGO-SPLIT-v1,20,20,80,3,24,0.0,0.2,20,10,0.0005,0.0005,mrlco_first_order_mean_pseudogradient,fixed_literature_derived_defaults,0.004752035672441177,0.00023760178362205835,0.0543360095930855,0.00271680047965428,0.00593990623467585,0.00029699531173379284,3.0,0.0,0.014253344392093463,0.13492893532773073,0.009725524365854428,,,,,,,,,,,,,,,,
0.06905648210487389,0.05225,0.921,0.02675,-0.0011226156493648887,0.30131039023399353,0.0045138174056774,0.049666666379198435,1.4170198500156403,0.0,0.0,0.0,0.0,0.0,0.0,0.2081262143726887,0.5966403484344482,publication,0.6869072914123535,5.040700912475586,0.6936583074299995,0.7833630445323115,200,0.7896273362119354,2.5309786684811115,0.011083155288361013,0.6936583074299996,0.7833630615379661,214.58359783172608,mobile,0.018033049089688613,0.03546296102277799,10.729179856974977,10.729179856974977,system,0.0,24,0.7833630615379661,0.06884789568010273,meta_train_support,2,MARGO-SPLIT-v1,20,20,80,3,25,0.0,0.2,20,10,0.0005,0.0005,mrlco_first_order_mean_pseudogradient,fixed_literature_derived_defaults,0.00456195424554353,0.0002280977122771765,0.05229657324562114,0.002614828662281049,0.0057498495132187475,0.000287492475660938,3.0,0.0,0.01448144210437064,0.13754376399001178,0.010013016841515366,,,,,,,,,,,,,,,,
0.062346867002457215,0.049,0.92875,0.02225,0.0011763814836740494,0.09283808618783951,0.00660852935203972,0.06250000082266827,1.2200596742331982,0.0,0.0,0.0,0.0,0.0,0.0,0.18209494410311702,0.5803009271621704,publication,0.6315453052520752,5.463931322097778,0.4763202734358436,0.5370905150476211,200,0.6051090911652003,2.0771077629178762,-0.014139518956653774,0.4763202734358436,0.5370905140531249,844.0478501892089,mobile,0.012946271257158274,0.04881160117748132,42.20239111247904,42.20239111247904,system,0.0,25,0.5370905140531249,0.06663971593083873,meta_train_support,2,MARGO-SPLIT-v1,20,20,80,3,26,0.0,0.2,20,10,0.0005,0.0005,mrlco_first_order_mean_pseudogradient,fixed_literature_derived_defaults,0.004386494466868779,0.00021932472334343887,0.050325325600555616,0.002516266280027768,0.005534682008748319,0.00027673410043741603,3.0,0.0,0.014700766827714078,0.14006003027003955,0.010289750941952782,,,,,,,,,,,,,,,,
0.06820604376991249,0.04175,0.93425,0.024,-7.602029654663056e-05,0.2357831597328186,0.003551416967335778,0.035416666309659686,1.4349317570527393,0.0,0.0,0.0,0.0,0.0,0.0,0.17793732374397078,0.5426211953163147,publication,0.6581869125366211,5.428453683853149,0.6766155229881831,0.7650998520663052,200,0.7713331060847504,2.2728067384741735,0.010771977948024869,0.6766155229881832,0.7650998617708683,582.22895154953,mobile,0.013108473224240412,0.02584202769013889,29.11144735124117,29.11144735124117,system,0.0,26,0.7650998617708683,0.061189142645866515,meta_train_support,2,MARGO-SPLIT-v1,20,20,80,3,27,0.0,0.2,20,10,0.0005,0.0005,mrlco_first_order_mean_pseudogradient,fixed_literature_derived_defaults,0.004224031708836602,0.00021120158544182983,0.04850058295648274,0.002425029147824137,0.005342802668912279,0.0002671401334456147,3.0,0.0,0.014911968413155908,0.14248505941786369,0.010556891075398396,,,,,,,,,,,,,,,,
0.07056072768781471,0.02925,0.95175,0.019,-0.0007335300906561315,0.5888933539390564,0.003910610271850601,0.0286666666623205,1.638594723244508,0.0,0.0,0.0,0.0,0.0,0.0,0.14075931224553143,0.5339052081108093,publication,0.6340570449829102,5.139165639877319,0.9095227602012989,1.022774299462926,200,1.0598316004735393,3.2329607466235757,0.03164072899380699,0.909522760201299,1.0227742933481931,661.8681790924072,mobile,0.01020759387152669,0.01764209990132913,33.093409775036896,33.093409775036896,system,0.0,27,1.0227742933481931,0.05788826419428683,meta_train_support,2,MARGO-SPLIT-v1,20,20,80,3,28,0.0,0.2,20,10,0.0005,0.0005,mrlco_first_order_mean_pseudogradient,fixed_literature_derived_defaults,0.004073173433521009,0.0002036586716760505,0.04682042245729136,0.0023410211228645783,0.005159839777393647,0.00025799198886968314,3.0,0.0,0.015115627084831959,0.14482608054072826,0.01081488306426808,,,,,,,,,,,,,,,,
0.054813036762194865,0.0375,0.9425,0.02,6.496383139165118e-05,0.1744765341281891,0.0022221641993382946,0.02675000016267101,1.2849138120810193,0.0,0.0,0.0,0.0,0.0,0.0,0.15328097031484697,0.5353283286094666,publication,0.652935266494751,5.087060928344727,0.7095425148160007,0.7997858798452944,200,0.7981421649236949,2.304417956620455,0.02789489459246397,0.7095425148160007,0.7997858576383442,379.15809968948366,mobile,0.008654443886941005,0.02507391185523293,18.95790512518262,18.95790512518262,system,0.0,28,0.7997858576383442,0.049876959841954435,meta_train_support,2,MARGO-SPLIT-v1,20,20,80,3,29,0.0,0.2,20,10,0.0005,0.0005,mrlco_first_order_mean_pseudogradient,fixed_literature_derived_defaults,0.003932719177192698,0.0001966359588596346,0.04520592513117786,0.0022602962565588802,0.0049819142678283485,0.00024909571339141665,3.0,0.0,0.015312263043691593,0.14708637679728714,0.011063978777659496,,,,,,,,,,,,,,,,
0.07533091485372292,0.03,0.953,0.017,-0.00019006364163942635,0.16687282919883728,0.0017086129024391993,0.015583333186805248,1.2697318146626155,0.0,0.0,0.0,0.0,0.0,0.0,0.13325315042062424,0.5297411680221558,publication,0.5795919895172119,4.789355516433716,0.5370709762932058,0.606533031351737,200,0.675110799714236,1.6322020906955004,-0.030759098241105676,0.5370709762932058,0.606533034942695,172.45430728912353,mobile,0.01777850715085149,0.03690678618596402,8.622715524997846,8.622715524997846,system,0.0,29,0.606533034942695,0.07385648406390699,meta_train_support,2,MARGO-SPLIT-v1,20,20,80,3,30,0.0,0.2,20,10,0.0005,0.0005,mrlco_first_order_mean_pseudogradient,fixed_literature_derived_defaults,0.0038016285379529418,0.00019008142689764737,0.04394755784071668,0.0021973778920358344,0.0049797654594882605,0.0002489882729744125,3.0,0.0,0.01550234447058924,0.14928375468932298,0.011312967050633909,,,,,,,,,,,,,,,,
0.07361902498528455,0.02525,0.961,0.01375,0.0006752276094630361,0.2767587900161743,0.001879682098903383,0.015083333399767678,1.4393934706846876,0.0,0.0,0.0,0.0,0.0,0.0,0.11513934848919471,0.524542510509491,publication,0.660240650177002,4.437032222747803,0.9904523071805624,1.1172921412102097,200,0.9500698363850658,2.5997405480593443,0.009729830780997872,0.9904523071805625,1.117292143101804,249.16932566642762,mobile,0.008584340520816316,0.01624556604393346,12.458466958638546,12.458466958638546,system,0.0,30,1.117292143101804,0.060510407505109186,meta_train_support,2,MARGO-SPLIT-v1,20,20,80,3,31,0.0,0.2,20,10,0.0005,0.0005,mrlco_first_order_mean_pseudogradient,fixed_literature_derived_defaults,0.0036789953593092985,0.00018394976796546648,0.0425404416830324,0.0021270220841516085,0.004830090606466007,0.00024150453032330092,3.0,0.0,0.015686294238554707,0.1514107767734746,0.01155447158095721,,,,,,,,,,,,,,,,
0.07460326950178617,0.017,0.971,0.012,0.0002868465962819755,0.18214575946331024,0.0032272813138357983,0.017166666655490798,1.2810269504785539,0.0,0.0,0.0,0.0,0.0,0.0,0.09538256647042347,0.5756288766860962,publication,0.6358730792999268,4.807657718658447,0.8759042534366455,0.989239408420035,200,0.7421932540159543,2.3316156277433038,-0.0005732588469982147,0.8759042534366456,0.9892393918335438,368.2925302886963,mobile,0.007794372244131555,0.01636318117398505,18.41462567922334,18.41462567922334,system,0.0,31,0.9892393918335438,0.06314501855695549,meta_train_support,2,MARGO-SPLIT-v1,20,20,80,3,32,0.0,0.2,20,10,0.0005,0.0005,mrlco_first_order_mean_pseudogradient,fixed_literature_derived_defaults,0.003564026754330883,0.00017820133771654506,0.04124026336850461,0.0020620131684252196,0.004691519780203383,0.00023457598901016966,3.0,0.0,0.015864495576271252,0.1534727899418998,0.01178904756996738,,,,,,,,,,,,,,,,
0.05112406409316204,0.0115,0.98,0.0085,-0.0007860291516408324,0.22647175192832947,0.0021357785076058164,0.011916666524484752,1.3130062540372214,0.0,0.0,0.0,0.0,0.0,0.0,0.07637410534982685,0.6572126150131226,publication,0.6797885894775391,5.06032133102417,1.0433577801397989,1.1780925142496563,200,0.9939354320418694,3.255408580414951,0.07056589386775158,1.0433577801397989,1.1780925399065019,1271.983720741272,mobile,0.006625591814119094,0.06506744935969536,63.59918684127011,63.59918684127011,system,0.0,32,1.1780925399065019,0.04641016457863454,meta_train_support,2,MARGO-SPLIT-v1,20,20,80,3,33,0.0,0.2,20,10,0.0005,0.0005,mrlco_first_order_mean_pseudogradient,fixed_literature_derived_defaults,0.003456025943593583,0.00017280129717968037,0.03999269464577715,0.0019996347322888686,0.004555772378245237,0.00022778861891226132,3.0,0.0,0.016037296873450933,0.15547242467418868,0.01201683618887964,,,,,,,,,,,,,,,,
0.06752458649835331,0.00975,0.9775,0.01275,-0.0004983114777132869,0.43246665596961975,0.0010915583887253888,0.008666666535039742,1.5391094436248143,0.0,0.0,0.0,0.0,0.0,0.0,0.08769667779521557,0.7903334498405457,publication,0.6685309410095215,4.798079490661621,1.221696325078485,1.3805315953801256,200,1.1812024191114143,3.4554237397387624,0.01205977046265616,1.2216963250784851,1.380531598571688,526.2780257987976,mobile,0.008095564017994602,0.022575357484881087,26.313899639735872,26.313899639735872,system,0.0,33,1.380531598571688,0.06395347769659676,meta_train_support,2,MARGO-SPLIT-v1,20,20,80,3,34,0.0,0.2,20,10,0.0005,0.0005,mrlco_first_order_mean_pseudogradient,fixed_literature_derived_defaults,0.003354378121723184,0.00016771890608615822,0.03888419179921434,0.0019442095899607215,0.00447805446878687,0.00022390272343934293,3.0,0.0,0.01620501577953709,0.1574166342641494,0.012240738912318984,,,,,,,,,,,,,,,,
0.07268721735781485,0.014,0.97175,0.01425,-0.0012170658446848392,0.11015157401561737,0.001702241962266271,0.00958333327434957,1.0339347034692765,0.0,0.0,0.0,0.0,0.0,0.0,0.10251636826931339,0.9403359889984131,publication,0.5379550457000732,5.340229749679565,0.617444591013228,0.6967309212952386,200,0.7109329854179959,2.053220028989017,0.023516011366155,0.6174445910132278,0.6967309343721717,296.31401275634767,mobile,0.006350358803326615,0.025166047257643334,14.815700417389255,14.815700417389255,system,0.0,34,0.6967309343721717,0.055502856512511405,meta_train_support,2,MARGO-SPLIT-v1,20,20,80,3,35,0.0,0.2,20,10,0.0005,0.0005,mrlco_first_order_mean_pseudogradient,fixed_literature_derived_defaults,0.0032585387468168072,0.0001629269373408411,0.03778305803859879,0.0018891529019299524,0.004365528297890066,0.00021827641489450406,3.0,0.0,0.016367942716877932,0.15930578716607935,0.012459015327213488,,,,,,,,,,,,,,,,
0.03845929653659409,0.01725,0.9605,0.02225,-0.00024465375463478267,0.05013018846511841,0.001597812573891133,0.005249999913697441,0.7996948540210723,0.0,0.0,0.0,0.0,0.0,0.0,0.12743738477815733,0.9400677680969238,publication,0.6305217742919922,5.257207632064819,0.32564103908831726,0.36634748625469626,200,0.47821385604992506,1.5536484704352915,0.0022434770362451673,0.32564103908831726,0.36634748143726026,705.8297463417053,mobile,0.007040308769861131,0.028914676121158552,35.291485401160465,35.291485401160465,system,0.0,35,0.36634748143726026,0.043542819574477566,meta_train_support,2,MARGO-SPLIT-v1,20,20,80,3,36,0.0,0.2,20,10,0.0005,0.0005,mrlco_first_order_mean_pseudogradient,fixed_literature_derived_defaults,0.0031680237816274514,0.00015840118908137107,0.036733528648637714,0.0018366764324318774,0.004244263622948676,0.00021221318114743315,3.0,0.0,0.016526343905959303,0.16114246359851123,0.01267122850836092,,,,,,,,,,,,,,,,
0.06955251349347184,0.01,0.975,0.015,-0.0011463757837191224,0.16378776729106903,0.0005729690359051649,0.005500000016763806,1.0164602771401405,0.0,0.0,0.0,0.0,0.0,0.0,0.11079956601549665,1.0331876277923584,publication,0.6628477573394775,5.148597002029419,0.6188355822084779,0.6972135857981812,200,0.837602851828225,2.056738253682852,-0.0012781380792148411,0.6188355822084779,0.6972136149532162,544.3683142662048,mobile,0.012138143475050515,0.0391479612316489,27.21841474750915,27.21841474750915,system,0.0,36,0.6972136149532162,0.06750150692014603,meta_train_support,2,MARGO-SPLIT-v1,20,20,80,3,37,0.0,0.2,20,10,0.0005,0.0005,mrlco_first_order_mean_pseudogradient,fixed_literature_derived_defaults,0.003082401517259142,0.00015412007586295545,0.03575590078085333,0.0017877950390426667,0.004130496507370137,0.0002065248253685075,3.0,0.0,0.01668046398182226,0.1629302586375539,0.012877753333729428,,,,,,,,,,,,,,,,
0.07334182339661524,0.009,0.97525,0.01575,-0.000428440427640453,0.12097029387950897,0.0012805361694821235,0.0069166666517655045,0.9641624897718429,0.0,0.0,0.0,0.0,0.0,0.0,0.0978043356124231,0.9448996186256409,publication,0.6517696380615234,4.873225212097168,0.7931262924490522,0.8970106684775555,200,1.0017062607850533,3.1853032947983593,0.0034398781863274053,0.7931262924490521,0.8970106727234088,217.803630361557,mobile,0.00593839976440873,0.03663209868257045,10.890181441447224,10.890181441447224,system,0.0,37,0.8970106727234088,0.06959505657965848,meta_train_support,2,MARGO-SPLIT-v1,20,20,80,3,38,0.0,0.2,20,10,0.0005,0.0005,mrlco_first_order_mean_pseudogradient,fixed_literature_derived_defaults,0.0030178556598354227,0.0001508927829917718,0.0349383438083311,0.0017469171904165581,0.004021799230860396,0.00020108996154302033,3.0,0.0,0.01683135676481403,0.16467717582797045,0.013078843295272449,,,,,,,,,,,,,,,,
0.055172572054876814,0.00975,0.9735,0.01675,-0.0016603789990767837,0.05565674230456352,0.0029440082013024948,0.014666666556149722,0.7296958612898985,0.0,0.0,0.0,0.0,0.0,0.0,0.11193929514469053,0.7624108791351318,publication,0.6713554859161377,4.889046669006348,0.5666897039625105,0.638793352883506,200,0.5337678366478597,1.4780492423451506,-0.041337114525958896,0.5666897039625105,0.6387933432823047,815.887087059021,mobile,0.014050518865947562,0.05201768229547419,40.79435518003927,40.79435518003927,system,0.0,38,0.6387933432823047,0.053455802309078794,meta_train_support,2,MARGO-SPLIT-v1,20,20,80,3,39,0.0,0.2,20,10,0.0005,0.0005,mrlco_first_order_mean_pseudogradient,fixed_literature_derived_defaults,0.0029404747454806683,0.0001470237372740331,0.03404248883888671,0.0017021244419443415,0.003918676173658848,0.00019593380868294236,3.0,0.0,0.016978380502088063,0.1663793002699148,0.013274777103955391,,,,,,,,,,,,,,,,
0.06670366196898522,0.01575,0.96525,0.019,-0.0015447910409420729,0.14717762172222137,0.00219532576399312,0.018666666466742754,0.888349708914757,0.0,0.0,0.0,0.0,0.0,0.0,0.1348670333723133,0.7223613858222961,publication,0.6673908233642578,4.862686395645142,0.5949100118867611,0.6694889883055702,200,0.8531596198220129,2.506734911352396,-0.03763268596230773,0.594910011886761,0.6694889887864701,542.6981047058106,mobile,0.010329518513081906,0.09294971716832817,27.13490437913146,27.13490437913146,system,0.0,39,0.6694889887864701,0.06413311473905318,meta_train_support,2,MARGO-SPLIT-v1,20,20,80,3,40,0.0,0.2,20,10,0.0005,0.0005,mrlco_first_order_mean_pseudogradient,fixed_literature_derived_defaults,0.0028669628768436513,0.0001433481438421827,0.0332290692096685,0.0016614534604834363,0.003820709269317377,0.00019103546346586897,3.0,0.0,0.017121728645930246,0.16804075373039823,0.01346581256742126,,,,,,,,,,,,,,,,
0.07009979189034646,0.01625,0.95975,0.024,-0.00190211390145123,0.24228636920452118,0.0025720806520742674,0.024000000363836687,0.8633003244797388,0.0,0.0,0.0,0.0,0.0,0.0,0.15713293242989573,0.6118703484535217,publication,0.6518964767456055,5.062117099761963,0.42282388754189415,0.47580905787392114,200,0.7262303315159754,2.47217143769376,0.012778247997630388,0.42282388754189404,0.4758090732619166,136.74518277168275,mobile,0.012600342544008207,0.03802845503257477,6.837259248094541,6.837259248094541,system,0.0,40,0.4758090732619166,0.0714304589307439,meta_train_support,2,MARGO-SPLIT-v1,20,20,80,3,41,0.0,0.2,20,10,0.0005,0.0005,mrlco_first_order_mean_pseudogradient,fixed_literature_derived_defaults,0.0027970369530181966,0.00013985184765091113,0.03245098986117878,0.001622549493058928,0.003741269564735917,0.00018706347823679512,3.0,0.0,0.017261580493581157,0.16966330322345716,0.013652876045658055,,,,,,,,,,,,,,,,
0.054240453583950375,0.013,0.97,0.017,-0.0009413930820301175,0.3082922399044037,0.0044349686460918745,0.026083333371207117,1.014036897321542,0.0,0.0,0.0,0.0,0.0,0.0,0.13125289426888379,0.515649676322937,publication,0.6816253662109375,5.36885142326355,0.8529739720428275,0.9593977099540097,200,0.9749854487233903,2.440380908548832,-0.05592915340093896,0.8529739720428277,0.9593977060285397,651.02033826828,mobile,0.00789258282006546,0.07903670600462888,32.55101657889219,32.55101657889219,system,0.0,41,0.9593977060285397,0.051583706001031085,meta_train_support,2,MARGO-SPLIT-v1,20,20,80,3,42,0.0,0.2,20,10,0.0005,0.0005,mrlco_first_order_mean_pseudogradient,fixed_literature_derived_defaults,0.002760398554479455,0.00013801992772397367,0.03185555826225949,0.0015927779131129638,0.003655814745481827,0.00018279073727409112,3.0,0.0,0.01739960042130513,0.17125608113657012,0.013835666782932146,,,,,,,,,,,,,,,,
0.06066215667164876,0.018,0.95725,0.02475,-0.0007023438811302185,0.26554563641548157,0.004480345017267002,0.034749999968335034,0.8949669003486636,0.0,0.0,0.0,0.0,0.0,0.0,0.17666248205180676,0.4649626314640045,publication,0.6547446250915527,4.753693103790283,0.7272324225543305,0.8197365576556512,200,1.2106515967672082,4.127369217574596,0.019122703291941434,0.7272324225543305,0.8197365393675864,364.80171482086183,mobile,0.0064562736584039574,0.023499955056073527,18.240086152656094,18.240086152656094,system,0.0,42,0.8197365393675864,0.052333347135786884,meta_train_support,2,MARGO-SPLIT-v1,20,20,80,3,43,0.0,0.2,20,10,0.0005,0.0005,mrlco_first_order_mean_pseudogradient,fixed_literature_derived_defaults,0.0027027435163886125,0.0001351371758194289,0.03128765864174868,0.001564382932087438,0.0035819720705166543,0.00017909860352583254,3.0,0.0,0.01753473759712456,0.17282046406865756,0.014014765386457979,,,,,,,,,,,,,,,,
0.06343571819472335,0.0175,0.9585,0.024,-0.0015660313656553626,0.05811280012130737,0.004084298852831125,0.026916666608303785,0.5792023616532485,0.0,0.0,0.0,0.0,0.0,0.0,0.17071386567439537,0.445586621761322,publication,0.641169548034668,3.5054943561553955,0.44952018929246873,0.506387524445363,200,0.6074787333396714,1.6859768107533455,0.012610672740265727,0.4495201892924688,0.5063875379320234,292.20576274871826,mobile,0.015426645980919812,0.06771157438241285,14.610287879877035,14.610287879877035,system,0.0,43,0.5063875379320234,0.06357749497134275,meta_train_support,2,MARGO-SPLIT-v1,20,20,80,3,44,0.0,0.2,20,10,0.0005,0.0005,mrlco_first_order_mean_pseudogradient,fixed_literature_derived_defaults,0.0026434151044687393,0.00013217075522343677,0.03069463970924829,0.0015347319854624175,0.0035180360792831534,0.00017590180396415828,3.0,0.0,0.017666908352347997,0.17435519605411998,0.014190667190422137,,,,,,,,,,,,,,,,
0.05623169804724283,0.014,0.96225,0.02375,-0.0016186591237783432,0.06676319241523743,0.003188510395314855,0.020916666726892193,0.6553062965472539,0.0,0.0,0.0,0.0,0.0,0.0,0.15772302829601387,0.4572429060935974,publication,0.6727654933929443,5.133238792419434,0.5333792774918836,0.600515942106822,200,0.5632352489407398,1.6703103289473802,-0.004231034894473851,0.5333792774918836,0.600515962485224,858.796233997345,mobile,0.00620749370687593,0.14992770895890634,42.93981048427043,42.93981048427043,system,0.0,44,0.600515962485224,0.0539408758970159,meta_train_support,2,MARGO-SPLIT-v1,20,20,80,3,45,0.0,0.2,20,10,0.0005,0.0005,mrlco_first_order_mean_pseudogradient,fixed_literature_derived_defaults,0.002584672546591656,0.00012923362732958354,0.03001253660459833,0.0015006268302299175,0.003439857499743528,0.00017199287498717575,3.0,0.0,0.01779614197967758,0.1758558228843499,0.014362660065409313,,,,,,,,,,,,,,,,
0.04800669936378567,0.01825,0.95375,0.028,-0.0014359158230945468,0.16623851656913757,0.003414165619081662,0.02141666660706202,0.7565825055042904,0.0,0.0,0.0,0.0,0.0,0.0,0.17965341808127716,0.5050097703933716,publication,0.6198115348815918,4.681339979171753,0.6726147481218283,0.7554361521124975,200,0.6708355216920574,2.210671140026534,0.0025924035580828786,0.6726147481218282,0.7554361474234611,743.5691386604309,mobile,0.004167501676624108,0.046774439114039806,37.178458021769906,37.178458021769906,system,0.0,45,0.7554361474234611,0.03988150015928047,meta_train_support,2,MARGO-SPLIT-v1,20,20,80,3,46,0.0,0.2,20,10,0.0005,0.0005,mrlco_first_order_mean_pseudogradient,fixed_literature_derived_defaults,0.0025374663982574517,0.00012687331991287354,0.029430033565211417,0.0014715016782605728,0.0033650779888795383,0.00016825389944397778,3.0,0.0,0.017923015299590454,0.17732732456261047,0.01453091396485329,,,,,,,,,,,,,,,,
0.07913605049852533,0.0145,0.9645,0.021,-0.0012065211776643991,0.13352607190608978,0.003282312924663226,0.02216666654373209,0.7869232763846716,0.0,0.0,0.0,0.0,0.0,0.0,0.15533531405741985,0.6436046957969666,publication,0.6585829257965088,4.619982957839966,0.8114069287943971,0.9146992542725456,200,0.7693220634160292,2.5104340319521725,-0.01690678158774972,0.8114069287943971,0.9146992748905904,410.9473648738861,mobile,0.008312080664411201,0.09551724342373452,20.54736769640942,20.54736769640942,system,0.0,46,0.9146992748905904,0.07083574374326135,meta_train_support,2,MARGO-SPLIT-v1,20,20,80,3,47,0.0,0.2,20,10,0.0005,0.0005,mrlco_first_order_mean_pseudogradient,fixed_literature_derived_defaults,0.002493646693951052,0.00012468233469755188,0.0289923628665587,0.0014496181433279465,0.003303858504618559,0.0001651929252309281,3.0,0.0,0.018047697634288005,0.1787769427059384,0.014696106890084219,,,,,,,,,,,,,,,,
0.043540641850876374,0.0095,0.9695,0.021,-0.0021397036034613848,0.05668039247393608,0.004805302548144633,0.022833333474894364,0.6414842839042346,0.0,0.0,0.0,0.0,0.0,0.0,0.14552901937840002,0.8609284162521362,publication,0.7541089057922363,4.363487482070923,0.6124431733027547,0.6894033726158523,200,0.5652530447848703,1.916614522691816,0.013033078983426094,0.6124431733027544,0.6894033503392711,1242.1219023418425,mobile,0.005919983564310568,0.05715041890043704,62.10609519977852,62.10609519977852,system,0.0,47,0.6894033503392711,0.03889710124315412,meta_train_support,2,MARGO-SPLIT-v1,20,20,80,3,48,0.0,0.2,20,10,0.0005,0.0005,mrlco_first_order_mean_pseudogradient,fixed_literature_derived_defaults,0.002441695721160405,0.00012208478605801876,0.0283978099774766,0.0014198904988738381,0.0032435828941554255,0.00016217914470777195,3.0,0.0,0.018169782420346024,0.18019683320481225,0.01485828603479199,,,,,,,,,,,,,,,,
0.05248036055856584,0.0125,0.9595,0.028,-0.004358616657555103,0.04134111478924751,0.0039240024338748,0.026583333282421035,0.6073896298805873,0.0,0.0,0.0,0.0,0.0,0.0,0.1679374038286553,1.0678232908248901,publication,0.6269371509552002,5.29193639755249,0.45916429792784014,0.5178423241765767,200,0.5900709857857914,1.898437929339707,-0.011118904105387628,0.4591642979278402,0.517842318636831,947.0553511047364,mobile,0.009617883172074732,0.0633395978553789,47.35276829828881,47.35276829828881,system,0.0,48,0.517842318636831,0.049234029550034676,meta_train_support,2,MARGO-SPLIT-v1,20,20,80,3,49,0.0,0.2,20,10,0.0005,0.0005,mrlco_first_order_mean_pseudogradient,fixed_literature_derived_defaults,0.0023918651962387644,0.00011959325981193702,0.027818262835079117,0.0013909131417539633,0.0031773873248869475,0.00015886936624434807,3.0,0.0,0.01828937568015796,0.18158774634656621,0.015017155401036339,,,,,,,,,,,,,,,,
0.08095384657684108,0.00925,0.96775,0.023,-0.003864003112539649,0.2992057502269745,0.004335611288843211,0.024416666571050884,1.0290610308448473,0.0,0.0,0.0,0.0,0.0,0.0,0.1464832894633011,1.1951489448547363,publication,0.6770107746124268,4.866159915924072,1.0421606016959384,1.176004271040365,200,1.3261999520408718,4.209599117748439,0.01949869334930554,1.0421606016959388,1.1760042772907764,139.5010500907898,mobile,0.00659620415785495,0.02593275824952677,6.975052368595151,6.975052368595151,system,0.0,49,1.1760042772907764,0.06600493887492224,meta_train_support,2,MARGO-SPLIT-v1,20,20,80,3,50,0.0,0.2,20,10,0.0005,0.0005,mrlco_first_order_mean_pseudogradient,fixed_literature_derived_defaults,0.0023904749941926315,0.00011952374970963103,0.02745702440320694,0.0013728512201603427,0.003126668674362697,0.00015633343371813414,3.0,0.0,0.018408899429867592,0.18296059756672656,0.015173488834754473,,,,,,,,,,,,,,,,
0.04424217120363579,0.012,0.9665,0.0215,-0.0024999279994517565,0.04807835444808006,0.001234100830091241,0.01016666661016643,0.6709628904859224,0.0,0.0,0.0,0.0,0.0,0.0,0.1378218454157591,1.3482568264007568,publication,0.6617958545684814,5.405115842819214,0.5059999550090676,0.570266668092554,200,0.5877263399796323,1.6528434408828616,0.024365224919165485,0.5059999550090675,0.5702666582167149,972.0626848602295,mobile,0.003811212801462813,0.06621225554811268,48.603133097847305,48.603133097847305,system,0.0,50,0.5702666582167149,0.033801782791507994,meta_train_support,2,MARGO-SPLIT-v1,20,20,80,3,51,0.0,0.2,20,10,0.0005,0.0005,mrlco_first_order_mean_pseudogradient,fixed_literature_derived_defaults,0.002343602935482972,0.00011718014677414984,0.02692414695764282,0.001346207347882128,0.0030653614454536245,0.0001532680722726807,3.0,0.0,0.018526079576641742,0.18430680491460869,0.015326756907027153,-0.16145558165010804,-0.12455983651310354,0.12455983651310354,0.05,0.2,0.05,0.0325,0.975,0.975,0.0,validation/automotive_lexicographic_v1,automotive_lexicographic_v1,a3bd00d5108237acdb706f561212b5d840bac151f48b5250a61c573d9c9ffb6c,165287492.0,0.12455983651310354,1.0
0.07904155172423165,0.008,0.97675,0.01525,-0.0009573042625561357,0.19909219443798065,0.001955412793662011,0.014083333406597376,0.9899261941512426,0.0,0.0,0.0,0.0,0.0,0.0,0.09839266644255282,1.3404971361160278,publication,0.6249058246612549,5.296915769577026,0.9876898895024405,1.1127185018921046,200,1.057189870102921,3.1587916833814234,-0.049158003472257406,0.9876898895024404,1.112718497940805,563.1976763153076,mobile,0.0104192849921617,0.057840804670799786,28.15988331946499,28.15988331946499,system,0.0,51,1.112718497940805,0.06691936316376063,meta_train_support,2,MARGO-SPLIT-v1,20,20,80,3,52,0.0,0.2,20,10,0.0005,0.0005,mrlco_first_order_mean_pseudogradient,fixed_literature_derived_defaults,0.0023046622894403175,0.00011523311447201451,0.026453519150046467,0.0013226759575023228,0.003006412186887209,0.00015032060934436035,3.0,0.0,0.018641312691113757,0.185629480872111,0.015477077516371514,,,,,,,,,,,,,,,,
0.07114317657533811,0.006,0.98525,0.00875,-0.0010042377980425954,0.10786356031894684,0.0006860352271663335,0.0060833332904924944,0.8701941932241122,0.0,0.0,0.0,0.0,0.0,0.0,0.07636569169511676,1.2761772871017456,publication,0.670137882232666,5.073246717453003,0.9070981358501704,1.025139399173131,200,0.8531041112635245,2.3358528707176447,0.019730411935597658,0.9070981358501704,1.0251393466535956,546.9032479095459,mobile,0.006963513151723821,0.03183693573991235,27.345162276557073,27.345162276557073,system,0.0,52,1.0251393466535956,0.06666044950361877,meta_train_support,2,MARGO-SPLIT-v1,20,20,80,3,53,0.0,0.2,20,10,0.0005,0.0005,mrlco_first_order_mean_pseudogradient,fixed_literature_derived_defaults,0.002292323448845563,0.00011461617244227715,0.02607840688723093,0.0013039203443615532,0.0029613559155758917,0.00014806779577879528,3.0,0.0,0.018755928863556034,0.18693340121647256,0.01562514531215031,,,,,,,,,,,,,,,,
0.07675557754922417,0.00325,0.989,0.00775,-0.0005144990282133222,0.2803744375705719,0.000744849090066661,0.0034166666213423015,1.1460670992732047,0.0,0.0,0.0,0.0,0.0,0.0,0.06805140454690316,1.1747875213623047,publication,0.6645228862762451,5.259268760681152,1.1220170625850947,1.2670868328932556,200,1.0321143614835464,3.6098155174404383,0.018266845756443217,1.1220170625850951,1.267086839415133,314.79923524856565,mobile,0.0026421019174518445,0.011038416712508438,15.739961377369932,15.739961377369932,system,0.0,53,1.267086839415133,0.0586510486541767,meta_train_support,2,MARGO-SPLIT-v1,20,20,80,3,54,0.0,0.2,20,10,0.0005,0.0005,mrlco_first_order_mean_pseudogradient,fixed_literature_derived_defaults,0.0022516869696437756,0.00011258434848218993,0.02561641446714513,0.001280820723357251,0.002906515991213375,0.00014532579956066938,3.0,0.0,0.018868513212038224,0.1882142219398298,0.01577047111171098,,,,,,,,,,,,,,,,
0.04990117253683814,0.00425,0.9815,0.01425,-0.0001866177044576034,0.07862722128629684,0.0009848462084012985,0.00800000000745058,0.8358347420891125,0.0,0.0,0.0,0.0,0.0,0.0,0.0761868453084147,1.1057971715927124,publication,0.5985796451568604,5.029261827468872,0.6891153870463503,0.7747882073585334,200,0.8700867560840888,2.3725846178713255,-0.04591641991282813,0.6891153870463504,0.7747882014838978,1028.971446762085,mobile,0.003999525557351489,0.08262695934313671,51.44857323912539,51.44857323912539,system,0.0,54,0.7747882014838978,0.04513263621423493,meta_train_support,2,MARGO-SPLIT-v1,20,20,80,3,55,0.0,0.2,20,10,0.0005,0.0005,mrlco_first_order_mean_pseudogradient,fixed_literature_derived_defaults,0.0022107472065593433,0.00011053736032796621,0.0251506614768334,0.0012575330738416601,0.0028536702459185863,0.000142683512295929,3.0,0.0,0.01897905057236619,0.18947175501367147,0.015913154624006907,,,,,,,,,,,,,,,,
0.06470769941477403,0.006,0.9845,0.0095,-0.0011794310994446278,0.1251867562532425,0.002802602673551746,0.010666666474814217,1.0348919868469237,0.0,0.0,0.0,0.0,0.0,0.0,0.07900823389812149,1.0240007638931274,publication,0.6839315891265869,4.781137466430664,0.7539095587986426,0.8495247617149334,200,0.9227312151011711,2.722409720532596,0.0048513131914660335,0.7539095587986427,0.8495247660577298,816.1029920196534,mobile,0.0031022044883329183,0.013262420392904657,40.805150582342755,40.805150582342755,system,0.0,55,0.8495247660577298,0.04318378654983471,meta_train_support,2,MARGO-SPLIT-v1,20,20,80,3,56,0.0,0.2,20,10,0.0005,0.0005,mrlco_first_order_mean_pseudogradient,fixed_literature_derived_defaults,0.0021712695778707838,0.00010856347889353843,0.024701542521889944,0.001235077126094497,0.0028027118486700403,0.00014013559243350113,3.0,0.0,0.01908761405125973,0.19070683213976597,0.01605329021644041,,,,,,,,,,,,,,,,
0.0722115697594258,0.00175,0.99325,0.005,-0.0011218751315027475,0.0840694010257721,0.0007562104404873558,0.002916666663562258,1.133242477476597,0.0,0.0,0.0,0.0,0.0,0.0,0.05172537803069103,0.9464579224586487,publication,0.6595962047576904,4.615143299102783,0.7733099127613176,0.8705200382052135,200,0.6564211711240528,1.8207993367686868,-0.026976893190294504,0.7733099127613176,0.8705200352240354,789.2946024227142,mobile,0.002363795554545676,0.030705329011133427,39.46473191792995,39.46473191792995,system,0.0,56,0.8705200352240354,0.047125665821413525,meta_train_support,2,MARGO-SPLIT-v1,20,20,80,3,57,0.0,0.2,20,10,0.0005,0.0005,mrlco_first_order_mean_pseudogradient,fixed_literature_derived_defaults,0.0021331771291362087,0.00010665885645681078,0.02426818212676907,0.0012134091063384644,0.0027535414653600395,0.00013767707326800202,3.0,0.0,0.01919427290771654,0.19192024124610443,0.01619096728970841,,,,,,,,,,,,,,,,
0.06437404258580115,0.003,0.989,0.008,-0.0017940874677151442,0.16373610496520996,0.0009027347797276285,0.004916666603336731,1.1337129175662997,0.0,0.0,0.0,0.0,0.0,0.0,0.06720159018991968,0.8878397345542908,publication,0.6224966049194336,5.258816719055176,0.7066341241554368,0.796141573246532,200,0.9889338573903135,2.9620342201087624,-0.00578411587048322,0.7066341241554367,0.796141579351388,266.86066769599915,mobile,0.0034164380856703115,0.016582612271492558,13.343033685414884,13.343033685414884,system,0.0,57,0.796141579351388,0.057193491929908455,meta_train_support,2,MARGO-SPLIT-v1,20,20,80,3,58,0.0,0.2,20,10,0.0005,0.0005,mrlco_first_order_mean_pseudogradient,fixed_literature_derived_defaults,0.0020963982131166187,0.00010481991065583104,0.02387943101028445,0.0011939715505142334,0.0027060666125090045,0.00013530333062545044,3.0,0.0,0.01929909281837237,0.19311421279661867,0.01632627062033386,,,,,,,,,,,,,,,,
0.06014142282710975,0.0015,0.99325,0.00525,-0.00107741414103657,0.05344967171549797,0.001332080125290721,0.0035833333153277636,1.0418002855032682,0.0,0.0,0.0,0.0,0.0,0.0,0.044215922305369804,0.8669558763504028,publication,0.6579277515411377,5.086788654327393,0.609844573529058,0.6840606230886624,200,0.5404544514262544,1.6308992048725486,0.005132717778906226,0.6098445735290581,0.6840606218390167,582.65025888443,mobile,0.0009488982561236682,0.014392197882022631,29.132514957827947,29.132514957827947,system,0.0,58,0.6840606218390167,0.04588406790666312,meta_train_support,2,MARGO-SPLIT-v1,20,20,80,3,59,0.0,0.2,20,10,0.0005,0.0005,mrlco_first_order_mean_pseudogradient,fixed_literature_derived_defaults,0.002060866040012947,0.00010304330200064729,0.02347469489146607,0.0011737347445733015,0.002660201076703767,0.00013301005383518916,3.0,0.0,0.019402136120373017,0.19428794754119197,0.01645928067416905,,,,,,,,,,,,,,,,
0.05492322141319043,0.003,0.9935,0.0035,-0.0002558499400038272,0.05636078864336014,0.0011089993273448802,0.0035833332842836775,0.9982126625875631,0.0,0.0,0.0,0.0,0.0,0.0,0.04139117069086963,0.8570444583892822,publication,0.6673545837402344,5.000136375427246,0.6702392346634943,0.7529158730110794,200,0.5894340011126338,2.002346543595195,0.05251146579394117,0.6702392346634946,0.7529158730618656,807.0463709831238,mobile,0.0011187298309549031,0.028828241902060178,40.35231542768648,40.35231542768648,system,0.0,59,0.7529158730618656,0.042808468894871395,meta_train_support,2,MARGO-SPLIT-v1,20,20,80,3,60,0.0,0.2,20,10,0.0005,0.0005,mrlco_first_order_mean_pseudogradient,fixed_literature_derived_defaults,0.0020265182726793983,0.0001013259136339699,0.023083449976608304,0.0011541724988304025,0.0026158643920920375,0.00013079321960460244,3.0,0.0,0.019503462034006987,0.19544212004002237,0.016590073893773653,,,,,,,,,,,,,,,,
0.04919158739454877,0.00325,0.98675,0.01,-0.001847161678597331,0.05521480366587639,0.0024054070633913694,0.008666666814436515,0.8451999632020792,0.0,0.0,0.0,0.0,0.0,0.0,0.0697189453658408,0.9022738933563232,publication,0.6654679775238037,4.165353775024414,0.4071338890504124,0.4582022775655787,200,0.6958461895611556,1.8677970627322793,0.012215577080496587,0.4071338890504125,0.4582022564765066,323.21252212524416,mobile,0.001355747685150202,0.007439843037979656,16.16062623891539,16.16062623891539,system,0.0,60,0.4582022564765066,0.03642414801778568,meta_train_support,2,MARGO-SPLIT-v1,20,20,80,3,61,0.0,0.2,20,10,0.0005,0.0005,mrlco_first_order_mean_pseudogradient,fixed_literature_derived_defaults,0.001993296661651867,9.96648330825918e-05,0.022705032763877017,0.0011352516381938627,0.0025729813692708567,0.0001286490684635419,3.0,0.0,0.01960312686708958,0.19657737167821623,0.016718722962237195,,,,,,,,,,,,,,,,
0.05406471114762003,0.003,0.98825,0.00875,-5.972248982288875e-05,0.049140434712171555,0.002321093960706359,0.006833333320294818,0.9813353141148886,0.0,0.0,0.0,0.0,0.0,0.0,0.04883058683217695,0.966154158115387,publication,0.5784368515014648,5.447119235992432,0.5911994429465469,0.6653875659763435,200,0.7313563318247198,2.0674033858813345,0.029904137598350644,0.5911994429465468,0.6653875357657671,395.0681342124939,mobile,0.001782265786568392,0.005796092766639524,19.75340709011956,19.75340709011956,system,0.0,61,0.6653875357657671,0.042755524727989214,meta_train_support,2,MARGO-SPLIT-v1,20,20,80,3,62,0.0,0.2,20,10,0.0005,0.0005,mrlco_first_order_mean_pseudogradient,fixed_literature_derived_defaults,0.001961146715496192,9.805733577480935e-05,0.022338822558008033,0.001116941127900395,0.002531481669766488,0.00012657408348832472,3.0,0.0,0.01970118420286439,0.19769431280611663,0.01684529704572552,,,,,,,,,,,,,,,,
0.06507308690454536,0.0015,0.993,0.0055,-0.0005102161085233092,0.10623382776975632,0.0006983065954450751,0.0037499999472250544,1.2183908229072888,0.0,0.0,0.0,0.0,0.0,0.0,0.030831328198368074,1.0375759601593018,publication,0.6727902889251709,4.8844826221466064,1.012418430027536,1.13762768748893,200,0.8148053749778451,2.3931363933952525,0.03232712342287414,1.0124184300275358,1.1376276798546314,613.0568367767333,mobile,0.0011649769555866524,0.009289626753001433,30.652844033219235,30.652844033219235,system,0.0,62,1.1376276798546314,0.04827039197058614,meta_train_support,2,MARGO-SPLIT-v1,20,20,80,3,63,0.0,0.2,20,10,0.0005,0.0005,mrlco_first_order_mean_pseudogradient,fixed_literature_derived_defaults,0.0019300174025518077,9.650087012759087e-05,0.022003236697659148,0.0011001618348829567,0.002491299421040036,0.00012456497105200331,3.0,0.0,0.01979768507299198,0.19879447464099959,0.016969862016777523,,,,,,,,,,,,,,,,
0.059256473838001124,0.00125,0.99575,0.003,-0.0005010228487662971,0.12712185084819794,0.001070617609477864,0.002416666643694043,1.2818187957008682,0.0,0.0,0.0,0.0,0.0,0.0,0.02674846252240493,1.2085678577423096,publication,0.6509337425231934,4.717725515365601,0.9721467438415697,1.0941531159688203,200,1.1363415965255912,3.881966095417738,0.011786863498855382,0.9721467438415697,1.0941531234327704,504.1852095413208,mobile,0.003167669436897713,0.0074007475301834545,25.20926146772675,25.20926146772675,system,0.0,63,1.0941531234327704,0.049606927135799665,meta_train_support,2,MARGO-SPLIT-v1,20,20,80,3,64,0.0,0.2,20,10,0.0005,0.0005,mrlco_first_order_mean_pseudogradient,fixed_literature_derived_defaults,0.0018998608806369357,9.499304403184569e-05,0.021659436124258226,0.0010829718062129179,0.0024523728675862853,0.00012261864337931305,3.0,0.0,0.019892678117023825,0.1998774464472125,0.017092480660156836,,,,,,,,,,,,,,,,
0.07037482736748686,0.0005,0.99775,0.00175,-0.0004894229932688177,0.07077216356992722,0.0002461347046496106,0.0010833333091189465,1.1294857134421665,0.0,0.0,0.0,0.0,0.0,0.0,0.021047522715548793,1.3684327602386475,publication,0.42486095428466797,3.283707857131958,0.6388575578961789,0.7197305513673927,200,0.6621963602433897,1.7409963477402925,0.04746657912619412,0.638857557896179,0.7197305783256889,571.3583372211456,mobile,0.0006478429397914953,0.013202075597961462,28.567920091963288,28.567920091963288,system,0.0,64,0.7197305783256889,0.050736667829645817,meta_train_support,2,MARGO-SPLIT-v1,20,20,80,3,65,0.0,0.2,20,10,0.0005,0.0005,mrlco_first_order_mean_pseudogradient,fixed_literature_derived_defaults,0.0018706322517040598,9.353161258520218e-05,0.021326214030038867,0.0010663107015019546,0.002414644054238804,0.00012073220271193938,3.0,0.0,0.019986209729609027,0.20094375714871446,0.017213212862868775,,,,,,,,,,,,,,,,
0.05046711867498575,0.00025,0.995,0.00475,-0.0006189611158333719,0.11787126213312149,0.000712082993518474,0.0028333332700033985,1.093351445098718,0.0,0.0,0.0,0.0,0.0,0.0,0.02989732916428925,1.364905834197998,publication,0.6475222110748291,4.615846872329712,0.5224662368757795,0.5873827816370613,200,0.9041651366683559,2.5441969241946936,-0.04027242003940046,0.5224662368757794,0.5873828068841249,792.656355638504,mobile,0.0019167871095055761,0.009397496526855858,39.63281664078829,39.63281664078829,system,0.0,65,0.5873828068841249,0.035867416789860586,meta_train_support,2,MARGO-SPLIT-v1,20,20,80,3,66,0.0,0.2,20,10,0.0005,0.0005,mrlco_first_order_mean_pseudogradient,fixed_literature_derived_defaults,0.0018477007803537162,9.23850390176853e-05,0.021025386816643166,0.0010512693408321616,0.0023780585382654888,0.00011890292691327589,3.0,0.0,0.020078594768626713,0.20199502648954662,0.01733211578978205,,,,,,,,,,,,,,,,
0.06793561377301292,0.0005,0.9975,0.002,-0.00044089200673624873,0.13416831195354462,0.00037169106683686927,0.001333333303531011,1.2468052953481674,0.0,0.0,0.0,0.0,0.0,0.0,0.023723645422544435,1.2896625995635986,publication,0.6224932670593262,5.450656414031982,0.691632519848844,0.7780464932851282,200,0.8684564714148504,2.8994595762342215,-0.002719074604101479,0.6916325198488441,0.778046497432515,476.9239115142822,mobile,0.0025064133154244993,0.01677061125015182,23.846194449912765,23.846194449912765,system,0.0,66,0.778046497432515,0.05314521455103351,meta_train_support,2,MARGO-SPLIT-v1,20,20,80,3,67,0.0,0.2,20,10,0.0005,0.0005,mrlco_first_order_mean_pseudogradient,fixed_literature_derived_defaults,0.0018201231567663474,9.100615783831645e-05,0.020711575073111176,0.0010355787536555638,0.002342565127246601,0.00011712825636233173,3.0,0.0,0.02016960092646503,0.20303060524320218,0.017449244046144383,,,,,,,,,,,,,,,,
0.04392267858686858,0.001,0.99625,0.00275,-0.0004324013425502926,0.06151764467358589,0.0005571558281663631,0.0020833332867672043,1.1042717839280765,0.0,0.0,0.0,0.0,0.0,0.0,0.02672889739217295,1.1847566366195679,publication,0.653233528137207,5.140655279159546,0.6288524302887197,0.7064601409207899,200,0.581806983166221,1.6393303802469745,0.025033981626620516,0.6288524302887197,0.7064601532369852,750.0944055175781,mobile,0.00012768895179717576,0.00318432393849644,37.504721363092735,37.504721363092735,system,0.0,67,0.7064601532369852,0.03156678864159496,meta_train_support,2,MARGO-SPLIT-v1,20,20,80,3,68,0.0,0.2,20,10,0.0005,0.0005,mrlco_first_order_mean_pseudogradient,fixed_literature_derived_defaults,0.0017933566397550775,8.96678319877546e-05,0.020406993086741897,0.0010203496543370882,0.0023081156400812097,0.00011540578200406118,3.0,0.0,0.020259268758452784,0.20405095489753927,0.017564649828148444,,,,,,,,,,,,,,,,
0.05495071448302265,0.001,0.99725,0.00175,-0.0002571798104327172,0.050142958760261536,0.0007352807187480437,0.001333333303531011,1.3002417693535486,0.0,0.0,0.0,0.0,0.0,0.0,0.023398878240015797,1.0888803005218506,publication,0.6008501052856445,5.271747827529907,0.6503495490429058,0.7315374871357199,200,0.6783582873013051,1.9307434717193246,0.013521595566999167,0.6503495490429059,0.7315374827198684,529.1911096191407,mobile,0.0006635988645535762,0.007201417886170898,26.45955715558765,26.45955715558765,system,0.0,68,0.7315374827198684,0.04021881071216603,meta_train_support,2,MARGO-SPLIT-v1,20,20,80,3,69,0.0,0.2,20,10,0.0005,0.0005,mrlco_first_order_mean_pseudogradient,fixed_literature_derived_defaults,0.001767365963816598,8.836829819083153e-05,0.020111239563745636,0.0010055619781872693,0.002274664688775685,0.00011373323443878564,3.0,0.0,0.020347637056643615,0.20505651687572654,0.01767838306258723,,,,,,,,,,,,,,,,
0.06640115898870622,0.00025,0.99825,0.0015,-0.0002984222082886845,0.09438107162714005,0.00020598152464295087,0.0007499999832361936,1.4638299793004994,0.0,0.0,0.0,0.0,0.0,0.0,0.02086776784462657,0.9340655207633972,publication,0.6693625450134277,5.217437744140625,0.5958296567427221,0.6702902721801729,200,0.6300711049158201,2.1589731973654125,0.016434168093837798,0.595829656742722,0.6702902930788696,627.5439859962463,mobile,0.0011063868558961725,0.023661260292215908,31.377198212622915,31.377198212622915,system,0.0,69,0.6702902930788696,0.051616985043535894,meta_train_support,2,MARGO-SPLIT-v1,20,20,80,3,70,0.0,0.2,20,10,0.0005,0.0005,mrlco_first_order_mean_pseudogradient,fixed_literature_derived_defaults,0.001742117878619218,8.710589393096102e-05,0.01982393614140641,0.000991196807070327,0.0022421694789360323,0.0001121084739468016,3.0,0.0,0.020434742950574576,0.20604771368279687,0.01779049153653403,,,,,,,,,,,,,,,,
0.05803705656610668,0.00025,0.998,0.00175,-0.0005732664722017944,0.2541322410106659,0.00025375824845165577,0.0010833333091189463,1.5937299077709517,0.0,0.0,0.0,0.0,0.0,0.0,0.024568323357030655,0.855962336063385,publication,0.6192460060119629,4.941548585891724,0.8532805399071104,0.9618884063907899,200,0.9549515683427072,2.806834477931261,0.03503532370086759,0.8532805399071105,0.9618884151428938,634.1728131484986,mobile,0.0016685555967216636,0.014353138907364655,31.708642538394862,31.708642538394862,system,0.0,70,0.9618884151428938,0.04126301167537861,meta_train_support,2,MARGO-SPLIT-v1,20,20,80,3,71,0.0,0.2,20,10,0.0005,0.0005,mrlco_first_order_mean_pseudogradient,fixed_literature_derived_defaults,0.00171758100708937,8.587905035446763e-05,0.019576726334806362,0.0009788363167403114,0.002221789853661099,0.00011108949268305579,3.0,0.0,0.020520622000929044,0.20702654999953718,0.017901581029217087,,,,,,,,,,,,,,,,
0.07255915743738399,0.0005,0.997,0.0025,-0.00040845750481821597,0.09830202162265778,0.00012991100107816083,0.00091666664617757,1.1978128333886464,0.0,0.0,0.0,0.0,0.0,0.0,0.027918046746362703,0.8794057369232178,publication,0.6541619300842285,5.247502088546753,0.7440861433918934,0.8369676868512761,200,0.7847643208904636,2.1088480465114117,0.02553480375354411,0.7440861433918935,0.836967681478709,343.06801719665526,mobile,0.0018860501246782116,0.04407560766368407,17.15340081239789,17.15340081239789,system,0.0,71,0.836967681478709,0.05547567190521106,meta_train_support,2,MARGO-SPLIT-v1,20,20,80,3,72,0.0,0.2,20,10,0.0005,0.0005,mrlco_first_order_mean_pseudogradient,fixed_literature_derived_defaults,0.0016937257153242398,8.468628576621326e-05,0.019304827357934054,0.0009652413678966909,0.002190931661249139,0.00010954658306245799,3.0,0.0,0.020605308286695257,0.20799179136743387,0.018011127612279545,,,,,,,,,,,,,,,,
0.07633166587607083,0.001,0.9945,0.0045,-0.0005170588847249746,0.1527986377477646,0.000697478072974415,0.002833333301047484,1.311127068599065,0.0,0.0,0.0,0.0,0.0,0.0,0.03449632366380574,0.9511142373085022,publication,0.6443545818328857,5.096874237060547,0.7542404818460778,0.8475563760779914,200,1.0562229855966705,3.2833091612847056,0.04842507792636752,0.7542404818460777,0.8475563976354897,126.38135856628418,mobile,0.0007382361777777019,0.0030000951147578993,6.319067994973596,6.319067994973596,system,0.0,72,0.8475563976354897,0.054214118949563905,meta_train_support,2,MARGO-SPLIT-v1,20,20,80,3,73,0.0,0.2,20,10,0.0005,0.0005,mrlco_first_order_mean_pseudogradient,fixed_literature_derived_defaults,0.0016705239931965104,8.352619965982383e-05,0.01904037766809934,0.0009520188834049592,0.002160918898766274,0.00010804594493831268,3.0,0.0,0.02068883448635508,0.20894381025083883,0.018119173557217857,,,,,,,,,,,,,,,,
0.05614708875776464,0.001,0.99575,0.00325,-0.0007280620629899204,0.04037409648299217,0.0005610124031998491,0.0020833332867672047,0.885725851605336,0.0,0.0,0.0,0.0,0.0,0.0,0.037394420247728016,1.0279452800750732,publication,0.6927125453948975,5.476034641265869,0.5050083493445144,0.5661398692882722,200,0.6276764289296894,1.8323361561633646,0.024336015456356108,0.5050083493445146,0.5661398723721505,391.4128472328186,mobile,0.0013865632721117027,0.012966009101360466,19.570642672796215,19.570642672796215,system,0.0,73,0.5661398723721505,0.04759118754666906,meta_train_support,2,MARGO-SPLIT-v1,20,20,80,3,74,0.0,0.2,20,10,0.0005,0.0005,mrlco_first_order_mean_pseudogradient,fixed_literature_derived_defaults,0.001647949344639801,8.239746723199062e-05,0.018783075267179077,0.0009391537633589575,0.0021317172920261892,0.00010658586460131,3.0,0.0,0.02077123195358707,0.2098829640141978,0.018225759421819167,,,,,,,,,,,,,,,,
0.0483211331212948,0.00175,0.9935,0.00475,-0.00045572014641948044,0.057637766003608704,0.0011070798594156864,0.0034999999372909473,0.992767764131228,0.0,0.0,0.0,0.0,0.0,0.0,0.03569588289180205,1.1056122779846191,publication,0.62314772605896,3.7425413131713867,0.6318223347235973,0.7121836830540451,200,0.8252056256167789,2.8476003827527165,-0.10197803541086614,0.631822334723597,0.7121836621826515,1193.3149532413483,mobile,0.0014961439494832274,0.0047186371499915135,59.665748681927404,59.665748681927404,system,0.0,74,0.7121836621826515,0.03567963262946836,meta_train_support,2,MARGO-SPLIT-v1,20,20,80,3,75,0.0,0.2,20,10,0.0005,0.0005,mrlco_first_order_mean_pseudogradient,fixed_literature_derived_defaults,0.0016259766867112702,8.129883433556293e-05,0.01853263426361669,0.000926631713180831,0.0021032943947991733,0.00010516471973995994,3.0,0.0,0.020852530787922634,0.21080959572737862,0.018330924141559127,,,,,,,,,,,,,,,,
0.05742696154543231,0.00175,0.99375,0.0045,-0.0006310754688456655,0.18140241503715515,0.0005697522917027225,0.003249999973922968,1.2330494811137518,0.0,0.0,0.0,0.0,0.0,0.0,0.037589258911167746,1.1778159141540527,publication,0.6018660068511963,3.3018014430999756,1.0705413071538934,1.2060291215117105,200,1.0473903168062682,2.73997469432652,-0.01588356780121103,1.070541307153893,1.2060291178990155,636.0976521110534,mobile,0.0015018124841456957,0.007669166734303802,31.804883586743212,31.804883586743212,system,0.0,75,1.2060291178990155,0.04478185135083321,meta_train_support,2,MARGO-SPLIT-v1,20,20,80,3,76,0.0,0.2,20,10,0.0005,0.0005,mrlco_first_order_mean_pseudogradient,fixed_literature_derived_defaults,0.001604582256622964,8.022911283114831e-05,0.018288783812779628,0.0009144391906389937,0.0020756194685518157,0.00010378097342758977,3.0,0.0,0.020932759900753783,0.2117240349180176,0.018434705114986717,,,,,,,,,,,,,,,,
0.0663883942858543,0.0015,0.9935,0.005,-0.0010073274606838822,0.14276069402694702,0.000575426859520197,0.0031666666114081934,1.060002047320207,0.0,0.0,0.0,0.0,0.0,0.0,0.04317396314929392,1.2998257875442505,publication,0.6616981029510498,5.3859333992004395,0.6347530450164802,0.7128663467413935,200,0.7324789121192222,2.2393771270290017,0.02779874106636271,0.6347530450164802,0.7128663315717131,366.1813792800903,mobile,0.0017540434956658357,0.012699972302670564,18.30906835872241,18.30906835872241,system,0.0,76,0.7128663315717131,0.049693183627665276,meta_train_support,2,MARGO-SPLIT-v1,20,20,80,3,77,0.0,0.2,20,10,0.0005,0.0005,mrlco_first_order_mean_pseudogradient,fixed_literature_derived_defaults,0.001583743526017471,7.91871763008746e-05,0.018051267139886387,0.0009025633569943181,0.0020486633715576367,0.00010243316857788329,3.0,0.0,0.021011947077054657,0.21262659827501193,0.0185371382835646,,,,,,,,,,,,,,,,
0.060546840637079255,0.00125,0.994,0.00475,-0.0011568390764296055,0.032487981021404266,0.0008119393077170875,0.0034166666213423015,0.8147400210301082,0.0,0.0,0.0,0.0,0.0,0.0,0.05028986170889959,1.4246464967727661,publication,0.5912933349609375,3.4479787349700928,0.47090556605623446,0.530153099648087,200,0.6915866697991554,2.1318181166425347,0.035148173687048256,0.47090556605623446,0.5301531022973358,410.598385477066,mobile,0.0019279796799686415,0.010060633533662662,20.529919897249147,20.529919897249147,system,0.0,77,0.5301531022973358,0.045985480027121974,meta_train_support,2,MARGO-SPLIT-v1,20,20,80,3,78,0.0,0.2,20,10,0.0005,0.0005,mrlco_first_order_mean_pseudogradient,fixed_literature_derived_defaults,0.00156343912183776,7.81719560918881e-05,0.01781984063809297,0.0008909920319046527,0.002022398456537667,0.00010111992282688456,3.0,0.0,0.021090119033146545,0.21351759030691658,0.018638258206391485,,,,,,,,,,,,,,,,
0.05967235887662551,0.0025,0.9925,0.005,-0.0001999471423914656,0.038891393691301346,0.0026056144368756884,0.00449999999254942,0.965320535749197,0.0,0.0,0.0,0.0,0.0,0.0,0.04823885195984936,1.4214445352554321,publication,0.55830979347229,5.252616882324219,0.6000670160650791,0.6754918160985471,200,0.7078446982932436,1.8827001857571304,0.0339043269486865,0.6000670160650788,0.6754918272234499,436.19437064170836,mobile,0.0024343836682425048,0.008831299722424956,21.809719875712066,21.809719875712066,system,0.0,78,0.6754918272234499,0.046404666059918546,meta_train_support,2,MARGO-SPLIT-v1,20,20,80,3,79,0.0,0.2,20,10,0.0005,0.0005,mrlco_first_order_mean_pseudogradient,fixed_literature_derived_defaults,0.0015436487532069021,7.718243766034402e-05,0.017594273035079138,0.0008797136517539605,0.0019967984760751647,9.983992380375659e-05,3.0,0.0,0.02116730147080689,0.21439730395867054,0.01873809813019524,,,,,,,,,,,,,,,,
0.05282300371751014,0.00375,0.98525,0.011,-0.0002639931917656213,0.013258444145321846,0.003511973438435234,0.00933333335754772,0.5044256374239923,0.0,0.0,0.0,0.0,0.0,0.0,0.06863837945244083,1.1519231796264648,publication,0.6744039058685303,4.587744474411011,0.14065397295162949,0.1564710454230226,200,0.1954599252735326,0.7379401985090226,0.031581482384353876,0.14065397295162949,0.15647104373201728,168.17667617797852,mobile,0.0014053352561676027,0.004847100074761201,8.40883405883091,8.40883405883091,system,0.0,79,0.15647104373201728,0.04385244944075039,meta_train_support,2,MARGO-SPLIT-v1,20,20,80,3,80,0.0,0.2,20,10,0.0005,0.0005,mrlco_first_order_mean_pseudogradient,fixed_literature_derived_defaults,0.001524353143791816,7.621765718959089e-05,0.017374344622140648,0.0008687172311070412,0.001971838495124225,9.859192475621115e-05,3.0,0.0,0.02124351912799648,0.21526602118977758,0.018836690054951453,,,,,,,,,,,,,,,,
0.04802473062548453,0.00175,0.99175,0.0065,-0.0009233633172698319,0.03595564886927605,0.001377937605997204,0.004916666634380817,1.0832187063992023,0.0,0.0,0.0,0.0,0.0,0.0,0.05774916033962315,1.2167481184005737,publication,0.645209550857544,5.284479141235352,0.5173600655363242,0.5819639102469045,200,0.6577498873361964,1.7233905667671934,0.029442411074796837,0.517360065536324,0.5819638966117054,480.83766929626466,mobile,0.0013208689531528075,0.028615246476587544,24.041883979566297,24.041883979566297,system,0.0,80,0.5819638966117054,0.039187379620647465,meta_train_support,2,MARGO-SPLIT-v1,20,20,80,3,81,0.0,0.2,20,10,0.0005,0.0005,mrlco_first_order_mean_pseudogradient,fixed_literature_derived_defaults,0.0015055339691771022,7.527669845885585e-05,0.017159846540385826,0.0008579923270193024,0.0019474948099992347,9.737474049996073e-05,3.0,0.0,0.021318795826455336,0.2161240135167969,0.018934064795451414,,,,,,,,,,,,,,,,
0.06579209378306392,0.00175,0.98975,0.0085,-0.000590538838878274,0.03625566139817238,0.0019857430714182557,0.005583333317190409,1.0145969793200496,0.0,0.0,0.0,0.0,0.0,0.0,0.047673280719387395,1.1924923658370972,publication,0.6196238994598389,5.170083045959473,0.5873478150160509,0.6609768511833863,200,0.7096441851001276,1.778889624401927,-0.028020975820254534,0.5873478150160509,0.6609768589260057,414.53802680015565,mobile,0.0029805844266460324,0.007830048817425054,20.726901654632393,20.726901654632393,system,0.0,81,0.6609768589260057,0.05175778137838863,meta_train_support,2,MARGO-SPLIT-v1,20,20,80,3,82,0.0,0.2,20,10,0.0005,0.0005,mrlco_first_order_mean_pseudogradient,fixed_literature_derived_defaults,0.0014871737988212837,7.435868994106268e-05,0.016950580119161607,0.0008475290059580809,0.001923744873291927,9.61872436645965e-05,3.0,0.0,0.0213931545163964,0.21697154252275497,0.01903025203911601,,,,,,,,,,,,,,,,
0.06910273031133558,0.00075,0.997,0.00225,-0.0003524563799146563,0.11143527925014496,0.00046802046192387554,0.0015833332979430757,1.2443697055180867,0.0,0.0,0.0,0.0,0.0,0.0,0.02912581860272647,1.1788339614868164,publication,0.653653621673584,5.1387619972229,0.8776525666493348,0.9870863405495766,200,0.8107212011998686,2.4095372962765396,-0.0014376342296600342,0.8776525666493347,0.9870863186661154,596.8927027320861,mobile,0.002940699119288882,0.024530844101724455,29.844638014477173,29.844638014477173,system,0.0,82,0.9870863186661154,0.05313807837915968,meta_train_support,2,MARGO-SPLIT-v1,20,20,80,3,83,0.0,0.2,20,10,0.0005,0.0005,mrlco_first_order_mean_pseudogradient,fixed_literature_derived_defaults,0.0014699397186043964,7.34969859302187e-05,0.016758528347536758,0.0008379264173768441,0.0019005672242161206,9.50283612108048e-05,3.0,0.0,0.021466651502326618,0.2178094689401318,0.019125280400326815,,,,,,,,,,,,,,,,
0.056644890735972266,0.001,0.995,0.004,-0.0003044789482373744,0.0297409575432539,0.0008141584889353717,0.002833333316569527,0.9967915207147598,0.0,0.0,0.0,0.0,0.0,0.0,0.03443033762623464,1.2019928693771362,publication,0.6853804588317871,5.408714532852173,0.5153239452709141,0.5788948502683161,200,0.6442814209617376,1.8497822140343487,0.021218879614025354,0.5153239452709142,0.5788948516920209,905.0248918628693,mobile,0.0016400942850501026,0.01193547744608467,45.25124462559468,45.25124462559468,system,0.0,83,0.5788948516920209,0.043731950996437466,meta_train_support,2,MARGO-SPLIT-v1,20,20,80,3,84,0.0,0.2,20,10,0.0005,0.0005,mrlco_first_order_mean_pseudogradient,fixed_literature_derived_defaults,0.0014524404362400583,7.262202181200147e-05,0.01655902205768513,0.0008279511028842501,0.0018779414239278335,9.389707119639157e-05,3.0,0.0,0.02153927352413862,0.21863742004301606,0.019219177471523206,,,,,,,,,,,,,,,,
0.054318688946630736,0.00125,0.99625,0.0025,-0.0005086594028398395,0.13257314264774323,0.0007967015169633385,0.0024166666126499573,1.169416311879953,0.0,0.0,0.0,0.0,0.0,0.0,0.030350836484948896,1.194833755493164,publication,0.6114904880523682,4.919265031814575,0.9015371737423673,1.0177758667945092,200,1.1204815433237547,3.7588594993576407,0.05210769176483154,0.9015371737423672,1.0177758557721972,557.5095455741882,mobile,0.0008173557936604478,0.012177161983107148,27.875477252119612,27.875477252119612,system,0.0,84,1.0177758557721972,0.042148460706025424,meta_train_support,2,MARGO-SPLIT-v1,20,20,80,3,85,0.0,0.2,20,10,0.0005,0.0005,mrlco_first_order_mean_pseudogradient,fixed_literature_derived_defaults,0.0014353529016960576,7.17676450848019e-05,0.01636421003347707,0.000818210501673855,0.0018558479954110354,9.279239977055126e-05,3.0,0.0,0.02161104116922342,0.21945563054468992,0.019311969871293758,,,,,,,,,,,,,,,,
0.0712652927497981,0.00025,0.9975,0.00225,-0.00030267334659583867,0.11419899016618729,0.000651593168549643,0.0015833332979430753,1.167570870742202,0.0,0.0,0.0,0.0,0.0,0.0,0.024559735486917686,1.2207269668579102,publication,0.6417231559753418,5.337583541870117,0.9854547254244492,1.111621880026214,200,1.0580865704507687,3.09269992262125,-0.02177977334940806,0.9854547254244492,1.1116219014674424,250.08276002883912,mobile,0.002073348458203238,0.006404149431249692,12.504138362977269,12.504138362977269,system,0.0,85,1.1116219014674424,0.05433977725474794,meta_train_support,2,MARGO-SPLIT-v1,20,20,80,3,86,0.0,0.2,20,10,0.0005,0.0005,mrlco_first_order_mean_pseudogradient,fixed_literature_derived_defaults,0.0014186627516763362,7.093313758381806e-05,0.016174075633522175,0.0008087037816761067,0.0018353124744608822,9.176562372304256e-05,3.0,0.0,0.02168197430680724,0.22026433432636602,0.0194037354950168,,,,,,,,,,,,,,,,
0.06366790504188197,0.0015,0.997,0.0015,-0.00023471403983421624,0.08516841381788254,0.0008113826466275972,0.0018333332923551402,1.193891610701879,0.0,0.0,0.0,0.0,0.0,0.0,0.02678605998606176,1.2753238677978516,publication,0.6787028312683105,4.592577219009399,0.8884975807644908,1.0017273379644758,200,0.8443113346745759,2.2726321229711175,0.04316336478223093,0.8884975807644906,1.0017273533530533,442.2889444732666,mobile,0.00028511139862356276,0.0041167369806737195,22.11444691822149,22.11444691822149,system,0.0,86,1.0017273533530533,0.050730677125075285,meta_train_support,2,MARGO-SPLIT-v1,20,20,80,3,87,0.0,0.2,20,10,0.0005,0.0005,mrlco_first_order_mean_pseudogradient,fixed_literature_derived_defaults,0.0014023562832662633,7.011781416331464e-05,0.016007323746085694,0.00080036618730428,0.0018234924799033854,9.117462399517093e-05,3.0,0.0,0.021752092120970554,0.2210647005136703,0.01949491011901197,,,,,,,,,,,,,,,,
0.061140816671591845,0.0005,0.996,0.0035,-0.0007026191451586783,0.029920019209384918,0.0007904191246836945,0.0023333332811792695,0.919529024263223,0.0,0.0,0.0,0.0,0.0,0.0,0.023254639774113732,1.4222620725631714,publication,0.6774139404296875,4.832217454910278,0.5443302440702698,0.6139784901239363,200,0.6073110351111498,1.689995730528608,0.003718813299201429,0.54433024407027,0.6139785013115033,598.1353130531311,mobile,0.0009776126159113194,0.00398918453874594,29.906767507680517,29.906767507680517,system,0.0,87,0.6139785013115033,0.04716306430917126,meta_train_support,2,MARGO-SPLIT-v1,20,20,80,3,88,0.0,0.2,20,10,0.0005,0.0005,mrlco_first_order_mean_pseudogradient,fixed_literature_derived_defaults,0.001386420416410965,6.932102082054734e-05,0.015825422339880175,0.0007912711169940079,0.0018027709744499378,9.013854872249802e-05,3.0,0.0,0.0218214131417911,0.2218559716306643,0.01958504866773447,,,,,,,,,,,,,,,,
0.061902810158929046,0.0005,0.99775,0.00175,-0.00037982003414072096,0.15196779370307922,0.0009162445594010172,0.0014166666350016992,0.8780306483308473,0.0,0.0,0.0,0.0,0.0,0.0,0.023862152289579733,1.4536439180374146,publication,0.6578333377838135,5.296849012374878,0.6069802332044875,0.683830567764744,200,1.3034246852825262,4.432093773037195,0.018989191274158657,0.6069802332044875,0.6838305462524294,177.76139686584472,mobile,0.0019070967095641922,0.005142177670888214,8.888070169505347,8.888070169505347,system,0.0,88,0.6838305462524294,0.05415773908295035,meta_train_support,2,MARGO-SPLIT-v1,20,20,80,3,89,0.0,0.2,20,10,0.0005,0.0005,mrlco_first_order_mean_pseudogradient,fixed_literature_derived_defaults,0.001370842658923201,6.854213294615885e-05,0.015647608605724218,0.0007823804302862225,0.001782515120804433,8.912575604022241e-05,3.0,0.0,0.02188995527473726,0.22263835206095053,0.01967417442377469,,,,,,,,,,,,,,,,
0.051748311630950006,0.0005,0.998,0.0015,-0.00019438480376265943,0.09548483043909073,0.0006734505923896942,0.0010833333091189465,0.8967251117030781,0.0,0.0,0.0,0.0,0.0,0.0,0.019809181806633856,1.3650543689727783,publication,0.619509220123291,5.193428039550781,0.6748291651672162,0.7599002239607944,200,0.9262062236044416,3.1068815493708826,0.024946244928287342,0.6748291651672162,0.7599002338666468,1065.6672709083557,mobile,0.0015576617940954245,0.008806403134514019,53.28336560962694,53.28336560962694,system,0.0,89,0.7599002338666468,0.04336132292651291,meta_train_support,2,MARGO-SPLIT-v1,20,20,80,3,90,0.0,0.2,20,10,0.0005,0.0005,mrlco_first_order_mean_pseudogradient,fixed_literature_derived_defaults,0.0013556110738240546,6.778055369120392e-05,0.015473746287882837,0.0007736873143941447,0.0017627093972399394,8.813546986199614e-05,3.0,0.0,0.021957735828428464,0.22341203937534468,0.019762309893636688,,,,,,,,,,,,,,,,
0.06838883653725161,0.00025,0.99825,0.0015,-0.0003151529817841947,0.13779616355895996,0.0005796021998345205,0.0010833333091189465,1.1899713938434922,0.0,0.0,0.0,0.0,0.0,0.0,0.016629703746776144,1.335068702697754,publication,0.6877634525299072,5.262984991073608,0.9613033989604065,1.0863474514955669,200,1.074077587357125,2.720112561248243,-0.07655191654339433,0.9613033989604066,1.086347413053736,600.083515625,mobile,0.002276823353905241,0.005821413444087509,30.004177275878998,30.004177275878998,system,0.0,90,1.086347413053736,0.05130300837791479,meta_train_support,2,MARGO-SPLIT-v1,20,20,80,3,91,0.0,0.2,20,10,0.0005,0.0005,mrlco_first_order_mean_pseudogradient,fixed_literature_derived_defaults,0.001340714248836977,6.703571244184858e-05,0.01531751248917219,0.0007658756244586229,0.0017469367517081828,8.734683758540931e-05,3.0,0.0,0.022024771540870312,0.2241779149998033,0.019849656731222097,,,,,,,,,,,,,,,,
0.054885871587655996,0.0005,0.998,0.0015,-0.00023498039809055626,0.0203905887901783,0.001104831353589712,0.001333333303531011,0.7247400010625522,0.0,0.0,0.0,0.0,0.0,0.0,0.019865916670674322,1.0290582180023193,publication,0.6658210754394531,5.267886638641357,0.38221763461499164,0.42932947829351176,200,0.36324174747352406,1.1245924054528587,0.04978552568354644,0.3822176346149916,0.429329473990947,1095.3302392864227,mobile,0.0011297232483770923,0.005071516298411326,54.766507940189946,54.766507940189946,system,0.0,91,0.429329473990947,0.04878209919854481,meta_train_support,2,MARGO-SPLIT-v1,20,20,80,3,92,0.0,0.2,20,10,0.0005,0.0005,mrlco_first_order_mean_pseudogradient,fixed_literature_derived_defaults,0.0013261412678713576,6.630706339356626e-05,0.015151017788202928,0.0007575508894101524,0.0017279483087548329,8.639741543774171e-05,3.0,0.0,0.02209107860426388,0.22493546588921345,0.01993605414665984,,,,,,,,,,,,,,,,
0.06654555585725037,0.00025,0.99775,0.002,-0.00036218593595549464,0.03259047120809555,0.0003973218411361279,0.001416666635001699,0.9947260163724421,0.0,0.0,0.0,0.0,0.0,0.0,0.01874743242952005,1.1938965320587158,publication,0.6409018039703369,3.432105779647827,0.5424452911411147,0.6100585692732443,200,0.6635535539740786,1.7559767495840788,0.013998767564771697,0.5424452911411146,0.6100585550814867,215.42425634384156,mobile,0.001060701162498468,0.004608667361476836,10.771213113505494,10.771213113505494,system,0.0,92,0.6100585550814867,0.05194325596402601,meta_train_support,2,MARGO-SPLIT-v1,20,20,80,3,93,0.0,0.2,20,10,0.0005,0.0005,mrlco_first_order_mean_pseudogradient,fixed_literature_derived_defaults,0.0013118816843458593,6.559408421729154e-05,0.014988103618437306,0.0007494051809218694,0.001709368219413383,8.546841097066896e-05,3.0,0.0,0.02215667268848117,0.22568487107013532,0.020021522557630508,,,,,,,,,,,,,,,,
0.06759750175624502,0.00025,0.99825,0.0015,-0.00029993063071742654,0.18601983785629272,0.00024180330644014704,0.0010833333091189465,1.2692699228723845,0.0,0.0,0.0,0.0,0.0,0.0,0.018818139442642608,1.1264564990997314,publication,0.5936346054077148,4.697622060775757,0.995414901458762,1.1220347868542921,200,1.0812282029431297,2.557278571650386,0.029623353158058308,0.9954149014587621,1.1220347503386439,206.42225868225097,mobile,0.0005140509435949013,0.003040147315525047,10.321112823325961,10.321112823325961,system,0.0,93,1.1220347503386439,0.04894208923158382,meta_train_support,2,MARGO-SPLIT-v1,20,20,80,3,94,0.0,0.2,20,10,0.0005,0.0005,mrlco_first_order_mean_pseudogradient,fixed_literature_derived_defaults,0.0012979254962145203,6.489627481072457e-05,0.014852254016309184,0.0007426127008154648,0.001702424029115398,8.512120145576924e-05,3.0,0.0,0.022221568963291895,0.2264274837709508,0.020106643759086277,,,,,,,,,,,,,,,,
0.03905429483871483,0.00025,0.997,0.00275,-0.00018702525994740427,0.058099351823329926,0.000286675453778192,0.0017499999608844518,1.0435481254011392,0.0,0.0,0.0,0.0,0.0,0.0,0.02100856300572781,1.161953091621399,publication,0.6760711669921875,5.17741847038269,0.7218840867938243,0.8123539285183505,200,0.7244244946766325,2.2701901984401047,0.01768956021987833,0.7218840867938245,0.8123539496585727,1311.8764044189454,mobile,0.00031639922095624064,0.003154706524753555,65.5938161980101,65.5938161980101,system,0.0,94,0.8123539496585727,0.029017197627162483,meta_train_support,2,MARGO-SPLIT-v1,20,20,80,3,95,0.0,0.2,20,10,0.0005,0.0005,mrlco_first_order_mean_pseudogradient,fixed_literature_derived_defaults,0.0012842631225701568,6.421315612850642e-05,0.014695914500348035,0.0007347957250173898,0.001684503776177341,8.422518880886812e-05,3.0,0.0,0.0222857821194204,0.22716227949596818,0.020190868947895145,,,,,,,,,,,,,,,,
0.06678221931441729,0.00025,0.99775,0.002,-0.00014959888358134776,0.033521149307489395,0.0006333236848751274,0.001333333303531011,0.8501611366868019,0.0,0.0,0.0,0.0,0.0,0.0,0.020135390051356186,1.1547369956970215,publication,0.6579194068908691,5.220775842666626,0.5592081197996926,0.6297780226732721,200,0.6663730364838514,1.9807682763785124,0.07306211339891888,0.5592081197996925,0.6297780298441649,549.3362958145142,mobile,0.0009702466690516648,0.002579271128504168,27.466812802976495,27.466812802976495,system,0.0,95,0.6297780298441649,0.05077944376339012,meta_train_support,2,MARGO-SPLIT-v1,20,20,80,3,96,0.0,0.2,20,10,0.0005,0.0005,mrlco_first_order_mean_pseudogradient,fixed_literature_derived_defaults,0.0012708853817100512,6.354426908550259e-05,0.014542832057636075,0.0007271416028818145,0.0016669568618421604,8.334784309210752e-05,3.0,0.0,0.022349326388505904,0.22788942109885,0.020274216790987253,,,,,,,,,,,,,,,,
0.044303682863257685,0.0005,0.9975,0.002,-0.00022265456209424883,0.02147439494729042,0.000620713662862234,0.0011666666405896347,0.7134256438662608,0.0,0.0,0.0,0.0,0.0,0.0,0.024289822776627164,0.9600517153739929,publication,0.6348187923431396,5.235692262649536,0.5137966541487341,0.5770817022087431,200,0.4960997034063737,1.440000147325918,-0.023695244221016765,0.5137966541487341,0.5770817008987069,876.9680150032043,mobile,0.0020435703449933383,0.008963095828530516,43.848402247246966,43.848402247246966,system,0.0,96,0.5770817008987069,0.039878827726964695,meta_train_support,2,MARGO-SPLIT-v1,20,20,80,3,97,0.0,0.2,20,10,0.0005,0.0005,mrlco_first_order_mean_pseudogradient,fixed_literature_derived_defaults,0.001257783470558401,6.28891735279212e-05,0.014392905953949106,0.0007196452976974688,0.0016497717395551278,8.248858697775668e-05,3.0,0.0,0.022412215562033825,0.22860906639654746,0.02035670537796501,,,,,,,,,,,,,,,,
0.05302936721699628,0.00075,0.99525,0.004,-0.0005821549566462636,0.00927471648901701,0.0027434699203546134,0.0031666665958861515,0.5372808405508598,0.0,0.0,0.0,0.0,0.0,0.0,0.023406093960805036,0.1653836965560913,publication,0.6896781921386719,4.982036352157593,0.08582477536162933,0.09486159750704246,200,0.044115017039023006,0.18088756361976266,0.035608648089692,0.08582477536162937,0.09486159717664122,156.68575471878052,mobile,0.0018586887324167423,0.007706916597910869,7.834287752961055,7.834287752961055,system,0.0,97,0.09486159717664122,0.04427524950489058,meta_train_support,2,MARGO-SPLIT-v1,20,20,80,3,98,0.0,0.2,20,10,0.0005,0.0005,mrlco_first_order_mean_pseudogradient,fixed_literature_derived_defaults,0.0012449489453486215,6.224744726742934e-05,0.01424603956666391,0.0007123019783331908,0.0016329373340494633,8.164686670247487e-05,3.0,0.0,0.022474463009301254,0.22932136837488065,0.020438352244667484,,,,,,,,,,,,,,,,
0.058260864622849386,0.00025,0.997,0.00275,-0.00047349947271868587,0.20911377668380737,0.0006141505792366311,0.00183333329235514,0.8711852356791496,0.0,0.0,0.0,0.0,0.0,0.0,0.02271983980601804,1.2044647932052612,publication,0.6787137985229492,5.447892665863037,0.535151278766683,0.6018026877694501,200,0.8094707885792959,2.7076420560479164,0.00226819708768744,0.535151278766683,0.6018027011910454,503.0072964096069,mobile,0.002076586743868089,0.04537903912426287,25.150364547154233,25.150364547154233,system,0.0,98,0.6018027011910454,0.044417100254001515,meta_train_support,2,MARGO-SPLIT-v1,20,20,80,3,99,0.0,0.2,20,10,0.0005,0.0005,mrlco_first_order_mean_pseudogradient,fixed_literature_derived_defaults,0.0012355263311021663,6.177631655510801e-05,0.014122146384776902,0.0007061073192388412,0.0016211521386479343,8.105760693239566e-05,3.0,0.0,0.022536239325856362,0.2300274756941195,0.02051940985159988,,,,,,,,,,,,,,,,
0.07874810546454199,0.00025,0.99775,0.002,-0.0006195225869305432,0.044742994010448456,0.0008753080900343472,0.001499999966472387,0.7836312108983596,0.0,0.0,0.0,0.0,0.0,0.0,0.01986117559301184,1.290045976638794,publication,0.6527588367462158,5.061433792114258,0.6847633425543185,0.7706033838081203,200,0.5984942006062945,1.8736438993364573,0.04375297750812024,0.6847633425543187,0.7706033585593104,275.5845761680603,mobile,0.000697616176329874,0.003951488657793364,13.779228308904798,13.779228308904798,system,0.0,99,0.7706033585593104,0.05288172331189731,meta_train_support,2,MARGO-SPLIT-v1,20,20,80,3,100,0.0,0.2,20,10,0.0005,0.0005,mrlco_first_order_mean_pseudogradient,fixed_literature_derived_defaults,0.0012231710677911446,6.115855338955853e-05,0.013980924920929132,0.0006990462460464697,0.0016049406172614549,8.024703086307108e-05,3.0,0.0,0.02259739787924592,0.23072652194016596,0.02059965688246295,,,,,,,,,,,,,,,,
0.0640022431259655,0.00125,0.99675,0.002,-0.0007103242678567767,0.27962324023246765,0.001671111188765432,0.0021666666182378934,0.9694030173122881,0.0,0.0,0.0,0.0,0.0,0.0,0.02190463404090745,1.2248122692108154,publication,0.6433882713317871,5.23974347114563,0.5821669155656568,0.6530828728863071,200,0.987136373946378,3.2125596152618527,0.053767283039633185,0.5821669155656568,0.6530828870460391,225.3598431777954,mobile,0.0010525939429041457,0.0062908450669880885,11.267992601204405,11.267992601204405,system,0.0,100,0.6530828870460391,0.04857734195407166,meta_train_support,2,MARGO-SPLIT-v1,20,20,80,3,101,0.0,0.2,20,10,0.0005,0.0005,mrlco_first_order_mean_pseudogradient,fixed_literature_derived_defaults,0.001211060463159549,6.055302315797692e-05,0.013842499921712012,0.0006921249960855913,0.0015890501161004505,7.945250580502355e-05,3.0,0.0,0.022657950902403898,0.23141864693625155,0.020679109388267974,-0.12691356165556486,-0.08950297763206319,0.08950297763206319,0.0,0.125,0.05,0.03375,0.975,0.975,0.0,validation/automotive_lexicographic_v1,automotive_lexicographic_v1,a3bd00d5108237acdb706f561212b5d840bac151f48b5250a61c573d9c9ffb6c,570546115.0,0.08950297763206319,1.0
0.05727465619245855,0.0005,0.99775,0.00175,-0.0005940229748375714,0.022575072944164276,0.0006712113830227887,0.0014166666350016988,0.7266014664123457,0.0,0.0,0.0,0.0,0.0,0.0,0.023269919672128943,1.3220845460891724,publication,0.6314294338226318,5.358761310577393,0.5313198077054201,0.5986858127347182,200,0.7316075556080578,2.1304144077003,0.041071634739637375,0.5313198077054201,0.5986858121305704,635.150580329895,mobile,0.0026645108647357614,0.023276041078986683,31.757528183152022,31.757528183152022,system,0.0,101,0.5986858121305704,0.04491308754117208,meta_train_support,2,MARGO-SPLIT-v1,20,20,80,3,102,0.0,0.2,20,10,0.0005,0.0005,mrlco_first_order_mean_pseudogradient,fixed_literature_derived_defaults,0.0011991873213638672,5.995936606819491e-05,0.013710961498892433,0.0006855480749446141,0.0015734711933935834,7.867355966967998e-05,3.0,0.0,0.022717910268472093,0.23210419501119617,0.020757782947937654,,,,,,,,,,,,,,,,
0.0631429504017798,0.00025,0.99725,0.0025,-0.0003535935829859227,0.019477728754281998,0.00040612371334323896,0.0014999999664723875,0.6885699123144149,0.0,0.0,0.0,0.0,0.0,0.0,0.021718650099016912,1.355137825012207,publication,0.6934816837310791,5.296066761016846,0.4933812097208243,0.5565265134185029,200,0.5989885138696915,1.4033449564594775,0.04768338555004448,0.4933812097208243,0.5565265068784356,343.9084125518799,mobile,0.001694484970473667,0.007901113251292452,17.195420274277968,17.195420274277968,system,0.0,102,0.5565265068784356,0.04713502458211414,meta_train_support,2,MARGO-SPLIT-v1,20,20,80,3,103,0.0,0.2,20,10,0.0005,0.0005,mrlco_first_order_mean_pseudogradient,fixed_literature_derived_defaults,0.00118754472601082,5.937723630054098e-05,0.01358223577133122,0.0006791117885665554,0.001560846761913689,7.804233809568378e-05,3.0,0.0,0.022777287504772634,0.23278330679976272,0.020835825286033338,,,,,,,,,,,,,,,,
0.07757418829929075,0.0005,0.99725,0.00225,-0.0004317372222431004,0.04054693505167961,0.0009676177478670667,0.0018333332923551402,1.2490641062458356,0.0,0.0,0.0,0.0,0.0,0.0,0.018071716036070728,1.4212080240249634,publication,0.6718182563781738,5.3110716342926025,0.6735569919607829,0.7595336059429973,200,0.7636726692584277,1.972413924522698,0.04294207086786628,0.6735569919607829,0.7595336189493537,590.7375953292847,mobile,0.0001881380654860496,0.004782995821033806,29.536876463496565,29.536876463496565,system,0.0,103,0.7595336189493537,0.05417546788967301,meta_train_support,2,MARGO-SPLIT-v1,20,20,80,3,104,0.0,0.2,20,10,0.0005,0.0005,mrlco_first_order_mean_pseudogradient,fixed_literature_derived_defaults,0.0011761260267222544,5.8806301336113836e-05,0.013467555687375109,0.0006733777843687672,0.0015536184078384276,7.768092039192251e-05,3.0,0.0,0.022836093806108747,0.2334566845841315,0.02091350620642526,,,,,,,,,,,,,,,,
0.07031650319390673,0.0005,0.9975,0.002,-0.0004930075956508517,0.033730123192071915,0.000636264510556354,0.0014999999664723873,0.9535508558154108,0.0,0.0,0.0,0.0,0.0,0.0,0.019206932815001212,1.370327115058899,publication,0.6856718063354492,5.2588348388671875,0.588338415710477,0.66293921398581,200,0.7684410205938488,2.082971557043493,0.05238017754163593,0.5883384157104771,0.6629392056539655,425.1992182540894,mobile,0.0005814534920945862,0.008680879206935478,21.259962302098792,21.259962302098792,system,0.0,104,0.6629392056539655,0.050597049368164185,meta_train_support,2,MARGO-SPLIT-v1,20,20,80,3,105,0.0,0.2,20,10,0.0005,0.0005,mrlco_first_order_mean_pseudogradient,fixed_literature_derived_defaults,0.0011649248264677568,5.8246241323386266e-05,0.013343308872866411,0.0006671654436433139,0.0015427190294427342,7.71359514721362e-05,3.0,0.0,0.022894340047432134,0.2341238500277748,0.020990642157897397,,,,,,,,,,,,,,,,
0.06330725180518834,0.00025,0.99625,0.0035,-0.0003018096031155437,0.035458169877529144,0.0014134814967273535,0.002416666643694043,0.968193789323171,0.0,0.0,0.0,0.0,0.0,0.0,0.018968193004727685,1.3227124214172363,publication,0.6863837242126465,4.879348039627075,0.5961806900686643,0.671525556750039,200,0.7781110417957563,2.2014334470732138,0.021244756597297965,0.5961806900686643,0.6715255424380302,294.2222248458862,mobile,0.0019388202164182494,0.004905435037313722,14.711111339123931,14.711111339123931,system,0.0,105,0.6715255424380302,0.056050496431343216,meta_train_support,2,MARGO-SPLIT-v1,20,20,80,3,106,0.0,0.2,20,10,0.0005,0.0005,mrlco_first_order_mean_pseudogradient,fixed_literature_derived_defaults,0.0011539349696142874,5.769674848071435e-05,0.013217428600480878,0.0006608714300240515,0.001528441526051152,7.642207630255762e-05,3.0,0.0,0.022952036795912848,0.23478472145779886,0.021067064234199954,,,,,,,,,,,,,,,,
0.050599205103898114,0.0005,0.99525,0.00425,-0.00014033046318218112,0.018781570717692375,0.0012885015025707479,0.0027499999385327102,0.69561498661836,0.0,0.0,0.0,0.0,0.0,0.0,0.021841466829733612,1.3249160051345825,publication,0.6946992874145508,5.044542551040649,0.36824086885440105,0.41321673777460094,200,0.3787062796720488,1.0897307698614895,0.04066413198597729,0.36824086885440116,0.4132167475484312,1081.9453723526,mobile,0.0009815042365411582,0.05519834750023543,54.09726919335283,54.09726919335283,system,0.0,106,0.4132167475484312,0.04324133065025968,meta_train_support,2,MARGO-SPLIT-v1,20,20,80,3,107,0.0,0.2,20,10,0.0005,0.0005,mrlco_first_order_mean_pseudogradient,fixed_literature_derived_defaults,0.0011431505306459294,5.715752653229558e-05,0.01310093915880546,0.0006550469579402751,0.0015141570258076834,7.570785129038318e-05,3.0,0.0,0.023009194322445144,0.23543976841573913,0.021142772085490338,,,,,,,,,,,,,,,,
0.04831286945614003,0.0015,0.99625,0.00225,-0.00020207324996590614,0.0208404753357172,0.0007974009513080618,0.0022499999807526665,0.729485102991263,0.0,0.0,0.0,0.0,0.0,0.0,0.025799420118751193,1.0216748714447021,publication,0.6262471675872803,4.709112644195557,0.4050410350884021,0.45454080710576816,200,0.39404159093936836,1.128256707568653,0.027056764054577798,0.40504103508840217,0.45454079976305367,1166.2057671451569,mobile,0.0009363175831911442,0.03153683040116207,58.310287655991964,58.310287655991964,system,0.0,107,0.45454079976305367,0.036773487334836305,meta_train_support,2,MARGO-SPLIT-v1,20,20,80,3,108,0.0,0.2,20,10,0.0005,0.0005,mrlco_first_order_mean_pseudogradient,fixed_literature_derived_defaults,0.0011325658035103191,5.66282901755151e-05,0.0129796341665943,0.0006489817083297211,0.0015001370533465012,7.500685266732462e-05,3.0,0.0,0.02306582261262066,0.23608875012406885,0.021217778938157662,,,,,,,,,,,,,,,,
0.07899505391991009,0.00025,0.998,0.00175,-0.00015305254783015698,0.03301678225398064,0.0005998214669177197,0.0012499999720603228,0.8334453523159027,0.0,0.0,0.0,0.0,0.0,0.0,0.0169286570815687,1.1631779670715332,publication,0.6812260150909424,4.066949367523193,0.7951797412151927,0.8963602634374547,200,0.768690820385161,2.4338924787007272,0.030940830562030897,0.7951797412151929,0.8963602704368532,302.97354009628293,mobile,0.001030849998212057,0.0021625859287565936,15.148676760675755,15.148676760675755,system,0.0,108,0.8963602704368532,0.05724266709985882,meta_train_support,2,MARGO-SPLIT-v1,20,20,80,3,109,0.0,0.2,20,10,0.0005,0.0005,mrlco_first_order_mean_pseudogradient,fixed_literature_derived_defaults,0.0011221752915515088,5.610876457757402e-05,0.012860554954056736,0.0006430277477028346,0.0014863743280864414,7.431871640432158e-05,3.0,0.0,0.023121931377198233,0.2367317778717717,0.021292097654561984,,,,,,,,,,,,,,,,
0.05781233810699158,0.00075,0.9945,0.00475,-0.00021703743550460786,0.059362757951021194,0.0029993536639542147,0.003666666646798452,0.7819448548058668,0.0,0.0,0.0,0.0,0.0,0.0,0.021195444343762318,1.0976744890213013,publication,0.6867425441741943,4.9146928787231445,0.5955303623357271,0.6689987886444578,200,0.6805426527458217,2.149486102629453,0.06840135710081086,0.5955303623357271,0.6689987720921635,1222.534651260376,mobile,0.0006337242830027367,0.011055425980375464,61.12673413551453,61.12673413551453,system,0.0,109,0.6689987720921635,0.04409039937139566,meta_train_support,2,MARGO-SPLIT-v1,20,20,80,3,110,0.0,0.2,20,10,0.0005,0.0005,mrlco_first_order_mean_pseudogradient,fixed_literature_derived_defaults,0.0011119736979919497,5.5598684899595824e-05,0.012743640818110765,0.0006371820409055429,0.0014728618341947465,7.364309170973873e-05,3.0,0.0,0.02317753006209783,0.23736895991267723,0.021365740746271723,,,,,,,,,,,,,,,,
0.06687002380311123,0.00025,0.99825,0.0015,-0.0001708014460746199,0.2431441992521286,0.001526351608185076,0.0008333333147068819,1.206277969479561,0.0,0.0,0.0,0.0,0.0,0.0,0.014504268711830717,1.0609509944915771,publication,0.6999485492706299,5.0990588665008545,0.9350319039121254,1.0537005228236558,200,1.1244532708415906,3.0904494281858206,0.036787342512980103,0.9350319039121257,1.0537005380541087,245.27659101486205,mobile,0.000995934502503911,0.012207419920083434,12.263829574161697,12.263829574161697,system,0.0,110,1.0537005380541087,0.04912645333464625,meta_train_support,2,MARGO-SPLIT-v1,20,20,80,3,111,0.0,0.2,20,10,0.0005,0.0005,mrlco_first_order_mean_pseudogradient,fixed_literature_derived_defaults,0.0011019559169289591,5.509779584644825e-05,0.012638630085589811,0.0006319315042794815,0.0014623067742722772,7.311533871361478e-05,3.0,0.0,0.023232627857944277,0.2380008914169567,0.021438856084985337,,,,,,,,,,,,,,,,
0.05644885076582391,0.0,0.9985,0.0015,-0.0007991840830072761,0.022657474502921104,0.0004398770509260371,0.0009166666461775701,0.782198861738046,0.0,0.0,0.0,0.0,0.0,0.0,0.01579997929946887,1.1072996854782104,publication,0.6409223079681396,5.5030906200408936,0.5702682212146933,0.6441100627946753,200,0.6816880858175701,1.811096126679331,0.024918021979829064,0.5702682212146933,0.644110056636855,292.6374405288696,mobile,0.0014818529650682426,0.007702464546259602,14.631872751884833,14.631872751884833,system,0.0,111,0.644110056636855,0.048651320137627414,meta_train_support,2,MARGO-SPLIT-v1,20,20,80,3,112,0.0,0.2,20,10,0.0005,0.0005,mrlco_first_order_mean_pseudogradient,fixed_literature_derived_defaults,0.0010942255263991995,5.4711276319958924e-05,0.012585352094528286,0.0006292676047264245,0.0014670360176530402,7.335180088265114e-05,3.0,0.0,0.023287339134264236,0.23863015902168314,0.02151220788586799,,,,,,,,,,,,,,,,
0.0496157231247989,0.001,0.99525,0.00375,4.0176902984967455e-05,0.08961248397827148,0.0015998408198697686,0.0024166666126499573,0.8344376812378564,0.0,0.0,0.0,0.0,0.0,0.0,0.019919749157414852,1.16253662109375,publication,0.6506607532501221,4.626163721084595,0.5398652368406445,0.6066884739330272,200,0.6795221462769022,2.2257824558764696,0.02945039648329839,0.5398652368406445,0.6066884883865714,603.037601852417,mobile,0.0006542083199191722,0.0030772002527356553,30.15188147905104,30.15188147905104,system,0.0,112,0.6066884883865714,0.03294834599324889,meta_train_support,2,MARGO-SPLIT-v1,20,20,80,3,113,0.0,0.2,20,10,0.0005,0.0005,mrlco_first_order_mean_pseudogradient,fixed_literature_derived_defaults,0.0010845421146611536,5.422710573305817e-05,0.012473977297231575,0.0006236988648615771,0.0014540533980277922,7.270266990138871e-05,3.0,0.0,0.023341566239997294,0.2392538578865447,0.021584910555769377,,,,,,,,,,,,,,,,
0.062081255258555255,0.0005,0.995,0.0045,1.9803703708021203e-06,0.08069748431444168,0.0015039692381348133,0.0029166666014740867,0.922037480523189,0.0,0.0,0.0,0.0,0.0,0.0,0.022809117359311612,1.2074778079986572,publication,0.6848058700561523,4.652902603149414,0.713227701525986,0.8055457619715889,200,0.7761930426072517,2.7702266508713365,0.08396255574189126,0.7132277015259861,0.8055457753688097,1162.3127684211731,mobile,0.0007613030621306243,0.0062233890266217215,58.11563675918511,58.11563675918511,system,0.0,113,0.8055457753688097,0.04808256574693487,meta_train_support,2,MARGO-SPLIT-v1,20,20,80,3,114,0.0,0.2,20,10,0.0005,0.0005,mrlco_first_order_mean_pseudogradient,fixed_literature_derived_defaults,0.0010750285873395646,5.375142936697719e-05,0.012364556443747088,0.000618227822187345,0.0014412985436591272,7.206492718295557e-05,3.0,0.0,0.02339531766936427,0.23987208570873206,0.021656975482952333,,,,,,,,,,,,,,,,
0.06558674947398045,0.0005,0.9985,0.001,-0.0014284112257882953,0.0364137627184391,0.0005029891315415943,0.0041666666977107514,0.8242179576307536,0.0,0.0,0.0,0.0,0.0,0.0,0.018387007789225696,1.2157331705093384,publication,0.6436262130737305,4.872809648513794,0.8378996850079318,0.9461759286963911,200,0.8535058187396806,2.3932084683328867,0.04661184793803841,0.8378996850079318,0.94617591034621,305.7718582344055,mobile,0.0015249320934861133,0.01052861331025768,15.288592293775555,15.288592293775555,system,0.0,114,0.94617591034621,0.05398760776231591,meta_train_support,2,MARGO-SPLIT-v1,20,20,80,3,115,0.0,0.2,20,10,0.0005,0.0005,mrlco_first_order_mean_pseudogradient,fixed_literature_derived_defaults,0.0010666419151123684,5.33320957556184e-05,0.012278200843090769,0.0006139100421545252,0.0014358498492547873,7.179249246273833e-05,3.0,0.0,0.02344864976511989,0.24048599575088658,0.02172876797541507,,,,,,,,,,,,,,,,
0.04540170872571781,0.00075,0.99675,0.0025,-0.0010952119482681155,0.07446973025798798,0.0016664837105281548,0.003666666569188237,0.6661326928685108,0.0,0.0,0.0,0.0,0.0,0.0,0.027788034345106478,1.1811916828155518,publication,0.662337064743042,5.0621678829193115,0.6514090944287285,0.7332944402543898,200,0.9004220541539844,3.257032696157694,0.01836274057859555,0.6514090944287283,0.7332944338582457,836.9252144622802,mobile,0.0028238979310092113,0.06630490731942032,41.84626128204527,41.84626128204527,system,0.0,115,0.7332944338582457,0.03891612763309259,meta_train_support,2,MARGO-SPLIT-v1,20,20,80,3,116,0.0,0.2,20,10,0.0005,0.0005,mrlco_first_order_mean_pseudogradient,fixed_literature_derived_defaults,0.0010574467261889858,5.287233630944799e-05,0.012183757652217955,0.0006091878826108843,0.0014291376460208482,7.145688230104225e-05,3.0,0.0,0.023501522101429338,0.24109518363349747,0.021800224857716113,,,,,,,,,,,,,,,,
0.06198613525415272,0.00075,0.996,0.00325,-0.0004922411753796041,0.01888231188058853,0.0020813842788052943,0.002666666638106108,0.7866869800413648,0.0,0.0,0.0,0.0,0.0,0.0,0.018215923082915284,1.2498652935028076,publication,0.6280410289764404,5.038102865219116,0.49933645146528116,0.5618944713752717,200,0.6103107185183888,1.742916019516997,0.027786222533904947,0.4993364514652813,0.5618945031333715,328.9761268234253,mobile,0.0005519377400527499,0.0013253759774537446,16.448806169094212,16.448806169094212,system,0.0,116,0.5618945031333715,0.04922787264089816,meta_train_support,2,MARGO-SPLIT-v1,20,20,80,3,117,0.0,0.2,20,10,0.0005,0.0005,mrlco_first_order_mean_pseudogradient,fixed_literature_derived_defaults,0.0010484087199822425,5.242043599911275e-05,0.012079622971429766,0.0006039811485714919,0.0014169227943454563,7.084613971727188e-05,3.0,0.0,0.02355394253742845,0.24169916478206896,0.021871070997433385,,,,,,,,,,,,,,,,
0.06717337758395794,0.00125,0.99475,0.004,-0.0002907533780671656,0.08785642683506012,0.0014633657268700992,0.0026666666070620216,0.9690457253406445,0.0,0.0,0.0,0.0,0.0,0.0,0.025974555564243412,1.2005623579025269,publication,0.46176981925964355,4.851902008056641,1.0526506815300027,1.1861013980895223,200,0.8675105654971315,2.701380521990359,-0.024265703046694398,1.0526506815300027,1.1861014598049224,516.8329794120789,mobile,0.0007710734686884947,0.00784748828799287,25.841651182248093,25.841651182248093,system,0.0,117,1.1861014598049224,0.05134084176162608,meta_train_support,2,MARGO-SPLIT-v1,20,20,80,3,118,0.0,0.2,20,10,0.0005,0.0005,mrlco_first_order_mean_pseudogradient,fixed_literature_derived_defaults,0.001039523900321376,5.197619501606798e-05,0.011984703324174216,0.000599235166208717,0.0014084045992944477,7.042022996472247e-05,3.0,0.0,0.02360591873244452,0.24229839994827768,0.021941491227398108,,,,,,,,,,,,,,,,
0.04921000719783988,0.001,0.99675,0.00225,-0.0007080340874381363,0.009789403527975082,0.0007842250799548367,0.0016666666294137638,0.4706906225221852,0.0,0.0,0.0,0.0,0.0,0.0,0.017414656124226137,0.9482038021087646,publication,0.6431248188018799,4.84238600730896,0.18814864085809224,0.2104390403515208,200,0.3657127387075833,1.3174986019730568,0.023866189912951086,0.1881486408580923,0.21043903237208725,229.53488099098206,mobile,0.0014590603379385678,0.007710264565995817,11.47674413514439,11.47674413514439,system,0.0,118,0.21043903237208725,0.04338258285680943,meta_train_support,2,MARGO-SPLIT-v1,20,20,80,3,119,0.0,0.2,20,10,0.0005,0.0005,mrlco_first_order_mean_pseudogradient,fixed_literature_derived_defaults,0.001030788405360692,5.15394202680354e-05,0.011883991531534096,0.0005941995765766928,0.0013976384269696104,6.988192134848095e-05,3.0,0.0,0.023657458152712554,0.24289259952485437,0.02201137314874659,,,,,,,,,,,,,,,,
0.07327323348192814,0.0,0.99925,0.00075,-0.00022424657072406262,0.12299053370952606,0.00011400392487700788,0.00033333332588275275,1.2056200087070466,0.0,0.0,0.0,0.0,0.0,0.0,0.01885160598992832,1.359275460243225,publication,0.6887321472167969,5.302474498748779,1.0424435319486858,1.174106087159016,200,0.9468108932683547,2.4801889220252633,0.06935198552673683,1.042443531948686,1.1741061271354556,259.57077865600587,mobile,0.0004051432995199982,0.0009461933384000254,12.978539299904341,12.978539299904341,system,0.0,119,1.1741061271354556,0.05081651915348054,meta_train_support,2,MARGO-SPLIT-v1,20,20,80,3,120,0.0,0.2,20,10,0.0005,0.0005,mrlco_first_order_mean_pseudogradient,fixed_literature_derived_defaults,0.0010221985019826863,5.1109925099133285e-05,0.011784958268771312,0.000589247913438562,0.001385991440078197,6.929957200391135e-05,3.0,0.0,0.023708568077811687,0.24348184743829293,0.0220806727207505,,,,,,,,,,,,,,,,
0.0644878167502684,0.00175,0.99325,0.005,-0.000540133158210665,0.10126888751983643,0.0015895150851169622,0.003416666636864344,0.9842341775695482,0.0,0.0,0.0,0.0,0.0,0.0,0.031957201835340114,1.4743272066116333,publication,0.5858652591705322,3.2678933143615723,1.0354992375578123,1.1662754345152644,200,0.9592565999286907,3.287120969966054,0.0355480440921383,1.0354992375578125,1.166275424361229,348.0259870147705,mobile,0.0006124867997702038,0.0033729553633395047,17.40129965399115,17.40129965399115,system,0.0,120,1.166275424361229,0.04618107836999323,meta_train_support,2,MARGO-SPLIT-v1,20,20,80,3,121,0.0,0.2,20,10,0.0005,0.0005,mrlco_first_order_mean_pseudogradient,fixed_literature_derived_defaults,0.0010137505804786971,5.068752902393642e-05,0.01169127053454248,0.0005845635267271165,0.00137812487806865,6.89062439034327e-05,3.0,0.0,0.023759255606835623,0.24406641096502005,0.022149578964653933,,,,,,,,,,,,,,,,
0.06581207906595739,0.002,0.99425,0.00375,-9.08279835130088e-05,0.04456955939531326,0.0021053267708632953,0.0033333333053936556,1.0576530233025552,0.0,0.0,0.0,0.0,0.0,0.0,0.027095720920685663,1.5873661041259766,publication,0.6710660457611084,4.759335517883301,0.9901011638411816,1.1154391507108812,200,0.8465260918599563,2.486794263124466,0.07581169676268473,0.9901011638411816,1.115439162477851,667.9693686676026,mobile,0.0008231684110819107,0.002738350211506297,33.39846847541489,33.39846847541489,system,0.0,121,1.115439162477851,0.042939806915851156,meta_train_support,2,MARGO-SPLIT-v1,20,20,80,3,122,0.0,0.2,20,10,0.0005,0.0005,mrlco_first_order_mean_pseudogradient,fixed_literature_derived_defaults,0.0010054411494911668,5.0272057474556875e-05,0.0115965806935681,0.000579829034678403,0.0013698335688398736,6.849167844199394e-05,3.0,0.0,0.02380952766431018,0.24464623999969845,0.022218070643095927,,,,,,,,,,,,,,,,
0.06289142784793073,0.00075,0.99775,0.0015,-0.0003121552581433207,0.019141383469104767,0.0008944213053969643,0.0014166666350016988,0.6839219272136688,0.0,0.0,0.0,0.0,0.0,0.0,0.019646521846206938,1.663830280303955,publication,0.6773109436035156,5.371213674545288,0.5173015805795502,0.5819366889481898,200,0.6118002824110582,1.5943430792540312,0.05616760905832052,0.5173015805795502,0.5819366924650967,624.1931987762451,mobile,0.00048586461008941916,0.004481321101354988,31.209661473195993,31.209661473195993,system,0.0,122,0.5819366924650967,0.04787705296296835,meta_train_support,2,MARGO-SPLIT-v1,20,20,80,3,123,0.0,0.2,20,10,0.0005,0.0005,mrlco_first_order_mean_pseudogradient,fixed_literature_derived_defaults,0.0009972668312026207,4.986334156013156e-05,0.011502299549717952,0.0005751149774858855,0.0013586967105566226,6.793483552782961e-05,3.0,0.0,0.023859391005870312,0.24522135497718434,0.022286005478623756,,,,,,,,,,,,,,,,
0.0525498066400467,0.00025,0.9975,0.00225,-0.00040475610876455903,0.04464371129870415,0.0005715037702733146,0.0015833332979430757,0.7264560483396054,0.0,0.0,0.0,0.0,0.0,0.0,0.015544971385922713,1.6823577880859375,publication,0.6109554767608643,5.074298143386841,0.5137814291821825,0.5794595966095949,200,0.8666690914358508,2.8225172897800803,0.04156002381932922,0.5137814291821826,0.5794595861807466,208.01054683685302,mobile,0.0006911125813050032,0.006101837237408773,10.400527539061807,10.400527539061807,system,0.0,123,0.5794595861807466,0.03877531637456441,meta_train_support,2,MARGO-SPLIT-v1,20,20,80,3,124,0.0,0.2,20,10,0.0005,0.0005,mrlco_first_order_mean_pseudogradient,fixed_literature_derived_defaults,0.0009892243567574384,4.9461217837873384e-05,0.011410342143251309,0.000570517107162577,0.001349164756015088,6.745823780075419e-05,3.0,0.0,0.023908852223708185,0.2457918720843469,0.02235346371642451,,,,,,,,,,,,,,,,
0.04606448213164402,0.00125,0.997,0.00175,-0.0009674301254563034,0.09695179760456085,0.0007235109027395953,0.0017499999608844518,0.7594424857757984,0.0,0.0,0.0,0.0,0.0,0.0,0.018806540082358644,1.5479992628097534,publication,0.6840963363647461,5.3664231300354,0.6244894463826519,0.7037660940098794,200,1.1842658584003825,4.112747570499778,0.019361209240742028,0.6244894463826517,0.7037661077920347,495.9034031677246,mobile,0.0013571609765954042,0.027050838167223156,24.795170699948567,24.795170699948567,system,0.0,124,0.7037661077920347,0.03961482415605325,meta_train_support,2,MARGO-SPLIT-v1,20,20,80,3,125,0.0,0.2,20,10,0.0005,0.0005,mrlco_first_order_mean_pseudogradient,fixed_literature_derived_defaults,0.0009813105619033789,4.90655280951692e-05,0.011319299052724241,0.000565964952636222,0.0013397533048597442,6.698766524298669e-05,3.0,0.0,0.023957917751803354,0.24635783703698313,0.022420451381667497,,,,,,,,,,,,,,,,
0.07149709500277476,0.00025,0.9975,0.00225,-0.0003373621148057282,0.033880822360515594,0.0008929473706653718,0.0016666666294137638,1.0576148288945357,0.0,0.0,0.0,0.0,0.0,0.0,0.012458679253910563,1.624359130859375,publication,0.6255991458892822,5.060333490371704,0.8279753379318329,0.9338674686917693,200,0.9416546398933892,2.6007485017180443,0.061090863338904455,0.8279753379318331,0.9338674512505531,222.79984001159667,mobile,0.0005775672005985677,0.001925919806206701,11.139991315360112,11.139991315360112,system,0.0,125,0.9338674512505531,0.0521146405895331,meta_train_support,2,MARGO-SPLIT-v1,20,20,80,3,126,0.0,0.2,20,10,0.0005,0.0005,mrlco_first_order_mean_pseudogradient,fixed_literature_derived_defaults,0.0009735223828406536,4.867611914203401e-05,0.011229463345956588,0.0005614731672978213,0.001329120342122762,6.645601710613888e-05,3.0,0.0,0.02400659387094539,0.24691931020428096,0.022486907398773636,,,,,,,,,,,,,,,,
0.06526060875901511,0.00025,0.9975,0.00225,-0.0009567344677634537,0.02896401472389698,0.0006936880700236495,0.0012499999720603228,0.8074431816736857,0.0,0.0,0.0,0.0,0.0,0.0,0.01769196500751442,1.4953421354293823,publication,0.6554229259490967,5.0677878856658936,0.6695290967325235,0.7547427002718178,200,0.7057096351197019,1.9742392431944609,0.007282140548340976,0.6695290967325236,0.7547427281085402,407.6402088737488,mobile,0.0020299075777914315,0.010254185033903239,20.382009735085667,20.382009735085667,system,0.0,126,0.7547427281085402,0.0532960465922722,meta_train_support,2,MARGO-SPLIT-v1,20,20,80,3,127,0.0,0.2,20,10,0.0005,0.0005,mrlco_first_order_mean_pseudogradient,fixed_literature_derived_defaults,0.0009658568522671052,4.829284261335595e-05,0.011141042374728584,0.0005570521187364397,0.001319179974084968,6.595899870424915e-05,3.0,0.0,0.024054886713558744,0.2474763623230174,0.022552866397477885,,,,,,,,,,,,,,,,
0.0681409216816303,0.0,0.9985,0.0015,-0.0002673465060070157,0.040033500641584396,0.00019762642847105387,0.0005833333202948174,0.922696783269445,0.0,0.0,0.0,0.0,0.0,0.0,0.013261971228491886,1.5322929620742798,publication,0.5935840606689453,5.117478370666504,0.5983946823302214,0.6719905617633777,200,0.794148304272132,2.423977964092046,0.006930915405973792,0.5983946823302213,0.6719905571057461,241.69866560935975,mobile,0.0005797927078836764,0.001634479735487574,12.084933860806215,12.084933860806215,system,0.0,127,0.6719905571057461,0.05329954703589091,meta_train_support,2,MARGO-SPLIT-v1,20,20,80,3,128,0.0,0.2,20,10,0.0005,0.0005,mrlco_first_order_mean_pseudogradient,fixed_literature_derived_defaults,0.0009583110956087684,4.791555478043941e-05,0.011054002981176016,0.0005527001490588102,0.001308873880537429,6.544369402687253e-05,3.0,0.0,0.024102802268339184,0.2480290624720762,0.022618310091504758,,,,,,,,,,,,,,,,
0.06977665380421891,0.0005,0.99675,0.00275,-0.00025296054081991315,0.029989395290613174,0.0008098132051433726,0.0019166666238258283,0.7236196202536425,0.0,0.0,0.0,0.0,0.0,0.0,0.017700019223215728,1.520870327949524,publication,0.6460273265838623,5.074870347976685,0.48222229315022175,0.542668749430959,200,0.6643045667890458,1.9969288716092706,0.029801284370478243,0.48222229315022175,0.5426687440648675,272.7485726165771,mobile,0.003777981498663467,0.025526425737569306,13.637428565652147,13.637428565652147,system,0.0,128,0.5426687440648675,0.05420799769682758,meta_train_support,2,MARGO-SPLIT-v1,20,20,80,3,129,0.0,0.2,20,10,0.0005,0.0005,mrlco_first_order_mean_pseudogradient,fixed_literature_derived_defaults,0.0009508823274257547,4.7544116371287665e-05,0.010968313035585505,0.000548415651779266,0.0012987275713859762,6.493637856929899e-05,3.0,0.0,0.02415034638471047,0.24857747812385547,0.022683246470074057,,,,,,,,,,,,,,,,
0.059112013408188044,0.00075,0.9935,0.00575,0.00017059863603208214,0.05888765677809715,0.0020240737075618875,0.004083333257585765,0.8374651834368706,0.0,0.0,0.0,0.0,0.0,0.0,0.027751467321910743,1.4296894073486328,publication,0.6402797698974609,4.699188947677612,0.6826682720910549,0.7694915823626798,200,0.7800401823283288,2.5031014000996947,0.05994755309075117,0.6826682720910552,0.7694915710389614,1379.2015975379943,mobile,0.00010183705692472835,0.005235700343640397,68.96007835587298,68.96007835587298,system,0.0,129,0.7694915710389614,0.04041206039492015,meta_train_support,2,MARGO-SPLIT-v1,20,20,80,3,130,0.0,0.2,20,10,0.0005,0.0005,mrlco_first_order_mean_pseudogradient,fixed_literature_derived_defaults,0.0009435678479840182,4.7178392399201824e-05,0.010883941396850231,0.0005441970698425169,0.001288737359298392,6.443686796491974e-05,3.0,0.0,0.024197524777109673,0.249121675193698,0.022747683338038976,,,,,,,,,,,,,,,,
0.052284661345982884,0.001,0.996,0.003,-0.0008028957527130842,0.01241796649992466,0.0007726182790125307,0.002333333296701312,0.49333416918913525,0.0,0.0,0.0,0.0,0.0,0.0,0.025075955716736188,1.1215379238128662,publication,0.657146692276001,5.115423202514648,0.2175347099352893,0.24393440696137986,200,0.24584309980606647,0.816689666826278,0.050060409943398554,0.21753470993528928,0.2439344074204564,786.0333941268921,mobile,0.0015500922642183992,0.019819352063668937,39.30167074712815,39.30167074712815,system,0.0,130,0.2439344074204564,0.04627513741328056,meta_train_support,2,MARGO-SPLIT-v1,20,20,80,3,131,0.0,0.2,20,10,0.0005,0.0005,mrlco_first_order_mean_pseudogradient,fixed_literature_derived_defaults,0.0009363650399841401,4.681825199920678e-05,0.01080085787473687,0.0005400428937368529,0.0012788996695327552,6.394498347663674e-05,3.0,0.0,0.02424434302910888,0.24966171808743484,0.022811628321515613,,,,,,,,,,,,,,,,
0.058184474332228564,0.0,0.99725,0.00275,-0.00024049948842730373,0.07072176784276962,0.0004932848068871434,0.0015833332979430753,0.8093836578230063,0.0,0.0,0.0,0.0,0.0,0.0,0.01689211539222618,1.3448141813278198,publication,0.6403067111968994,5.420631170272827,0.6129715122475379,0.6877283020994946,200,0.9035261505412799,2.924257712904364,0.04732692718971521,0.6129715122475381,0.6877282706834376,288.0710013580322,mobile,0.0003655031828475595,0.0016151433056219035,14.403550148040484,14.403550148040484,system,0.0,131,0.6877282706834376,0.043534240672675216,meta_train_support,2,MARGO-SPLIT-v1,20,20,80,3,132,0.0,0.2,20,10,0.0005,0.0005,mrlco_first_order_mean_pseudogradient,fixed_literature_derived_defaults,0.0009292713654388057,4.646356827193998e-05,0.010719033193867652,0.0005359516596933622,0.0012692110356726585,6.346055178363397e-05,3.0,0.0,0.02429080659738082,0.2501976697471282,0.022875088873299247,,,,,,,,,,,,,,,,
0.0706177892000034,0.00025,0.99875,0.001,-0.0005110482452437282,0.032303135842084885,0.0001821404473455424,0.0008333333147068819,0.78308365046978,0.0,0.0,0.0,0.0,0.0,0.0,0.014244200022856294,1.3179945945739746,publication,0.6393730640411377,5.167818784713745,0.5965617794318483,0.67204513323828,200,1.0407399346689676,3.415512067382224,0.03213996370323002,0.5965617794318483,0.6720451293699443,209.38325357437134,mobile,0.000888685280346913,0.0021461048252929176,10.469162753198368,10.469162753198368,system,0.0,132,0.6720451293699443,0.05689174696011979,meta_train_support,2,MARGO-SPLIT-v1,20,20,80,3,133,0.0,0.2,20,10,0.0005,0.0005,mrlco_first_order_mean_pseudogradient,fixed_literature_derived_defaults,0.0009222843626911456,4.6114218134558904e-05,0.010638438959327295,0.0005319219479663628,0.001259668095554819,6.298340477774167e-05,3.0,0.0,0.02433692081551538,0.25072959169509457,0.02293807227807699,,,,,,,,,,,,,,,,
0.062321118780801966,0.00075,0.99775,0.0015,-0.0005000862292945385,0.0856003612279892,0.000694514516199074,0.0013333333035310108,1.001038070519765,0.0,0.0,0.0,0.0,0.0,0.0,0.01731063228689802,1.3843036890029907,publication,0.6297202110290527,5.138685941696167,0.8612486923193721,0.9670503332448425,200,0.8967439719775989,2.284020176390186,0.052756139484699816,0.8612486923193721,0.9670502984151245,560.8889866256714,mobile,0.0004556811248766189,0.015380773593353816,28.044449605162818,28.044449605162818,system,0.0,133,0.9670502984151245,0.048232197323984635,meta_train_support,2,MARGO-SPLIT-v1,20,20,80,3,134,0.0,0.2,20,10,0.0005,0.0005,mrlco_first_order_mean_pseudogradient,fixed_literature_derived_defaults,0.0009194303300584668,4.597151650292258e-05,0.010574149741114182,0.0005287074870556907,0.001250267587379037,6.251337936895307e-05,3.0,0.0,0.0243828923320183,0.25125829918215026,0.023000585657445942,,,,,,,,,,,,,,,,
0.053309481813055004,0.00075,0.99725,0.002,-0.0006280149682424963,0.021486273035407066,0.0004669416519255046,0.0014999999664723873,0.7813797431687515,0.0,0.0,0.0,0.0,0.0,0.0,0.017536440168215633,1.4478510618209839,publication,0.5084826946258545,5.193087816238403,0.4939448550090122,0.5552700105632539,200,0.6880526693871651,2.0371296748053282,-0.0005858027143403888,0.49394485500901214,0.5552700001141057,445.343631401062,mobile,0.0010044698147549888,0.0038613353917625977,22.267181603809817,22.267181603809817,system,0.0,134,0.5552700001141057,0.043741342669368175,meta_train_support,2,MARGO-SPLIT-v1,20,20,80,3,135,0.0,0.2,20,10,0.0005,0.0005,mrlco_first_order_mean_pseudogradient,fixed_literature_derived_defaults,0.0009126197350209968,4.563098675105029e-05,0.010495822705994817,0.0005247911352997403,0.001241006345991044,6.205031729955221e-05,3.0,0.0,0.024428523318769352,0.25178309031745,0.023062635974745494,,,,,,,,,,,,,,,,
0.05716271992474612,0.001,0.99775,0.00125,-0.0006115376600064337,0.019541500136256218,0.0005703053281521578,0.0011666666405896343,0.6365060735493899,0.0,0.0,0.0,0.0,0.0,0.0,0.0166662429355492,1.4685884714126587,publication,0.5539312362670898,5.428522109985352,0.3849873219883883,0.43197555634622403,200,0.589400928847847,1.5898827174678445,0.027486528852023184,0.38498732198838825,0.43197557581588625,368.0942023658752,mobile,0.001607252305107453,0.010982006731907612,18.404710201336307,18.404710201336307,system,0.0,135,0.43197557581588625,0.04686563079350642,meta_train_support,2,MARGO-SPLIT-v1,20,20,80,3,136,0.0,0.2,20,10,0.0005,0.0005,mrlco_first_order_mean_pseudogradient,fixed_literature_derived_defaults,0.0009059092957929012,4.5295464789645024e-05,0.010418647539038973,0.0005209323769519436,0.0012318812993293452,6.159406496646785e-05,3.0,0.0,0.024473818783558997,0.25230402269440194,0.023124230039711962,,,,,,,,,,,,,,,,
0.06086198839650546,0.0005,0.9965,0.003,-0.0010642054257914424,0.06648298352956772,0.0005158837284797713,0.0020833332867672047,0.764728760222594,0.0,0.0,0.0,0.0,0.0,0.0,0.02342472844483507,1.4310194253921509,publication,0.6525759696960449,5.123184442520142,0.5683321105390863,0.6402108129585576,200,0.8829762245386613,3.0399341890588403,0.04065284156240523,0.5683321105390865,0.640210794173181,409.4828303146362,mobile,0.0011698009261049155,0.007476523601331874,20.47414032316981,20.47414032316981,system,0.0,136,0.640210794173181,0.04434852480075656,meta_train_support,2,MARGO-SPLIT-v1,20,20,80,3,137,0.0,0.2,20,10,0.0005,0.0005,mrlco_first_order_mean_pseudogradient,fixed_literature_derived_defaults,0.0008992968191812742,4.4964840959064306e-05,0.010342599016856207,0.0005171299508427984,0.0012228894650276711,6.114447325138508e-05,3.0,0.0,0.02451878362451806,0.25282115264524474,0.023185374512963347,,,,,,,,,,,,,,,,
0.05775130513574357,0.0005,0.9965,0.003,-0.0008174293907359242,0.01039259321987629,0.0011082847627564858,0.0020833332867672043,0.5062896522382896,0.0,0.0,0.0,0.0,0.0,0.0,0.016290915028302478,1.4968640804290771,publication,0.520240068435669,5.27772331237793,0.2652678835645166,0.2990093721669109,200,0.447375069520015,1.5264683905988932,0.02561331813922152,0.26526788356451664,0.2990093745663762,522.4785499763489,mobile,0.0005694658925488286,0.019497280082601664,26.12392845060711,26.12392845060711,system,0.0,137,0.2990093745663762,0.04681391576116379,meta_train_support,2,MARGO-SPLIT-v1,20,20,80,3,138,0.0,0.2,20,10,0.0005,0.0005,mrlco_first_order_mean_pseudogradient,fixed_literature_derived_defaults,0.0008927801755640185,4.4639008778199485e-05,0.010267652647168843,0.00051338263235845,0.0012140279471651518,6.070139735825722e-05,3.0,0.0,0.02456342263329626,0.2533345352776032,0.023246075910321604,,,,,,,,,,,,,,,,
0.06361730806025007,0.00075,0.996,0.00325,-0.00035084979026578367,0.10058064013719559,0.0006175986109906217,0.0020833332867672043,0.9463558288911977,0.0,0.0,0.0,0.0,0.0,0.0,0.019941324253282704,1.424992322921753,publication,0.6747438907623291,5.190001964569092,0.6897982552974403,0.7762924712960171,200,0.8610337525571403,2.3479678705334663,0.05417684513668064,0.6897982552974404,0.7762924675457179,571.7563740921021,mobile,0.0008799452903935974,0.02468947964425475,28.587819041347274,28.587819041347274,system,0.0,138,0.7762924675457179,0.044122221613559214,meta_train_support,2,MARGO-SPLIT-v1,20,20,80,3,139,0.0,0.2,20,10,0.0005,0.0005,mrlco_first_order_mean_pseudogradient,fixed_literature_derived_defaults,0.0008863572966031263,4.4317864830157455e-05,0.010197384324168498,0.0005098692162084362,0.0012073158241229457,6.036579120614893e-05,3.0,0.0,0.024607740498126418,0.2538444044938116,0.023306441701527753,,,,,,,,,,,,,,,,
0.059853225018174507,0.00075,0.99625,0.003,-0.00020295126887504011,0.048387590795755386,0.0006959558145179716,0.0019166666238258283,0.9277460751434166,0.0,0.0,0.0,0.0,0.0,0.0,0.018688552773422205,1.4301741123199463,publication,0.61153244972229,5.344500780105591,0.9509203551600299,1.071339373370165,200,0.9699609474676293,2.8532058438286185,0.029110508927260526,0.9509203551600299,1.0713393795490265,661.2365128707886,mobile,0.0007195461524874645,0.0067983909793370035,33.061827276620754,33.061827276620754,system,0.0,139,1.0713393795490265,0.04697143680079826,meta_train_support,2,MARGO-SPLIT-v1,20,20,80,3,140,0.0,0.2,20,10,0.0005,0.0005,mrlco_first_order_mean_pseudogradient,fixed_literature_derived_defaults,0.0008800261730559612,4.400130865279961e-05,0.010124545864710151,0.0005062272932355172,0.0011986921396649247,5.9934606983245986e-05,3.0,0.0,0.024651741806779218,0.25435063178704714,0.023366376308511,,,,,,,,,,,,,,,,
0.0719662778997416,0.00025,0.99675,0.003,-0.00015243618690874428,0.13519024848937988,0.001262549583803807,0.0017499999608844518,1.0572725114723047,0.0,0.0,0.0,0.0,0.0,0.0,0.01810283582081217,1.4061769247055054,publication,0.6674160957336426,5.197077512741089,0.9878410217670001,1.1162216633431672,200,1.0591675333621628,3.6630253670737147,0.039360858616419137,0.9878410217669998,1.1162216649763286,467.77736539840697,mobile,0.0010509860404817617,0.01141143029693471,23.38886925460818,23.38886925460818,system,0.0,140,1.1162216649763286,0.05421054914134669,meta_train_support,2,MARGO-SPLIT-v1,20,20,80,3,141,0.0,0.2,20,10,0.0005,0.0005,mrlco_first_order_mean_pseudogradient,fixed_literature_derived_defaults,0.0008737848526796778,4.3689242633985353e-05,0.010052740574889512,0.0005026370287444792,0.0011901907769722656,5.950953884861429e-05,3.0,0.0,0.024695431049413203,0.2548532688157916,0.023425885847359613,,,,,,,,,,,,,,,,
0.05713439480761462,0.00025,0.9965,0.00325,-0.00042346937698312104,0.14003515243530273,0.00121519232363847,0.0022499999807526665,1.0455967381596563,0.0,0.0,0.0,0.0,0.0,0.0,0.029145795974133613,1.402056336402893,publication,0.603111743927002,3.292656183242798,0.9123886411971571,1.0273822709210072,200,1.054419069807052,3.4706774624064565,0.056809854140738025,0.9123886411971569,1.0273822786659002,727.0194897079468,mobile,0.00047933103265795945,0.0253339470916368,36.350972079933314,36.350972079933314,system,0.0,141,1.0273822786659002,0.038074519577701735,meta_train_support,2,MARGO-SPLIT-v1,20,20,80,3,142,0.0,0.2,20,10,0.0005,0.0005,mrlco_first_order_mean_pseudogradient,fixed_literature_derived_defaults,0.0008676314382241871,4.338157191120795e-05,0.00999089160495608,0.0004995445802478127,0.0011858722621698671,5.929361310849299e-05,3.0,0.0,0.02473881262132441,0.25535281339603944,0.023485179460468106,,,,,,,,,,,,,,,,
0.0744660263611944,0.0005,0.9965,0.003,0.00015288166468963027,0.02977541647851467,0.0017691911891770957,0.002166666618237893,0.827724047501882,0.0,0.0,0.0,0.0,0.0,0.0,0.01932985312492669,1.4250504970550537,publication,0.6776731014251709,4.870855093002319,0.8440776614271094,0.9518817359348759,200,0.7019845761542253,2.305442529032007,0.0471908375620842,0.8440776614271094,0.951881744042039,568.5701696014404,mobile,0.00040054845935517914,0.002526884263489807,28.428506584577086,28.428506584577086,system,0.0,142,0.951881744042039,0.0553236205587222,meta_train_support,2,MARGO-SPLIT-v1,20,20,80,3,143,0.0,0.2,20,10,0.0005,0.0005,mrlco_first_order_mean_pseudogradient,fixed_literature_derived_defaults,0.0008615640855093326,4.307820427546655e-05,0.009921025230096248,0.0004960512615048152,0.0011775794491477001,5.887897245738377e-05,3.0,0.0,0.024781890825599878,0.25584886465754425,0.02354405843292549,,,,,,,,,,,,,,,,
0.05517106815426457,0.0005,0.99675,0.00275,-0.00032903847750276327,0.20743489265441895,0.001092809597052913,0.0020833332867672047,0.9275865644216535,0.0,0.0,0.0,0.0,0.0,0.0,0.020992222147218183,1.320852518081665,publication,0.6711359024047852,5.271562576293945,0.528314523728662,0.5936888484282826,200,0.9971361955149708,3.139071512268856,0.04100338602438569,0.5283145237286623,0.5936888487823307,446.66208225250244,mobile,0.0007093515371503439,0.0041834788236988244,22.333104053727297,22.333104053727297,system,0.0,143,0.5936888487823307,0.04237358675345734,meta_train_support,2,MARGO-SPLIT-v1,20,20,80,3,144,0.0,0.2,20,10,0.0005,0.0005,mrlco_first_order_mean_pseudogradient,fixed_literature_derived_defaults,0.0008555810015821845,4.277905007911073e-05,0.009852129221553914,0.0004926064610776826,0.0011694018140841745,5.847009070420947e-05,3.0,0.0,0.024824669875678988,0.25634147111862193,0.0236025285236297,,,,,,,,,,,,,,,,
0.06011922344153172,0.0,0.99775,0.00225,-0.0020511136390268803,0.01801256462931633,0.0007086991327569217,0.006166666761661569,0.6985637607673804,0.0,0.0,0.0,0.0,0.0,0.0,0.0198835263179961,1.3914122581481934,publication,0.5615477561950684,5.346501111984253,0.601728935468173,0.679525005940668,200,0.7646714681683454,2.3068307796493173,0.03373462162562646,0.6017289354681729,0.6795250361412764,529.8814561653137,mobile,0.003109858437333643,0.017727169804510525,26.494073334724217,26.494073334724217,system,0.0,144,0.6795250361412764,0.04542037040596496,meta_train_support,2,MARGO-SPLIT-v1,20,20,80,3,145,0.0,0.2,20,10,0.0005,0.0005,mrlco_first_order_mean_pseudogradient,fixed_literature_derived_defaults,0.0008496804429505832,4.248402214752922e-05,0.009784183502784576,0.0004892091751392269,0.0011613369739870423,5.806684869935283e-05,3.0,0.0,0.024867153897826517,0.25683068029376116,0.023660595372329053,,,,,,,,,,,,,,,,
0.0707501767598522,0.001,0.99625,0.00275,-0.0001438464823877439,0.017184434458613396,0.0009880737696800717,0.002333333374311527,0.6743610861400764,0.0,0.0,0.0,0.0,0.0,0.0,0.01912068119017268,1.3767857551574707,publication,0.6554081439971924,5.457442760467529,0.4131119260864709,0.4653953988973808,200,0.625388376578837,1.7965224548242986,0.014669489581137896,0.41311192608647074,0.46539542358368635,457.61007949829104,mobile,0.0016242283034736047,0.028963135618997517,22.880505017968506,22.880505017968506,system,0.0,145,0.46539542358368635,0.055907199460424835,meta_train_support,2,MARGO-SPLIT-v1,20,20,80,3,146,0.0,0.2,20,10,0.0005,0.0005,mrlco_first_order_mean_pseudogradient,fixed_literature_derived_defaults,0.0008438607138892779,4.219303569446414e-05,0.009717168547286052,0.0004858584273643163,0.0011533826111515145,5.7669130557574944e-05,3.0,0.0,0.02490934693352098,0.2573165387211255,0.023718264502886627,,,,,,,,,,,,,,,,
0.06497113681493212,0.00125,0.99425,0.0045,-0.00019146752310916781,0.21444647014141083,0.0024093754368156085,0.0037499999782691406,1.1835073350618284,0.0,0.0,0.0,0.0,0.0,0.0,0.02396429976656274,1.3376106023788452,publication,0.6183419227600098,5.192689657211304,1.0776619210454317,1.2141667181161757,200,1.0701370406346107,3.183679728768766,0.054381603258661926,1.077661921045432,1.2141666937619449,763.8982332611084,mobile,0.00018154622862100167,0.002029799544107075,38.19491263149089,38.19491263149089,system,0.0,146,1.2141666937619449,0.04898680601853044,meta_train_support,2,MARGO-SPLIT-v1,20,20,80,3,147,0.0,0.2,20,10,0.0005,0.0005,mrlco_first_order_mean_pseudogradient,fixed_literature_derived_defaults,0.0008381201648152011,4.1906008240760045e-05,0.009651065359889547,0.00048255326799445664,0.0011455364709395993,5.727682354697908e-05,3.0,0.0,0.02495125294176174,0.25779909198911993,0.023775541326433607,,,,,,,,,,,,,,,,
0.053708368919286445,0.00075,0.9975,0.00175,-0.000541848421562463,0.008788755163550377,0.0009196219248808054,0.001416666635001699,0.5563331007957457,0.0,0.0,0.0,0.0,0.0,0.0,0.014582797954632005,1.384725570678711,publication,0.6601948738098145,5.173555374145508,0.20156712366866156,0.2258253529851572,200,0.31921767257698647,1.0998540767468512,0.03511707519101037,0.20156712366866159,0.22582535460591316,423.8991487884521,mobile,0.0016740683853691094,0.014000662379090194,21.19495748353801,21.19495748353801,system,0.0,147,0.22582535460591316,0.04326499338184329,meta_train_support,2,MARGO-SPLIT-v1,20,20,80,3,148,0.0,0.2,20,10,0.0005,0.0005,mrlco_first_order_mean_pseudogradient,fixed_literature_derived_defaults,0.0008324571907286119,4.162285953642972e-05,0.009585855458809212,0.0004792927729404539,0.001137796359649467,5.688981798247436e-05,3.0,0.0,0.02499287580129817,0.2582783847620604,0.02383243114441608,,,,,,,,,,,,,,,,
0.054658981139074435,0.0,0.99825,0.00175,-1.5706422345829196e-05,0.013793466612696648,0.0010977737812642478,0.0010833333091189465,0.6984455383072297,0.0,0.0,0.0,0.0,0.0,0.0,0.009650286349704674,1.4335793256759644,publication,0.6591720581054688,4.908503770828247,0.23473868488655697,0.26358317456251823,200,0.3660303615399208,1.1680292068049312,0.030474840372335166,0.23473868488655697,0.26358317464590075,269.9347007751465,mobile,0.0003254129511900822,0.011427594248542249,13.496735053113145,13.496735053113145,system,0.0,148,0.26358317464590075,0.04497105106480577,meta_train_support,2,MARGO-SPLIT-v1,20,20,80,3,149,0.0,0.2,20,10,0.0005,0.0005,mrlco_first_order_mean_pseudogradient,fixed_literature_derived_defaults,0.0008268702297170104,4.1343511485849443e-05,0.00952152085841452,0.0004760760429207145,0.0011301601424706115,5.6508007123531184e-05,3.0,0.0,0.02503421931278402,0.2587544608049811,0.023888939151539612,,,,,,,,,,,,,,,,
0.043157100246093025,0.00025,0.99825,0.0015,-0.0005439493688754737,0.03519821912050247,0.00044041029091864325,0.0010833333091189465,0.6971616983413698,0.0,0.0,0.0,0.0,0.0,0.0,0.014829710063743742,1.3484690189361572,publication,0.6460504531860352,5.471210479736328,0.5227988469862719,0.5872099529449951,200,0.7102385782741164,2.1572055965662003,0.0590585793252103,0.5227988469862719,0.5872099461778998,524.5157466888428,mobile,0.0009391286841355828,0.014581019981457322,26.22578751925706,26.22578751925706,system,0.0,149,0.5872099461778998,0.03559941601816715,meta_train_support,2,MARGO-SPLIT-v1,20,20,80,3,150,0.0,0.2,20,10,0.0005,0.0005,mrlco_first_order_mean_pseudogradient,fixed_literature_derived_defaults,0.0008213577615188971,4.1067888075944914e-05,0.009458044052691756,0.00047290220263457305,0.0011226257415208074,5.613128707604095e-05,3.0,0.0,0.025075287200859966,0.2592273630076157,0.023945070438615653,,,,,,,,,,,,,,,,
0.07254980109322466,0.0,0.9995,0.0005,-5.9291582147125155e-05,0.25430911779403687,0.0002584748259155519,0.00016666666294137638,1.2407909711201985,0.0,0.0,0.0,0.0,0.0,0.0,0.007886140579959263,1.4600019454956055,publication,0.5996348857879639,5.303033113479614,1.1996757981997894,1.3533567829753883,200,1.155648193995912,4.097473509609699,0.03522632835665718,1.1996757981997896,1.353356828223914,352.8541268920898,mobile,0.00034759395525866806,0.0011364395266500195,17.642706343863946,17.642706343863946,system,0.0,150,1.353356828223914,0.051376681483929654,meta_train_support,2,MARGO-SPLIT-v1,20,20,80,3,151,0.0,0.2,20,10,0.0005,0.0005,mrlco_first_order_mean_pseudogradient,fixed_literature_derived_defaults,0.0008159183061445998,4.0795915307229036e-05,0.009395407999362672,0.0004697703999681502,0.001115191133961067,5.5759556698054685e-05,3.0,0.0,0.025116083116167195,0.2596971334075838,0.024000829995313708,-0.09169026850850728,-0.08868414153375716,0.08868414153375716,0.025,0.125,0.075,0.03,0.975,0.975,0.0,validation/automotive_lexicographic_v1,automotive_lexicographic_v1,a3bd00d5108237acdb706f561212b5d840bac151f48b5250a61c573d9c9ffb6c,466518123.0,0.08868414153375716,0.0
0.053872189794594294,0.00025,0.998,0.00175,-5.1917235396103933e-05,0.018639501184225082,0.00010411549196259009,0.0009999999776482583,0.7519714494546255,0.0,0.0,0.0,0.0,0.0,0.0,0.010828024300196668,1.423533320426941,publication,0.5697600841522217,5.378040790557861,0.5045704898232457,0.5686838566328697,200,0.7211403081159262,2.3855938212946057,0.0666333517874591,0.5045704898232458,0.5686838398873806,414.86701637268067,mobile,9.211964389693926e-05,0.010881265982141395,20.74335048650138,20.74335048650138,system,0.0,151,0.5686838398873806,0.04154408389729054,meta_train_support,2,MARGO-SPLIT-v1,20,20,80,3,152,0.0,0.2,20,10,0.0005,0.0005,mrlco_first_order_mean_pseudogradient,fixed_literature_derived_defaults,0.0008105504225515432,4.0527521127577126e-05,0.009333596104630023,0.000466679805231518,0.0011078543501850074,5.539271750925126e-05,3.0,0.0,0.025156610637294772,0.26016381321281534,0.02405622271282296,,,,,,,,,,,,,,,,
0.05912529531375062,0.00025,0.99825,0.0015,-6.750252941856161e-05,0.036313485354185104,0.0004249885922709584,0.0009166666461775701,1.0936762380103269,0.0,0.0,0.0,0.0,0.0,0.0,0.01260845540224604,1.546614646911621,publication,0.6492714881896973,4.647089004516602,0.9248325935596381,1.0392689066960883,200,0.8972617325498861,2.881655616685748,0.028553178250149358,0.924832593559638,1.0392689168825746,647.4145973205566,mobile,0.0004960434396589712,0.010903729333642474,32.37073113347506,32.37073113347506,system,0.0,152,1.0392689168825746,0.04007019244958743,meta_train_support,2,MARGO-SPLIT-v1,20,20,80,3,153,0.0,0.2,20,10,0.0005,0.0005,mrlco_first_order_mean_pseudogradient,fixed_literature_derived_defaults,0.0008052527073714677,4.026263536857297e-05,0.00927259220852133,0.000463629610426064,0.001100613472079223,5.5030673603961855e-05,3.0,0.0,0.025196873272663345,0.2606274428232414,0.02411125338642692,,,,,,,,,,,,,,,,
0.06711634712144228,0.0,0.99925,0.00075,-0.0002831393212545663,0.031135331839323044,0.00016650658574897116,0.00033333332588275275,1.0309793520718813,0.0,0.0,0.0,0.0,0.0,0.0,0.007992236075646988,1.5803513526916504,publication,0.6746134757995605,5.334979772567749,0.6985426250728076,0.7863799278199258,200,0.644639574208123,1.7627470064908266,0.03413170650310349,0.6985426250728075,0.7863799327798188,329.31423206329345,mobile,0.0010777062004839067,0.002544479218422041,16.465711769224583,16.465711769224583,system,0.0,153,0.7863799327798188,0.04800094773193361,meta_train_support,2,MARGO-SPLIT-v1,20,20,80,3,154,0.0,0.2,20,10,0.0005,0.0005,mrlco_first_order_mean_pseudogradient,fixed_literature_derived_defaults,0.0008000237936872374,4.000118968436328e-05,0.009227564478505748,0.0004613782239252795,0.0010988351119321606,5.494175559660891e-05,3.0,0.0,0.025236874462347708,0.2610888210471667,0.02416619514202353,,,,,,,,,,,,,,,,
0.06931023769996876,0.0,0.9995,0.0005,-2.0018174836877733e-05,0.02193487621843815,4.340895360589088e-05,0.00033333332588275275,0.9243771178026993,0.0,0.0,0.0,0.0,0.0,0.0,0.0071484410576213835,1.5176823139190674,publication,0.5930778980255127,4.590216398239136,0.5423563239381564,0.6122390487401935,200,0.717122710728234,2.091574623249471,0.05174654378788546,0.5423563239381564,0.6122390672005713,359.8563143539429,mobile,5.0606208305695036e-05,0.0018901422021394597,17.992817658556472,17.992817658556472,system,0.0,154,0.6122390672005713,0.05160553583606614,meta_train_support,2,MARGO-SPLIT-v1,20,20,80,3,155,0.0,0.2,20,10,0.0005,0.0005,mrlco_first_order_mean_pseudogradient,fixed_literature_derived_defaults,0.0007948623498569971,3.974311749285059e-05,0.009168031804450872,0.0004584015902225347,0.0010917458531455014,5.458729265727519e-05,3.0,0.0,0.02527661757984056,0.2615472226373892,0.024220782434680805,,,,,,,,,,,,,,,,
0.07789735359224138,0.0,0.9985,0.0015,-0.00012836714449804276,0.13160847127437592,0.0007150137432244627,0.0009999999776482583,1.2778540021429459,0.0,0.0,0.0,0.0,0.0,0.0,0.005558357619765361,1.490942120552063,publication,0.6450262069702148,4.9502410888671875,1.023446958177206,1.1558062843404695,200,1.304696452014685,4.509946099482477,0.022299707103229593,1.023446958177206,1.1558063164167107,265.99911842346194,mobile,7.336389629841988e-05,0.00039771159141007643,13.299956531815628,13.299956531815628,system,0.0,155,1.1558063164167107,0.054881072288011305,meta_train_support,2,MARGO-SPLIT-v1,20,20,80,3,156,0.0,0.2,20,10,0.0005,0.0005,mrlco_first_order_mean_pseudogradient,fixed_literature_derived_defaults,0.0007897670783835549,3.94883539191794e-05,0.009109262369806956,0.00045546311849037346,0.0010847474822920046,5.423737411459906e-05,3.0,0.0,0.025316105933759738,0.2620026857558796,0.024275019808795404,,,,,,,,,,,,,,,,
0.06178870969846638,0.0,0.99975,0.00025,-0.0012062997557222843,0.03894001245498657,0.0001831681276179165,0.00016666666294137638,0.7869746066629887,0.0,0.0,0.0,0.0,0.0,0.0,0.009605771232234954,1.424243688583374,publication,0.5642910003662109,4.8409388065338135,0.5818237193936051,0.655327203067136,200,0.9201967786005023,2.886395168956369,0.05090380908222869,0.5818237193936051,0.6553272043541074,570.8350095748901,mobile,0.001907362746374311,0.04118091879946188,28.541751660462737,28.541751660462737,system,0.0,156,0.6553272043541074,0.04597261092706781,meta_train_support,2,MARGO-SPLIT-v1,20,20,80,3,157,0.0,0.2,20,10,0.0005,0.0005,mrlco_first_order_mean_pseudogradient,fixed_literature_derived_defaults,0.0007847367148269718,3.9236835741349174e-05,0.009051241590381435,0.0004525620795190477,0.0010778382626595714,5.389191313297931e-05,3.0,0.0,0.025355342769501087,0.26245524783539864,0.024328911721928383,,,,,,,,,,,,,,,,
0.06725408353192922,0.0,0.999,0.001,-0.0001505632244516164,0.109756700694561,0.0004267502327220655,0.0005833333202948173,0.9856044652871787,0.0,0.0,0.0,0.0,0.0,0.0,0.00646908576026161,1.4335277080535889,publication,0.6297647953033447,5.420884847640991,0.7230732249005679,0.8145200351906533,200,0.9467775403887572,2.5799817852675915,0.06523313830257393,0.7230732249005681,0.81452003672719,273.7870993614197,mobile,3.208874610195172e-05,0.00018184096503260987,13.689355926354029,13.689355926354029,system,0.0,157,0.81452003672719,0.05402787175047321,meta_train_support,2,MARGO-SPLIT-v1,20,20,80,3,158,0.0,0.2,20,10,0.0005,0.0005,mrlco_first_order_mean_pseudogradient,fixed_literature_derived_defaults,0.0007797700267584466,3.898850133792278e-05,0.008993955251201806,0.0004496977625600973,0.0010710165015034982,5.355082507517428e-05,3.0,0.0,0.02539433127083901,0.26290494559795874,0.024382462547003558,,,,,,,,,,,,,,,,
0.06274632643459298,0.0,0.99825,0.00175,-9.604491424397565e-06,0.02465023845434189,0.0005018417569896572,0.0010833333091189465,0.8016445284088454,0.0,0.0,0.0,0.0,0.0,0.0,0.013915324148281427,1.5177277326583862,publication,0.5975093841552734,5.098575592041016,0.650904152781603,0.7324650888197357,200,0.6264883297881088,1.720461267977953,0.043207709095440805,0.650904152781603,0.732465081512928,796.6386026000977,mobile,0.00011394046371192174,0.00839235248060264,39.83193152229986,39.83193152229986,system,0.0,158,0.732465081512928,0.045553535585529444,meta_train_support,2,MARGO-SPLIT-v1,20,20,80,3,159,0.0,0.2,20,10,0.0005,0.0005,mrlco_first_order_mean_pseudogradient,fixed_literature_derived_defaults,0.0007748658127536764,3.874329063768486e-05,0.008937389494904939,0.0004468694747452595,0.0010642805486638536,5.321402743319395e-05,3.0,0.0,0.025433074561476695,0.263351815072704,0.02443567657443675,,,,,,,,,,,,,,,,
0.07947820674769057,0.0,0.9995,0.0005,-4.422432175488211e-05,0.1766156703233719,1.5184885357211187e-05,0.00016666666294137638,1.3687752801924946,0.0,0.0,0.0,0.0,0.0,0.0,0.004862215253072795,1.5001741647720337,publication,0.6439900398254395,5.2642552852630615,1.0984238774758739,1.2365559442005178,200,1.1019689214623996,3.34756047045812,0.03345630866533611,1.0984238774758737,1.2365559823811054,159.55497512817382,mobile,0.0,0.0,7.977748678637356,7.977748678637356,system,0.0,159,1.2365559823811054,0.05213015425158414,meta_train_support,2,MARGO-SPLIT-v1,20,20,80,3,160,0.0,0.2,20,10,0.0005,0.0005,mrlco_first_order_mean_pseudogradient,fixed_literature_derived_defaults,0.000770022901423966,3.850114507119792e-05,0.008881530810561783,0.0004440765405280822,0.0010576287952347046,5.288143976173512e-05,3.0,0.0,0.025471575706547893,0.2637958916132321,0.024488558014198487,,,,,,,,,,,,,,,,
0.06228469345209904,0.00025,0.9985,0.00125,-0.00010968263086397201,0.022817883640527725,0.00040695373656117386,0.0009999999776482583,0.8230664054552715,0.0,0.0,0.0,0.0,0.0,0.0,0.009934684424082643,1.561668038368225,publication,0.6275744438171387,5.195029973983765,0.6731606538255803,0.7577338105998525,200,0.8375056087056539,2.367045968421735,0.06049330980749801,0.6731606538255803,0.7577338472008706,577.0000546264648,mobile,0.00026169487049919533,0.00719060504827707,28.850005484403688,28.850005484403688,system,0.0,160,0.7577338472008706,0.04521374004224677,meta_train_support,2,MARGO-SPLIT-v1,20,20,80,3,161,0.0,0.2,20,10,0.0005,0.0005,mrlco_first_order_mean_pseudogradient,fixed_literature_derived_defaults,0.0007652401504834444,3.826200752417297e-05,0.008826366022918542,0.00044131830114590986,0.0010510596722829362,5.255298361414584e-05,3.0,0.0,0.025509837714072066,0.264237209914378,0.024541110997812633,,,,,,,,,,,,,,,,
0.0804911914938152,0.0,0.99875,0.00125,-0.0003493085387162864,0.02093973197042942,8.66700791506858e-05,0.0004999999888241291,0.8434806088606516,0.0,0.0,0.0,0.0,0.0,0.0,0.006671481550016343,1.6499663591384888,publication,0.6204996109008789,5.15425968170166,0.4902388846273935,0.5529722828906961,200,0.629366046294334,1.5498761991038918,0.04633400257444009,0.49023888462739346,0.5529722765833139,186.28080179214479,mobile,0.0008473507186577492,0.0041509124999163675,9.31403981272897,9.31403981272897,system,0.0,161,0.5529722765833139,0.06118346271225441,meta_train_support,2,MARGO-SPLIT-v1,20,20,80,3,162,0.0,0.2,20,10,0.0005,0.0005,mrlco_first_order_mean_pseudogradient,fixed_literature_derived_defaults,0.0007605164458508307,3.8025822292540173e-05,0.008771882282036328,0.00043859411410179794,0.001044571649614523,5.222858248072476e-05,3.0,0.0,0.025547863536364606,0.2646758040284798,0.024593339580293357,,,,,,,,,,,,,,,,
0.04130478211391204,0.0005,0.99675,0.00275,-2.3161472199717537e-05,0.016632387414574623,0.00039598125172325043,0.001916666654869914,0.7200896677871546,0.0,0.0,0.0,0.0,0.0,0.0,0.016119378584288527,1.5788047313690186,publication,0.6412320137023926,4.5754148960113525,0.49540583755978546,0.5564377828293801,200,0.5676347237998264,1.533252967055887,0.022383112140232697,0.4954058375597854,0.55643780130893,849.130750579834,mobile,0.00036982122098009045,0.0071465297693806724,42.45653511055024,42.45653511055024,system,0.0,162,0.55643780130893,0.031745627087481285,meta_train_support,2,MARGO-SPLIT-v1,20,20,80,3,163,0.0,0.2,20,10,0.0005,0.0005,mrlco_first_order_mean_pseudogradient,fixed_literature_derived_defaults,0.0007558507007842611,3.779253503921262e-05,0.008718067053312179,0.0004359033526656342,0.001038163234586213,5.1908161729310315e-05,3.0,0.0,0.02558565607140382,0.2651117073811454,0.024645247742022668,,,,,,,,,,,,,,,,
0.057823257014030814,0.00025,0.999,0.00075,-0.00017464530537836254,0.052978649735450745,0.0004043770584806723,0.0004999999888241291,1.0106779906898737,0.0,0.0,0.0,0.0,0.0,0.0,0.007718840456055757,1.6509066820144653,publication,0.6550545692443848,5.312067747116089,0.866838094009966,0.9740136217181862,200,0.9071705588939822,2.2277400714810938,0.04874231413123198,0.8668380940099661,0.9740136288478971,253.38356018066406,mobile,0.00011207496866692887,0.0013680196199640652,12.669178110381578,12.669178110381578,system,0.0,163,0.9740136288478971,0.04160204017227061,meta_train_support,2,MARGO-SPLIT-v1,20,20,80,3,164,0.0,0.2,20,10,0.0005,0.0005,mrlco_first_order_mean_pseudogradient,fixed_literature_derived_defaults,0.0007512418550477717,3.756209275238703e-05,0.008664908107865153,0.0004332454053932455,0.0010318329709606874,5.159164854803486e-05,3.0,0.0,0.025623218164156206,0.26554495278653867,0.024696839390570702,,,,,,,,,,,,,,,,
0.05204895016124422,0.001,0.99425,0.00475,-8.061188418651e-05,0.01898789033293724,0.0019004695936105875,0.0030833333730697636,0.6260973912974198,0.0,0.0,0.0,0.0,0.0,0.0,0.02118294814915469,1.6621404886245728,publication,0.6509017944335938,5.010684013366699,0.3937838389271804,0.4420519973130286,200,0.40118160789796353,1.1493450574344024,0.05808889743275358,0.3937838389271804,0.4420519928634167,792.3582529067993,mobile,0.00016601693090349055,0.006556400703758962,39.6179112829114,39.6179112829114,system,0.0,164,0.4420519928634167,0.041954403677258945,meta_train_support,2,MARGO-SPLIT-v1,20,20,80,3,165,0.0,0.2,20,10,0.0005,0.0005,mrlco_first_order_mean_pseudogradient,fixed_literature_derived_defaults,0.0007466888741080882,3.733444370540573e-05,0.008612393513272032,0.0004306196756636016,0.0010255794378033498,5.127897189016739e-05,3.0,0.0,0.02566055260786161,0.26597557246220227,0.02474811836246087,,,,,,,,,,,,,,,,
0.07630294953641606,0.00075,0.99775,0.0015,-0.0007178687956184149,0.11842353641986847,0.0005103899674341032,0.0011666666561116774,1.1943458321193854,0.0,0.0,0.0,0.0,0.0,0.0,0.011792366268437653,1.6522002220153809,publication,0.6175477504730225,4.4918084144592285,1.1917021443317473,1.3436490605166909,200,1.1318084841704779,3.36478572525084,0.04135190782835707,1.1917021443317475,1.3436490564234556,339.1957977294922,mobile,0.0008870357987176762,0.011712128940596285,16.959790469980085,16.959790469980085,system,0.0,165,1.3436490564234556,0.057435109673601076,meta_train_support,2,MARGO-SPLIT-v1,20,20,80,3,166,0.0,0.2,20,10,0.0005,0.0005,mrlco_first_order_mean_pseudogradient,fixed_literature_derived_defaults,0.0007421907483604491,3.7109537418023725e-05,0.008560732120942717,0.0004280366060471219,0.001020389944342647,5.101949721713142e-05,3.0,0.0,0.025697662145279635,0.2664036090682494,0.024799137859678,,,,,,,,,,,,,,,,
0.061279565279692264,0.0,0.999,0.001,-9.079398296307772e-05,0.08223909884691238,0.0002350774376372359,0.00041666665735344094,0.8915117586652437,0.0,0.0,0.0,0.0,0.0,0.0,0.00846326942048454,1.6877036094665527,publication,0.6295323371887207,5.388403654098511,0.6291873769847031,0.7059658634826156,200,1.0157582259574787,2.8295648365747184,0.031220186676364392,0.6291873769847031,0.705965881831944,228.14084964752197,mobile,0.0002593763141080927,0.0016705143984732179,11.407042248860101,11.407042248860101,system,0.0,166,0.705965881831944,0.04400448070054209,meta_train_support,2,MARGO-SPLIT-v1,20,20,80,3,167,0.0,0.2,20,10,0.0005,0.0005,mrlco_first_order_mean_pseudogradient,fixed_literature_derived_defaults,0.0007377464923822429,3.688732461911218e-05,0.008511584066992851,0.0004255792033496242,0.0010142798249154455,5.0713991245773804e-05,3.0,0.0,0.025734549469898747,0.266829188271599,0.024849851850923775,,,,,,,,,,,,,,,,
0.06246732525498695,0.0,0.999,0.001,-0.00022567389532923698,0.02399112470448017,9.463687837902118e-05,0.00024999999441206456,0.7093651740501326,0.0,0.0,0.0,0.0,0.0,0.0,0.010464505359024445,1.6782623529434204,publication,0.5683939456939697,4.9611005783081055,0.5734603429778768,0.6480063851474551,200,0.8432951834021198,2.248512925580144,0.02300442976411432,0.573460342977877,0.6480063778720796,205.91876935958862,mobile,0.0008566980991941929,0.002731457541821117,10.295938701441548,10.295938701441548,system,0.0,167,0.6480063778720796,0.04354534033066877,meta_train_support,2,MARGO-SPLIT-v1,20,20,80,3,168,0.0,0.2,20,10,0.0005,0.0005,mrlco_first_order_mean_pseudogradient,fixed_literature_derived_defaults,0.000733355144213301,3.666775721066634e-05,0.008460919876117893,0.0004230459938058817,0.0010082424450052346,5.0412122250261676e-05,3.0,0.0,0.025771217227109414,0.2672522342654049,0.024900263973174037,,,,,,,,,,,,,,,,
0.06468686176612778,0.0005,0.9975,0.002,-0.001138016115874052,0.025163371115922928,0.0015464466066935855,0.0032499999273568393,0.6192021743083994,0.0,0.0,0.0,0.0,0.0,0.0,0.016749251684264135,1.7359896898269653,publication,0.6187775135040283,5.187499761581421,0.589759519837981,0.6640827858038756,200,0.6277881419824946,1.789613876491785,0.051895312855776865,0.5897595198379808,0.664082755036652,459.05143852233886,mobile,0.0008704285987188174,0.1420592491216338,22.952572731643272,22.952572731643272,system,0.0,168,0.664082755036652,0.0503933638387503,meta_train_support,2,MARGO-SPLIT-v1,20,20,80,3,169,0.0,0.2,20,10,0.0005,0.0005,mrlco_first_order_mean_pseudogradient,fixed_literature_derived_defaults,0.000729015764661743,3.645078823308681e-05,0.008410855261466309,0.00042054276307329497,0.0010022765133779847,5.011382566889877e-05,3.0,0.0,0.0258076680153425,0.2676727770284782,0.024950377798842936,,,,,,,,,,,,,,,,
0.0542463530809836,0.0005,0.99725,0.00225,0.00013062420475762337,0.008484568446874619,0.0018065746014607718,0.0018333332923551402,0.44276095287253464,0.0,0.0,0.0,0.0,0.0,0.0,0.018590782931998392,1.2311155796051025,publication,0.6320009231567383,5.610767841339111,0.21998262793588488,0.2459562682234082,200,0.3607912183488683,1.2373178619891405,-0.033416170364944264,0.21998262793588488,0.24595626587048172,409.75636484146116,mobile,0.002071513368531749,0.05342829147962583,20.487819501582216,20.487819501582216,system,0.0,169,0.24595626587048172,0.047557017995675445,meta_train_support,2,MARGO-SPLIT-v1,20,20,80,3,170,0.0,0.2,20,10,0.0005,0.0005,mrlco_first_order_mean_pseudogradient,fixed_literature_derived_defaults,0.0007247274366343209,3.623637183171671e-05,0.008361379642281213,0.0004180689821140504,0.0009963807691816436,4.98190384590827e-05,3.0,0.0,0.025843904387174217,0.26809084601059224,0.025000196837302018,,,,,,,,,,,,,,,,
0.06643167661479608,0.00075,0.99625,0.003,-0.00020668344222940505,0.01800263486802578,0.000503840426089049,0.0021666666337599354,0.5956209817280371,0.0,0.0,0.0,0.0,0.0,0.0,0.021278839439211092,1.5686438083648682,publication,0.6041116714477539,5.011838912963867,0.47157562004611703,0.5306094493432829,200,0.6289371930241185,1.7219704519957304,0.02192434569587931,0.4715756200461171,0.5306094489619135,524.625043888092,mobile,0.0011760592943596973,0.006537875093879862,26.23125195703701,26.23125195703701,system,0.0,170,0.5306094489619135,0.053316632644262986,meta_train_support,2,MARGO-SPLIT-v1,20,20,80,3,171,0.0,0.2,20,10,0.0005,0.0005,mrlco_first_order_mean_pseudogradient,fixed_literature_derived_defaults,0.0007204892644902606,3.602446322451339e-05,0.008312482685308807,0.00041562413426543543,0.0009905539810577744,4.952769905288909e-05,3.0,0.0,0.02587992885039873,0.2685064701448577,0.025049724536354907,,,,,,,,,,,,,,,,
0.0698598550510946,0.00075,0.99575,0.0035,-0.00028852635296061635,0.10468032211065292,0.0005511537078579209,0.004750000018005569,0.9231822367757558,0.0,0.0,0.0,0.0,0.0,0.0,0.03772393198140212,1.5029550790786743,publication,0.6471750736236572,4.703533887863159,1.160592274042717,1.306650917293773,200,0.690933717757081,2.520484767155722,0.07429276051698253,1.160592274042717,1.306650891304016,945.1360901260376,mobile,0.001520336585085937,0.023232846367004577,47.25680279802501,47.25680279802501,system,0.0,171,1.306650891304016,0.05159006827979619,meta_train_support,2,MARGO-SPLIT-v1,20,20,80,3,172,0.0,0.2,20,10,0.0005,0.0005,mrlco_first_order_mean_pseudogradient,fixed_literature_derived_defaults,0.0007163003734176428,3.5815018670882354e-05,0.008267599148248612,0.0004133799574124186,0.0009862138310642202,4.9310691553210856e-05,3.0,0.0,0.025915743869069613,0.2689198501022701,0.025099035227908118,,,,,,,,,,,,,,,,
0.09893874615191775,0.00025,0.99875,0.001,-0.0003804207080975175,0.07294003665447235,0.0003083315272024952,0.0007499999832361936,0.9063655103246374,0.0,0.0,0.0,0.0,0.0,0.0,0.016838602246367414,1.4638646841049194,publication,0.5812616348266602,5.035858869552612,0.9325683846880001,1.0501506201389565,200,0.9296573762648579,2.9227921487763524,0.03318343992577866,0.9325683846880002,1.050150646287948,179.69128383636473,mobile,0.0028784298835691506,0.007377933603354725,8.984563909313025,8.984563909313025,system,0.0,172,1.050150646287948,0.07068685875409163,meta_train_support,2,MARGO-SPLIT-v1,20,20,80,3,173,0.0,0.2,20,10,0.0005,0.0005,mrlco_first_order_mean_pseudogradient,fixed_literature_derived_defaults,0.0007121599088314136,3.560799544156945e-05,0.008228184329276134,0.00041140921646382056,0.0009844631808322863,4.922315904161423e-05,3.0,0.0,0.025951351864511182,0.2693312593187339,0.025148258386949732,,,,,,,,,,,,,,,,
0.07314928600012537,0.00075,0.99675,0.0025,-0.0006999884499236941,0.06463142484426498,0.0016854191240042837,0.00541666659216086,0.8106466672072807,0.0,0.0,0.0,0.0,0.0,0.0,0.025070186333997917,1.5283504724502563,publication,0.6336627006530762,5.284254550933838,0.8751222416642169,0.9852396689487068,200,0.9620174197188575,3.20435593649745,0.0640014886193967,0.8751222416642171,0.985239675194025,295.439481010437,mobile,0.002025571599400297,0.012938036978379726,14.771973706128952,14.771973706128952,system,0.0,173,0.985239675194025,0.055098262231585364,meta_train_support,2,MARGO-SPLIT-v1,20,20,80,3,174,0.0,0.2,20,10,0.0005,0.0005,mrlco_first_order_mean_pseudogradient,fixed_literature_derived_defaults,0.0007080670357921526,3.5403351789607684e-05,0.008180895913590638,0.0004090447956795473,0.000978805346459687,4.894026732298398e-05,3.0,0.0,0.02598675521630079,0.26974030411441346,0.025197198654272716,,,,,,,,,,,,,,,,
0.06895885291431422,0.00025,0.9975,0.00225,-0.00041889824206009507,0.22666889429092407,0.0004610353325319967,0.001416666635001699,1.113330979955693,0.0,0.0,0.0,0.0,0.0,0.0,0.02113238092724854,1.5565683841705322,publication,0.6102383136749268,5.256346225738525,0.9340489177540747,1.0525220346503283,200,0.9488269306692685,3.2597845466807485,-0.020526215201243758,0.9340489177540746,1.0525220309384167,270.6779692077637,mobile,0.0013092635011587809,0.007256430407392209,13.533899301343725,13.533899301343725,system,0.0,174,1.0525220309384167,0.049970399843113314,meta_train_support,2,MARGO-SPLIT-v1,20,20,80,3,175,0.0,0.2,20,10,0.0005,0.0005,mrlco_first_order_mean_pseudogradient,fixed_literature_derived_defaults,0.0007040345254078204,3.5201726270389644e-05,0.008137035722527768,0.00040685178612637207,0.0009741579300860709,4.870789650430335e-05,3.0,0.0,0.02602195694257118,0.27014715590053984,0.02524590655077702,,,,,,,,,,,,,,,,
0.05422580008914564,0.00125,0.993,0.00575,-0.0013895116280764341,0.01096182782202959,0.0034159471391376427,0.004666666593402624,0.5217947299281755,0.0,0.0,0.0,0.0,0.0,0.0,0.038340772447976394,1.476153016090393,publication,0.656930685043335,5.353443145751953,0.48898734829947926,0.5496788251596445,200,0.6748719300850441,1.91033118031919,0.033884246528032236,0.48898734829947943,0.5496788217127323,558.091570186615,mobile,0.0023277271382358663,0.010809501188832721,27.90457810369948,27.90457810369948,system,0.0,175,0.5496788217127323,0.04633877745996944,meta_train_support,2,MARGO-SPLIT-v1,20,20,80,3,176,0.0,0.2,20,10,0.0005,0.0005,mrlco_first_order_mean_pseudogradient,fixed_literature_derived_defaults,0.0007000343292407305,3.5001716462035315e-05,0.008090802565013405,0.00040454012825069663,0.0009686229418469455,4.8431147092346805e-05,3.0,0.0,0.026056958659033215,0.27055169602879053,0.025294337697869367,,,,,,,,,,,,,,,,
0.060156512251456996,0.0005,0.99375,0.00575,-0.0013615358620882034,0.05709165707230568,0.0022833225559850236,0.003749999962747097,0.8106741731365521,0.0,0.0,0.0,0.0,0.0,0.0,0.030644278832522024,1.5294694900512695,publication,0.6763200759887695,4.568391799926758,0.8756378175426025,0.9885959034445113,200,1.2652655949276228,4.2146574798971415,0.04430368903558701,0.8756378175426024,0.9885959403216839,460.08276557922363,mobile,0.000776891214274146,0.032735277974171646,23.004137486288883,23.004137486288883,system,0.0,176,0.9885959403216839,0.04843932571672012,meta_train_support,2,MARGO-SPLIT-v1,20,20,80,3,177,0.0,0.2,20,10,0.0005,0.0005,mrlco_first_order_mean_pseudogradient,fixed_literature_derived_defaults,0.0006960793330303309,3.4803966651515694e-05,0.008045091816058527,0.0004022545908029529,0.0009631504958478102,4.815752479239016e-05,3.0,0.0,0.02609176262568473,0.2709539506195935,0.025342495222661757,,,,,,,,,,,,,,,,
0.06579994033811584,0.00175,0.99175,0.0065,-0.00044183459249325097,0.025427481159567833,0.001267358172017907,0.004166666589056452,0.6111383520066739,0.0,0.0,0.0,0.0,0.0,0.0,0.04040512205341336,1.4934511184692383,publication,0.6384994983673096,4.826376914978027,0.6182291125211594,0.696832589941696,200,0.6724562375665076,1.9517786765936762,0.0477255352307111,0.6182291125211593,0.6968325921520591,1110.004541091919,mobile,0.0022134355234597856,0.030174733730960322,55.50022723851228,55.50022723851228,system,0.0,177,0.6968325921520591,0.04952744830669735,meta_train_support,2,MARGO-SPLIT-v1,20,20,80,3,178,0.0,0.2,20,10,0.0005,0.0005,mrlco_first_order_mean_pseudogradient,fixed_literature_derived_defaults,0.0006921687749795987,3.4608438748980064e-05,0.00799989467102449,0.0003999947335512344,0.0009577395380059685,4.7886976900297223e-05,3.0,0.0,0.02612637106443371,0.2713539453531447,0.025390382199562054,,,,,,,,,,,,,,,,
0.06381106318186842,0.00075,0.99575,0.0035,-0.00025811552768573165,0.11430015414953232,0.0014986713527199934,0.002249999949708581,0.8772172405074041,0.0,0.0,0.0,0.0,0.0,0.0,0.023850496685684553,1.436640739440918,publication,0.6355483531951904,4.831974267959595,0.8342549568419324,0.9412180958436557,200,0.9663606737690553,3.1542136147618294,0.07888808811549097,0.8342549568419322,0.9412180580198765,299.1245736503601,mobile,0.000856609732539548,0.016474326167296174,14.956228976372458,14.956228976372458,system,0.0,178,0.9412180580198765,0.04856474673947948,meta_train_support,2,MARGO-SPLIT-v1,20,20,80,3,179,0.0,0.2,20,10,0.0005,0.0005,mrlco_first_order_mean_pseudogradient,fixed_literature_derived_defaults,0.0006883019103149082,3.4415095515744065e-05,0.007955202522024354,0.0003977601261012098,0.0009523890377936447,4.761945188968067e-05,3.0,0.0,0.026160786159949455,0.27175170547924593,0.025438001651451735,,,,,,,,,,,,,,,,
0.07980677796364552,0.00025,0.9975,0.00225,-0.00031496924930252135,0.05641807243227959,0.0007204676012038706,0.0012499999875823658,0.838222059669594,0.0,0.0,0.0,0.0,0.0,0.0,0.018887060169409102,1.4069446325302124,publication,0.6138665676116943,5.351010084152222,0.7442958153969463,0.8390389930384663,200,0.7847526794949603,1.830683816689998,0.0260302709757525,0.7442958153969463,0.8390389883611351,313.9997248649597,mobile,0.0006179509978380123,0.0029621903060195165,15.699987104306832,15.699987104306832,system,0.0,179,0.8390389883611351,0.058903127634275985,meta_train_support,2,MARGO-SPLIT-v1,20,20,80,3,180,0.0,0.2,20,10,0.0005,0.0005,mrlco_first_order_mean_pseudogradient,fixed_literature_derived_defaults,0.0006844780108131587,3.42239005406593e-05,0.007911006952457552,0.0003955503476228972,0.00094709798758368,4.735489937918516e-05,3.0,0.0,0.026195010060490114,0.27214725582686883,0.02548535655083092,,,,,,,,,,,,,,,,
0.05980338870623593,0.0005,0.99625,0.00325,-0.000267455616267398,0.015193966217339039,0.001631375142181923,0.0039166666101664305,0.5234789087126652,0.0,0.0,0.0,0.0,0.0,0.0,0.02085679254671856,1.3557500839233398,publication,0.6486783027648926,5.142477035522461,0.4884576840704383,0.5478945919310536,200,0.6305311145576646,1.6595114874653518,0.0501216059201397,0.48845768407043844,0.5478946031816304,532.2215541076661,mobile,0.00017050902683194701,0.006873718462366839,26.611078132929133,26.611078132929133,system,0.0,180,0.5478946031816304,0.043444173719443924,meta_train_support,2,MARGO-SPLIT-v1,20,20,80,3,181,0.0,0.2,20,10,0.0005,0.0005,mrlco_first_order_mean_pseudogradient,fixed_literature_derived_defaults,0.0006806963643445778,3.403481821722884e-05,0.007867299731725742,0.0003933649865862643,0.0009418654020169194,4.709327010084599e-05,3.0,0.0,0.026229044878707343,0.2725406208134551,0.025532449820931766,,,,,,,,,,,,,,,,
0.06701164892324718,0.0015,0.9945,0.004,-7.390034443233162e-05,0.05091821029782295,0.003656507259399158,0.011583333462476732,0.85061076109608,0.0,0.0,0.0,0.0,0.0,0.0,0.02947043992707259,1.4498406648635864,publication,0.6584253311157227,4.391977548599243,0.7850941795049295,0.8859235099223588,200,0.7808288681558501,2.7238886959385127,0.057007808893104084,0.7850941795049294,0.8859235532581806,1162.1908197784423,mobile,0.002021856976246652,0.02580021991716555,58.10954106218024,58.10954106218024,system,0.0,181,0.8859235532581806,0.05248495905430843,meta_train_support,2,MARGO-SPLIT-v1,20,20,80,3,182,0.0,0.2,20,10,0.0005,0.0005,mrlco_first_order_mean_pseudogradient,fixed_literature_derived_defaults,0.0006769562744305966,3.384781372153117e-05,0.007824072810122854,0.00039120364050615475,0.0009366903173904528,4.683451586952325e-05,3.0,0.0,0.026262892692428874,0.27293182445396125,0.02557928433680129,,,,,,,,,,,,,,,,
0.06591891920617057,0.0,0.998,0.002,-0.0010226416634395719,0.10716436803340912,0.0010050597444065889,0.001333333303531011,0.9403646937881905,0.0,0.0,0.0,0.0,0.0,0.0,0.009106838978026468,1.4732658863067627,publication,0.6593663692474365,5.135738372802734,0.6769576801488987,0.76427735937541,200,1.126181503529395,3.8097456637769938,0.037398521322757006,0.6769576801488988,0.7642773963697255,205.59880142211915,mobile,0.0016429798570076009,0.0074892287645940536,10.279939532634348,10.279939532634348,system,0.0,182,0.7642773963697255,0.0489859172019135,meta_train_support,2,MARGO-SPLIT-v1,20,20,80,3,183,0.0,0.2,20,10,0.0005,0.0005,mrlco_first_order_mean_pseudogradient,fixed_literature_derived_defaults,0.0006732570598162217,3.3662852990810205e-05,0.007781318313892674,0.000389065915694653,0.0009315717910659148,4.657858955329705e-05,3.0,0.0,0.026296555545419684,0.2733208903696559,0.025625862926354586,,,,,,,,,,,,,,,,
0.05038613774552673,0.00225,0.99325,0.0045,-0.0003720071690622717,0.026928061619400978,0.00340559127622988,0.003916666656732559,0.7689509158333143,0.0,0.0,0.0,0.0,0.0,0.0,0.02417530003238681,1.443758249282837,publication,0.5991153717041016,5.149687767028809,0.5919296940497399,0.6661463100384571,200,0.5557515327593804,1.615017763338983,0.0722615314880386,0.5919296940497398,0.6661463098973036,633.1463552856445,mobile,0.0013229711966152552,0.010140075481297752,31.657316924141124,31.657316924141124,system,0.0,183,0.6661463098973036,0.037314685598695954,meta_train_support,2,MARGO-SPLIT-v1,20,20,80,3,184,0.0,0.2,20,10,0.0005,0.0005,mrlco_first_order_mean_pseudogradient,fixed_literature_derived_defaults,0.000669598054056351,3.34799027028182e-05,0.007739028540447605,0.00038695142702238616,0.0009265089008970783,4.6325445044854974e-05,3.0,0.0,0.026330035448122503,0.2737078417966783,0.02567218837139944,,,,,,,,,,,,,,,,
0.06057170783809068,0.00075,0.996,0.00325,0.00027527252677828074,0.022115344181656837,0.0008907724299270263,0.002666666576017936,0.86704159801205,0.0,0.0,0.0,0.0,0.0,0.0,0.016665050333049956,1.4300200939178467,publication,0.6658201217651367,5.437502145767212,0.42542937398376623,0.4779499241834856,200,0.6158030718812307,1.6775835221633315,0.054914199048653245,0.4254293739837663,0.47794995142146945,485.9564887619019,mobile,0.00021000248373042552,0.001708906855820508,24.29782338296984,24.29782338296984,system,0.0,184,0.47794995142146945,0.04459760368583339,meta_train_support,2,MARGO-SPLIT-v1,20,20,80,3,185,0.0,0.2,20,10,0.0005,0.0005,mrlco_first_order_mean_pseudogradient,fixed_literature_derived_defaults,0.0006659786051155058,3.329893025577624e-05,0.007697195953742483,0.0003848597976870982,0.000921500744676013,4.6075037233798966e-05,3.0,0.0,0.02636333437837828,0.2740927015943654,0.02571826340863324,,,,,,,,,,,,,,,,
0.05159438614195205,0.002,0.994,0.004,0.00027269276324659586,0.007858319208025932,0.0011735091387757486,0.005916666580984989,0.4744973252216975,0.0,0.0,0.0,0.0,0.0,0.0,0.024981035083282803,1.357370138168335,publication,0.677910566329956,5.341343641281128,0.2554337772076318,0.2863891088015589,200,0.3330418916066634,1.0327399196103215,0.05632246102322824,0.2554337772076318,0.2863891040161252,615.789665813446,mobile,0.0005223926729652122,0.011594569214348429,30.789484122953464,30.789484122953464,system,0.0,185,0.2863891040161252,0.040293174388190404,meta_train_support,2,MARGO-SPLIT-v1,20,20,80,3,186,0.0,0.2,20,10,0.0005,0.0005,mrlco_first_order_mean_pseudogradient,fixed_literature_derived_defaults,0.0006623980749804762,3.3119903749025126e-05,0.007655813179797631,0.0003827906589898844,0.0009165464395971097,4.582732197985426e-05,3.0,0.0,0.026396454282127304,0.27447549225335527,0.025764090730613094,,,,,,,,,,,,,,,,
0.0648927597488307,0.0015,0.99625,0.00225,-0.0006624034140259027,0.03308892622590065,0.0007010535768048721,0.006666666734963656,0.9233113902310531,0.0,0.0,0.0,0.0,0.0,0.0,0.016807803423126155,1.4180192947387695,publication,0.6340517997741699,4.541104316711426,0.5805565892750821,0.6522365708616781,200,0.6622759024183962,1.8308613849803805,0.04663901391904801,0.5805565892750821,0.6522365616634488,492.7750710105896,mobile,0.0024293205430031533,0.017794889039317675,24.638754429326518,24.638754429326518,system,0.0,186,0.6522365616634488,0.04688328049569071,meta_train_support,2,MARGO-SPLIT-v1,20,20,80,3,187,0.0,0.2,20,10,0.0005,0.0005,mrlco_first_order_mean_pseudogradient,fixed_literature_derived_defaults,0.0006588558392853934,3.294279196426955e-05,0.0076175687070140705,0.00038087843535072885,0.0009137928850960106,4.568964425480035e-05,3.0,0.0,0.026429397074091573,0.274856370688706,0.025809780374867895,,,,,,,,,,,,,,,,
0.06844935789017069,0.00225,0.9875,0.01025,0.0007557604694738984,0.027657242491841316,0.0053244235684271725,0.011166666882733505,0.7767404653131962,0.0,0.0,0.0,0.0,0.0,0.0,0.03145106615528951,1.3409724235534668,publication,0.6684651374816895,5.086544752120972,0.4953090839468638,0.5564543027813488,200,0.6962105762572218,2.2847899617627263,0.004085580469109118,0.49530908394686374,0.5564543089363724,583.431609916687,mobile,0.0009532858930289879,0.0071815281651004806,29.171581090430067,29.171581090430067,system,0.0,187,0.5564543089363724,0.053259979522523454,meta_train_support,2,MARGO-SPLIT-v1,20,20,80,3,188,0.0,0.2,20,10,0.0005,0.0005,mrlco_first_order_mean_pseudogradient,fixed_literature_derived_defaults,0.000655351286948769,3.2767564347439826e-05,0.007577049724529953,0.0003788524862264886,0.0009089322846433722,4.544661423216967e-05,3.0,0.0,0.026462164638439013,0.2752352231749325,0.025855226989100064,,,,,,,,,,,,,,,,
0.06642454431341172,0.00325,0.994,0.00275,0.0005646302015520632,0.010765067301690578,0.003725259271868249,0.008666666566083829,0.5864175364375115,0.0,0.0,0.0,0.0,0.0,0.0,0.02238970131513224,1.2443240880966187,publication,0.6083064079284668,3.4056265354156494,0.3986001933063376,0.44816919834840974,200,0.49057621002355956,1.2986141628352925,0.036083021899685264,0.3986001933063376,0.448169188760221,763.8105574989319,mobile,0.0004479039807568173,0.0021324417017856484,38.19052465972591,38.19052465972591,system,0.0,188,0.448169188760221,0.050472936820107686,meta_train_support,2,MARGO-SPLIT-v1,20,20,80,3,189,0.0,0.2,20,10,0.0005,0.0005,mrlco_first_order_mean_pseudogradient,fixed_literature_derived_defaults,0.000651883819822056,3.259419099110178e-05,0.007536959514347255,0.00037684797571735373,0.0009041231191161586,4.520615595580632e-05,3.0,0.0,0.026494758829430115,0.27561207115064984,0.02590043314505587,,,,,,,,,,,,,,,,
0.07649617517219506,0.002,0.9915,0.0065,3.5991928598377854e-05,0.1166897565126419,0.0009829897268517779,0.004500000085681676,0.9064305716504654,0.0,0.0,0.0,0.0,0.0,0.0,0.030243201276407745,1.2537930011749268,publication,0.6295950412750244,5.176395654678345,0.9027702825135516,1.0154199880834494,200,0.8844695746713886,2.759245711378753,0.045709660451393574,0.9027702825135517,1.015419986397028,514.2317436218261,mobile,0.00032569599219465617,0.013549397702540066,25.711587411225096,25.711587411225096,system,0.0,189,1.015419986397028,0.05421811267474496,meta_train_support,2,MARGO-SPLIT-v1,20,20,80,3,190,0.0,0.2,20,10,0.0005,0.0005,mrlco_first_order_mean_pseudogradient,fixed_literature_derived_defaults,0.0006484528523493083,3.2422642617466885e-05,0.007497291306377007,0.0003748645653188776,0.0008993645763839683,4.4968228819199096e-05,3.0,0.0,0.026527181472047582,0.2759869357159687,0.02594540137387507,,,,,,,,,,,,,,,,
0.06059561708111936,0.00325,0.9905,0.00625,0.0001607733720447868,0.11506636440753937,0.0033545201266647435,0.014583333348855376,1.0399949703055122,0.0,0.0,0.0,0.0,0.0,0.0,0.037812773255979135,1.2360848188400269,publication,0.6624553203582764,5.131347417831421,1.0067379803613783,1.1317880508294003,200,0.9655378926698385,2.9665262594353408,0.054804768587928265,1.0067379803613783,1.1317880452424287,655.0578764343262,mobile,0.0015174141918371583,0.0252744797023069,32.75289388615542,32.75289388615542,system,0.0,190,1.1317880452424287,0.04713652112845965,meta_train_support,2,MARGO-SPLIT-v1,20,20,80,3,191,0.0,0.2,20,10,0.0005,0.0005,mrlco_first_order_mean_pseudogradient,fixed_literature_derived_defaults,0.0006450578112375318,3.225289056187769e-05,0.007458038472312205,0.0003729019236156095,0.0008946558613243664,4.473279306621905e-05,3.0,0.0,0.02655943436260946,0.2763598376395843,0.02599013416694129,,,,,,,,,,,,,,,,
0.05501671398867628,0.00325,0.99075,0.006,0.000184585340321064,0.03334726765751839,0.0023506234198541554,0.011916666710749268,0.892148129393657,0.0,0.0,0.0,0.0,0.0,0.0,0.03787450535333601,1.335331678390503,publication,0.6644871234893799,5.321336269378662,0.6676391129882068,0.7510651940482057,200,0.5739301444802934,1.670470617013052,0.10735952167669893,0.6676391129882067,0.7510652002692223,975.9524573516845,mobile,0.0009099945422633518,0.015321406819147348,48.79762289184887,48.79762289184887,system,0.0,191,0.7510652002692223,0.0374742257248591,meta_train_support,2,MARGO-SPLIT-v1,20,20,80,3,192,0.0,0.2,20,10,0.0005,0.0005,mrlco_first_order_mean_pseudogradient,fixed_literature_derived_defaults,0.0006416981351373363,3.2084906756865705e-05,0.0074191945219355794,0.00037095972609679784,0.0008899961953799686,4.449980976899831e-05,3.0,0.0,0.026591519269366325,0.2767307973656811,0.026034633976710287,,,,,,,,,,,,,,,,
0.05329217431726874,0.00525,0.982,0.01275,0.0004276734252925962,0.020644862204790115,0.006517294383612581,0.019916666687155766,0.7988514967262745,0.0,0.0,0.0,0.0,0.0,0.0,0.04961704566513002,1.359569787979126,publication,0.6834330558776855,4.381561756134033,0.8841248311111569,0.9949778432799576,200,0.6882228364784424,1.9748171051032841,0.08796046738279983,0.8841248311111569,0.9949778513237834,1020.9643063354492,mobile,0.0003723106914052965,0.01144578221403735,51.04821153420533,51.04821153420533,system,0.0,192,0.9949778513237834,0.035405324885561494,meta_train_support,2,MARGO-SPLIT-v1,20,20,80,3,193,0.0,0.2,20,10,0.0005,0.0005,mrlco_first_order_mean_pseudogradient,fixed_literature_derived_defaults,0.0006383732743335159,3.1918663716674206e-05,0.007380753099542131,0.00036903765497708907,0.0008853848161292952,4.4269240806464605e-05,3.0,0.0,0.026623437933083,0.2770998350206582,0.02607890321751675,,,,,,,,,,,,,,,,
0.06065257821665464,0.00275,0.98775,0.0095,-0.0002768498088698834,0.032801058143377304,0.007291390325151447,0.02833333336748183,0.7380379505455494,0.0,0.0,0.0,0.0,0.0,0.0,0.046467646094416185,1.5056320428848267,publication,0.6618201732635498,5.2229650020599365,0.7542743333618792,0.8512390836915802,200,0.8508873021979863,2.5991877736523747,0.020640525397539022,0.7542743333618792,0.8512391002848745,1144.2396155548095,mobile,0.004039027187612702,0.045396002831448144,57.21197804555308,57.21197804555308,system,0.0,193,0.8512391002848745,0.047332631966150174,meta_train_support,2,MARGO-SPLIT-v1,20,20,80,3,194,0.0,0.2,20,10,0.0005,0.0005,mrlco_first_order_mean_pseudogradient,fixed_literature_derived_defaults,0.0006350826904451989,3.175413452225981e-05,0.007342707980472326,0.00036713539902361036,0.0008808209768708968,4.40410488435454e-05,3.0,0.0,0.02665519206760526,0.2774669704196818,0.026122944266360297,,,,,,,,,,,,,,,,
0.05426656108025306,0.0035,0.98975,0.00675,-3.1721065170131624e-05,0.01097436435520649,0.0047058542218762454,0.011166666711991033,0.5611584164202214,0.0,0.0,0.0,0.0,0.0,0.0,0.03193960064906137,1.6117242574691772,publication,0.6653215885162354,5.384547710418701,0.5477247504772678,0.6165721088983628,200,0.6507267753525084,1.7919001774862409,0.0558520663616946,0.5477247504772678,0.6165720926225186,615.6752306747436,mobile,0.000631799531048068,0.00927599494878746,30.783762624316534,30.783762624316534,system,0.0,194,0.6165720926225186,0.04082637822548911,meta_train_support,2,MARGO-SPLIT-v1,20,20,80,3,195,0.0,0.2,20,10,0.0005,0.0005,mrlco_first_order_mean_pseudogradient,fixed_literature_derived_defaults,0.0006318258561352234,3.159129280676243e-05,0.007305053067751955,0.0003652526533876044,0.0008763039462202768,4.381519731101388e-05,3.0,0.0,0.026686783360412022,0.27783222307306943,0.02616675946367131,,,,,,,,,,,,,,,,
0.06305321499547616,0.0,0.99925,0.00075,-0.0007445711526088417,0.043373219668865204,0.0003920359722872894,0.003749999885136883,0.7955418939391772,0.0,0.0,0.0,0.0,0.0,0.0,0.011195379187973743,1.5348223447799683,publication,0.6455776691436768,5.305298805236816,0.6926461109274247,0.779954004662577,200,1.0368963305743424,2.727102410979569,0.0454121937873424,0.6926461109274247,0.779953974224627,256.30645042419434,mobile,0.0013898485499204633,0.006502000857089862,12.815322263804276,12.815322263804276,system,0.0,195,0.779953974224627,0.04740222557974613,meta_train_support,2,MARGO-SPLIT-v1,20,20,80,3,196,0.0,0.2,20,10,0.0005,0.0005,mrlco_first_order_mean_pseudogradient,fixed_literature_derived_defaults,0.0006286022548284111,3.1430112741419325e-05,0.007267782388834853,0.00036338911944172603,0.0008720022908742365,4.36001145437126e-05,3.0,0.0,0.02671821347315344,0.27819561219251115,0.026210359578215024,,,,,,,,,,,,,,,,
0.06656654567513344,0.00025,0.99925,0.0005,-0.00041366153163835406,0.08698616176843643,0.000262344494853887,0.00041666665735344094,0.6996820226311683,0.0,0.0,0.0,0.0,0.0,0.0,0.007791825971076467,1.4396253824234009,publication,0.6683814525604248,5.236623525619507,0.2948609938796507,0.3299224652720295,200,0.7172434047395032,2.4784562829881907,0.03593850262404885,0.2948609938796507,0.32992246363312006,101.51724235534668,mobile,0.0005141530718131998,0.004453397887377618,5.07586197205236,5.07586197205236,system,0.0,196,0.32992246363312006,0.052377800729218,meta_train_support,2,MARGO-SPLIT-v1,20,20,80,3,197,0.0,0.2,20,10,0.0005,0.0005,mrlco_first_order_mean_pseudogradient,fixed_literature_derived_defaults,0.0006254113804384191,3.127056902191977e-05,0.007230890092444829,0.0003615445046222243,0.0008675758833063469,4.337879416531701e-05,3.0,0.0,0.02674948404217536,0.2785571566971334,0.02625373837238034,,,,,,,,,,,,,,,,
0.055325395279695246,0.0,0.9985,0.0015,-0.0008864709525369108,0.02763916738331318,0.0006889464173754189,0.0009999999776482583,0.5780281289170186,0.0,0.0,0.0,0.0,0.0,0.0,0.010837135308221823,1.5122681856155396,publication,0.6740739345550537,5.345265865325928,0.49300771162139234,0.5558447119565517,200,0.7201826163590065,1.8410380091518164,0.03033165256783832,0.49300771162139245,0.5558447392843664,199.00667247772216,mobile,0.0006581541230622564,0.0046717350097380825,9.950333391639107,9.950333391639107,system,0.0,197,0.5558447392843664,0.03860867228433024,meta_train_support,2,MARGO-SPLIT-v1,20,20,80,3,198,0.0,0.2,20,10,0.0005,0.0005,mrlco_first_order_mean_pseudogradient,fixed_literature_derived_defaults,0.0006222527371028716,3.1112636855144815e-05,0.007194370445513289,0.000359718522275676,0.0008631941869260118,4.3159709346301395e-05,3.0,0.0,0.026780596679030506,0.27891687521940906,0.026296898081726642,,,,,,,,,,,,,,,,
0.06297329191852036,0.00275,0.99275,0.0045,-0.00213234662078321,0.2329777181148529,0.002576493060786896,0.01266666678711772,0.9704970953365166,0.0,0.0,0.0,0.0,0.0,0.0,0.02820553754308218,1.4107906818389893,publication,0.6080248355865479,5.385823726654053,0.7990040379158055,0.8992264742309908,200,1.1105622724220556,3.725341221317649,0.012276684690732509,0.7990040379158057,0.899226452470757,385.4945378017426,mobile,0.0019780929171569054,0.024126090814661175,19.27472656750437,19.27472656750437,system,0.0,198,0.899226452470757,0.04774623725572562,meta_train_support,2,MARGO-SPLIT-v1,20,20,80,3,199,0.0,0.2,20,10,0.0005,0.0005,mrlco_first_order_mean_pseudogradient,fixed_literature_derived_defaults,0.0006191258389264753,3.0956291946323405e-05,0.007158217830209202,0.00035791089151043787,0.0008588565276952279,4.294282638475991e-05,3.0,0.0,0.02681155297097683,0.2792747861109195,0.026339840908111402,,,,,,,,,,,,,,,,
0.08075605266567033,0.00025,0.99875,0.001,-0.0003151184937451035,0.028867671266198158,0.00049047856355852,0.0007499999832361936,0.7291371693213782,0.0,0.0,0.0,0.0,0.0,0.0,0.008024205527413314,1.481998324394226,publication,0.6607000827789307,4.95936131477356,0.6690155590333333,0.7511354195486638,200,0.8175191237118277,2.281359247281216,0.059595715640170965,0.6690155590333334,0.7511354385688901,92.21251792907715,mobile,9.352102356228492e-05,0.00028437339579896704,4.610626268954041,4.610626268954041,system,0.0,199,0.7511354385688901,0.05917057543696081,meta_train_support,2,MARGO-SPLIT-v1,20,20,80,3,200,0.0,0.2,20,10,0.0005,0.0005,mrlco_first_order_mean_pseudogradient,fixed_literature_derived_defaults,0.0006160302097318428,3.080151048659094e-05,0.007122426741058156,0.00035612133705292814,0.0008545622450567517,4.272811225283779e-05,3.0,0.0,0.02684235448146342,0.2796309074479724,0.02638256902036424,,,,,,,,,,,,,,,,
0.067131511589582,0.0035,0.9865,0.01,-0.0006642304360866547,0.011064938269555569,0.0037483924361602305,0.01758333354567488,0.5062341695030531,0.0,0.0,0.0,0.0,0.0,0.0,0.04987777195109454,1.5100897550582886,publication,0.6355366706848145,4.958142042160034,0.42991394857016546,0.48473885942374184,200,0.5265521224490817,1.3395185386762023,0.02977230481337756,0.42991394857016535,0.48473883647471666,549.9150194358825,mobile,0.0023455934887013155,0.03532439980515068,27.49575121936128,27.49575121936128,system,0.0,200,0.48473883647471666,0.048168349638810726,meta_train_support,2,MARGO-SPLIT-v1,20,20,80,3,201,0.0,0.2,20,10,0.0005,0.0005,mrlco_first_order_mean_pseudogradient,fixed_literature_derived_defaults,0.0006129653828177541,3.0648269140887835e-05,0.0070986772036381275,0.0003549338601819274,0.0008545144670926813,4.272572335463354e-05,3.0,0.0,0.026873002750604308,0.27998584130815435,0.026425294743718873,-0.08279979826450937,-0.07904870219998422,0.07904870219998422,0.0,0.15,0.1,0.035,0.975,0.975,0.0,validation/automotive_lexicographic_v1,automotive_lexicographic_v1,a3bd00d5108237acdb706f561212b5d840bac151f48b5250a61c573d9c9ffb6c,379038767.0,0.07904870219998422,1.0
0.0627803219612848,0.00525,0.98475,0.01,0.0003824723535217345,0.10500648617744446,0.006222590514925722,0.02083333308498065,0.9559632617980242,0.0,0.0,0.0,0.0,0.0,0.0,0.054672801769499894,1.4990298748016357,publication,0.6011927127838135,3.2474846839904785,1.0185458342090268,1.1485141121633933,200,1.0344304607742985,3.1102543980814517,0.030525701848091558,1.018545834209027,1.1485141298919916,868.3015425872803,mobile,0.0013890809575980523,0.021543069757425867,43.41507657506071,43.41507657506071,system,0.0,201,1.1485141298919916,0.04156634814267858,meta_train_support,2,MARGO-SPLIT-v1,20,20,80,3,202,0.0,0.2,20,10,0.0005,0.0005,mrlco_first_order_mean_pseudogradient,fixed_literature_derived_defaults,0.0006099309007245969,3.049654503622934e-05,0.007063535237283484,0.00035317676186419344,0.0008502841974536087,4.2514209872682174e-05,3.0,0.0,0.026903499295640537,0.28033901807001854,0.026467808953591555,,,,,,,,,,,,,,,,
0.07948598451946318,0.00025,0.99725,0.0025,0.00011228502989979461,0.01736166700720787,0.0007493696332311412,0.0017499999608844522,0.5630529604852199,0.0,0.0,0.0,0.0,0.0,0.0,0.015893023727342425,1.5094678401947021,publication,0.6426112651824951,5.45255184173584,0.5170787082391438,0.5830669888373814,200,0.7623716746544453,1.9941517626866698,0.034464522323105484,0.5170787082391437,0.5830670053139329,110.11874290466308,mobile,0.00012076981607305856,0.0013121892116518985,5.505937192364675,5.505937192364675,system,0.0,202,0.5830670053139329,0.06602249495800304,meta_train_support,2,MARGO-SPLIT-v1,20,20,80,3,203,0.0,0.2,20,10,0.0005,0.0005,mrlco_first_order_mean_pseudogradient,fixed_literature_derived_defaults,0.0006069263150067418,3.034631575033614e-05,0.007028739497198343,0.0003514369748598978,0.0008460956053479258,4.2304780267395786e-05,3.0,0.0,0.026933845611390873,0.28069045504487844,0.02651011373385895,,,,,,,,,,,,,,,,
0.04619441252721574,0.00375,0.98475,0.0115,0.000327731657307595,0.008280236274003983,0.00464496419052125,0.014500000389913717,0.3624679185760518,0.0,0.0,0.0,0.0,0.0,0.0,0.043876344906938786,1.2648303508758545,publication,0.6544299125671387,5.364248991012573,0.300735073043773,0.3367700151338067,200,0.3559271027758338,0.9101050103781745,0.048941548273433,0.300735073043773,0.336770024523139,612.1298312377929,mobile,0.0002711010138645215,0.005003890076039729,30.606491793846054,30.606491793846054,system,0.0,203,0.336770024523139,0.037523185299466015,meta_train_support,2,MARGO-SPLIT-v1,20,20,80,3,204,0.0,0.2,20,10,0.0005,0.0005,mrlco_first_order_mean_pseudogradient,fixed_literature_derived_defaults,0.0006039511860116107,3.0197559300580712e-05,0.00699428489181992,0.0003497142445910151,0.0008419480778707301,4.209740389353803e-05,3.0,0.0,0.026964043170691454,0.28104016928946945,0.02655221113775249,,,,,,,,,,,,,,,,
0.058698315351510155,0.0035,0.989,0.0075,-0.0006394806550815701,0.012884571217000484,0.0017414097489720337,0.006833333320294817,0.563668160016338,0.0,0.0,0.0,0.0,0.0,0.0,0.038112662508250926,1.604384183883667,publication,0.6586856842041016,4.864665269851685,0.5626926457913247,0.6349065012819392,200,0.6930602104273935,2.2070787148550153,0.050075132690835744,0.5626926457913248,0.6349065080471337,595.5683630371094,mobile,0.0018047799908149093,0.011825820948247325,29.778418524734597,29.778418524734597,system,0.0,204,0.6349065080471337,0.04583166356631159,meta_train_support,2,MARGO-SPLIT-v1,20,20,80,3,205,0.0,0.2,20,10,0.0005,0.0005,mrlco_first_order_mean_pseudogradient,fixed_literature_derived_defaults,0.0006010050826652125,3.005025413325979e-05,0.0069601664289329936,0.00034800832144665783,0.0008378410140762387,4.189205070381091e-05,3.0,0.0,0.026994093424824714,0.2813881776109161,0.0265941031884563,,,,,,,,,,,,,,,,
0.05475399048725661,0.00425,0.9825,0.01325,-0.0004972633323632181,0.06360147893428802,0.002345429632395775,0.011916666912535828,0.7161199535553654,0.0,0.0,0.0,0.0,0.0,0.0,0.0509735384189008,1.6249098777770996,publication,0.5845215320587158,3.3441524505615234,0.8666935214218725,0.9749732130465418,200,1.0065541992065916,3.3901632968336344,0.04290358524303883,0.8666935214218723,0.974973166435957,742.5517779541016,mobile,0.0010408265226408099,0.02172158312121664,37.127588985454906,37.127588985454906,system,0.0,205,0.974973166435957,0.04206565961255944,meta_train_support,2,MARGO-SPLIT-v1,20,20,80,3,206,0.0,0.2,20,10,0.0005,0.0005,mrlco_first_order_mean_pseudogradient,fixed_literature_derived_defaults,0.0005980875822639251,2.9904379113196433e-05,0.006926379213258562,0.0003463189606629502,0.0008337738246875191,4.1688691234376823e-05,3.0,0.0,0.02702399780393791,0.28173449657157906,0.026635791879690677,,,,,,,,,,,,,,,,
0.05345515481244419,0.00225,0.99025,0.0075,-0.000996652408502996,0.03828961402177811,0.0017606712059824077,0.007833333251376948,0.7391847607990105,0.0,0.0,0.0,0.0,0.0,0.0,0.045858833076244956,1.6248083114624023,publication,0.6681554317474365,4.389210224151611,0.9627671839725559,1.0829165853416272,200,1.0021996758516811,2.9221895737573504,0.051699619012651965,0.962767183972556,1.082916568517685,745.6102516555786,mobile,0.0021605598947324893,0.026581055429696535,37.28051260753912,37.28051260753912,system,0.0,206,1.082916568517685,0.04363570398722507,meta_train_support,2,MARGO-SPLIT-v1,20,20,80,3,207,0.0,0.2,20,10,0.0005,0.0005,mrlco_first_order_mean_pseudogradient,fixed_literature_derived_defaults,0.0005951982702723119,2.9759913513616176e-05,0.0068929184441123845,0.00034464592220562196,0.0008297459318146326,4.1487296590730915e-05,3.0,0.0,0.027053757717451526,0.2820791424937847,0.026677279176281408,,,,,,,,,,,,,,,,
0.06031062674119504,0.00125,0.9925,0.00625,-0.0005831061280332506,0.037979837507009506,0.0009211342083106514,0.004083333273107807,0.6995408235117793,0.0,0.0,0.0,0.0,0.0,0.0,0.03139232672822337,1.727776050567627,publication,0.5763523578643799,4.8637919425964355,0.8263041425953864,0.9318036258628853,200,0.8215255664368915,2.5946257514879107,0.022285178973106667,0.8263041425953865,0.9318036242946982,595.9814074707032,mobile,0.00215741133459543,0.014558282559575914,29.799071114081595,29.799071114081595,system,0.0,207,0.9318036242946982,0.0420389700372764,meta_train_support,2,MARGO-SPLIT-v1,20,20,80,3,208,0.0,0.2,20,10,0.0005,0.0005,mrlco_first_order_mean_pseudogradient,fixed_literature_derived_defaults,0.000592336740126772,2.961683700633891e-05,0.006859779413131075,0.00034298897065654366,0.000825906570012645,4.1295328500633166e-05,3.0,0.0,0.027083374554457865,0.28242213146444123,0.02671857450478204,,,,,,,,,,,,,,,,
0.06782490132735017,0.001,0.99375,0.00525,-0.0007663321448490024,0.024351444095373154,0.0018827465536307506,0.003249999973922968,0.6340919135759274,0.0,0.0,0.0,0.0,0.0,0.0,0.022710356576625988,1.7340160608291626,publication,0.5918779373168945,4.849041700363159,0.6976847321834719,0.7872484660176451,200,0.6109350041683019,1.598979664966464,0.0350590625021141,0.697684732183472,0.7872484481148422,332.2264637756348,mobile,0.0005537053615024006,0.008760211573288084,16.611323168642535,16.611323168642535,system,0.0,208,0.7872484481148422,0.048078521543232444,meta_train_support,2,MARGO-SPLIT-v1,20,20,80,3,209,0.0,0.2,20,10,0.0005,0.0005,mrlco_first_order_mean_pseudogradient,fixed_literature_derived_defaults,0.0005895025930448257,2.947512965224136e-05,0.006826957502063463,0.00034134787510314846,0.0008219548639360294,4.1097743196803066e-05,3.0,0.0,0.027112849684110107,0.2827634793395444,0.026759672247978844,,,,,,,,,,,,,,,,
0.07066350788145394,0.00225,0.99175,0.006,-0.00035679308348335326,0.048832427710294724,0.0020829233545292683,0.008750000270083547,0.9657475230594477,0.0,0.0,0.0,0.0,0.0,0.0,0.03400272567731537,1.689340353012085,publication,0.6647405624389648,5.043076038360596,0.9730644769296489,1.0986647931848348,200,0.9997316733365695,3.20414552744478,0.07315499344258569,0.9730644769296486,1.098664804212749,645.4651440429687,mobile,0.0018402529706265595,0.030014474847152535,32.27325810841367,32.27325810841367,system,0.0,209,1.098664804212749,0.05567878683060281,meta_train_support,2,MARGO-SPLIT-v1,20,20,80,3,210,0.0,0.2,20,10,0.0005,0.0005,mrlco_first_order_mean_pseudogradient,fixed_literature_derived_defaults,0.0005866954378398503,2.9334771891993683e-05,0.006794448180625065,0.00033972240903124007,0.0008180407931553817,4.0902039657769035e-05,3.0,0.0,0.0271421844560021,0.2831032017485756,0.026800574287636613,,,,,,,,,,,,,,,,
0.06277046585632033,0.00225,0.99325,0.0045,-0.0005284862127155066,0.04057939723134041,0.002410316325161075,0.00941666648723185,0.6956935112675031,0.0,0.0,0.0,0.0,0.0,0.0,0.026252321415125436,1.6619088649749756,publication,0.6062426567077637,5.058513641357422,0.6234785114899811,0.702799704687859,200,0.7859803241682948,2.13447527308017,0.05323980590401334,0.623478511489981,0.7027997112832963,383.3128856277466,mobile,0.0012590178365052762,0.0074208704392545646,19.165644375534352,19.165644375534352,system,0.0,210,0.7027997112832963,0.048839483256515305,meta_train_support,2,MARGO-SPLIT-v1,20,20,80,3,211,0.0,0.2,20,10,0.0005,0.0005,mrlco_first_order_mean_pseudogradient,fixed_literature_derived_defaults,0.0005839148907410833,2.919574453705276e-05,0.006772941719717248,0.0003386470859858548,0.0008181419043186663,4.090709521593211e-05,3.0,0.0,0.027171380200539153,0.28344184883456147,0.026841481382852545,,,,,,,,,,,,,,,,
0.05915303403902076,0.00075,0.99525,0.004,-0.00021045005996711552,0.05441717430949211,0.0009028875766261433,0.005083333219711979,0.8329604590932528,0.0,0.0,0.0,0.0,0.0,0.0,0.023024997120737828,1.4838849306106567,publication,0.6379435062408447,5.262501239776611,0.8108349151441016,0.9122559879475739,200,0.994070700211602,2.649835236836225,0.02624659228604287,0.8108349151441013,0.9122559737786651,703.6724179077148,mobile,0.0013214515179455378,0.00732623404629135,35.18362075731354,35.18362075731354,system,0.0,211,0.9122559737786651,0.04392629727632094,meta_train_support,2,MARGO-SPLIT-v1,20,20,80,3,212,0.0,0.2,20,10,0.0005,0.0005,mrlco_first_order_mean_pseudogradient,fixed_literature_derived_defaults,0.0005811605752187197,2.905802876093655e-05,0.0067409938814166955,0.0003370496940708345,0.0008142827443926348,4.071413721963221e-05,3.0,0.0,0.02720043822930009,0.2837788985286323,0.026882195520072177,,,,,,,,,,,,,,,,
0.05232407242077721,0.0035,0.9905,0.006,5.091085404274054e-05,0.014352351427078247,0.004262291285047847,0.014833333343267441,0.5510020675758521,0.0,0.0,0.0,0.0,0.0,0.0,0.039598809164944807,1.549515962600708,publication,0.6749279499053955,5.383358716964722,0.43694922361479205,0.48995172920725966,200,0.5089738837147607,1.6861691544763744,0.07989500398980454,0.436949223614792,0.4899517324566841,662.7891743850709,mobile,0.001171753316580297,0.030429448450351292,33.13945842600063,33.13945842600063,system,0.0,212,0.4899517324566841,0.043720941170129715,meta_train_support,2,MARGO-SPLIT-v1,20,20,80,3,213,0.0,0.2,20,10,0.0005,0.0005,mrlco_first_order_mean_pseudogradient,fixed_literature_derived_defaults,0.000578432121813937,2.892160609069619e-05,0.006709346022818495,0.0003354673011409237,0.0008104598207100403,4.052299103550136e-05,3.0,0.0,0.027229359835390786,0.28411436582977323,0.02692271851110768,,,,,,,,,,,,,,,,
0.07181326822620503,0.0,0.99875,0.00125,-0.00010953653691103682,0.017507506534457207,0.0005150774216016744,0.0008333333147068819,0.7273896978236735,0.0,0.0,0.0,0.0,0.0,0.0,0.007871744768935731,1.5370843410491943,publication,0.6253447532653809,5.391127347946167,0.6021498821868106,0.6786058659025366,200,0.711180085198673,1.7593709581997246,0.02988456768798642,0.6021498821868108,0.6786058781575411,276.4654924011231,mobile,0.0002774116364978866,0.0011687619148111272,13.823275192822239,13.823275192822239,system,0.0,213,0.6786058781575411,0.054337316808568605,meta_train_support,2,MARGO-SPLIT-v1,20,20,80,3,214,0.0,0.2,20,10,0.0005,0.0005,mrlco_first_order_mean_pseudogradient,fixed_literature_derived_defaults,0.000575729167973685,2.878645839868299e-05,0.0066779999035762524,0.0003338999951787991,0.0008066726252861616,4.033363126430822e-05,3.0,0.0,0.02725814629378947,0.28444826582495203,0.026963052142371987,,,,,,,,,,,,,,,,
0.05729555895399776,0.0035,0.99175,0.00475,-0.00018110811652150005,0.08031249046325684,0.001525842729497883,0.005749999918043614,0.8479688788453739,0.0,0.0,0.0,0.0,0.0,0.0,0.027133058350335713,1.4604542255401611,publication,0.5972464084625244,4.205634832382202,0.7237450150791919,0.8145653842016691,200,0.9020178024271941,2.3320513544604182,0.05356948514236137,0.723745015079192,0.8145653568953276,534.0492243957519,mobile,0.00031740795913336314,0.00983337395849813,26.70245952612406,26.70245952612406,system,0.0,214,0.8145653568953276,0.047390801832459806,meta_train_support,2,MARGO-SPLIT-v1,20,20,80,3,215,0.0,0.2,20,10,0.0005,0.0005,mrlco_first_order_mean_pseudogradient,fixed_literature_derived_defaults,0.0005730513578900864,2.8652567894502795e-05,0.006647346215381627,0.0003323673107690772,0.0008029206595871562,4.014603297935668e-05,3.0,0.0,0.02728679886168397,0.2847806331357211,0.027003198175351344,,,,,,,,,,,,,,,,
0.07232927193607357,0.0,0.999,0.001,-0.00031305543961934745,0.17653615772724152,0.00035134218269333207,0.0006666666517655055,1.1368098996579648,0.0,0.0,0.0,0.0,0.0,0.0,0.012726671716912078,1.4482057094573975,publication,0.6165556907653809,5.246915817260742,0.719265443303926,0.8088433531543706,200,0.8985175837008469,2.657756697386503,0.04591092839837074,0.719265443303926,0.8088433824293315,243.11225259780883,mobile,0.0005886199879746554,0.002265839336004575,12.155612274834262,12.155612274834262,system,0.0,215,0.8088433824293315,0.05304509967971805,meta_train_support,2,MARGO-SPLIT-v1,20,20,80,3,216,0.0,0.2,20,10,0.0005,0.0005,mrlco_first_order_mean_pseudogradient,fixed_literature_derived_defaults,0.0005703983423442989,2.851991711721666e-05,0.006616571464384489,0.00033082857321919956,0.0007992034343112898,3.9960171715563986e-05,3.0,0.0,0.02731531877880119,0.2851114617089403,0.027043158347066908,,,,,,,,,,,,,,,,
0.0662587757763295,0.00125,0.9935,0.00525,-0.0003528552770148963,0.015842022374272346,0.0010833901939251193,0.005333333214124044,0.5907738062242667,0.0,0.0,0.0,0.0,0.0,0.0,0.024702957706117183,1.4343446493148804,publication,0.5986943244934082,5.073646068572998,0.5491826726806166,0.6179942817520169,200,0.7042272087849493,1.8913317490369081,0.037481325431144796,0.5491826726806168,0.6179942817986012,328.72822814941406,mobile,0.00025807341723381764,0.004445260717941647,16.43641182785062,16.43641182785062,system,0.0,216,0.6179942817986012,0.05141050777404448,meta_train_support,2,MARGO-SPLIT-v1,20,20,80,3,217,0.0,0.2,20,10,0.0005,0.0005,mrlco_first_order_mean_pseudogradient,fixed_literature_derived_defaults,0.0005677697785546939,2.8388488927735822e-05,0.00658608035164539,0.0003293040175822437,0.0007955204691762147,3.9776023458809595e-05,3.0,0.0,0.027343707267728924,0.28544076572652255,0.027082934370525717,,,,,,,,,,,,,,,,
0.07261125980264589,0.0,0.99925,0.00075,-6.658199708908796e-05,0.1312236487865448,3.7155613393230475e-05,0.00016666666294137638,1.120331076408426,0.0,0.0,0.0,0.0,0.0,0.0,0.006731120632948927,1.4525333642959595,publication,0.6454174518585205,5.467499017715454,0.9515673841332898,1.0724107538791576,200,1.2228806130157817,3.274805367924273,0.03338591198553331,0.9515673841332898,1.0724107811413706,154.44693531036376,mobile,0.0005958784115965078,0.00299949736822433,7.722346985582063,7.722346985582063,system,0.0,217,1.0724107811413706,0.05951919817455988,meta_train_support,2,MARGO-SPLIT-v1,20,20,80,3,218,0.0,0.2,20,10,0.0005,0.0005,mrlco_first_order_mean_pseudogradient,fixed_literature_derived_defaults,0.0005651653300292137,2.8258266501459545e-05,0.006555868973885549,0.0003277934486942691,0.000792193000695964,3.960965003479977e-05,3.0,0.0,0.027371965534230384,0.2857685591752168,0.027122544020560517,,,,,,,,,,,,,,,,
0.05924936894851472,0.001,0.99575,0.00325,-0.0008145019528456032,0.01600227691233158,0.0009957755314068692,0.0053333331830799574,0.7444140013307333,0.0,0.0,0.0,0.0,0.0,0.0,0.022453798696714954,1.4945429563522339,publication,0.6795315742492676,5.573652505874634,0.6807394202944347,0.7667761926476669,200,0.7210005484693786,1.8632609779015183,0.04432468657614663,0.6807394202944347,0.7667762141115964,439.96387239456175,mobile,0.0003293135375347589,0.003543120571761326,21.99819327552639,21.99819327552639,system,0.0,218,0.7667762141115964,0.04309681488987702,meta_train_support,2,MARGO-SPLIT-v1,20,20,80,3,219,0.0,0.2,20,10,0.0005,0.0005,mrlco_first_order_mean_pseudogradient,fixed_literature_derived_defaults,0.0005625846664217743,2.812923332108988e-05,0.006525933499118949,0.0003262966749559282,0.0007885756810580829,3.942878405290354e-05,3.0,0.0,0.027400094767551474,0.28609485585017275,0.02716197280461342,,,,,,,,,,,,,,,,
0.06086491530898208,0.00275,0.99325,0.004,-0.0006891285302117467,0.1881098747253418,0.00232433187997834,0.008833333570510148,0.9744758594160279,0.0,0.0,0.0,0.0,0.0,0.0,0.029353643426606804,1.496411681175232,publication,0.526756763458252,4.754004955291748,0.7709164557409143,0.8694620865339857,200,1.1672015743014672,4.026959974318743,0.05298885630327277,0.7709164557409144,0.8694621369242668,580.9241952323914,mobile,0.0014688230809977254,0.025603437660863735,29.0462095770387,29.0462095770387,system,0.0,219,0.8694621369242668,0.04551598267975507,meta_train_support,2,MARGO-SPLIT-v1,20,20,80,3,220,0.0,0.2,20,10,0.0005,0.0005,mrlco_first_order_mean_pseudogradient,fixed_literature_derived_defaults,0.0005600274633925844,2.8001373169630334e-05,0.006496270165032044,0.00032481350825158684,0.0007849912461441825,3.924956230720936e-05,3.0,0.0,0.027428096140721104,0.28641966935842433,0.02720122236692063,,,,,,,,,,,,,,,,
0.05260039736996754,0.0025,0.98925,0.00825,5.8847512264037505e-05,0.011486473493278027,0.0020291093796868742,0.009249999932944775,0.5345141890148322,0.0,0.0,0.0,0.0,0.0,0.0,0.032893086271161706,1.5552217960357666,publication,0.6519808769226074,5.189317226409912,0.4262400857762804,0.4793802703651181,200,0.6288753620531247,1.9184450875036418,0.028916507260873914,0.4262400857762804,0.4793802642636001,592.60162733078,mobile,0.001033212643640598,0.03993009759064805,29.63008161174821,29.63008161174821,system,0.0,220,0.4793802642636001,0.04268717313457855,meta_train_support,2,MARGO-SPLIT-v1,20,20,80,3,221,0.0,0.2,20,10,0.0005,0.0005,mrlco_first_order_mean_pseudogradient,fixed_literature_derived_defaults,0.000557493402472256,2.78746701236135e-05,0.006466875277407465,0.0003233437638703873,0.0007814392495552948,3.907196247776579e-05,3.0,0.0,0.027455970810844717,0.2867430131222947,0.027240294329398396,,,,,,,,,,,,,,,,
0.05554578609109484,0.00125,0.994,0.00475,-0.0016913136932998896,0.008322802372276783,0.003932447749018249,0.020083332899957895,0.45177080035209655,0.0,0.0,0.0,0.0,0.0,0.0,0.033401060168025014,1.6055564880371094,publication,0.6577541828155518,5.349606990814209,0.26264570596567943,0.2961900915352817,200,0.4007495074008848,1.3990314956754446,0.04369574846350588,0.26264570596567943,0.2961900902166963,816.5308512115479,mobile,0.0024796212968603007,0.017874214943029706,40.82654337410138,40.82654337410138,system,0.0,221,0.2961900902166963,0.04271889645219355,meta_train_support,2,MARGO-SPLIT-v1,20,20,80,3,222,0.0,0.2,20,10,0.0005,0.0005,mrlco_first_order_mean_pseudogradient,fixed_literature_derived_defaults,0.0005549821709295882,2.7749108546477885e-05,0.006437745208590314,0.000321887260429532,0.0007779192529356763,3.889596264678233e-05,3.0,0.0,0.027483719919391195,0.28706490038272425,0.027279190292045178,,,,,,,,,,,,,,,,
0.057968776971251454,0.00175,0.99425,0.004,-0.0003246316045988351,0.014661284163594246,0.000684212594469602,0.0034999999217689036,0.6801628465453784,0.0,0.0,0.0,0.0,0.0,0.0,0.02048747546273806,1.5086630582809448,publication,0.6437516212463379,5.640078067779541,0.373726547518304,0.42034443848893716,200,0.64320199397181,1.7410729243420064,0.02087657796801068,0.3737265475183039,0.4203444517310709,477.1143238067627,mobile,0.001530432022615405,0.006763237386319362,23.855716058034556,23.855716058034556,system,0.0,222,0.4203444517310709,0.04823654314099787,meta_train_support,2,MARGO-SPLIT-v1,20,20,80,3,223,0.0,0.2,20,10,0.0005,0.0005,mrlco_first_order_mean_pseudogradient,fixed_literature_derived_defaults,0.0005524934616429084,2.7624673082145973e-05,0.006408876395995739,0.0003204438197997872,0.000774430825792467,3.872154128962274e-05,3.0,0.0,0.02751134459247334,0.28738534420252404,0.0273179118333348,,,,,,,,,,,,,,,,
0.056556442692334216,0.0005,0.9925,0.007,-0.0017108579631894827,0.020447373390197754,0.00237225473706432,0.009833333299805722,0.6150960660229127,0.0,0.0,0.0,0.0,0.0,0.0,0.025349798515925323,1.4333773851394653,publication,0.6404461860656738,5.292943239212036,0.6617427869090977,0.7447638843617096,200,0.7883991728737161,2.221185913775116,0.03862239565933123,0.6617427869090977,0.7447638517431915,595.8966296386719,mobile,0.0024967976832268326,0.00976481300776508,29.794831398851894,29.794831398851894,system,0.0,223,0.7447638517431915,0.04567454627658862,meta_train_support,2,MARGO-SPLIT-v1,20,20,80,3,224,0.0,0.2,20,10,0.0005,0.0005,mrlco_first_order_mean_pseudogradient,fixed_literature_derived_defaults,0.0005500269729748597,2.750134864874451e-05,0.006380265340656472,0.0003190132670328194,0.0007709735453201792,3.8548677266009995e-05,3.0,0.0,0.027538845941122086,0.28770435746955686,0.02735646051060081,,,,,,,,,,,,,,,,
0.04851407000058922,0.0035,0.9925,0.004,-0.0004783971235156059,0.012182715348899364,0.0017248576244395012,0.008333333302289248,0.6147320972134669,0.0,0.0,0.0,0.0,0.0,0.0,0.03379404643896131,1.3199058771133423,publication,0.5842177867889404,5.13505220413208,0.6271309525413481,0.7068928277042505,200,0.7759916573391767,2.3772366223856807,0.032948706735624,0.627130952541348,0.7068928359635174,748.9865730857849,mobile,0.0013724179045064436,0.01958117967271896,37.44932791279698,37.44932791279698,system,0.0,224,0.7068928359635174,0.037505513305289784,meta_train_support,2,MARGO-SPLIT-v1,20,20,80,3,225,0.0,0.2,20,10,0.0005,0.0005,mrlco_first_order_mean_pseudogradient,fixed_literature_derived_defaults,0.000547582408650527,2.737912043252605e-05,0.006351908605809109,0.00031759543029047377,0.0007675469962298673,3.8377349811494904e-05,3.0,0.0,0.027566225061554612,0.28802195289984733,0.027394837860412306,,,,,,,,,,,,,,,,
0.07361381332482037,0.00025,0.9995,0.00025,-0.00036589763476513326,0.0440085344016552,0.00015661315705877075,0.00033333332588275275,0.8281409082313378,0.0,0.0,0.0,0.0,0.0,0.0,0.009011373695313327,1.329017162322998,publication,0.660560131072998,5.104227066040039,0.6047568473145716,0.6820086076945882,200,0.8123982283243525,2.2774161184206605,0.0020445400768949185,0.6047568473145715,0.6820086239301599,171.00792545318603,mobile,0.0008701360600125257,0.004652056940372416,8.550396177189857,8.550396177189857,system,0.0,225,0.6820086239301599,0.0598000555107642,meta_train_support,2,MARGO-SPLIT-v1,20,20,80,3,226,0.0,0.2,20,10,0.0005,0.0005,mrlco_first_order_mean_pseudogradient,fixed_literature_derived_defaults,0.000545159477638799,2.725797388193965e-05,0.006323802815517919,0.0003161901407758849,0.0007641507705828325,3.8207538529143326e-05,3.0,0.0,0.02759348303543655,0.2883381430406232,0.02743304539894145,,,,,,,,,,,,,,,,
0.05602718567017132,0.00225,0.99425,0.0035,0.00011693049600580707,0.29441043734550476,0.0016648354834958787,0.00449999999254942,1.313146836186449,0.0,0.0,0.0,0.0,0.0,0.0,0.02307293403462066,1.35033118724823,publication,0.5624022483825684,4.9995574951171875,1.01887405774954,1.1473139504413121,200,1.4346527378704261,4.16183446906507,0.0482048339326866,1.01887405774954,1.1473139233142138,385.29627986907957,mobile,0.0005409989747121682,0.00829031533902891,19.264814075060592,19.264814075060592,system,0.0,226,1.1473139233142138,0.0433573204920502,meta_train_support,2,MARGO-SPLIT-v1,20,20,80,3,227,0.0,0.2,20,10,0.0005,0.0005,mrlco_first_order_mean_pseudogradient,fixed_literature_derived_defaults,0.000542757894036866,2.7137894701843857e-05,0.006295944653335021,0.0003147972326667525,0.0007607844676287231,3.8039223381435006e-05,3.0,0.0,0.027620620930138395,0.28865294027328997,0.027471084622322884,,,,,,,,,,,,,,,,
0.07693830592013191,0.00225,0.99325,0.0045,0.00025046957307495177,0.17523503303527832,0.0016351455942324445,0.005833333373690646,1.4907699507971603,0.0,0.0,0.0,0.0,0.0,0.0,0.024100063969148128,1.3986625671386719,publication,0.629401683807373,5.123147249221802,1.3938770459886771,1.572708611843409,200,1.1271028691504072,3.863966627046466,0.08168244582702755,1.393877045988677,1.5727085895836352,589.0538280105591,mobile,0.0008789863902271595,0.004128951344309242,29.452692423336735,29.452692423336735,system,0.0,227,1.5727085895836352,0.05557636203536976,meta_train_support,2,MARGO-SPLIT-v1,20,20,80,3,228,0.0,0.2,20,10,0.0005,0.0005,mrlco_first_order_mean_pseudogradient,fixed_literature_derived_defaults,0.0005403773769577569,2.701886884788618e-05,0.006269186634316232,0.0003134593317158374,0.00075838197365532,3.791909868276766e-05,3.0,0.0,0.02764763979898628,0.2889663996050058,0.02750900372100565,,,,,,,,,,,,,,,,
0.04980181000426138,0.0045,0.987,0.0085,-0.0009380463743582368,0.1656397134065628,0.0030064697239339465,0.014500000203649204,0.9444682681312162,0.0,0.0,0.0,0.0,0.0,0.0,0.04159267492880287,1.447752594947815,publication,0.6677200794219971,5.472612619400024,0.8020187130734422,0.9015675882490541,200,1.3322162649330092,3.951723895035684,0.03310812019844889,0.8020187130734421,0.9015675910562276,679.6179656982422,mobile,0.0018154604431722798,0.02125561505261263,33.980898381139845,33.980898381139845,system,0.0,228,0.9015675910562276,0.040514530239319,meta_train_support,2,MARGO-SPLIT-v1,20,20,80,3,229,0.0,0.2,20,10,0.0005,0.0005,mrlco_first_order_mean_pseudogradient,fixed_literature_derived_defaults,0.0005380176504208234,2.6900882521042196e-05,0.006241810273467689,0.0003120905136733687,0.0007550702619799693,3.77535130989988e-05,3.0,0.0,0.027674540681507324,0.2892784901186792,0.02754675723410465,,,,,,,,,,,,,,,,
0.06063865463863751,0.004,0.98825,0.00775,-0.0009482009336352348,0.04215571656823158,0.0012027443616801155,0.009083333301047485,0.6974655923433601,0.0,0.0,0.0,0.0,0.0,0.0,0.04256952553688124,1.6332648992538452,publication,0.6036381721496582,5.310927391052246,0.7781514897053867,0.8788718000688095,200,0.9947389631772323,3.5112786972895265,0.04102121270261705,0.778151489705387,0.8788717905431986,613.2975141143799,mobile,0.0012467991473283351,0.020575763607265426,30.664877258357397,30.664877258357397,system,0.0,229,0.8788717905431986,0.04197941897387415,meta_train_support,2,MARGO-SPLIT-v1,20,20,80,3,230,0.0,0.2,20,10,0.0005,0.0005,mrlco_first_order_mean_pseudogradient,fixed_literature_derived_defaults,0.0005356784432450808,2.6783922162255253e-05,0.006214671967930873,0.000310733598396562,0.0007517873477974477,3.758936738987306e-05,3.0,0.0,0.02770132460366958,0.28958922371707574,0.027584346601494523,,,,,,,,,,,,,,,,
0.06544665179420292,0.002,0.98925,0.00875,0.00041466811671853065,0.03354968503117561,0.0016307484294312059,0.007749999826774001,0.7685439315934975,0.0,0.0,0.0,0.0,0.0,0.0,0.030759031033933397,1.7847505807876587,publication,0.6527092456817627,5.355395317077637,0.7381901586276395,0.8307286482065319,200,0.9123593475486035,2.4190081721171737,-0.005915441259276122,0.7381901586276396,0.8307286840304733,387.02150932312014,mobile,0.0018554516154593282,0.015784520938683256,19.351074753979503,19.351074753979503,system,0.0,230,0.8307286840304733,0.05106957010425995,meta_train_support,2,MARGO-SPLIT-v1,20,20,80,3,231,0.0,0.2,20,10,0.0005,0.0005,mrlco_first_order_mean_pseudogradient,fixed_literature_derived_defaults,0.0005333594889453185,2.6667974447266984e-05,0.006190124185092984,0.00030950620925462857,0.0007497128350411308,3.748564175205804e-05,3.0,0.0,0.027727992578116846,0.28989872992633037,0.02762183224324658,,,,,,,,,,,,,,,,
0.052671740795943854,0.0025,0.993,0.0045,-0.0018465487519279122,0.01851600408554077,0.0008485201530127109,0.007000000091890493,0.6457587473094463,0.0,0.0,0.0,0.0,0.0,0.0,0.03341786384931973,1.8337757587432861,publication,0.63826584815979,5.5145103931427,0.57541054718527,0.6478157304398701,200,0.8423193542031345,2.7146392960567027,0.021676628311979584,0.57541054718527,0.6478157252632082,514.3849425506592,mobile,0.0020931347399031812,0.05177790847576493,25.71924685903675,25.71924685903675,system,0.0,231,0.6478157252632082,0.043792752876173624,meta_train_support,2,MARGO-SPLIT-v1,20,20,80,3,232,0.0,0.2,20,10,0.0005,0.0005,mrlco_first_order_mean_pseudogradient,fixed_literature_derived_defaults,0.000531060525630899,2.655302628154499e-05,0.0061634426153296526,0.0003081721307665042,0.0007464813142004362,3.732406571002253e-05,3.0,0.0,0.02775454560439839,0.29020690205709687,0.027659156308956604,,,,,,,,,,,,,,,,
0.05417116075814712,0.0035,0.98775,0.00875,-0.0015536770224571228,0.018930800259113312,0.002315672450827962,0.01475000016701718,0.5252598530923327,0.0,0.0,0.0,0.0,0.0,0.0,0.03567821763942429,1.862334132194519,publication,0.591604471206665,5.270398378372192,0.4459427076154931,0.501780741559387,200,0.5323013128216281,1.7195777148008347,0.026522941479925066,0.44594270761549293,0.5017807453684509,621.3751661682129,mobile,0.002904028326037809,0.024434243947277286,31.068757533530057,31.068757533530057,system,0.0,232,0.5017807453684509,0.04256251799721428,meta_train_support,2,MARGO-SPLIT-v1,20,20,80,3,233,0.0,0.2,20,10,0.0005,0.0005,mrlco_first_order_mean_pseudogradient,fixed_literature_derived_defaults,0.0005287812959071613,2.643906479535968e-05,0.0061369900719162205,0.00030684950359582963,0.0007432775317360566,3.7163876586802924e-05,3.0,0.0,0.02778098466919375,0.2905137515606927,0.027696320185543407,,,,,,,,,,,,,,,,
0.07830663053981288,0.0015,0.98975,0.00875,-0.0003900470328517258,0.045358069241046906,0.0018351118489386901,0.0105000001223137,0.6523390565688412,0.0,0.0,0.0,0.0,0.0,0.0,0.03687331718513903,1.656285285949707,publication,0.6437482833862305,5.462975978851318,0.8186438090986986,0.9218212137383762,200,0.8101327742677983,2.4603006441611797,0.04874206555541605,0.8186438090986986,0.9218212559819221,421.3493465423584,mobile,0.0009910236010735726,0.013570535540799821,21.067467097886574,21.067467097886574,system,0.0,233,0.9218212559819221,0.05724483823491152,meta_train_support,2,MARGO-SPLIT-v1,20,20,80,3,234,0.0,0.2,20,10,0.0005,0.0005,mrlco_first_order_mean_pseudogradient,fixed_literature_derived_defaults,0.0005265215467793529,2.632607733896869e-05,0.006110763618617433,0.0003055381809308755,0.000740101132027783,3.700505660138992e-05,3.0,0.0,0.02780731074653272,0.2908192897416236,0.027733325242144797,,,,,,,,,,,,,,,,
0.05964558758760989,0.0055,0.98225,0.01225,-0.0004738442657981068,0.013429149985313416,0.005539562745261388,0.02483333352332314,0.5171896241605282,0.0,0.0,0.0,0.0,0.0,0.0,0.05711566398686774,1.6171714067459106,publication,0.6235532760620117,4.928410053253174,0.5702824933675579,0.6409725332013113,200,0.5232049584321278,1.531583876349032,0.12463276454946026,0.5702824933675579,0.64097253985703,730.4568464660645,mobile,0.0035298271051259255,0.06010849111779204,36.52284183081288,36.52284183081288,system,0.0,234,0.64097253985703,0.048337087907196,meta_train_support,2,MARGO-SPLIT-v1,20,20,80,3,235,0.0,0.2,20,10,0.0005,0.0005,mrlco_first_order_mean_pseudogradient,fixed_literature_derived_defaults,0.0005242810295590152,2.6214051477950473e-05,0.006084760369176508,0.0003042380184588023,0.0007369517655085157,3.6847588275424475e-05,3.0,0.0,0.02783352479801067,0.2911235277600824,0.02777017283042022,,,,,,,,,,,,,,,,
0.06030844711429965,0.00175,0.99375,0.0045,-0.0001189049071399495,0.07272576540708542,0.003977806639623083,0.004166666635622581,0.7589400723576546,0.0,0.0,0.0,0.0,0.0,0.0,0.03172567977171707,1.4247013330459595,publication,0.6790065765380859,4.967722415924072,0.9339003987548614,1.0500146982545993,200,1.0498684604151673,3.570929190143943,0.040514942462323233,0.9339003987548615,1.0500147236883641,344.3705885505676,mobile,0.0011420697963894484,0.004503946077686442,17.218529608434654,17.218529608434654,system,0.0,235,1.0500147236883641,0.04152551558144479,meta_train_support,2,MARGO-SPLIT-v1,20,20,80,3,236,0.0,0.2,20,10,0.0005,0.0005,mrlco_first_order_mean_pseudogradient,fixed_literature_derived_defaults,0.0005220594997727482,2.6102974988638505e-05,0.006058977486256269,0.0003029488743128139,0.000733829088536022,3.669145442680016e-05,3.0,0.0,0.02785962777299931,0.2914264766343952,0.02780686428484702,,,,,,,,,,,,,,,,
0.05654994142516027,0.01,0.97175,0.01825,0.0017556812381371856,0.19212108850479126,0.007368486024371279,0.027000000203649205,1.0986643833418686,0.0,0.0,0.0,0.0,0.0,0.0,0.08198444360520146,1.3663289546966553,publication,0.6126449108123779,5.02104377746582,0.9884488390261985,1.111735039593259,200,0.9796208903664396,2.8343237014487386,0.049585923727136105,0.9884488390261985,1.1117350190132855,840.2869733047486,mobile,0.0032017275362977355,0.02523870176980806,42.01434934786441,42.01434934786441,system,0.0,236,1.1117350190132855,0.039478992017361825,meta_train_support,2,MARGO-SPLIT-v1,20,20,80,3,237,0.0,0.2,20,10,0.0005,0.0005,mrlco_first_order_mean_pseudogradient,fixed_literature_derived_defaults,0.0005198567170732852,2.599283585366305e-05,0.006033412180407086,0.0003016706090203658,0.0007307327632679376,3.6536638163397334e-05,3.0,0.0,0.02788562060885297,0.29172814724341556,0.02784340092301042,,,,,,,,,,,,,,,,
0.06856442332849355,0.00125,0.99175,0.007,-0.0021000360138714314,0.07117383182048798,0.00625846160704858,0.011666666887079676,0.7836599851648013,0.0,0.0,0.0,0.0,0.0,0.0,0.03553094453689672,1.4216818809509277,publication,0.6577279567718506,4.767512321472168,0.8991242256589257,1.0107228725157984,200,0.8489506005052572,2.394263548310846,0.0013709099730476737,0.8991242256589258,1.0107228793832475,369.12695300102234,mobile,0.0018915055947710706,0.013031477357795824,18.45634747596351,18.45634747596351,system,0.0,237,1.0107228793832475,0.049872252052228026,meta_train_support,2,MARGO-SPLIT-v1,20,20,80,3,238,0.0,0.2,20,10,0.0005,0.0005,mrlco_first_order_mean_pseudogradient,fixed_literature_derived_defaults,0.0005176724451528091,2.5883622257642097e-05,0.006008061709060837,0.0003004030854530382,0.0007277383620024148,3.63869181001196e-05,3.0,0.0,0.027911504231110613,0.2920285503288686,0.02787978784111054,,,,,,,,,,,,,,,,
0.07864017011291032,0.0065,0.984,0.0095,0.0005435781786218286,0.11432940512895584,0.0018226634887369346,0.009583333289871612,1.2888484536359708,0.0,0.0,0.0,0.0,0.0,0.0,0.041811031670248015,1.5072897672653198,publication,0.6766824722290039,4.749236345291138,1.1459770481775158,1.2905917648343028,200,0.9364496291346172,3.39724943600595,0.074317013961263,1.145977048177516,1.2905917521193624,486.1558431625366,mobile,0.0014145222307466723,0.009313734876627277,24.30779217725541,24.30779217725541,system,0.0,238,1.2905917521193624,0.04865661684288533,meta_train_support,2,MARGO-SPLIT-v1,20,20,80,3,239,0.0,0.2,20,10,0.0005,0.0005,mrlco_first_order_mean_pseudogradient,fixed_literature_derived_defaults,0.0005155064516584459,2.5775322582920895e-05,0.0059829233755501225,0.00029914616877751987,0.0007246934316174676,3.623467158087382e-05,3.0,0.0,0.027937279553693534,0.2923276964976461,0.027916022512691412,,,,,,,,,,,,,,,,
0.06490149149977524,0.006,0.97925,0.01475,3.5128417948726565e-05,0.0398218035697937,0.0039039065654899708,0.017166666500270367,0.655198059293131,0.0,0.0,0.0,0.0,0.0,0.0,0.060360534415499316,1.5459197759628296,publication,0.6631712913513184,5.243442058563232,0.6943762606039559,0.7818865216144332,200,0.7120572817985914,2.1335738715715706,0.022296014419680432,0.694376260603956,0.7818865556456148,634.144425239563,mobile,0.0025450991346130294,0.031788626643678805,31.70722021303098,31.70722021303098,system,0.0,239,0.7818865556456148,0.04506136276052434,meta_train_support,2,MARGO-SPLIT-v1,20,20,80,3,240,0.0,0.2,20,10,0.0005,0.0005,mrlco_first_order_mean_pseudogradient,fixed_literature_derived_defaults,0.0005133585081098691,2.566792540549187e-05,0.005957994528151997,0.0002978997264075911,0.0007216738756523947,3.6083693782620885e-05,3.0,0.0,0.027962947479099026,0.2926255962240537,0.027952106206474033,,,,,,,,,,,,,,,,
0.04948420869672017,0.0035,0.98125,0.01525,-0.0005419238586910069,0.00939864106476307,0.002762352573375703,0.014000000199303031,0.4523179540410638,0.0,0.0,0.0,0.0,0.0,0.0,0.05576347897572919,1.7736505270004272,publication,0.6302669048309326,5.580842018127441,0.3576562940753725,0.40141361479261833,200,0.4611428370869337,1.5145597564987838,0.03861778479767963,0.35765629407537247,0.401413610316813,645.7184908676147,mobile,0.004019063465991386,0.025489746283643734,32.285924866721,32.285924866721,system,0.0,240,0.401413610316813,0.039578236203830705,meta_train_support,2,MARGO-SPLIT-v1,20,20,80,3,241,0.0,0.2,20,10,0.0005,0.0005,mrlco_first_order_mean_pseudogradient,fixed_literature_derived_defaults,0.0005112283898189567,2.5561419490949255e-05,0.005934689039339836,0.00029673445196698456,0.0007200306359826295,3.600153179912982e-05,3.0,0.0,0.027988508898589975,0.2929223306760207,0.027988107738273163,,,,,,,,,,,,,,,,
0.06299989518777575,0.00075,0.9935,0.00575,-0.001463508466258645,0.018453095108270645,0.0017267640901060589,0.0037499999317030116,0.4942770617703597,0.0,0.0,0.0,0.0,0.0,0.0,0.03063501248666766,1.7947124242782593,publication,0.6276867389678955,5.431396484375,0.4777633696155522,0.537494295491033,200,0.7924566119514969,2.178944606537698,-0.0022861497418489307,0.4777633696155523,0.5374942928762175,249.5427199268341,mobile,0.003331653483342592,0.013544913811175462,12.477136344426517,12.477136344426517,system,0.0,241,0.5374942928762175,0.05405009478596192,meta_train_support,2,MARGO-SPLIT-v1,20,20,80,3,242,0.0,0.2,20,10,0.0005,0.0005,mrlco_first_order_mean_pseudogradient,fixed_literature_derived_defaults,0.0005091158758114404,2.5455793790572084e-05,0.005910165530912812,0.0002955082765456196,0.0007170553027760897,3.585276513880589e-05,3.0,0.0,0.028013964692380548,0.2932178389525663,0.02802396050341197,,,,,,,,,,,,,,,,
0.041286951888160936,0.009,0.9745,0.0165,0.0016369434306398034,0.029070118442177773,0.004359054935314255,0.022750000127901637,0.5382881697267294,0.0,0.0,0.0,0.0,0.0,0.0,0.07959313892911521,1.7564144134521484,publication,0.6681816577911377,4.9265406131744385,0.5601303521138411,0.6304957812133216,200,0.8172294612101294,2.7983164396137,0.03809620019455906,0.5601303521138411,0.6304957920312881,866.4534339141845,mobile,0.0025860899033475103,0.02718100911317868,43.322671215933795,43.322671215933795,system,0.0,242,0.6304957920312881,0.028266565514219532,meta_train_support,2,MARGO-SPLIT-v1,20,20,80,3,243,0.0,0.2,20,10,0.0005,0.0005,mrlco_first_order_mean_pseudogradient,fixed_literature_derived_defaults,0.000507020748750488,2.5351037437525148e-05,0.005885843862061319,0.00029429219310306287,0.0007141044579086984,3.570522289543521e-05,3.0,0.0,0.028039315729818073,0.2935121311456694,0.028059665726307404,,,,,,,,,,,,,,,,
0.049719740629042344,0.00575,0.98175,0.0125,0.0005919536924920976,0.01686329022049904,0.005111282056577693,0.020833333038414517,0.53683992534255,0.0,0.0,0.0,0.0,0.0,0.0,0.06393318627226695,1.7551943063735962,publication,0.6654863357543945,3.4085333347320557,0.5328951712893156,0.5992858441963381,200,0.6488462226195706,2.024999705608934,0.014081204397371039,0.5328951712893155,0.599285858143121,893.822952823639,mobile,0.003308672329834812,0.026406130884113733,44.691146927649825,44.691146927649825,system,0.0,243,0.599285858143121,0.03663452278232918,meta_train_support,2,MARGO-SPLIT-v1,20,20,80,3,244,0.0,0.2,20,10,0.0005,0.0005,mrlco_first_order_mean_pseudogradient,fixed_literature_derived_defaults,0.0005049427948621663,2.524713974310852e-05,0.005861721551151232,0.00029308607755756944,0.0007111778002943185,3.555889001471621e-05,3.0,0.0,0.02806456286956118,0.29380521722322694,0.02809522461632212,,,,,,,,,,,,,,,,
0.05718153829033311,0.0015,0.99125,0.00725,-0.0007611997425556183,0.013559285551309586,0.0013233190311060146,0.00750000000310441,0.35683400668203824,0.0,0.0,0.0,0.0,0.0,0.0,0.04057711462792144,1.3275303840637207,publication,0.6520247459411621,5.518582820892334,0.3001685614538119,0.3366177106509349,200,0.4310367302110173,1.160019430797547,0.03192237491020933,0.3001685614538119,0.33661771537736057,428.8431175994873,mobile,0.0010801396019385061,0.01182870524214337,21.442156114273722,21.442156114273722,system,0.0,244,0.33661771537736057,0.0479413291669966,meta_train_support,2,MARGO-SPLIT-v1,20,20,80,3,245,0.0,0.2,20,10,0.0005,0.0005,mrlco_first_order_mean_pseudogradient,fixed_literature_derived_defaults,0.0005028818038627288,2.514409019313546e-05,0.0058377961570649,0.0002918898078532184,0.0007082750337625049,3.541375168812644e-05,3.0,0.0,0.028089706959754317,0.29409710703108016,0.028130638368010247,,,,,,,,,,,,,,,,
0.05170515615683665,0.0015,0.99025,0.00825,-0.0012360544642433524,0.01615510694682598,0.0009646255542942109,0.006583333341404795,0.5140284633884826,0.0,0.0,0.0,0.0,0.0,0.0,0.037232021178803656,1.6873115301132202,publication,0.6512172222137451,5.114001750946045,0.6095348436032757,0.6862851618108107,200,0.6763997467916472,1.8900378851685673,0.05916159925982356,0.6095348436032757,0.6862851636856795,707.8186854743958,mobile,0.0012523951673970087,0.017695918979156507,35.39093235941462,35.39093235941462,system,0.0,245,0.6862851636856795,0.04297516893548742,meta_train_support,2,MARGO-SPLIT-v1,20,20,80,3,246,0.0,0.2,20,10,0.0005,0.0005,mrlco_first_order_mean_pseudogradient,fixed_literature_derived_defaults,0.0005008375688876772,2.504187844438316e-05,0.005814065278377644,0.00029070326391889,0.0007053958669585923,3.5269793347929984e-05,3.0,0.0,0.0281147488381987,0.29438781029499905,0.028165908161358177,,,,,,,,,,,,,,,,
0.04056874684312442,0.003,0.99025,0.00675,-0.003213010961189866,0.01026090793311596,0.002410711622648402,0.012583333362514774,0.4078188871343931,0.0,0.0,0.0,0.0,0.0,0.0,0.03783981595124051,1.0932109355926514,publication,0.6565139293670654,4.935445547103882,0.33092542530868285,0.37127055288692645,200,0.4235082604775435,1.3767383825033903,0.03198938074638136,0.33092542530868285,0.3712705490551889,681.7258940124511,mobile,0.004524775920185737,0.04465454618665736,34.08629444806282,34.08629444806282,system,0.0,246,0.3712705490551889,0.037692505403227446,meta_train_support,2,MARGO-SPLIT-v1,20,20,80,3,247,0.0,0.2,20,10,0.0005,0.0005,mrlco_first_order_mean_pseudogradient,fixed_literature_derived_defaults,0.0004988098864225449,2.494049432112677e-05,0.005790526552554253,0.00028952632762768715,0.0007025400132462093,3.5127000662309865e-05,3.0,0.0,0.028139689332519827,0.29467733662262674,0.028201035162020487,,,,,,,,,,,,,,,,
0.07343375435685758,0.00125,0.99425,0.0045,-0.0008469570893794298,0.013144122436642647,0.0010757089739852194,0.005333333214124044,0.6500696075459321,0.0,0.0,0.0,0.0,0.0,0.0,0.02384375926984502,1.473168969154358,publication,0.5367586612701416,5.221283197402954,0.5774644311585908,0.6515105875142035,200,0.6042231058687574,1.6360265649855137,0.05381480173673481,0.5774644311585909,0.651510582137853,553.8472773742676,mobile,0.0014671237729713988,0.026616551871688397,27.692363390766694,27.692363390766694,system,0.0,247,0.651510582137853,0.05422813657622598,meta_train_support,2,MARGO-SPLIT-v1,20,20,80,3,248,0.0,0.2,20,10,0.0005,0.0005,mrlco_first_order_mean_pseudogradient,fixed_literature_derived_defaults,0.0004967985562353572,2.483992781176711e-05,0.0057671776551649215,0.00028835888275824395,0.0006997071906121521,3.498535953060794e-05,3.0,0.0,0.028164529260331594,0.294965695505385,0.028236020521551095,,,,,,,,,,,,,,,,
0.05496259532824034,0.00325,0.99125,0.0055,-0.001207845052704215,0.06376982480287552,0.0024068359257166587,0.005749999964609742,0.8671181672563154,0.0,0.0,0.0,0.0,0.0,0.0,0.0349671636208771,1.3645405769348145,publication,0.6570038795471191,5.0375518798828125,1.0167631910475967,1.1452121441873715,200,0.9602616806304191,3.109572938643396,0.03666239844824304,1.0167631910475967,1.1452121434174478,616.0206137657166,mobile,0.002448729266577638,0.04527212743614813,30.801030945626806,30.801030945626806,system,0.0,248,1.1452121434174478,0.04421146823740136,meta_train_support,2,MARGO-SPLIT-v1,20,20,80,3,249,0.0,0.2,20,10,0.0005,0.0005,mrlco_first_order_mean_pseudogradient,fixed_literature_derived_defaults,0.0004948033813107172,2.4740169065534667e-05,0.005744016299120082,0.00028720081495597904,0.000696897121573549,3.484485607867585e-05,3.0,0.0,0.02818926942939713,0.29525289632034096,0.02827086537762977,,,,,,,,,,,,,,,,
0.0753217596724012,0.0,0.9995,0.0005,-0.0024367941077798605,0.011332700029015541,0.0002718516812496574,0.00033333332588275275,0.6506522951026759,0.0,0.0,0.0,0.0,0.0,0.0,0.010752752004255722,1.3327248096466064,publication,0.6569046974182129,5.143010377883911,0.47266903321796616,0.5308210169943777,200,0.6855836635360864,1.8781582592055202,0.0491322799352929,0.4726690332179663,0.5308210198581219,162.29094954490662,mobile,0.004269704505780953,0.017758944581071266,8.114547301593387,8.114547301593387,system,0.0,249,0.5308210198581219,0.05746807392641769,meta_train_support,2,MARGO-SPLIT-v1,20,20,80,3,250,0.0,0.2,20,10,0.0005,0.0005,mrlco_first_order_mean_pseudogradient,fixed_literature_derived_defaults,0.0004928241677854743,2.4641208389273445e-05,0.005721040233923602,0.00028605201169618066,0.0006941095330872548,3.470547665436127e-05,3.0,0.0,0.028213910637786402,0.29553894833203714,0.02830557085428413,,,,,,,,,,,,,,,,
0.079076378055569,0.00175,0.9925,0.00575,-0.0007163648260757327,0.12469116598367691,0.0011398213835791537,0.005500000063329935,1.409976598372062,0.0,0.0,0.0,0.0,0.0,0.0,0.03142612576635014,1.4054172039031982,publication,0.6579043865203857,5.046264171600342,1.29290170411402,1.4573148979781037,200,0.8466855191310692,2.958489534445107,0.15018539794255048,1.29290170411402,1.4573149543255568,784.8632673835755,mobile,0.0016058402854105594,0.009992541431096206,39.24316371074129,39.24316371074129,system,0.0,250,1.4573149543255568,0.05656157965634133,meta_train_support,2,MARGO-SPLIT-v1,20,20,80,3,251,0.0,0.2,20,10,0.0005,0.0005,mrlco_first_order_mean_pseudogradient,fixed_literature_derived_defaults,0.0004908607248859306,2.4543036244297628e-05,0.0056982472449438265,0.00028491236224720273,0.0006913441564614091,3.456720782307049e-05,3.0,0.0,0.0282384536740307,0.29582386069428435,0.028340138062107202,-0.08019796769086766,-0.06369371652606146,0.06369371652606146,0.025,0.075,0.05,0.01125,0.975,0.975,0.0,validation/automotive_lexicographic_v1,automotive_lexicographic_v1,a3bd00d5108237acdb706f561212b5d840bac151f48b5250a61c573d9c9ffb6c,73086800.0,0.06369371652606146,0.0
0.08672943465039942,0.00125,0.9925,0.00625,-0.0010642161360010505,0.2306341677904129,0.004116023420319692,0.011499999742954969,1.583886859503885,0.0,0.0,0.0,0.0,0.0,0.0,0.03179305393082032,1.5023643970489502,publication,0.6051256656646729,5.151795864105225,1.0992018337968517,1.2376993124809814,200,1.114150154250326,3.177791924448684,0.12397139170207083,1.0992018337968517,1.2376992596685887,491.7610441207886,mobile,0.00021023346418027402,0.0040693551804068286,24.588053731670016,24.588053731670016,system,0.0,251,1.2376992596685887,0.0636490003427418,meta_train_support,2,MARGO-SPLIT-v1,20,20,80,3,252,0.0,0.2,20,10,0.0005,0.0005,mrlco_first_order_mean_pseudogradient,fixed_literature_derived_defaults,0.000488912864866542,2.444564324332807e-05,0.0056756351527019865,0.00028378175763510427,0.000688600727269102,3.4430036363455874e-05,3.0,0.0,0.028262899317274028,0.29610764245191945,0.028374568098470658,,,,,,,,,,,,,,,,
0.07258118833720623,0.00225,0.994,0.00375,1.1014013580279425e-05,0.0338241346180439,0.001403935200373733,0.0037499999627470964,0.968799168119828,0.0,0.0,0.0,0.0,0.0,0.0,0.026280111668843573,1.5895920991897583,publication,0.5903952121734619,4.991042613983154,0.8545643597396267,0.9621762204662082,200,0.8993889446752504,2.7525899978354573,0.029999614576809108,0.8545643597396264,0.9621761922165751,465.4764553451538,mobile,0.0001628440230450125,0.0020765132133005134,23.27382248610379,23.27382248610379,system,0.0,252,0.9621761922165751,0.050666053177694,meta_train_support,2,MARGO-SPLIT-v1,20,20,80,3,253,0.0,0.2,20,10,0.0005,0.0005,mrlco_first_order_mean_pseudogradient,fixed_literature_derived_defaults,0.0004869804029500734,2.434902014750509e-05,0.005653201812177472,0.0002826600906088994,0.0006858789852640858,3.429394926320398e-05,3.0,0.0,0.028287248337421533,0.29639030254252835,0.028408862047733862,,,,,,,,,,,,,,,,
0.04931759023733779,0.002,0.98775,0.01025,-0.0010450033005326986,0.0174811240285635,0.0029388380013036413,0.011333333235234022,0.6477988205850125,0.0,0.0,0.0,0.0,0.0,0.0,0.05570159785074617,1.7090615034103394,publication,0.6120171546936035,3.371241807937622,0.5614919153579209,0.6311199660714693,200,0.6602542133287272,2.1361491759307683,0.03801200117868575,0.561491915357921,0.6311199750378728,961.0195638275146,mobile,0.0005551400173079849,0.011314874496469165,48.05097494614863,48.05097494614863,system,0.0,253,0.6311199750378728,0.03510106384111095,meta_train_support,2,MARGO-SPLIT-v1,20,20,80,3,254,0.0,0.2,20,10,0.0005,0.0005,mrlco_first_order_mean_pseudogradient,fixed_literature_derived_defaults,0.0004850631572691676,2.4253157863456803e-05,0.00563094511212953,0.00028154725560647353,0.0006831786742984791,3.415893371492423e-05,3.0,0.0,0.02831150149528499,0.2966718497981348,0.028443020981448786,,,,,,,,,,,,,,,,
0.06584967671202266,0.00175,0.9905,0.00775,0.0005092995124869049,0.016007976606488228,0.0026334437780514957,0.007166666723787784,0.7863811150193214,0.0,0.0,0.0,0.0,0.0,0.0,0.040046298782600236,1.688075065612793,publication,0.6577060222625732,5.111894130706787,0.7601326196593453,0.8570782399571908,200,0.906072230951317,2.4471995048224926,0.05137773838941939,0.7601326196593455,0.8570782331004739,546.7719283676147,mobile,0.00023988097781730964,0.011673263584082334,27.33859524837848,27.33859524837848,system,0.0,254,0.8570782331004739,0.05175991097642044,meta_train_support,2,MARGO-SPLIT-v1,20,20,80,3,255,0.0,0.2,20,10,0.0005,0.0005,mrlco_first_order_mean_pseudogradient,fixed_literature_derived_defaults,0.0004831609488092885,2.415804744046457e-05,0.005608862974434904,0.0002804431487217207,0.0006804995422424067,3.4024977112120935e-05,3.0,0.0,0.028335659542725454,0.29695229294685654,0.028477045958560907,,,,,,,,,,,,,,,,
0.06515016580785296,0.00025,0.99925,0.0005,-0.0005440255627036095,0.16205208003520966,0.0001200812531178504,0.00033333332588275275,1.5206272651751835,0.0,0.0,0.0,0.0,0.0,0.0,0.01271288913853835,1.6572514772415161,publication,0.6441636085510254,5.230839967727661,1.328973667028112,1.497367435840424,200,1.379207162752663,3.725152355618775,0.026571334805339575,1.3289736670281123,1.4973673737235367,294.54523719787596,mobile,0.00013729156520487043,0.0028128116160236853,14.727262035637686,14.727262035637686,system,0.0,255,1.4973673737235367,0.049840188407954816,meta_train_support,2,MARGO-SPLIT-v1,20,20,80,3,256,0.0,0.2,20,10,0.0005,0.0005,mrlco_first_order_mean_pseudogradient,fixed_literature_derived_defaults,0.0004812736013530022,2.406368006764928e-05,0.005586953353441017,0.00027934766767206964,0.0006778413409055223,3.3892067045276225e-05,3.0,0.0,0.028359723222793103,0.2972316406145286,0.028510938025606183,,,,,,,,,,,,,,,,
0.07060864203590325,0.0005,0.99725,0.00225,-0.0006799122202210128,0.05590670183300972,0.002074689840595193,0.006416666616375248,0.836142785102129,0.0,0.0,0.0,0.0,0.0,0.0,0.018865834513061255,1.6424634456634521,publication,0.5977928638458252,5.123059511184692,0.5530507117466478,0.6211067980868392,200,0.9234776576175673,3.200623149983585,0.04405677958857268,0.5530507117466478,0.6211068150401116,585.4278808021545,mobile,0.0026845250419738204,0.02080739087058285,29.271394351748903,29.271394351748903,system,0.0,256,0.6211068150401116,0.05676102255945463,meta_train_support,2,MARGO-SPLIT-v1,20,20,80,3,257,0.0,0.2,20,10,0.0005,0.0005,mrlco_first_order_mean_pseudogradient,fixed_literature_derived_defaults,0.00047940094142555865,2.397004707127906e-05,0.005565214235334243,0.0002782607117667313,0.0006752038259603646,3.3760191298019826e-05,3.0,0.0,0.028383693269864382,0.29750990132629535,0.028544698216904203,,,,,,,,,,,,,,,,
0.05663846403347619,0.00125,0.99375,0.005,-0.0003903136821463704,0.014445722103118896,0.002446339170788129,0.010083333278695743,0.668657963971297,0.0,0.0,0.0,0.0,0.0,0.0,0.026422035169092153,1.5952266454696655,publication,0.6345417499542236,5.1499364376068115,0.5514276715889542,0.6200832140457715,200,0.7774888367725549,2.4323468996735755,0.049504049704410136,0.5514276715889542,0.6200832118093967,848.3205598449707,mobile,0.002002219082820148,0.02724673995428542,42.41602870980016,42.41602870980016,system,0.0,257,0.6200832118093967,0.047612311247398245,meta_train_support,2,MARGO-SPLIT-v1,20,20,80,3,258,0.0,0.2,20,10,0.0005,0.0005,mrlco_first_order_mean_pseudogradient,fixed_literature_derived_defaults,0.0004775427982417387,2.3877139912087397e-05,0.0055436436375228704,0.0002771821818761677,0.000672586756867495,3.36293378433751e-05,3.0,0.0,0.02840757040977647,0.2977870835081715,0.02857832755474758,,,,,,,,,,,,,,,,
0.06530032878932902,0.0,0.99975,0.00025,-0.00021870479395147413,0.015337889082729816,4.796812484819668e-05,0.00016666666294137638,0.8292719146857659,0.0,0.0,0.0,0.0,0.0,0.0,0.005552264976007027,1.4955885410308838,publication,0.6080656051635742,5.382176876068115,0.7194480718611321,0.8079123869421891,200,0.7456308838017968,1.9865125641226768,0.061293427541386336,0.7194480718611321,0.8079123560339212,292.83298206329346,mobile,0.0,0.0,14.641649336544091,14.641649336544091,system,0.0,258,0.8079123560339212,0.044150075564445286,meta_train_support,2,MARGO-SPLIT-v1,20,20,80,3,259,0.0,0.2,20,10,0.0005,0.0005,mrlco_first_order_mean_pseudogradient,fixed_literature_derived_defaults,0.00047569900365393273,2.378495018269533e-05,0.005522239608034365,0.0002761119804017276,0.0006699898968023695,3.3499494840119604e-05,3.0,0.0,0.028431355359959165,0.29806319548857324,0.028611827049587698,,,,,,,,,,,,,,,,
0.07151379633282698,0.002,0.99425,0.00375,-0.0003592862340155989,0.030448874458670616,0.002783479305115177,0.007416666671633721,0.8671003128091496,0.0,0.0,0.0,0.0,0.0,0.0,0.02316524616713488,1.4324564933776855,publication,0.6591277122497559,4.822041988372803,0.8489132455072886,0.9566276987393212,200,0.7979652062005234,2.7592065865173936,0.11943524470552802,0.8489132455072887,0.9566277022659778,688.1204373168945,mobile,0.0011491087422990341,0.012987267606018666,34.4060213835473,34.4060213835473,system,0.0,259,0.9566277022659778,0.05392273862140924,meta_train_support,2,MARGO-SPLIT-v1,20,20,80,3,260,0.0,0.2,20,10,0.0005,0.0005,mrlco_first_order_mean_pseudogradient,fixed_literature_derived_defaults,0.0004738693921014176,2.369346960507182e-05,0.005501000224926541,0.0002750500112463361,0.0006674130125838988,3.33706506291942e-05,3.0,0.0,0.028455048829564237,0.2983382454998196,0.028645197700216892,,,,,,,,,,,,,,,,
0.0523825537772333,0.00075,0.99775,0.0015,-0.0016644635470584035,0.010777818039059639,0.0016518226713620836,0.010333333723247053,0.5646569300442934,0.0,0.0,0.0,0.0,0.0,0.0,0.014568459028034539,1.3193261623382568,publication,0.5347847938537598,5.338223457336426,0.3844142949089992,0.43161415836606465,200,0.5235472873675071,1.613741958863102,0.05358782410621643,0.38441429490899903,0.43161414612084625,524.0535081100464,mobile,0.0017353014435831072,0.0244505330185504,26.202675180875644,26.202675180875644,system,0.0,260,0.43161414612084625,0.04195038662595179,meta_train_support,2,MARGO-SPLIT-v1,20,20,80,3,261,0.0,0.2,20,10,0.0005,0.0005,mrlco_first_order_mean_pseudogradient,fixed_literature_derived_defaults,0.00047205380056079913,2.360269002803922e-05,0.005479923595712263,0.0002739961797856294,0.0006648558746046502,3.3242793730233616e-05,3.0,0.0,0.028478651519592276,0.2986122416796052,0.028678440493947126,,,,,,,,,,,,,,,,
0.0444809967734827,0.001,0.9955,0.0035,-0.001458058482967317,0.01304337102919817,0.0015124087102987463,0.007916666784634192,0.5600266770770151,0.0,0.0,0.0,0.0,0.0,0.0,0.02309139001191909,1.2654037475585938,publication,0.4845767021179199,3.3393638134002686,0.6932017931342135,0.7817653473895916,200,0.6365769491960513,1.624800133286044,0.06991458014817908,0.6932017931342135,0.7817653514072299,765.289059753418,mobile,0.0009726890002505743,0.009517857655026819,38.26445330762214,38.26445330762214,system,0.0,261,0.7817653514072299,0.038665873194009284,meta_train_support,2,MARGO-SPLIT-v1,20,20,80,3,262,0.0,0.2,20,10,0.0005,0.0005,mrlco_first_order_mean_pseudogradient,fixed_literature_derived_defaults,0.00047025206849759,2.3512603424879347e-05,0.00545900785679733,0.0002729503928398658,0.0006623182567626478,3.31159128381317e-05,3.0,0.0,0.028502164123017155,0.29888519207244507,0.028711556406785257,,,,,,,,,,,,,,,,
0.05739250952411421,0.0,0.99475,0.00525,-0.0002824653929565102,0.020020920783281326,0.002329227127059467,0.004916666587814688,0.71218120281895,0.0,0.0,0.0,0.0,0.0,0.0,0.01713264661730642,1.2105302810668945,publication,0.6528172492980957,4.814838171005249,0.7346714636563363,0.8287381708413887,200,0.7967797827989337,2.382320842705667,0.050124988541938365,0.7346714636563366,0.8287381518259644,669.6145224380493,mobile,5.634413067197842e-05,0.0007307765012712863,33.48072409587263,33.48072409587263,system,0.0,262,0.8287381518259644,0.04220824243026021,meta_train_support,2,MARGO-SPLIT-v1,20,20,80,3,263,0.0,0.2,20,10,0.0005,0.0005,mrlco_first_order_mean_pseudogradient,fixed_literature_derived_defaults,0.00046846403781889193,2.3423201890943046e-05,0.0054382511729311805,0.0002719125586465587,0.0006597999363947289,3.2989996819735024e-05,3.0,0.0,0.0285255873249081,0.29915710463109163,0.028744546403604992,,,,,,,,,,,,,,,,
0.054020455399379406,0.002,0.9945,0.0035,0.00015819647524040192,0.17500725388526917,0.0011775494596340753,0.0036666666157543657,1.1082543386767307,0.0,0.0,0.0,0.0,0.0,0.0,0.01587906070578699,1.2218589782714844,publication,0.6594817638397217,5.13587212562561,0.8061251841477121,0.9061048449882947,200,1.2404135912089622,3.5369812790304422,0.043885501771001145,0.806125184147712,0.9061048446968197,366.3820469665527,mobile,7.872430145150246e-05,0.001970088633374942,18.319101053705502,18.319101053705502,system,0.0,263,0.9061048446968197,0.04069599550457339,meta_train_support,2,MARGO-SPLIT-v1,20,20,80,3,264,0.0,0.2,20,10,0.0005,0.0005,mrlco_first_order_mean_pseudogradient,fixed_literature_derived_defaults,0.0004666895528271537,2.3334477641356877e-05,0.005417651736670078,0.00027088258683349853,0.0006573006942114156,3.28650347105712e-05,3.0,0.0,0.028548921802549455,0.29942798721792513,0.028777411438315564,,,,,,,,,,,,,,,,
0.048886268079383344,0.00275,0.99,0.00725,-3.0375342248589732e-05,0.011613400653004646,0.004068651785627161,0.007416666718199849,0.6432630185037852,0.0,0.0,0.0,0.0,0.0,0.0,0.0427459992548129,1.3658595085144043,publication,0.6679482460021973,4.975562572479248,0.6201184149959674,0.6996290710870926,200,0.4778456174553795,1.3751411698758602,0.035941806418122724,0.6201184149959675,0.6996290684863925,937.481962108612,mobile,0.0015884992057272214,0.04341526946396082,46.87409701136833,46.87409701136833,system,0.0,264,0.6996290684863925,0.0381406781655965,meta_train_support,2,MARGO-SPLIT-v1,20,20,80,3,265,0.0,0.2,20,10,0.0005,0.0005,mrlco_first_order_mean_pseudogradient,fixed_literature_derived_defaults,0.00046492846017497574,2.3246423008747158e-05,0.005397207767852455,0.0002698603883926065,0.0006548203142332593,3.2741015711663934e-05,3.0,0.0,0.028572168225558203,0.29969784760631774,0.028810152454027228,,,,,,,,,,,,,,,,
0.0606611796385344,0.0015,0.992,0.0065,-0.0007486638496629894,0.13106830418109894,0.0025258329031477324,0.005666666633139054,0.88602710912625,0.0,0.0,0.0,0.0,0.0,0.0,0.028158208778048945,1.3378889560699463,publication,0.6646237373352051,5.194308757781982,0.5696962782156715,0.6384105834130606,200,0.992943903230016,3.312722336500883,0.04072034634009469,0.5696962782156716,0.6384105825051666,425.4242275238037,mobile,0.0002380748323954412,0.008258632316936455,21.271211085837475,21.271211085837475,system,0.0,265,0.6384105825051666,0.04969694136994345,meta_train_support,2,MARGO-SPLIT-v1,20,20,80,3,266,0.0,0.2,20,10,0.0005,0.0005,mrlco_first_order_mean_pseudogradient,fixed_literature_derived_defaults,0.00046318060882093447,2.315903044104728e-05,0.005376917513086092,0.00026884587565428886,0.000652358583728623,3.261792918643133e-05,3.0,0.0,0.02859532725599925,0.299966693481972,0.02884277038321366,,,,,,,,,,,,,,,,
0.05950042660651851,0.002,0.99275,0.00525,-0.000248162163188681,0.017858808860182762,0.0037037142252476377,0.0050833332041899364,0.7620266750454904,0.0,0.0,0.0,0.0,0.0,0.0,0.01924727918029563,1.485758662223816,publication,0.6461606025695801,4.730954885482788,0.67532619411214,0.7606964077538941,200,0.7363468932151075,1.9051782628521323,0.029808648214384448,0.67532619411214,0.7606963968276977,501.62116542816165,mobile,0.0007050848246732355,0.006353795644758199,25.08105804809415,25.08105804809415,system,0.0,266,0.7606963968276977,0.045583281201017595,meta_train_support,2,MARGO-SPLIT-v1,20,20,80,3,267,0.0,0.2,20,10,0.0005,0.0005,mrlco_first_order_mean_pseudogradient,fixed_literature_derived_defaults,0.00046144584998639913,2.3072292499318886e-05,0.005356779245246818,0.0002678389622623456,0.0006499152931528603,3.24957646576432e-05,3.0,0.0,0.02861839954849857,0.30023453244423437,0.028875266147871302,,,,,,,,,,,,,,,,
0.07181730015571818,0.00025,0.9995,0.00025,4.763702236232348e-06,0.03754648193717003,0.000845889090865589,0.00033333332588275275,0.9278267358740171,0.0,0.0,0.0,0.0,0.0,0.0,0.004036804622244526,1.5507138967514038,publication,0.5418379306793213,5.148709774017334,0.6731638770381414,0.7598058452902479,200,0.8529081064003692,2.2838903050869703,0.05801054055336863,0.6731638770381413,0.7598058338463306,205.27507011413573,mobile,0.00021408543275767202,0.0011693433298147196,10.263753563399115,10.263753563399115,system,0.0,267,0.7598058338463306,0.055642332181860696,meta_train_support,2,MARGO-SPLIT-v1,20,20,80,3,268,0.0,0.2,20,10,0.0005,0.0005,mrlco_first_order_mean_pseudogradient,fixed_literature_derived_defaults,0.00045972403711331557,2.2986201855666744e-05,0.005336791262988434,0.0002668395631494347,0.0006474902360888571,3.2374511804444256e-05,3.0,0.0,0.028641385750354235,0.3005013720073838,0.028907640659675746,,,,,,,,,,,,,,,,
0.052615351632394815,0.00125,0.9955,0.00325,-0.0006703088874928653,0.008754223585128784,0.0015071096795755078,0.008833333011716604,0.48475283334652586,0.0,0.0,0.0,0.0,0.0,0.0,0.02195429217621844,1.6148500442504883,publication,0.6034457683563232,5.338798761367798,0.24104296128497704,0.2713625340848375,200,0.3916044012177788,1.3744100974872708,0.037092666258104146,0.24104296128497707,0.2713625386543572,486.24432790756225,mobile,0.0008109701213966672,0.0046178938668977034,24.312215916074305,24.312215916074305,system,0.0,268,0.2713625386543572,0.0437202992337463,meta_train_support,2,MARGO-SPLIT-v1,20,20,80,3,269,0.0,0.2,20,10,0.0005,0.0005,mrlco_first_order_mean_pseudogradient,fixed_literature_derived_defaults,0.0004580150258229315,2.290075129114666e-05,0.005325934121934774,0.00026629670609673584,0.0006482326829461295,3.2411634147307133e-05,3.0,0.0,0.028664286501645382,0.30076766871348054,0.028940052293823054,,,,,,,,,,,,,,,,
0.051946726089671845,0.00425,0.986,0.00975,0.0001214802687172778,0.03625423461198807,0.0026991494650129245,0.011749999908109507,0.5500665950278442,0.0,0.0,0.0,0.0,0.0,0.0,0.04988510507498292,1.1925338506698608,publication,0.6575896739959717,5.402302026748657,0.4807930585968086,0.5395485339872539,200,0.6945611941317371,2.283123952220194,0.03816650668159127,0.48079305859680843,0.5395485289394856,849.8071233272552,mobile,0.0006481965499790564,0.026223666895740422,42.4903578690818,42.4903578690818,system,0.0,269,0.5395485289394856,0.041773164844335096,meta_train_support,2,MARGO-SPLIT-v1,20,20,80,3,270,0.0,0.2,20,10,0.0005,0.0005,mrlco_first_order_mean_pseudogradient,fixed_literature_derived_defaults,0.00045631867387543916,2.281593369377055e-05,0.0053062084400016815,0.0002653104220000646,0.0006458318211574403,3.229159105787305e-05,3.0,0.0,0.028687102435339153,0.3010329791354806,0.028972343884880927,,,,,,,,,,,,,,,,
0.05449881975109808,0.0015,0.99025,0.00825,-0.0033356286585330963,0.058317720890045166,0.0019958398554966133,0.014583333364377421,0.6746620359520118,0.0,0.0,0.0,0.0,0.0,0.0,0.037883238209559494,1.4894487857818604,publication,0.5589652061462402,4.662253379821777,0.5884246365011144,0.661666632695451,200,0.9468678788004141,3.130766853224486,0.019854615253279917,0.5884246365011144,0.6616666301432997,567.1771021270752,mobile,0.006906728748056454,0.15534326417146488,28.35885487676092,28.35885487676092,system,0.0,270,0.6616666301432997,0.04285252105891888,meta_train_support,2,MARGO-SPLIT-v1,20,20,80,3,271,0.0,0.2,20,10,0.0005,0.0005,mrlco_first_order_mean_pseudogradient,fixed_literature_derived_defaults,0.0004546348411305113,2.2731742056525395e-05,0.005286628335057026,0.000264331416752861,0.0006434486779059367,3.2172433895295144e-05,3.0,0.0,0.028709834177395678,0.30129731055223347,0.02900451631877622,,,,,,,,,,,,,,,,
0.05533980076105185,0.00025,0.99825,0.0015,-0.0008758127223700285,0.031439490616321564,0.00017917876742144697,0.0007499999832361936,0.5555201418697835,0.0,0.0,0.0,0.0,0.0,0.0,0.014575231505239688,1.4273500442504883,publication,0.6315779685974121,5.0929951667785645,0.6408754309942242,0.7224532193700451,200,0.8468911710780244,2.243266322184354,0.02166497022699332,0.6408754309942244,0.722453230228275,354.92882860183715,mobile,0.0010993198037666822,0.00711296310244749,17.746440503830378,17.746440503830378,system,0.0,271,0.722453230228275,0.0441470896547631,meta_train_support,2,MARGO-SPLIT-v1,20,20,80,3,272,0.0,0.2,20,10,0.0005,0.0005,mrlco_first_order_mean_pseudogradient,fixed_literature_derived_defaults,0.00045296338950870797,2.26481694754338e-05,0.005268354715745226,0.00026341773578725247,0.0006427005694676264,3.213502847338248e-05,3.0,0.0,0.028732482346871112,0.3015607282880207,0.029036651347249604,,,,,,,,,,,,,,,,
0.06407995735448337,0.00225,0.98975,0.008,-0.00037642804090864956,0.016528334468603134,0.0010144731121122241,0.005666666803881526,0.5007881705959638,0.0,0.0,0.0,0.0,0.0,0.0,0.03349629910137786,1.4631556272506714,publication,0.6056265830993652,3.377640962600708,0.6969030001070408,0.7862956097864299,200,0.8933649166023684,2.453075023368001,0.007056447095237672,0.6969030001070406,0.786295612717513,335.4066662979126,mobile,0.0014181844022629155,0.030733340474933188,16.77033348598562,16.77033348598562,system,0.0,272,0.786295612717513,0.0468026032641929,meta_train_support,2,MARGO-SPLIT-v1,20,20,80,3,273,0.0,0.2,20,10,0.0005,0.0005,mrlco_first_order_mean_pseudogradient,fixed_literature_derived_defaults,0.000451304182953731,2.256520914768745e-05,0.005249056713123449,0.0002624528356561795,0.000640346354927452,3.201731774637312e-05,3.0,0.0,0.0287550475560188,0.3018231811236769,0.029068668664995977,,,,,,,,,,,,,,,,
0.06031884986018465,0.0035,0.98275,0.01375,0.0004671896167565137,0.0763556957244873,0.0021570624839386096,0.01433333318370084,0.6771861354509989,0.0,0.0,0.0,0.0,0.0,0.0,0.05758397772207224,1.4149638414382935,publication,0.6713354587554932,4.475531339645386,0.7769931921855828,0.8756810480444983,200,1.0114588906436688,2.9083700831979513,-0.020552162488456815,0.7769931921855828,0.8756810623174534,805.8567956542969,mobile,0.0010728190932008295,0.027077544207512138,40.29283765156955,40.29283765156955,system,0.0,273,0.8756810623174534,0.04985482782974657,meta_train_support,2,MARGO-SPLIT-v1,20,20,80,3,274,0.0,0.2,20,10,0.0005,0.0005,mrlco_first_order_mean_pseudogradient,fixed_literature_derived_defaults,0.0004496570873955057,2.2482854369773597e-05,0.005229899571834677,0.0002614949785917364,0.0006380093244350161,3.190046622175008e-05,3.0,0.0,0.028777530410388573,0.30208467610226863,0.029100569131217727,,,,,,,,,,,,,,,,
0.057631924448368024,0.001,0.99425,0.00475,-0.001380624482408166,0.010449128225445747,0.003797861099759458,0.0038333332786957422,0.5122014644245306,0.0,0.0,0.0,0.0,0.0,0.0,0.024741291210124118,1.3946003913879395,publication,0.5900251865386963,3.4390084743499756,0.5367481227893246,0.6035870808103391,200,0.6737555487501933,1.891615238855593,-0.008535185770597309,0.5367481227893245,0.6035870856093243,339.51018615722654,mobile,0.002942703118674425,0.013403027517423796,16.97550992660352,16.97550992660352,system,0.0,274,0.6035870856093243,0.048265144012157445,meta_train_support,2,MARGO-SPLIT-v1,20,20,80,3,275,0.0,0.2,20,10,0.0005,0.0005,mrlco_first_order_mean_pseudogradient,fixed_literature_derived_defaults,0.00044802197071406756,2.2401098535702185e-05,0.005210882698431771,0.0002605441349216031,0.0006359925138940064,3.1799625694699934e-05,3.0,0.0,0.028799931508924275,0.30234522023719024,0.029132368756912427,,,,,,,,,,,,,,,,
0.04467079852129523,0.00725,0.96775,0.025,0.00041649898048490286,0.015115971677005291,0.006692665155000259,0.03791666682809592,0.4499387999375661,0.0,0.0,0.0,0.0,0.0,0.0,0.09982595187905328,1.4083307981491089,publication,0.5896198749542236,5.400509834289551,0.5893620016894271,0.6627893409915123,200,0.5593813554071909,1.5166909045074135,0.07066906825639307,0.589362001689427,0.6627893394604325,936.2761505126953,mobile,0.0028613198508142053,0.08789939768292523,46.813806674854156,46.813806674854156,system,0.0,275,0.6627893394604325,0.03716453584497025,meta_train_support,2,MARGO-SPLIT-v1,20,20,80,3,276,0.0,0.2,20,10,0.0005,0.0005,mrlco_first_order_mean_pseudogradient,fixed_literature_derived_defaults,0.00044639870270423397,2.2319935135212132e-05,0.0051920026886548435,0.0002596001344327692,0.0006336881931914919,3.16844096595742e-05,3.0,0.0,0.028822251444059487,0.302604820371623,0.029164053166572,,,,,,,,,,,,,,,,
0.06933474286936119,0.00475,0.98475,0.0105,-0.00016975071048364043,0.005759486462920904,0.0021057705624931105,0.009583333584790427,0.2668653543417652,0.0,0.0,0.0,0.0,0.0,0.0,0.04719545506176003,1.365155577659607,publication,0.5785109996795654,5.079099178314209,0.3572825597507379,0.4017334777828364,200,0.5077574874608726,1.4311094428412616,0.005820088117616251,0.35728255975073797,0.40173349547199905,256.3823364830017,mobile,0.001438464080159803,0.02172992316066026,12.819116884346144,12.819116884346144,system,0.0,276,0.40173349547199905,0.05369981878874513,meta_train_support,2,MARGO-SPLIT-v1,20,20,80,3,277,0.0,0.2,20,10,0.0005,0.0005,mrlco_first_order_mean_pseudogradient,fixed_literature_derived_defaults,0.0004447871550410418,2.2239357752050493e-05,0.005173897926863716,0.0002586948963431701,0.0006314005101835803,3.15700255091797e-05,3.0,0.0,0.028844490801811538,0.3028635152679662,0.02919562319208118,,,,,,,,,,,,,,,,
0.07038475096316676,0.00675,0.97175,0.0215,-0.00047908068518154323,0.05664569512009621,0.0035965943065484397,0.019833333604037762,0.9654734179377555,0.0,0.0,0.0,0.0,0.0,0.0,0.07495728668980521,1.444035530090332,publication,0.6361713409423828,5.142838478088379,0.9967441926457232,1.124308042834673,200,0.7686516578871297,2.299115098081529,0.05001753580290824,0.9967441926457233,1.1243080020323395,796.4617922592163,mobile,0.0013689055278433113,0.018682458412015615,39.823089073084944,39.823089073084944,system,0.0,277,1.1243080020323395,0.045478966371803216,meta_train_support,2,MARGO-SPLIT-v1,20,20,80,3,278,0.0,0.2,20,10,0.0005,0.0005,mrlco_first_order_mean_pseudogradient,fixed_literature_derived_defaults,0.00044318720124593013,2.2159360062296712e-05,0.005155286783241905,0.00025776433916208097,0.0006291292853268049,3.14564642663398e-05,3.0,0.0,0.028866650161873834,0.30312127960712826,0.02922707965634752,,,,,,,,,,,,,,,,
0.058890512346089496,0.00975,0.96075,0.0295,0.0009207432740367949,0.03818110004067421,0.009926559377192966,0.050416666331390546,0.5149492225920161,0.0,0.0,0.0,0.0,0.0,0.0,0.11188186935032848,1.478752613067627,publication,0.6164591312408447,5.0208563804626465,0.6300060799521208,0.7102417518795119,200,0.7339750151472363,2.5277517889626324,0.04890827048802748,0.6300060799521205,0.7102417603880167,904.6142883110047,mobile,0.001689073457580808,0.03487517216730465,45.23071395586941,45.23071395586941,system,0.0,278,0.7102417603880167,0.04582879614917795,meta_train_support,2,MARGO-SPLIT-v1,20,20,80,3,279,0.0,0.2,20,10,0.0005,0.0005,mrlco_first_order_mean_pseudogradient,fixed_literature_derived_defaults,0.0004415987166536508,2.2079935832683417e-05,0.005136809052836019,0.00025684045264179334,0.0006268743416517985,3.134371708259087e-05,3.0,0.0,0.028888730097706518,0.30337812005977005,0.029258423373430112,,,,,,,,,,,,,,,,
0.04745640986841389,0.006,0.97275,0.02125,-8.194041583919898e-05,0.0022288754116743803,0.005901049763103098,0.033083332950870195,0.2030769858509302,0.0,0.0,0.0,0.0,0.0,0.0,0.0866449926281651,0.7453166842460632,publication,0.6775577068328857,5.261506080627441,0.1729345607514504,0.19297711382878333,200,0.2076132470195692,0.6327817529672757,0.049019465630408376,0.17293456075145036,0.19297710929065942,545.3185649871826,mobile,0.001030997733286102,0.027070526493963066,27.26592808875887,27.26592808875887,system,0.0,279,0.19297710929065942,0.03856393776996681,meta_train_support,2,MARGO-SPLIT-v1,20,20,80,3,280,0.0,0.2,20,10,0.0005,0.0005,mrlco_first_order_mean_pseudogradient,fixed_literature_derived_defaults,0.00044002157837988773,2.2001078918993527e-05,0.0051184633062187485,0.00025592316531092285,0.0006246355047173277,3.1231775235864706e-05,3.0,0.0,0.02891073117662551,0.303634043225081,0.029289655148665977,,,,,,,,,,,,,,,,
0.07352482260818469,0.00175,0.98675,0.0115,-0.0004907540278509259,0.013259252533316612,0.0028346986653067967,0.010666666335115833,0.5082616331676642,0.0,0.0,0.0,0.0,0.0,0.0,0.03693382366077293,1.5255513191223145,publication,0.6243505477905273,4.5421528816223145,0.4794527589288191,0.54157567902359,200,0.6404169641102097,1.9236430278979242,0.017043265572283417,0.4794527589288191,0.5415756854880601,470.6285074996948,mobile,0.0027733577755346284,0.04162963518461795,23.53142528793568,23.53142528793568,system,0.0,280,0.5415756854880601,0.05417855129783447,meta_train_support,2,MARGO-SPLIT-v1,20,20,80,3,281,0.0,0.2,20,10,0.0005,0.0005,mrlco_first_order_mean_pseudogradient,fixed_literature_derived_defaults,0.0004384556652895679,2.192278326447819e-05,0.005104326190853524,0.0002552163095426718,0.0006261371031529443,3.130685515764786e-05,3.0,0.0,0.02893265395988999,0.30388925953462365,0.029320962003823624,,,,,,,,,,,,,,,,
0.06197387172760345,0.0065,0.9755,0.018,-0.0004735754628200084,0.04668550565838814,0.001937715675376594,0.014000000075126686,0.5938489145288866,0.0,0.0,0.0,0.0,0.0,0.0,0.06304889403137325,1.49246084690094,publication,0.6458477973937988,4.759759902954102,0.7369576000345682,0.8314516666306736,200,0.9733977332541928,2.757054033689201,0.05479653587099165,0.7369576000345683,0.8314516389369965,550.8423029518127,mobile,0.0019668306671975395,0.028570141452598948,27.542114926530232,27.542114926530232,system,0.0,281,0.8314516389369965,0.048117594370516735,meta_train_support,2,MARGO-SPLIT-v1,20,20,80,3,282,0.0,0.2,20,10,0.0005,0.0005,mrlco_first_order_mean_pseudogradient,fixed_literature_derived_defaults,0.000436900857965846,2.184504289829206e-05,0.005086793552785571,0.00025433967763927035,0.000624983350328552,3.124916751642837e-05,3.0,0.0,0.02895449900278828,0.3041435992122629,0.029352211171340053,,,,,,,,,,,,,,,,
0.04187777412213214,0.00875,0.96575,0.0255,-0.0005896320217289031,0.007786404807120562,0.003807810006032778,0.02774999989196658,0.3628165709475676,0.0,0.0,0.0,0.0,0.0,0.0,0.09884277077979971,1.2777632474899292,publication,0.6665389537811279,5.067728281021118,0.36944671793530404,0.41509835776003456,200,0.44079404702980374,1.3423415862489492,0.03464871516916901,0.3694467179353041,0.4150983551889658,913.6625440979004,mobile,0.0030033146573567025,0.08931082924698408,45.683127850583354,45.683127850583354,system,0.0,282,0.4150983551889658,0.0330691349222536,meta_train_support,2,MARGO-SPLIT-v1,20,20,80,3,283,0.0,0.2,20,10,0.0005,0.0005,mrlco_first_order_mean_pseudogradient,fixed_literature_derived_defaults,0.0004353570386797476,2.176785193398756e-05,0.0050688190172633605,0.00025344095086315965,0.0006227749285959423,3.113874642979644e-05,3.0,0.0,0.02897626685472227,0.3043970401631261,0.02938334991776985,,,,,,,,,,,,,,,,
0.06130401734950158,0.00075,0.9965,0.00275,-0.0018260941142216325,0.019540030509233475,0.001117100470234078,0.0053333332762122146,0.47188527025282384,0.0,0.0,0.0,0.0,0.0,0.0,0.020254494732832223,1.5276129245758057,publication,0.675225019454956,5.1464362144470215,0.633956213704011,0.7160867542104097,200,0.6845401696145941,1.9768145284615457,0.05253618043207098,0.633956213704011,0.7160867551341653,444.39858009338377,mobile,0.0028248069306003594,0.02124562720725056,22.21992909950525,22.21992909950525,system,0.0,283,0.7160867551341653,0.0516755201075572,meta_train_support,2,MARGO-SPLIT-v1,20,20,80,3,284,0.0,0.2,20,10,0.0005,0.0005,mrlco_first_order_mean_pseudogradient,fixed_literature_derived_defaults,0.0004338240913604527,2.169120456802301e-05,0.005050971062977222,0.00025254855314887914,0.0006205820591290552,3.102910295645425e-05,3.0,0.0,0.028997958059290292,0.30464958871627495,0.029414379020726304,,,,,,,,,,,,,,,,
0.0374337193951342,0.00225,0.9865,0.01125,-0.0014009609585627913,0.008099252358078957,0.001438616480223424,0.00891666649840772,0.2823294012496869,0.0,0.0,0.0,0.0,0.0,0.0,0.04308009154161571,1.1633968353271484,publication,0.6388492584228516,5.673524379730225,0.16307465427038387,0.18197320733866945,200,0.1770565363953468,0.5455595535458997,0.031415383535204455,0.16307465427038387,0.18197320859879254,480.65414157867434,mobile,0.002273126801258962,0.023249634319790803,24.03270710164446,24.03270710164446,system,0.0,284,0.18197320859879254,0.03176345505696656,meta_train_support,2,MARGO-SPLIT-v1,20,20,80,3,285,0.0,0.2,20,10,0.0005,0.0005,mrlco_first_order_mean_pseudogradient,fixed_literature_derived_defaults,0.00043230190156620554,2.1615095078308943e-05,0.005033248357493091,0.00025166241787466515,0.0006184045782198304,3.092022891099111e-05,3.0,0.0,0.0290195731543686,0.3049012511341496,0.029445299249637295,,,,,,,,,,,,,,,,
0.06325911286299338,0.004,0.98475,0.01125,-0.00035388150718063116,0.027937360107898712,0.0012802402200090322,0.006833333227162561,0.5801965196927389,0.0,0.0,0.0,0.0,0.0,0.0,0.03995600760953893,1.5034466981887817,publication,0.6049866676330566,5.146281003952026,0.6116498909385486,0.6867667285516654,200,0.7632540198125737,2.2356764557771385,0.0413905328605324,0.6116498909385486,0.6867667184211314,549.2903999328613,mobile,0.0020117910504493853,0.01670158122917489,27.464520450727186,27.464520450727186,system,0.0,285,0.6867667184211314,0.04778924134706188,meta_train_support,2,MARGO-SPLIT-v1,20,20,80,3,286,0.0,0.2,20,10,0.0005,0.0005,mrlco_first_order_mean_pseudogradient,fixed_literature_derived_defaults,0.00043079035645583416,2.1539517822792564e-05,0.005021269306826535,0.00025106346534131685,0.0006181393560221866,3.090696780111077e-05,3.0,0.0,0.029041112672191394,0.30515231459949094,0.029476206217438405,,,,,,,,,,,,,,,,
0.06797721531340448,0.00275,0.98925,0.008,-0.0004128655418753624,0.01856387034058571,0.001985333492775491,0.012083333482344945,0.6043386850506066,0.0,0.0,0.0,0.0,0.0,0.0,0.03248149271388937,1.4672374725341797,publication,0.601132869720459,5.372027158737183,0.6908226966774954,0.7798615380690171,200,0.7005886369268133,1.748057092539966,0.04555110025103204,0.6908226966774956,0.77986154967919,327.8207642364502,mobile,0.0026145837040704224,0.016046597044349107,16.39103785314392,16.39103785314392,system,0.0,286,0.77986154967919,0.051587321076809294,meta_train_support,2,MARGO-SPLIT-v1,20,20,80,3,287,0.0,0.2,20,10,0.0005,0.0005,mrlco_first_order_mean_pseudogradient,fixed_literature_derived_defaults,0.0004292893447608661,2.1464467238042212e-05,0.00501644410175228,0.00025082220508759745,0.0006259417158721968,3.129708579361137e-05,3.0,0.0,0.029062577139429436,0.30540313680457853,0.029507503303232017,,,,,,,,,,,,,,,,
0.04988458191629969,0.001,0.996,0.003,-0.0012304394040256739,0.005509390030056238,0.0008865876623232792,0.004499999899417162,0.3351841690018773,0.0,0.0,0.0,0.0,0.0,0.0,0.01956784169661973,1.444658875465393,publication,0.6127557754516602,5.443007469177246,0.22884570404577417,0.25725634975664435,200,0.31875964708877913,0.9970010602846742,0.03413068086956628,0.22884570404577415,0.25725634679198267,199.31941040039064,mobile,0.002959688137331026,0.010747095160739295,9.965970667514561,9.965970667514561,system,0.0,287,0.25725634679198267,0.046811756291482355,meta_train_support,2,MARGO-SPLIT-v1,20,20,80,3,288,0.0,0.2,20,10,0.0005,0.0005,mrlco_first_order_mean_pseudogradient,fixed_literature_derived_defaults,0.0004277987567582242,2.1389937837911627e-05,0.00499902589306564,0.00024995129465327226,0.0006237683071365294,3.118841535682676e-05,3.0,0.0,0.029083967077267348,0.3056530880992318,0.029538691718588844,,,,,,,,,,,,,,,,
0.07904682587204608,0.0005,0.9955,0.004,-0.0005204209592193365,0.11082623898983002,0.0014087754314340247,0.0054166665145506466,0.8987214523057144,0.0,0.0,0.0,0.0,0.0,0.0,0.020127645306805178,1.4181376695632935,publication,0.6592862606048584,5.1799094676971436,0.9266712608024662,1.0456526897832008,200,0.7915858577736672,2.0833584927022457,0.07068919632729376,0.9266712608024662,1.0456526903808117,164.54448490142823,mobile,0.0016683782434404933,0.004543251741724346,8.227224357709567,8.227224357709567,system,0.0,288,1.0456526903808117,0.0573902432397772,meta_train_support,2,MARGO-SPLIT-v1,20,20,80,3,289,0.0,0.2,20,10,0.0005,0.0005,mrlco_first_order_mean_pseudogradient,fixed_literature_derived_defaults,0.0004263184842434899,2.1315924212172987e-05,0.004994637752391009,0.0002497318876195642,0.0006323439593323099,3.161719796661647e-05,3.0,0.0,0.02910528300147952,0.30590281998685137,0.02957030891655546,,,,,,,,,,,,,,,,
0.04871237955538835,0.00775,0.97275,0.0195,0.0013942341320216656,0.08292600512504578,0.00530276478269703,0.02474999988141159,0.7505911099414032,0.0,0.0,0.0,0.0,0.0,0.0,0.07219613247270402,1.439459204673767,publication,0.6149704456329346,4.904904365539551,0.8506337415985793,0.9584377627729372,200,0.8318787882050124,2.1040098522789776,0.06581105827353895,0.8506337415985795,0.9584377567097545,826.2986599731445,mobile,0.0027058505157079543,0.037147491539076025,41.31493290385554,41.31493290385554,system,0.0,289,0.9584377567097545,0.038209542516843664,meta_train_support,2,MARGO-SPLIT-v1,20,20,80,3,290,0.0,0.2,20,10,0.0005,0.0005,mrlco_first_order_mean_pseudogradient,fixed_literature_derived_defaults,0.00042484842050471923,2.1242421025236685e-05,0.004977414863589661,0.00024887074317947455,0.0006301634629208193,3.150817314604218e-05,3.0,0.0,0.029126525422504757,0.30615169073003085,0.029601817089701502,,,,,,,,,,,,,,,,
0.07347178796313636,0.0055,0.984,0.0105,8.423484541708604e-05,0.009828577749431133,0.003331077319073087,0.012583333440124989,0.5920405066261689,0.0,0.0,0.0,0.0,0.0,0.0,0.041440453263082065,1.545697569847107,publication,0.6541588306427002,5.137303590774536,0.6736424902751195,0.7587143184046227,200,0.6142787614619936,1.7718147891573608,0.04000054865809943,0.6736424902751194,0.758714300263673,455.9264066314697,mobile,0.0007679314359772294,0.01839546266295848,22.79632068330353,22.79632068330353,system,0.0,290,0.758714300263673,0.050737615367563584,meta_train_support,2,MARGO-SPLIT-v1,20,20,80,3,291,0.0,0.2,20,10,0.0005,0.0005,mrlco_first_order_mean_pseudogradient,fixed_literature_derived_defaults,0.00042338846029679923,2.1169423014839872e-05,0.004960310345158082,0.0002480155172578935,0.0006279979527389608,3.139989763694881e-05,3.0,0.0,0.029147694845519597,0.30639970624728874,0.02963321698733845,,,,,,,,,,,,,,,,
0.07693418859240679,0.00525,0.98125,0.0135,-0.0005482889246195555,0.020727528259158134,0.00429814527674542,0.020583333245789013,0.6469212682917714,0.0,0.0,0.0,0.0,0.0,0.0,0.04941592394026507,1.5919597148895264,publication,0.5566082000732422,3.3091671466827393,0.787238052953036,0.8884112504990117,200,0.6063969182953302,1.7454072199761868,0.08199770000646822,0.7872380529530361,0.8884112459421157,652.0230680084228,mobile,0.0011635762638831254,0.022380078942942614,32.6011532005544,32.6011532005544,system,0.0,291,0.8884112459421157,0.052438047437149186,meta_train_support,2,MARGO-SPLIT-v1,20,20,80,3,292,0.0,0.2,20,10,0.0005,0.0005,mrlco_first_order_mean_pseudogradient,fixed_literature_derived_defaults,0.00042193849981633075,2.1096924990814808e-05,0.004943322980962335,0.00024716614904812806,0.0006258472748186219,3.1292363740931944e-05,3.0,0.0,0.029168791770510412,0.30664687239633687,0.029664509351079383,,,,,,,,,,,,,,,,
0.05643048611029119,0.0085,0.971,0.0205,-0.00024459653650410473,0.015016703866422176,0.003256436999410331,0.017833333400388555,0.5930225764711697,0.0,0.0,0.0,0.0,0.0,0.0,0.056359318091017296,1.5603572130203247,publication,0.6195237636566162,5.398393392562866,0.5802230188241134,0.6515918410875201,200,0.7505937557098402,2.4402705123648047,0.07049200280744117,0.5802230188241134,0.6515918263792991,728.8317733764649,mobile,0.0012819518145767976,0.03407430214546572,36.44158836200277,36.44158836200277,system,0.0,292,0.6515918263792991,0.04106744579269862,meta_train_support,2,MARGO-SPLIT-v1,20,20,80,3,293,0.0,0.2,20,10,0.0005,0.0005,mrlco_first_order_mean_pseudogradient,fixed_literature_derived_defaults,0.00042049843667702586,2.102492183385027e-05,0.004926451571470996,0.00024632257857354345,0.0006237112772936437,3.118556386468366e-05,3.0,0.0,0.029189816692344262,0.3068931949749104,0.029695694914944067,,,,,,,,,,,,,,,,
0.05157354339262645,0.00275,0.9865,0.01075,-0.0031065091025084257,0.004648522473871708,0.0023228433138652816,0.01066666659899056,0.3354807845006387,0.0,0.0,0.0,0.0,0.0,0.0,0.04139242734672819,1.4557377099990845,publication,0.6680667400360107,5.394012451171875,0.24704503646279952,0.27709518518597176,200,0.4487416001799393,1.5587986065074801,0.04214670916553587,0.24704503646279954,0.27709519390016796,671.9825860214233,mobile,0.0020720617971881432,0.02042389332049959,33.599128808185995,33.599128808185995,system,0.0,293,0.27709519390016796,0.038116595571768046,meta_train_support,2,MARGO-SPLIT-v1,20,20,80,3,294,0.0,0.2,20,10,0.0005,0.0005,mrlco_first_order_mean_pseudogradient,fixed_literature_derived_defaults,0.0004190681698856074,2.0953408494280706e-05,0.004909694933472796,0.00024548474667362985,0.0006215898103640733,3.1079490518202274e-05,3.0,0.0,0.029210770100838543,0.30713867972158404,0.02972677440546227,,,,,,,,,,,,,,,,
0.05267228223011351,0.01,0.96425,0.02575,-0.00041615517693571746,0.007816147059202194,0.006560795039184215,0.02991666671199103,0.4938599959015847,0.0,0.0,0.0,0.0,0.0,0.0,0.08706940212481694,1.43658447265625,publication,0.6403894424438477,5.325884103775024,0.6428554858895521,0.7249845898115802,200,0.6744457511098376,2.2590169236063957,0.06193642535072286,0.6428554858895521,0.7249845882318914,953.6008590698242,mobile,0.002566337166706472,0.13667188757412396,47.68004341710321,47.68004341710321,system,0.0,294,0.7249845882318914,0.04363508368277726,meta_train_support,2,MARGO-SPLIT-v1,20,20,80,3,295,0.0,0.2,20,10,0.0005,0.0005,mrlco_first_order_mean_pseudogradient,fixed_literature_derived_defaults,0.0004176475998181985,2.088237999091011e-05,0.004893051899800006,0.00024465259499001357,0.0006194827262611443,3.097413631305765e-05,3.0,0.0,0.029231652480829453,0.30738333231657405,0.029757748541775327,,,,,,,,,,,,,,,,
0.06743310690361265,0.0095,0.96525,0.02525,0.0016573830507695675,0.00780200632289052,0.0050273694238599075,0.027583332980672514,0.4667828187656899,0.0,0.0,0.0,0.0,0.0,0.0,0.07825540681038641,1.3160312175750732,publication,0.6071889400482178,5.210889577865601,0.540108670061863,0.6103554726417554,200,0.6220592951603674,2.0071195233613253,0.018552281348092947,0.5401086700618631,0.6103554765228182,670.4619624328614,mobile,0.002631946455421504,0.07338263665629892,33.52309806160595,33.52309806160595,system,0.0,295,0.6103554765228182,0.04774553514230542,meta_train_support,2,MARGO-SPLIT-v1,20,20,80,3,296,0.0,0.2,20,10,0.0005,0.0005,mrlco_first_order_mean_pseudogradient,fixed_literature_derived_defaults,0.0004162366281971911,2.081183140986015e-05,0.0048765213190574384,0.00024382606595285683,0.0006173898792129648,3.08694939606495e-05,3.0,0.0,0.029252464312239313,0.3076271583825269,0.029788618035735976,,,,,,,,,,,,,,,,
0.05769151124429038,0.009,0.9665,0.0245,0.0001224085717694834,0.07985825091600418,0.005446856043688445,0.02816666633201142,0.7948078006505966,0.0,0.0,0.0,0.0,0.0,0.0,0.07674367494255777,1.2820128202438354,publication,0.6303761005401611,4.955023765563965,0.7544998820225638,0.8501020727209107,200,0.768382405189814,2.507408860139549,0.06942285135301063,0.754499882022564,0.8501020774245263,1114.053366546631,mobile,0.0032616341759186336,0.03490173609436308,55.70266945749536,55.70266945749536,system,0.0,296,0.8501020774245263,0.04719942069963597,meta_train_support,2,MARGO-SPLIT-v1,20,20,80,3,297,0.0,0.2,20,10,0.0005,0.0005,mrlco_first_order_mean_pseudogradient,fixed_literature_derived_defaults,0.0004148351580685811,2.074175790342872e-05,0.004860102055356908,0.00024300510276786813,0.000615311125410901,3.076555627054556e-05,3.0,0.0,0.029273206070142742,0.3078701634852948,0.02981938359200652,,,,,,,,,,,,,,,,
0.06165419266319573,0.002,0.9925,0.0055,0.00111059146001935,0.051629867404699326,0.005085619039731354,0.004749999940395355,0.6656734115133682,0.0,0.0,0.0,0.0,0.0,0.0,0.024660814268599285,1.21477210521698,publication,0.6101150512695312,5.501277685165405,0.6409150117407827,0.7200243431873241,200,0.8213331600283764,2.378345119766891,0.04953085631132126,0.6409150117407829,0.7200243411771953,267.69579921722413,mobile,0.0001461636476967225,0.0004337540157794593,13.384789737090916,13.384789737090916,system,0.0,297,0.7200243411771953,0.04644027216312776,meta_train_support,2,MARGO-SPLIT-v1,20,20,80,3,298,0.0,0.2,20,10,0.0005,0.0005,mrlco_first_order_mean_pseudogradient,fixed_literature_derived_defaults,0.0004134430937797603,2.067215468898667e-05,0.004843792988057053,0.00024218964940286858,0.0006132463229766361,3.066231614883008e-05,3.0,0.0,0.02929387822483173,0.30811235313469765,0.02985004590815535,,,,,,,,,,,,,,,,
0.056287526576329586,0.01075,0.9705,0.01875,-0.00030258166952989995,0.08584458380937576,0.001519830536552025,0.015583333124717075,0.9649294684330624,0.0,0.0,0.0,0.0,0.0,0.0,0.07361235548309225,1.2232451438903809,publication,0.6539254188537598,5.018834114074707,1.0024945484213705,1.131546355797045,200,1.0107610010571528,3.190037573687732,0.046198618059861474,1.0024945484213708,1.131546377427876,879.9226261138916,mobile,0.0019453928575634005,0.04058863785778473,43.996131773176586,43.996131773176586,system,0.0,298,1.131546377427876,0.0395383132060033,meta_train_support,2,MARGO-SPLIT-v1,20,20,80,3,299,0.0,0.2,20,10,0.0005,0.0005,mrlco_first_order_mean_pseudogradient,fixed_literature_derived_defaults,0.00041206034095775444,2.060301704788839e-05,0.00482783109876975,0.00024139155493846376,0.0006120074091556254,3.060037045778119e-05,3.0,0.0,0.029314481241879617,0.3083537446896361,0.029880646278613133,,,,,,,,,,,,,,,,
0.07159619991375953,0.0,0.99925,0.00075,-0.0032300271559506655,0.09428444504737854,0.0026123915555042268,0.010416666852931182,0.8203113131225109,0.0,0.0,0.0,0.0,0.0,0.0,0.010504069365624204,1.2546560764312744,publication,0.6095471382141113,5.309352159500122,0.6544556295014103,0.7368222660665197,200,1.0432697759750398,2.9968791902065277,0.049985065910732374,0.6544556295014105,0.7368222971633077,196.64061614990234,mobile,0.0014463965290371502,0.013124068943882426,9.832030532541781,9.832030532541781,system,0.0,299,0.7368222971633077,0.057162292042925396,meta_train_support,2,MARGO-SPLIT-v1,20,20,80,3,300,0.0,0.2,20,10,0.0005,0.0005,mrlco_first_order_mean_pseudogradient,fixed_literature_derived_defaults,0.00041068680648789524,2.0534340324396272e-05,0.004811738328440517,0.00024058691642203645,0.00060996738445844,3.04983692229234e-05,3.0,0.0,0.029335015582204013,0.30859433160605815,0.029911144647836056,,,,,,,,,,,,,,,,
0.05487987594628694,0.0055,0.97975,0.01475,-0.0008411869057454169,0.009042175486683846,0.0013333275505361454,0.005249999929219484,0.59979629094402,0.0,0.0,0.0,0.0,0.0,0.0,0.05333030680357541,1.3736422061920166,publication,0.6061897277832031,4.425390958786011,0.5949445159539236,0.6706865429435857,200,0.6509446820539245,1.8590085902251303,0.08883407371467911,0.5949445159539237,0.6706865409016609,810.3006264495849,mobile,0.0015873528664225205,0.020847435978255738,40.515031627825906,40.515031627825906,system,0.0,300,0.6706865409016609,0.04609706365747173,meta_train_support,2,MARGO-SPLIT-v1,20,20,80,3,301,0.0,0.2,20,10,0.0005,0.0005,mrlco_first_order_mean_pseudogradient,fixed_literature_derived_defaults,0.00040932239849291883,2.0466119924646836e-05,0.004795752486817791,0.00023978762434090362,0.0006079409147426313,3.0397045737130812e-05,3.0,0.0,0.02935548170212866,0.30883411923039905,0.029941541693573187,-0.05172416513873823,-0.04023234204266872,0.04023234204266872,0.0,0.025,0.0,0.00125,0.975,0.975,0.0,validation/automotive_lexicographic_v1,automotive_lexicographic_v1,a3bd00d5108237acdb706f561212b5d840bac151f48b5250a61c573d9c9ffb6c,404628415.0,0.04023234204266872,1.0
0.07168713397232554,0.0025,0.98875,0.00875,-0.001019444316625595,0.025464974343776703,0.0031292365661066204,0.012583333688477675,0.7155725214630365,0.0,0.0,0.0,0.0,0.0,0.0,0.03294950717048843,1.4841350317001343,publication,0.6376392841339111,4.960621356964111,0.8348856179451312,0.9402927548252228,200,1.005844571462768,2.789532385766506,0.05825079930946231,0.834885617945131,0.9402927730046212,357.85270668029784,mobile,0.0017056377790586408,0.014695725520051836,17.89263562222117,17.89263562222117,system,0.0,301,0.9402927730046212,0.054380357125957304,meta_train_support,2,MARGO-SPLIT-v1,20,20,80,3,302,0.0,0.2,20,10,0.0005,0.0005,mrlco_first_order_mean_pseudogradient,fixed_literature_derived_defaults,0.0004079670263124787,2.039835131562376e-05,0.004779872511695878,0.00023899362558477133,0.0006059278653560662,3.029639326780284e-05,3.0,0.0,0.029375880053444284,0.3090731128559838,0.02997183808684099,,,,,,,,,,,,,,,,
0.061566972991686245,0.005,0.98675,0.00825,-0.00022933934815227985,0.1979673206806183,0.0020629263134288667,0.011416666566704712,1.0874988835615416,0.0,0.0,0.0,0.0,0.0,0.0,0.02995722620587334,1.579115390777588,publication,0.6331844329833984,5.247863054275513,0.772555766516358,0.8703492753688624,200,1.1127537619605774,3.722534839063883,0.04962096575764008,0.7725557665163583,0.8703492683917284,556.5139890098571,mobile,0.0025346525267495477,0.020516569050461092,27.82569975951661,27.82569975951661,system,0.0,302,0.8703492683917284,0.049304007643461885,meta_train_support,2,MARGO-SPLIT-v1,20,20,80,3,303,0.0,0.2,20,10,0.0005,0.0005,mrlco_first_order_mean_pseudogradient,fixed_literature_derived_defaults,0.0004066206004830646,2.0331030024151736e-05,0.004764097354891601,0.0002382048677445625,0.000603928103424198,3.019640517120878e-05,3.0,0.0,0.029396211083468436,0.3093113177237284,0.0300020344920122,,,,,,,,,,,,,,,,
0.0678296104276624,0.001,0.993,0.006,0.00032860724604688585,0.04542698711156845,0.0016882451472778677,0.004583333324020107,0.9369751413663228,0.0,0.0,0.0,0.0,0.0,0.0,0.028771494449273988,1.6479021310806274,publication,0.6100399494171143,4.940539598464966,1.0578114618048426,1.191903332326183,200,0.7709880048242104,2.3257743092253804,0.04640866690897383,1.0578114618048424,1.1919033199734985,373.1504012680054,mobile,0.001205051799000733,0.004094377101407416,18.657520274086107,18.657520274086107,system,0.0,303,1.1919033199734985,0.04840678628199232,meta_train_support,2,MARGO-SPLIT-v1,20,20,80,3,304,0.0,0.2,20,10,0.0005,0.0005,mrlco_first_order_mean_pseudogradient,fixed_literature_derived_defaults,0.0004052830327183177,2.0264151635914635e-05,0.004748425982013668,0.00023742129910070409,0.000601941497820829,3.0097074891041048e-05,3.0,0.0,0.02941647523510435,0.3095487390228291,0.03003213156690324,,,,,,,,,,,,,,,,
0.051905277322987185,0.0045,0.98775,0.00775,-0.0009683679672889411,0.03180484101176262,0.0034742994574185502,0.016750000013659398,0.6005340567479532,0.0,0.0,0.0,0.0,0.0,0.0,0.039958323971587974,1.6604031324386597,publication,0.6551418304443359,5.479321241378784,0.5962228766953889,0.6716174431911349,200,0.9389555115696457,2.831476869992912,0.022829706344055012,0.5962228766953889,0.6716174429282546,406.0508650207519,mobile,0.0019404417242784976,0.027603497939867355,20.302543924373392,20.302543924373392,system,0.0,304,0.6716174429282546,0.039025396118117575,meta_train_support,2,MARGO-SPLIT-v1,20,20,80,3,305,0.0,0.2,20,10,0.0005,0.0005,mrlco_first_order_mean_pseudogradient,fixed_literature_derived_defaults,0.00040395423588973303,2.019771179448751e-05,0.004732857372236574,0.00023664286861180273,0.0005999679191394492,2.99983959569719e-05,3.0,0.0,0.029436672946898838,0.3097853818914409,0.03006212996286021,,,,,,,,,,,,,,,,
0.06488271742941128,0.0025,0.98825,0.00925,-0.0015120008029043674,0.08781533688306808,0.0016365529929659966,0.010416666883975268,1.0432427346085507,0.0,0.0,0.0,0.0,0.0,0.0,0.0332946469148705,1.6124545335769653,publication,0.6072211265563965,4.978816032409668,1.1369651956915374,1.2800464762983756,200,1.0183365285730677,3.3847126131877303,0.05550098966341466,1.1369651956915374,1.2800465066730977,449.41074348449706,mobile,0.0026789915753169862,0.04227923272393212,22.47053737800838,22.47053737800838,system,0.0,305,1.2800465066730977,0.046566782411066834,meta_train_support,2,MARGO-SPLIT-v1,20,20,80,3,306,0.0,0.2,20,10,0.0005,0.0005,mrlco_first_order_mean_pseudogradient,fixed_literature_derived_defaults,0.0004026341240077404,2.0131706200385985e-05,0.004717390518078938,0.00023586952590393118,0.0005980072396651374,2.990036198325524e-05,3.0,0.0,0.029456804653099224,0.3100212514173448,0.030092030324843467,,,,,,,,,,,,,,,,
0.07054482919714716,0.007,0.97825,0.01475,-0.0012890055077150464,0.0344124510884285,0.0010407421440825626,0.009916666708886622,0.6871268632511298,0.0,0.0,0.0,0.0,0.0,0.0,0.05317779184210273,1.65273916721344,publication,0.5732312202453613,5.000069618225098,0.8063560966904301,0.9096652166602507,200,0.8334228121552786,2.0286880899220705,0.06491264590295032,0.8063560966904302,0.9096652359142899,984.1052520370483,mobile,0.00325122600754646,0.037382807678183826,49.205262594564395,49.205262594564395,system,0.0,306,0.9096652359142899,0.05780827211128318,meta_train_support,2,MARGO-SPLIT-v1,20,20,80,3,307,0.0,0.2,20,10,0.0005,0.0005,mrlco_first_order_mean_pseudogradient,fixed_literature_derived_defaults,0.00040132261220315494,2.0066130610157246e-05,0.004702024425186173,0.000235101221259304,0.0005960593333470098,2.9802966667349245e-05,3.0,0.0,0.02947687078370938,0.3102563526386041,0.030121833291510816,,,,,,,,,,,,,,,,
0.04764812681496219,0.00525,0.98075,0.014,0.0011752190766856074,0.010449607856571674,0.003674483455083196,0.012916666440044838,0.4054302642742792,0.0,0.0,0.0,0.0,0.0,0.0,0.05456413924279058,1.6169906854629517,publication,0.6549723148345947,5.181983709335327,0.6074768588316168,0.6853693539806772,200,0.7804881158012348,2.1869014985859394,0.021520981361391023,0.6074768588316167,0.6853693839162588,651.5058208084106,mobile,0.0019855975649631426,0.020845374745638714,32.57529087011068,32.57529087011068,system,0.0,307,0.6853693839162588,0.040679467277696946,meta_train_support,2,MARGO-SPLIT-v1,20,20,80,3,308,0.0,0.2,20,10,0.0005,0.0005,mrlco_first_order_mean_pseudogradient,fixed_literature_derived_defaults,0.0004000196167089889,2.0000980835450238e-05,0.004686758112117387,0.00023433790560589696,0.0005941240757712078,2.9706203788559815e-05,3.0,0.0,0.02949687176454483,0.31049069054421,0.030151539495299376,,,,,,,,,,,,,,,,
0.05741476915810989,0.00375,0.984,0.01225,-0.0005912046763114631,0.01209415215998888,0.001382245857007029,0.00874999991307656,0.4327747377101332,0.0,0.0,0.0,0.0,0.0,0.0,0.04276366897736044,1.5516287088394165,publication,0.6073436737060547,3.4960670471191406,0.6304674352869606,0.7109582338608242,200,0.8748571551718874,2.462468745652586,0.0074302256007285905,0.6304674352869605,0.710958253426943,534.1128316879273,mobile,0.001737949898913216,0.03512671124012051,26.70564191028322,26.70564191028322,system,0.0,308,0.710958253426943,0.049683367384851566,meta_train_support,2,MARGO-SPLIT-v1,20,20,80,3,309,0.0,0.2,20,10,0.0005,0.0005,mrlco_first_order_mean_pseudogradient,fixed_literature_derived_defaults,0.0003987250548426167,1.9936252742130955e-05,0.004671590610136424,0.00023357953050684443,0.0005922013441344078,2.9610067206718715e-05,3.0,0.0,0.029516808017286962,0.31072427007471687,0.030181149562506095,,,,,,,,,,,,,,,,
0.04218232696791722,0.01225,0.969,0.01875,-0.0006507568177767098,0.1048903614282608,0.0056491969349110605,0.028166666735584538,0.5614226253082355,0.0,0.0,0.0,0.0,0.0,0.0,0.07755336394202847,1.1967146396636963,publication,0.6920833587646484,5.303973197937012,0.46106791520640583,0.5176458953904148,200,0.6724503432930601,2.2846495585981756,0.0539050392981153,0.46106791520640583,0.5176458797045052,876.8980019378662,mobile,0.004011019956339723,0.04516985616958054,43.84490037755213,43.84490037755213,system,0.0,309,0.5176458797045052,0.03973671641969288,meta_train_support,2,MARGO-SPLIT-v1,20,20,80,3,310,0.0,0.2,20,10,0.0005,0.0005,mrlco_first_order_mean_pseudogradient,fixed_literature_derived_defaults,0.00039743884498828573,1.9871942249415075e-05,0.004656520963006952,0.00023282604815033636,0.0005902910172178452,2.951455086089294e-05,3.0,0.0,0.029536679959536377,0.3109570961228672,0.030210664113366988,,,,,,,,,,,,,,,,
0.048295288193190844,0.02,0.95075,0.02925,-0.0009566195076331496,0.01091073825955391,0.011958013544907805,0.045500000535200036,0.3754464711993933,0.0,0.0,0.0,0.0,0.0,0.0,0.10595128608121794,1.3847689628601074,publication,0.6419787406921387,4.7825236320495605,0.6074794326602412,0.685664992509337,200,0.5775933992123513,1.9116176525130868,0.027473121765069664,0.6074794326602414,0.6856649910937995,962.3346130371094,mobile,0.004422164039692613,0.05572105307510269,48.11672955067493,48.11672955067493,system,0.0,310,0.6856649910937995,0.04171249233634139,meta_train_support,2,MARGO-SPLIT-v1,20,20,80,3,311,0.0,0.2,20,10,0.0005,0.0005,mrlco_first_order_mean_pseudogradient,fixed_literature_derived_defaults,0.00039616090657996323,1.980804532899713e-05,0.004641548226791496,0.00023207741133957072,0.0005883929753618392,2.941964876809061e-05,3.0,0.0,0.029556488004865374,0.3111891735342068,0.030240083762135078,,,,,,,,,,,,,,,,
0.06840018207508304,0.0065,0.9845,0.009,-0.0019180747913196683,0.018504640087485313,0.0016650401078353323,0.01300000020613273,0.6794369152436655,0.0,0.0,0.0,0.0,0.0,0.0,0.04060056638013655,1.3772550821304321,publication,0.6635286808013916,4.8726396560668945,0.7506381719735878,0.8451947287262009,200,0.7535647322909759,2.1389003386721015,0.008746073581278324,0.750638171973588,0.8451947409100831,525.0199275398254,mobile,0.003735424720711539,0.024354162966018243,26.250998057583928,26.250998057583928,system,0.0,311,0.8451947409100831,0.04872623193587867,meta_train_support,2,MARGO-SPLIT-v1,20,20,80,3,312,0.0,0.2,20,10,0.0005,0.0005,mrlco_first_order_mean_pseudogradient,fixed_literature_derived_defaults,0.0003948911600845147,1.9744558004224783e-05,0.004626671469654343,0.000231333573482706,0.0005865071004408077,2.932535502203973e-05,3.0,0.0,0.0295762325628696,0.3114205071076895,0.030269409117157118,,,,,,,,,,,,,,,,
0.04847756951480462,0.013,0.9675,0.0195,-0.0006625987007282674,0.005843454506248236,0.0035800588349791454,0.021250000068296988,0.3564258066316445,0.0,0.0,0.0,0.0,0.0,0.0,0.07653250438890499,1.3041373491287231,publication,0.6395580768585205,5.160790205001831,0.389469336139195,0.4380467267633139,200,0.5362421791181248,1.7975931465625763,0.0301899321784731,0.389469336139195,0.43804672196507455,754.2600204086303,mobile,0.00522230185405738,0.05517778181971677,37.71300069766807,37.71300069766807,system,0.0,312,0.43804672196507455,0.037374064647284315,meta_train_support,2,MARGO-SPLIT-v1,20,20,80,3,313,0.0,0.2,20,10,0.0005,0.0005,mrlco_first_order_mean_pseudogradient,fixed_literature_derived_defaults,0.0003936295269852031,1.9681476349259208e-05,0.004611889771668227,0.00023059448858342435,0.0005846332758387605,2.9231663791939172e-05,3.0,0.0,0.02959591403921886,0.3116511015962729,0.030298640780949057,,,,,,,,,,,,,,,,
0.07157363183717733,0.002,0.9945,0.0035,-0.0002871208998840302,0.23053380846977234,0.0026458325931286724,0.005999999990065893,1.0247243897368512,0.0,0.0,0.0,0.0,0.0,0.0,0.02582024380606288,1.3554738759994507,publication,0.5933191776275635,4.505513429641724,0.7206926882917037,0.8130356183220283,200,0.928037764788288,3.181418086402118,0.05263606121297926,0.7206926882917036,0.8130356025137008,218.52212348937988,mobile,0.0002876968902067322,0.0014733805539865839,10.926105540786786,10.926105540786786,system,0.0,313,0.8130356025137008,0.05028370027123669,meta_train_support,2,MARGO-SPLIT-v1,20,20,80,3,314,0.0,0.2,20,10,0.0005,0.0005,mrlco_first_order_mean_pseudogradient,fixed_literature_derived_defaults,0.000392375929765505,1.9618796488273665e-05,0.004597202224624698,0.00022986011123121708,0.0005827713864252612,2.9138569321261742e-05,3.0,0.0,0.029615532835707132,0.3118809617075041,0.03032777935027032,,,,,,,,,,,,,,,,
0.057696850282820865,0.00175,0.9935,0.00475,-0.0007530186558142304,0.011282957158982754,0.0035253379564345855,0.004333333314086,0.5393080392231544,0.0,0.0,0.0,0.0,0.0,0.0,0.02821414027860513,1.3381870985031128,publication,0.5584931373596191,5.311585187911987,0.6403081313984552,0.7194957860944488,200,0.6482274603359677,1.6877668290399015,0.05310524848755449,0.6403081313984552,0.7194957886077463,356.9745697021484,mobile,0.00029760131744807215,0.0019450744746760751,17.848728611555345,17.848728611555345,system,0.0,314,0.7194957886077463,0.04544369596183209,meta_train_support,2,MARGO-SPLIT-v1,20,20,80,3,315,0.0,0.2,20,10,0.0005,0.0005,mrlco_first_order_mean_pseudogradient,fixed_literature_derived_defaults,0.00039113029189323355,1.9556514594662455e-05,0.0045826079318481115,0.00022913039659239187,0.0005810187258785668,2.905093629392702e-05,3.0,0.0,0.029635089350301794,0.3121100921040965,0.030356830286564246,,,,,,,,,,,,,,,,
0.0728915044855898,0.00175,0.99525,0.003,-4.0089616959448904e-05,0.14800506830215454,0.0015574726440288047,0.0030833333420256775,0.9432110748564204,0.0,0.0,0.0,0.0,0.0,0.0,0.022439418558615132,1.3560841083526611,publication,0.6239118576049805,4.388883590698242,0.6944429355330496,0.782460592457137,200,1.0287181615748828,3.3324167653918266,0.0635181242832914,0.6944429355330494,0.7824605708941818,172.40550019264222,mobile,0.00041218998013574425,0.000940931896236319,8.620274724895479,8.620274724895479,system,0.0,315,0.7824605708941818,0.05296936914103373,meta_train_support,2,MARGO-SPLIT-v1,20,20,80,3,316,0.0,0.2,20,10,0.0005,0.0005,mrlco_first_order_mean_pseudogradient,fixed_literature_derived_defaults,0.00038989253780496384,1.949462689024989e-05,0.004568106008013149,0.0002284053004006359,0.0005791800590245206,2.895900295122461e-05,3.0,0.0,0.029654583977192044,0.31233849740449715,0.03038578928951547,,,,,,,,,,,,,,,,
0.0622723415016219,0.00625,0.9825,0.01125,-0.0005967216566205025,0.004494291730225086,0.0038244642505888514,0.017666666333874065,0.3489567453662554,0.0,0.0,0.0,0.0,0.0,0.0,0.0515728656821226,1.3657277822494507,publication,0.5275168418884277,5.477236986160278,0.28765211207923186,0.32289565164321177,200,0.5292003572049149,1.8152290026191622,0.04110847902484238,0.28765211207923186,0.3228956513106823,357.98992309570315,mobile,0.0035511159460949937,0.027084396093377084,17.899495505235837,17.899495505235837,system,0.0,316,0.3228956513106823,0.052289166882026984,meta_train_support,2,MARGO-SPLIT-v1,20,20,80,3,317,0.0,0.2,20,10,0.0005,0.0005,mrlco_first_order_mean_pseudogradient,fixed_literature_derived_defaults,0.00038866259289075257,1.9433129644537417e-05,0.0045536955789657885,0.00022768477894830053,0.0005773529925922667,2.8867649629612385e-05,3.0,0.0,0.02967401710683658,0.31256618218344545,0.030414656939145083,,,,,,,,,,,,,,,,
0.07634506186750585,0.00525,0.982,0.01275,-0.0009562310297042131,0.11910127103328705,0.0020417297713916462,0.01266666646115482,1.1072728227823971,0.0,0.0,0.0,0.0,0.0,0.0,0.04357011204054436,1.4644662141799927,publication,0.6555514335632324,5.38416862487793,0.796016846185235,0.8985092105308468,200,0.837740840949783,2.2590168928727508,0.0192362151137786,0.7960168461852348,0.8985092373099178,294.2627450942993,mobile,0.0020334386021710425,0.03008998709862325,14.71313749327055,14.71313749327055,system,0.0,317,0.8985092373099178,0.04560085322138365,meta_train_support,2,MARGO-SPLIT-v1,20,20,80,3,318,0.0,0.2,20,10,0.0005,0.0005,mrlco_first_order_mean_pseudogradient,fixed_literature_derived_defaults,0.00038744038347914646,1.93720191739577e-05,0.004539375781547657,0.00022696878907740858,0.0005755374171438633,2.8776870857193104e-05,3.0,0.0,0.02969338912601054,0.31279315097252286,0.030443433810002276,,,,,,,,,,,,,,,,
0.05030313669669896,0.0065,0.97975,0.01375,-0.0016453721327707171,0.07205235213041306,0.0028542796711669817,0.015833333351959786,0.7474153148631254,0.0,0.0,0.0,0.0,0.0,0.0,0.0688574215475763,1.5050067901611328,publication,0.60506272315979,3.4071178436279297,0.7065041362687335,0.7953365183994089,200,0.8684485886160659,2.5967836566269398,0.04644685931270942,0.7065041362687335,0.7953365236334503,636.5006204986572,mobile,0.002502979671573036,0.026136637166647027,31.825031740148724,31.825031740148724,system,0.0,318,0.7953365236334503,0.03827322039585116,meta_train_support,2,MARGO-SPLIT-v1,20,20,80,3,319,0.0,0.2,20,10,0.0005,0.0005,mrlco_first_order_mean_pseudogradient,fixed_literature_derived_defaults,0.000386225836822472,1.9311291841125205e-05,0.004525145763423684,0.00022625728817116109,0.0005737332246136317,2.868666123068131e-05,3.0,0.0,0.029712700417851665,0.313019408260694,0.030472120471232957,,,,,,,,,,,,,,,,
0.05680154503126618,0.0005,0.99825,0.00125,-0.00025412256945855916,0.15090911090373993,0.0005219530779463355,0.00091666664617757,0.8786867988606295,0.0,0.0,0.0,0.0,0.0,0.0,0.015617492896702547,1.537739634513855,publication,0.6399626731872559,5.352483510971069,0.9421512640002189,1.0638803994355839,200,1.2869842057558636,4.217586811631918,0.06082671420881525,0.942151264000219,1.063880400136113,450.2015679931641,mobile,0.00040236215374425064,0.0034201107410458185,22.5100780077584,22.5100780077584,system,0.0,319,1.063880400136113,0.046580871168800615,meta_train_support,2,MARGO-SPLIT-v1,20,20,80,3,320,0.0,0.2,20,10,0.0005,0.0005,mrlco_first_order_mean_pseudogradient,fixed_literature_derived_defaults,0.0003850188810824018,1.9250944054121505e-05,0.004511004682912985,0.0002255502341456661,0.000572292725154913,2.861463625774413e-05,3.0,0.0,0.029731951361905786,0.3132449584948397,0.0305007351074907,,,,,,,,,,,,,,,,
0.06164470454603317,0.0055,0.9835,0.011,-0.0019438400631770492,0.014772742055356503,0.0008771852556416585,0.006416666756073633,0.5682694428910813,0.0,0.0,0.0,0.0,0.0,0.0,0.0463043826261486,1.735703468322754,publication,0.6720771789550781,5.3995537757873535,0.5843189259516551,0.6577190700076971,200,0.6976058143160195,2.0837029453832656,0.0531189197790809,0.5843189259516551,0.6577190838567912,462.72173709869384,mobile,0.002791273924438658,0.024014624435309363,23.136086304954592,23.136086304954592,system,0.0,320,0.6577190838567912,0.043899603751104355,meta_train_support,2,MARGO-SPLIT-v1,20,20,80,3,321,0.0,0.2,20,10,0.0005,0.0005,mrlco_first_order_mean_pseudogradient,fixed_literature_derived_defaults,0.0003838194453157899,1.9190972265790973e-05,0.004496951708822913,0.000224847585441168,0.000570509881774368,2.8525494088719322e-05,3.0,0.0,0.029751142334171577,0.31346980608028086,0.03052926060157942,,,,,,,,,,,,,,,,
0.05496926017160576,0.00225,0.9925,0.00525,0.00017587949696462601,0.01487790234386921,0.0017848551483584884,0.004166666604578495,0.42692770573000116,0.0,0.0,0.0,0.0,0.0,0.0,0.036098835420133625,1.7275491952896118,publication,0.6453564167022705,4.844808340072632,0.3898298010208671,0.4390758496739909,200,0.5415385529368915,1.3251077686436474,0.04740427613432985,0.38982980102086706,0.4390758435986936,211.6240621948242,mobile,0.0007851861367624883,0.004272353522368168,10.581203616324037,10.581203616324037,system,0.0,321,0.4390758435986936,0.04494217874224132,meta_train_support,2,MARGO-SPLIT-v1,20,20,80,3,322,0.0,0.2,20,10,0.0005,0.0005,mrlco_first_order_mean_pseudogradient,fixed_literature_derived_defaults,0.00038262745946077197,1.9131372973039962e-05,0.004482986020286196,0.0002241493010143314,0.000568738111955193,2.8436905597759715e-05,3.0,0.0,0.029770273707144617,0.3136939553812952,0.03055769750717718,,,,,,,,,,,,,,,,
0.07062354936550905,0.00875,0.97375,0.0175,-0.0005915310466662049,0.05226140096783638,0.001520297003715972,0.013749999661619466,1.003291657877465,0.0,0.0,0.0,0.0,0.0,0.0,0.06758121938137478,1.676169514656067,publication,0.6404614448547363,5.216154098510742,1.1534402612561572,1.3017219242426017,200,0.8534550234551129,2.774741530418396,0.055271773831918836,1.1534402612561572,1.3017219144105912,803.3607305908204,mobile,0.0018306579714896195,0.0284030386593877,40.168036463554266,40.168036463554266,system,0.0,322,1.3017219144105912,0.05250608742200202,meta_train_support,2,MARGO-SPLIT-v1,20,20,80,3,323,0.0,0.2,20,10,0.0005,0.0005,mrlco_first_order_mean_pseudogradient,fixed_literature_derived_defaults,0.0003814428543231225,1.9072142716156787e-05,0.0044691068066011,0.00022345534033008096,0.0005669773128469726,2.8348865642346954e-05,3.0,0.0,0.029789345849860774,0.31391741072162527,0.030586046372819527,,,,,,,,,,,,,,,,
0.04010076172361419,0.011,0.96925,0.01975,0.0016580725787207484,0.0028531888965517282,0.007365074222812939,0.033083333323399224,0.29682610332965853,0.0,0.0,0.0,0.0,0.0,0.0,0.07628239670800717,0.7413423657417297,publication,0.5968470573425293,5.58354926109314,0.14259530801848785,0.1591599118015074,200,0.15405759623743542,0.5076981510501355,0.008416473749093711,0.14259530801848788,0.1591599143622443,672.164843158722,mobile,0.0023722660420582454,0.020831112141237233,33.60824268917391,33.60824268917391,system,0.0,323,0.1591599143622443,0.03382934710813829,meta_train_support,2,MARGO-SPLIT-v1,20,20,80,3,324,0.0,0.2,20,10,0.0005,0.0005,mrlco_first_order_mean_pseudogradient,fixed_literature_derived_defaults,0.00038026556156286594,1.9013278078142126e-05,0.004455313267074552,0.00022276566335371895,0.0005652273828690498,2.8261369143453563e-05,3.0,0.0,0.029808359127938916,0.314140176384979,0.03061430774196298,,,,,,,,,,,,,,,,
0.05522542735699591,0.01075,0.96625,0.023,-0.001211563590914011,0.02309044823050499,0.002756105401340984,0.023166666754210988,0.5789392520984014,0.0,0.0,0.0,0.0,0.0,0.0,0.09415581693916472,1.4827622175216675,publication,0.5738811492919922,5.0244529247283936,0.6852367381409974,0.7703899774177989,200,0.7110472072941698,2.442456806078553,0.07186393818119541,0.6852367381409972,0.7703899658843875,867.641776971817,mobile,0.005960689314619395,0.05477944667352329,43.38208919319035,43.38208919319035,system,0.0,324,0.7703899658843875,0.04459151413830245,meta_train_support,2,MARGO-SPLIT-v1,20,20,80,3,325,0.0,0.2,20,10,0.0005,0.0005,mrlco_first_order_mean_pseudogradient,fixed_literature_derived_defaults,0.00037909551368113406,1.8954775684056763e-05,0.0044416046108681695,0.00022208023054343107,0.0005634882216909912,2.8174411084550682e-05,3.0,0.0,0.029827313903622973,0.3143622566155224,0.03064248215304753,,,,,,,,,,,,,,,,
0.041902709177185644,0.01125,0.96475,0.024,-0.0004049567214678973,0.03250759094953537,0.0068974028019962216,0.02850000026325385,0.49905798099935056,0.0,0.0,0.0,0.0,0.0,0.0,0.08667140481730323,1.3814200162887573,publication,0.621345043182373,5.10492730140686,0.589272637644269,0.662194013847402,200,0.6847704325504554,2.0702149495482445,0.043363537144614384,0.589272637644269,0.6621940271183848,749.4380247688293,mobile,0.0021576739797264126,0.029924104088355895,37.47190230572682,37.47190230572682,system,0.0,325,0.6621940271183848,0.03130840084036321,meta_train_support,2,MARGO-SPLIT-v1,20,20,80,3,326,0.0,0.2,20,10,0.0005,0.0005,mrlco_first_order_mean_pseudogradient,fixed_literature_derived_defaults,0.0003779326440072656,1.889663220036239e-05,0.0044279800568471014,0.00022139900284234848,0.0005617597302134114,2.808798651067132e-05,3.0,0.0,0.029846210535823335,0.31458365561836477,0.030670570139558203,,,,,,,,,,,,,,,,
0.05985488723316086,0.01225,0.96375,0.024,-0.0007409676327370107,0.0026692040264606476,0.005084522576935057,0.033083333540707825,0.23728746498624487,0.0,0.0,0.0,0.0,0.0,0.0,0.09590084844828282,0.55446857213974,publication,0.6639432907104492,5.259031295776367,0.21339873777498286,0.23937055184069322,200,0.2588538987792098,0.748242640227545,0.02931044390425086,0.21339873777498286,0.23937054935842753,1193.356505355835,mobile,0.0037037624718261482,0.034392841580813245,59.66782456722454,59.66782456722454,system,0.0,326,0.23937054935842753,0.05053845117151731,meta_train_support,2,MARGO-SPLIT-v1,20,20,80,3,327,0.0,0.2,20,10,0.0005,0.0005,mrlco_first_order_mean_pseudogradient,fixed_literature_derived_defaults,0.0003767768866861424,1.883884433430752e-05,0.004414438833431667,0.00022072194167160886,0.0005600418105491502,2.8002090527456253e-05,3.0,0.0,0.029865049380157643,0.3148043775600364,0.03069857223008566,,,,,,,,,,,,,,,,
0.06590916648632347,0.012,0.96425,0.02375,-2.505702832422685e-05,0.01281264703720808,0.0038142687860960233,0.028416666605820255,0.5899956785142422,0.0,0.0,0.0,0.0,0.0,0.0,0.09229997672893767,1.3351167440414429,publication,0.6186275482177734,5.0657875537872314,0.812377030178117,0.916157147469603,200,0.6451246715612918,1.9381915163248777,0.041063295560888946,0.8123770301781171,0.9161571562476456,947.764880142212,mobile,0.0029375309766564244,0.027632248069672377,47.388244104567946,47.388244104567946,system,0.0,327,0.9161571562476456,0.04676644907368419,meta_train_support,2,MARGO-SPLIT-v1,20,20,80,3,328,0.0,0.2,20,10,0.0005,0.0005,mrlco_first_order_mean_pseudogradient,fixed_literature_derived_defaults,0.00037562817666575784,1.8781408833289104e-05,0.004400980178451692,0.00022004900892258483,0.000558334366004793,2.791671830023809e-05,3.0,0.0,0.02988383078899093,0.31502442656895896,0.030726488948385897,,,,,,,,,,,,,,,,
0.0636389202116896,0.0085,0.9745,0.017,0.00010301575093762949,0.09671970456838608,0.005453998422125512,0.02208333301047484,0.7809820342808962,0.0,0.0,0.0,0.0,0.0,0.0,0.0694945940586627,1.2506892681121826,publication,0.6188745498657227,4.886456489562988,0.68043681194177,0.7644338010003412,200,0.783108455346891,2.1867940025404096,0.020779554964974523,0.68043681194177,0.7644337932392955,544.8988647651672,mobile,0.0018425147342554884,0.029625985615237632,27.244943245136156,27.244943245136156,system,0.0,328,0.7644337932392955,0.047110531460900266,meta_train_support,2,MARGO-SPLIT-v1,20,20,80,3,329,0.0,0.2,20,10,0.0005,0.0005,mrlco_first_order_mean_pseudogradient,fixed_literature_derived_defaults,0.00037448644968501085,1.872432248424885e-05,0.0043876033390035105,0.00021938016695016715,0.0005566373010625293,2.783186505312535e-05,3.0,0.0,0.02990255511147518,0.3152438067359091,0.030754320813439023,,,,,,,,,,,,,,,,
0.05715651183995448,0.00425,0.98975,0.006,-4.923455708194524e-05,0.05263616144657135,0.002977899345516895,0.0179166664990286,0.5955947935581207,0.0,0.0,0.0,0.0,0.0,0.0,0.04591553635432951,1.2908700704574585,publication,0.5687682628631592,3.4522511959075928,0.6772758153120809,0.7634703192620691,200,1.1466681471571691,3.5649671340361238,0.014505228376947343,0.6772758153120809,0.7634703019633889,536.0903205490113,mobile,0.003471312487131767,0.026869312412143822,26.80451603221851,26.80451603221851,system,0.0,329,0.7634703019633889,0.045774732605927626,meta_train_support,2,MARGO-SPLIT-v1,20,20,80,3,330,0.0,0.2,20,10,0.0005,0.0005,mrlco_first_order_mean_pseudogradient,fixed_literature_derived_defaults,0.00037335164226172293,1.866758211308689e-05,0.0043743075713095604,0.00021871537856549272,0.0005549505213623398,2.7747526068117728e-05,3.0,0.0,0.029921222693588267,0.3154625221144746,0.03078206833950714,,,,,,,,,,,,,,,,
0.06693101042705858,0.0025,0.98675,0.01075,-0.0009720402304083109,0.016331160441040993,0.0020789364644144825,0.008166666561737656,0.5669221200048924,0.0,0.0,0.0,0.0,0.0,0.0,0.038639736811655105,1.4328570365905762,publication,0.6620378494262695,5.229584455490112,0.5593497649649332,0.6294901013543495,200,0.7379002323322602,2.0742946551181376,0.03026120431604795,0.5593497649649333,0.629490102827549,329.80976146698,mobile,0.0024042737491558924,0.009433662489376483,16.49048705257522,16.49048705257522,system,0.0,330,0.629490102827549,0.053913374486234004,meta_train_support,2,MARGO-SPLIT-v1,20,20,80,3,331,0.0,0.2,20,10,0.0005,0.0005,mrlco_first_order_mean_pseudogradient,fixed_literature_derived_defaults,0.00037222369168087184,1.8611184584044205e-05,0.0043610921405805286,0.0002180546070290057,0.0005532739336845079,2.7663696684224887e-05,3.0,0.0,0.02993983387817231,0.3156805767215036,0.030809732036191365,,,,,,,,,,,,,,,,
0.050832689389836413,0.00975,0.97375,0.0165,0.00025571484002284706,0.009148254990577698,0.00501372502280167,0.029666666438182193,0.47666928221782046,0.0,0.0,0.0,0.0,0.0,0.0,0.08027743301057683,1.537266731262207,publication,0.6728930473327637,4.831881046295166,0.5925148140160157,0.6663577844674,200,0.6866217562844042,2.1817194875329733,0.07403796988364775,0.5925148140160157,0.6663578115403652,1040.6394722366333,mobile,0.00222468686263687,0.04718776352226785,52.031974422825535,52.031974422825535,system,0.0,331,0.6663578115403652,0.03742633162320586,meta_train_support,2,MARGO-SPLIT-v1,20,20,80,3,332,0.0,0.2,20,10,0.0005,0.0005,mrlco_first_order_mean_pseudogradient,fixed_literature_derived_defaults,0.00037110253598303785,1.8555126799151e-05,0.004347956320879985,0.0002173978160440182,0.0005516074459324462,2.7580372296623357e-05,3.0,0.0,0.029958389004971463,0.31589797453754764,0.03083731240848799,,,,,,,,,,,,,,,,
0.06247956900190328,0.003,0.98925,0.00775,-0.0005229582311585546,0.013600344769656658,0.0010052228984809136,0.007000000029802322,0.7597348918517433,0.0,0.0,0.0,0.0,0.0,0.0,0.04105843794282412,1.6421778202056885,publication,0.5873289108276367,5.254917144775391,0.8673075345310802,0.9758522984122828,200,0.7586220597479785,2.2500482168979943,0.052157541271299124,0.8673075345310801,0.9758522623218596,611.169839515686,mobile,0.0014372957102273215,0.013014224004263728,30.558492916535926,30.558492916535926,system,0.0,332,0.9758522623218596,0.04482614166190393,meta_train_support,2,MARGO-SPLIT-v1,20,20,80,3,333,0.0,0.2,20,10,0.0005,0.0005,mrlco_first_order_mean_pseudogradient,fixed_literature_derived_defaults,0.00036998811395305876,1.8499405697654236e-05,0.004334899394991457,0.00021674496974954938,0.0005499509671158322,2.7497548355792656e-05,3.0,0.0,0.029976888410669117,0.3161147195072972,0.03086480995684378,,,,,,,,,,,,,,,,
0.060492049981814774,0.00075,0.99625,0.003,-0.0020382243674248457,0.0402393564581871,0.001072394518288888,0.002166666618237893,0.8330915612479052,0.0,0.0,0.0,0.0,0.0,0.0,0.024772530983157216,1.7188702821731567,publication,0.6519906520843506,3.3720543384552,0.9465248703231502,1.0681975106697792,200,0.969164269058143,2.74533957708627,0.03453250558231957,0.9465248703231506,1.0681974619813264,496.0810026168823,mobile,0.001592934806946803,0.017419421865090486,24.80405077045944,24.80405077045944,system,0.0,333,1.0681974619813264,0.04327798073325377,meta_train_support,2,MARGO-SPLIT-v1,20,20,80,3,334,0.0,0.2,20,10,0.0005,0.0005,mrlco_first_order_mean_pseudogradient,fixed_literature_derived_defaults,0.0003688803651088879,1.844401825544517e-05,0.004321920654287889,0.0002160960327143857,0.0005486393592697922,2.7431967963488513e-05,3.0,0.0,0.029995332428924562,0.3163308155400116,0.03089224192480727,,,,,,,,,,,,,,,,
0.06633982632475852,0.00425,0.98275,0.013,-0.0003628850681707263,0.022960802540183067,0.002647491314617885,0.014833333296701312,0.6875314521292845,0.0,0.0,0.0,0.0,0.0,0.0,0.05825257490051801,1.7600276470184326,publication,0.6306414604187012,4.454396724700928,0.7305665849495402,0.8253435597509815,200,0.6665464322367763,1.6463994402438402,0.05608586379094049,0.7305665849495402,0.825343561116606,575.2907489776611,mobile,0.0016245232025131338,0.018751089604075885,28.7645368827994,28.7645368827994,system,0.0,334,0.825343561116606,0.04644397838054034,meta_train_support,2,MARGO-SPLIT-v1,20,20,80,3,335,0.0,0.2,20,10,0.0005,0.0005,mrlco_first_order_mean_pseudogradient,fixed_literature_derived_defaults,0.00036777922969065245,1.8388961484532007e-05,0.004309019398603448,0.00021545096993019763,0.0005470016298391361,2.7350081491957917e-05,3.0,0.0,0.030013721390409094,0.3165462665099418,0.030919592006299228,,,,,,,,,,,,,,,,
0.05355093186805787,0.00075,0.99275,0.0065,-0.0006634081364609301,0.007872657850384712,0.001491457045494826,0.004249999951571225,0.30672668255865576,0.0,0.0,0.0,0.0,0.0,0.0,0.03429678986812499,1.640246868133545,publication,0.6856274604797363,5.128941535949707,0.28052396681519803,0.3149615837841702,200,0.4447193903800355,1.3886125930584967,0.026869873865507543,0.28052396681519803,0.3149615938961506,202.8621160888672,mobile,0.000552053869512401,0.0020187195131875974,10.143105927655473,10.143105927655473,system,0.0,335,0.3149615938961506,0.04282670028012367,meta_train_support,2,MARGO-SPLIT-v1,20,20,80,3,336,0.0,0.2,20,10,0.0005,0.0005,mrlco_first_order_mean_pseudogradient,fixed_literature_derived_defaults,0.00036668464864990645,1.8334232432495184e-05,0.004296194936107604,0.0002148097468053778,0.0005453736487979481,2.726868243989669e-05,3.0,0.0,0.03003205562284159,0.31676107625674715,0.030946860688739124,,,,,,,,,,,,,,,,
0.03774949257567272,0.004,0.981,0.015,0.0010938377818092704,0.012275504879653454,0.0031055846910021502,0.014249999665965634,0.3820196146766345,0.0,0.0,0.0,0.0,0.0,0.0,0.06335389435569289,1.629772663116455,publication,0.667579174041748,5.279029846191406,0.4226241486844165,0.4752049377621006,200,0.56243360578168,1.5906518627889454,0.0329106415156275,0.4226241486844165,0.4752049328386784,764.5496417236328,mobile,0.0018352694647185155,0.025553231663263173,38.22748202702921,38.22748202702921,system,0.0,336,0.4752049328386784,0.030240360798907927,meta_train_support,2,MARGO-SPLIT-v1,20,20,80,3,337,0.0,0.2,20,10,0.0005,0.0005,mrlco_first_order_mean_pseudogradient,fixed_literature_derived_defaults,0.0003655965636390759,1.827982818195309e-05,0.004283446583181469,0.00021417232915904583,0.0005437553293653133,2.718776646826529e-05,3.0,0.0,0.030050335451023542,0.3169752485859062,0.03097404845520739,,,,,,,,,,,,,,,,
0.07121140165957675,0.00775,0.98125,0.011,-2.5684935280878562e-06,0.05004889518022537,0.0031458975898505763,0.01866666628047824,0.920160443832477,0.0,0.0,0.0,0.0,0.0,0.0,0.06453215131374704,1.6472965478897095,publication,0.6576142311096191,5.143685579299927,0.9172851692621439,1.0361247428532807,200,0.8564964607559941,2.8114427821710706,0.06884118224843405,0.9172851692621441,1.0361247512325644,1109.0937307929992,mobile,0.002682005452691465,0.027232854535631238,55.45468610889722,55.45468610889722,system,0.0,337,1.0361247512325644,0.048883863778331656,meta_train_support,2,MARGO-SPLIT-v1,20,20,80,3,338,0.0,0.2,20,10,0.0005,0.0005,mrlco_first_order_mean_pseudogradient,fixed_literature_derived_defaults,0.00036451491700109043,1.8225745850055514e-05,0.004270773664296317,0.00021353868321483116,0.0005421465857873095,2.7107329289365045e-05,3.0,0.0,0.030068561196873598,0.31718878726912103,0.031001155784496755,,,,,,,,,,,,,,,,
0.05024926193548999,0.001,0.994,0.005,-0.001223948085680604,0.03150041773915291,0.0027119729576963775,0.003916666610166431,0.6509060684591531,0.0,0.0,0.0,0.0,0.0,0.0,0.024432074737407897,1.552016019821167,publication,0.5981972217559814,5.092962265014648,0.652167209415189,0.7349760546358902,200,0.9020559271100304,2.5181088466197252,0.039550329791381955,0.6521672094151889,0.7349760782532394,363.971873550415,mobile,0.0013990383086608781,0.011496615116512812,18.198594763074926,18.198594763074926,system,0.0,338,0.7349760782532394,0.03766964422341881,meta_train_support,2,MARGO-SPLIT-v1,20,20,80,3,339,0.0,0.2,20,10,0.0005,0.0005,mrlco_first_order_mean_pseudogradient,fixed_literature_derived_defaults,0.0003634396517591993,1.8171982587959767e-05,0.0042581755118942625,0.00021290877559471122,0.0005405473333218602,2.7027366666092234e-05,3.0,0.0,0.030086733179461558,0.31740169604471574,0.031028183151162847,,,,,,,,,,,,,,,,
0.045385409649460313,0.004,0.991,0.005,-0.0010109689319506288,0.038244228810071945,0.0018207670693256496,0.006249999844779571,0.4887698917960127,0.0,0.0,0.0,0.0,0.0,0.0,0.03240944425173811,1.1668428182601929,publication,0.6014442443847656,4.4237060546875,0.46135871001276485,0.5184036262672816,200,0.7306477454467664,2.2489577936939895,0.022834446048364043,0.4613587100127649,0.518403618671,571.4343837165833,mobile,0.002213222126483819,0.02365158867743289,28.571718253566456,28.571718253566456,system,0.0,339,0.518403618671,0.037712597699900596,meta_train_support,2,MARGO-SPLIT-v1,20,20,80,3,340,0.0,0.2,20,10,0.0005,0.0005,mrlco_first_order_mean_pseudogradient,fixed_literature_derived_defaults,0.0003623707116069664,1.8118535580348427e-05,0.004245651466271044,0.00021228257331357137,0.0005389574882238546,2.6947874411192146e-05,3.0,0.0,0.030104851715041906,0.3176139786180293,0.03105513102557404,,,,,,,,,,,,,,,,
0.0733213376979457,0.008,0.97075,0.02125,0.0016747693298384547,0.03999312222003937,0.006481315320976696,0.02924999954799811,0.731830772012472,0.0,0.0,0.0,0.0,0.0,0.0,0.07723199893468967,1.4778045415878296,publication,0.6462123394012451,4.3797900676727295,0.9288099163291045,1.0468838381657406,200,0.853363322976071,3.124701744876802,-0.0023103803396224976,0.9288099163291044,1.046883801658405,1148.1106172657012,mobile,0.001896938232503645,0.023356765330951216,57.40553231949522,57.40553231949522,system,0.0,340,1.046883801658405,0.053371196797496835,meta_train_support,2,MARGO-SPLIT-v1,20,20,80,3,341,0.0,0.2,20,10,0.0005,0.0005,mrlco_first_order_mean_pseudogradient,fixed_literature_derived_defaults,0.00036130804089844155,1.8065402044922796e-05,0.004233200875460866,0.00021166004377304315,0.0005373769677305296,2.6868848386527033e-05,3.0,0.0,0.03012291711708683,0.31782563866180236,0.031081999873960566,,,,,,,,,,,,,,,,
0.08002365169114387,0.00125,0.9975,0.00125,-0.0013088652631267905,0.009459610097110271,0.0005951907936832866,0.0016666666294137638,0.6299720294773579,0.0,0.0,0.0,0.0,0.0,0.0,0.01558178266896422,1.4970914125442505,publication,0.6105055809020996,5.438613653182983,0.6384026220932065,0.7194997808754852,200,0.8231521281560209,2.259592203423381,0.039597574388608336,0.6384026220932064,0.7194997694343328,150.52689546585083,mobile,0.0024051365027493023,0.008602122172354716,7.526344911522499,7.526344911522499,system,0.0,341,0.7194997694343328,0.05899409221125028,meta_train_support,2,MARGO-SPLIT-v1,20,20,80,3,342,0.0,0.2,20,10,0.0005,0.0005,mrlco_first_order_mean_pseudogradient,fixed_literature_derived_defaults,0.0003602515846385046,1.801257923192412e-05,0.00422082309512326,0.00021104115475617524,0.000535805690047107,2.679028450235446e-05,3.0,0.0,0.030140929696318753,0.31803667981655853,0.03110879015846292,,,,,,,,,,,,,,,,
0.05179023405702027,0.00425,0.986,0.00975,-0.0016506571555510163,0.01299356110394001,0.002315289025831173,0.010583333236475785,0.4612699620425701,0.0,0.0,0.0,0.0,0.0,0.0,0.04914854011071034,1.5074325799942017,publication,0.6511459350585938,5.2305121421813965,0.5733143781616369,0.6449210722466887,200,0.7041166955477494,1.696047818288207,0.04169495159294456,0.5733143781616368,0.6449210854806006,504.8801916694641,mobile,0.0016834293760862843,0.026542992721817992,25.24400787134528,25.24400787134528,system,0.0,342,0.6449210854806006,0.03760566141963065,meta_train_support,2,MARGO-SPLIT-v1,20,20,80,3,343,0.0,0.2,20,10,0.0005,0.0005,mrlco_first_order_mean_pseudogradient,fixed_literature_derived_defaults,0.00035920128847337775,1.796006442366868e-05,0.004208517488431939,0.00021042587442160476,0.000534243574332684,2.6712178716633422e-05,3.0,0.0,0.03015888976074242,0.31824710569098014,0.031135502337179554,,,,,,,,,,,,,,,,
0.07222240445779186,0.0,0.99925,0.00075,-0.0011907945154234767,0.07077378779649734,0.00034348232105635055,0.00041666665735344094,0.9242931117614109,0.0,0.0,0.0,0.0,0.0,0.0,0.010268922287220008,1.5851718187332153,publication,0.6539936065673828,4.9989845752716064,0.7302755345004952,0.8243386484991061,200,1.062252728174923,3.2598924534395337,0.027635866368655115,0.7302755345004953,0.8243386050872504,215.328564081192,mobile,0.0020094869191863555,0.006714123407058391,10.76642845628354,10.76642845628354,system,0.0,343,0.8243386050872504,0.05766884623785415,meta_train_support,2,MARGO-SPLIT-v1,20,20,80,3,344,0.0,0.2,20,10,0.0005,0.0005,mrlco_first_order_mean_pseudogradient,fixed_literature_derived_defaults,0.00035815709868130397,1.7907854934065548e-05,0.004196283425965567,0.00020981417129828372,0.000532690540686368,2.6634527034320038e-05,3.0,0.0,0.030176797615676487,0.3184569198622784,0.031162136864213874,,,,,,,,,,,,,,,,
0.07580314860856835,0.00375,0.99025,0.006,-0.0008689308306202292,0.1382385641336441,0.002950195568246272,0.010916666174307466,1.256881757080555,0.0,0.0,0.0,0.0,0.0,0.0,0.029005034667888795,1.6632634401321411,publication,0.6048510074615479,3.271494150161743,1.1443338307037183,1.288670647626277,200,1.0676729892009158,3.3046076484024525,0.04773039554129355,1.1443338307037183,1.2886706191301345,534.9505838394165,mobile,0.0007142755221530282,0.0035955627318338067,26.747529268303186,26.747529268303186,system,0.0,344,1.2886706191301345,0.054029776053523,meta_train_support,2,MARGO-SPLIT-v1,20,20,80,3,345,0.0,0.2,20,10,0.0005,0.0005,mrlco_first_order_mean_pseudogradient,fixed_literature_derived_defaults,0.0003571189621633872,1.7855948108169012e-05,0.00418412028560045,0.00020920601428003893,0.0005312349350711814,2.656174675355963e-05,3.0,0.0,0.030194653563784656,0.31866612587655846,0.031188698610967434,,,,,,,,,,,,,,,,
0.08342971439975592,0.0045,0.9865,0.009,-0.00038348796078935266,0.019670991227030754,0.0019876522121582713,0.01241666634256641,0.7371214066942533,0.0,0.0,0.0,0.0,0.0,0.0,0.045375822460086056,1.6681779623031616,publication,0.6779112815856934,4.851950645446777,0.5618438639811649,0.6342350450069353,200,0.5366512683942025,1.5167737491428852,0.05154281365685165,0.5618438639811651,0.6342350378446281,615.0206186294556,mobile,0.0016492510818860854,0.014884980698550163,30.75102996836334,30.75102996836334,system,0.0,345,0.6342350378446281,0.05427236257496059,meta_train_support,2,MARGO-SPLIT-v1,20,20,80,3,346,0.0,0.2,20,10,0.0005,0.0005,mrlco_first_order_mean_pseudogradient,fixed_literature_derived_defaults,0.00035608682643459126,1.7804341321731032e-05,0.004172027452405073,0.00020860137262024292,0.0005296995739871607,2.6484978699357897e-05,3.0,0.0,0.030212457905106387,0.3188747272491787,0.03121518358966679,,,,,,,,,,,,,,,,
0.05112484353255649,0.00225,0.99125,0.0065,-0.0008869909215718508,0.005615515168756247,0.002048647625827016,0.004583333339542151,0.4481858839591345,0.0,0.0,0.0,0.0,0.0,0.0,0.03741524138987844,1.6292742490768433,publication,0.6718218326568604,4.280249118804932,0.5737781312960207,0.6477822657954312,200,0.7282621905646567,1.8046302236616611,0.026199158135568723,0.5737781312960208,0.6477822603285313,591.9594646644592,mobile,0.002582567237957877,0.016941122193322344,29.597974067356652,29.597974067356652,system,0.0,346,0.6477822603285313,0.04063006623350562,meta_train_support,2,MARGO-SPLIT-v1,20,20,80,3,347,0.0,0.2,20,10,0.0005,0.0005,mrlco_first_order_mean_pseudogradient,fixed_literature_derived_defaults,0.00035506063961489504,1.7753031980743267e-05,0.00416000431853647,0.00020800021592681794,0.0005281730622465636,2.6408653112326708e-05,3.0,0.0,0.03023021093708713,0.3190827274651055,0.03124159224277912,,,,,,,,,,,,,,,,
0.06729434089629668,0.00175,0.9915,0.00675,-0.001775652403011918,0.02615128643810749,0.0015176342229987463,0.005750000088786086,0.7799015056341887,0.0,0.0,0.0,0.0,0.0,0.0,0.0367182085708866,1.599892258644104,publication,0.6456501483917236,5.011834383010864,0.8973583729978958,1.0101220924440713,200,0.7404236047843696,2.0769222993403673,0.06071131471253466,0.8973583729978957,1.0101220862194895,448.51862197875977,mobile,0.003009143250876189,0.03335594520881184,22.425932098483045,22.425932098483045,system,0.0,347,1.0101220862194895,0.04655405884863566,meta_train_support,2,MARGO-SPLIT-v1,20,20,80,3,348,0.0,0.2,20,10,0.0005,0.0005,mrlco_first_order_mean_pseudogradient,fixed_literature_derived_defaults,0.00035404035042059935,1.770201752103115e-05,0.004148050283138377,0.00020740251415690691,0.0005266553235619471,2.633276617810057e-05,3.0,0.0,0.03024791295460816,0.3192901299792624,0.03126792500895722,,,,,,,,,,,,,,,,
0.07497168992678913,0.0035,0.98875,0.00775,-0.0003374912776052952,0.02066759020090103,0.001300377519568959,0.006749999988824129,0.738210254535079,0.0,0.0,0.0,0.0,0.0,0.0,0.0468745685960093,1.5520961284637451,publication,0.6394648551940918,5.138570547103882,0.875771772267817,0.9846642166544917,200,0.7761465212404676,2.3734774694312364,0.0354804953240091,0.8757717722678169,0.9846641982346773,767.8797008132934,mobile,0.00152493755242242,0.019231708730819082,38.39398489057163,38.39398489057163,system,0.0,348,0.9846641982346773,0.05158843586234635,meta_train_support,2,MARGO-SPLIT-v1,20,20,80,3,349,0.0,0.2,20,10,0.0005,0.0005,mrlco_first_order_mean_pseudogradient,fixed_literature_derived_defaults,0.0003530259081557839,1.765129540778898e-05,0.004136164752241132,0.00020680823761204392,0.0005251462825202224,2.6257314126011677e-05,3.0,0.0,0.03026556425001595,0.31949693821687447,0.03129418232308323,,,,,,,,,,,,,,,,
0.06295888111448548,0.0005,0.99525,0.00425,-0.000812328013125807,0.275764137506485,0.0023266010952435563,0.0030833332644154628,1.2791216113294164,0.0,0.0,0.0,0.0,0.0,0.0,0.025101107675424415,1.5183773040771484,publication,0.6024055480957031,3.3476715087890625,1.2225946698973829,1.3781036769089041,200,1.6313985059364198,4.6258529694750905,0.04840683811926283,1.2225946698973833,1.3781036653928458,361.0752411270142,mobile,0.002258170366379336,0.008057974912177407,18.053763255617728,18.053763255617728,system,0.0,349,1.3781036653928458,0.0537306017800123,meta_train_support,2,MARGO-SPLIT-v1,20,20,80,3,350,0.0,0.2,20,10,0.0005,0.0005,mrlco_first_order_mean_pseudogradient,fixed_literature_derived_defaults,0.0003520172627039102,1.7600863135194822e-05,0.0041243471386633,0.00020621735693315824,0.0005236458645701646,2.618229322851051e-05,3.0,0.0,0.030283165113151145,0.31970315557380763,0.03132036461631174,,,,,,,,,,,,,,,,
0.059000473133240396,0.0035,0.9875,0.009,-0.0002542859874665737,0.017613960430026054,0.001974360464820772,0.007666666790222128,0.6822422052423159,0.0,0.0,0.0,0.0,0.0,0.0,0.04774126316121979,1.5474157333374023,publication,0.6291651725769043,4.870995283126831,0.9338742009824189,1.0523590497825352,200,0.6400112392355604,2.087244175374508,0.0926254800579045,0.9338742009824191,1.052359057702124,758.4233319091796,mobile,0.001062276155316728,0.02030024825954491,37.921166450837674,37.921166450837674,system,0.0,350,1.052359057702124,0.04144043980498216,meta_train_support,2,MARGO-SPLIT-v1,20,20,80,3,351,0.0,0.2,20,10,0.0005,0.0005,mrlco_first_order_mean_pseudogradient,fixed_literature_derived_defaults,0.0003510143645195686,1.7550718225976814e-05,0.004112596861914972,0.00020562984309574484,0.0005221539960101356,2.6107699800506645e-05,3.0,0.0,0.030300715831377122,0.3199087854169034,0.03134647231611225,-0.05076762969805182,-0.038841600850622174,0.038841600850622174,0.0,0.025,0.025,0.005,0.975,0.975,0.0,validation/automotive_lexicographic_v1,automotive_lexicographic_v1,a3bd00d5108237acdb706f561212b5d840bac151f48b5250a61c573d9c9ffb6c,332114969.0,0.038841600850622174,0.0
0.06036563633916152,0.001,0.9975,0.0015,-0.002121417783200741,0.01136140339076519,0.001851085524708651,0.0015833332979430757,0.3854667862256368,0.0,0.0,0.0,0.0,0.0,0.0,0.025796598042377702,1.4788092374801636,publication,0.6230373382568359,4.782231569290161,0.3847419484261445,0.43326309005699387,200,0.5613546364126935,1.7999214000301436,0.05750782147515565,0.38474194842614456,0.43326307948678733,279.42783100128173,mobile,0.0026906139314015233,0.018976608120773886,13.971390625921375,13.971390625921375,system,0.0,351,0.43326307948678733,0.052693405046894355,meta_train_support,2,MARGO-SPLIT-v1,20,20,80,3,352,0.0,0.2,20,10,0.0005,0.0005,mrlco_first_order_mean_pseudogradient,fixed_literature_derived_defaults,0.00035001716462036524,1.7500858231017657e-05,0.004100913348102714,0.00020504566740514596,0.0005206706039760159,2.6033530198803223e-05,3.0,0.0,0.03031821668960814,0.3201138310843085,0.03137250584631105,,,,,,,,,,,,,,,,
0.05257413775744577,0.004,0.98775,0.00825,-0.0015787355368956923,0.03962797671556473,0.002097319507413431,0.009833333284283678,0.6240569019690155,0.0,0.0,0.0,0.0,0.0,0.0,0.05138503121100691,1.519267201423645,publication,0.6313321590423584,5.469635963439941,0.6452556458494999,0.7273651903964264,200,1.095176479298353,3.3500799080356956,0.044601611855796364,0.6452556458495,0.7273651705309748,534.2041914081574,mobile,0.0036804629542977834,0.03423504647519433,26.710209690053585,26.710209690053585,system,0.0,352,0.7273651705309748,0.04365315721781417,meta_train_support,2,MARGO-SPLIT-v1,20,20,80,3,353,0.0,0.2,20,10,0.0005,0.0005,mrlco_first_order_mean_pseudogradient,fixed_literature_derived_defaults,0.0003490256145789478,1.7451280728948693e-05,0.004089296029836134,0.00020446480149183266,0.0005191956164293417,2.5959780821468992e-05,3.0,0.0,0.03033566797033709,0.32031829588580035,0.03139846562713252,,,,,,,,,,,,,,,,
0.03814439858129104,0.00475,0.986,0.00925,-0.004259818699210882,0.018983270972967148,0.0033299112385520857,0.010333333226541678,0.4033228049675624,0.0,0.0,0.0,0.0,0.0,0.0,0.06145323092643749,1.2646477222442627,publication,0.5813360214233398,3.462881565093994,0.5382042421155334,0.6052846869576388,200,0.8127325702839091,2.5748606054112315,0.03539976614410989,0.5382042421155333,0.605284683611244,686.074127960205,mobile,0.0032490686837301254,0.05088409458212261,34.30370694973022,34.30370694973022,system,0.0,353,0.605284683611244,0.034386787234796545,meta_train_support,2,MARGO-SPLIT-v1,20,20,80,3,354,0.0,0.2,20,10,0.0005,0.0005,mrlco_first_order_mean_pseudogradient,fixed_literature_derived_defaults,0.00034803966651516545,1.7401983325757847e-05,0.004077744346136032,0.00020388721730679737,0.0005179116658873651,2.589558329436914e-05,3.0,0.0,0.030353069953662846,0.32052218310310715,0.03142436121042689,,,,,,,,,,,,,,,,
0.0596673086053829,0.00325,0.986,0.01075,-0.0011578691191971302,0.009707868099212646,0.0018782894843146394,0.008499999763444066,0.5347993281980357,0.0,0.0,0.0,0.0,0.0,0.0,0.050974774402112816,1.4605242013931274,publication,0.5552856922149658,4.6364874839782715,0.5406454067911156,0.608209847184553,200,0.6026186435620444,1.6534205805510283,0.04170985543169081,0.5406454067911157,0.6082098249346017,795.0076339721679,mobile,0.0023137171158317702,0.03579693008234014,39.750382033156946,39.750382033156946,system,0.0,354,0.6082098249346017,0.0435390649012236,meta_train_support,2,MARGO-SPLIT-v1,20,20,80,3,355,0.0,0.2,20,10,0.0005,0.0005,mrlco_first_order_mean_pseudogradient,fixed_literature_derived_defaults,0.0003470592730883622,1.7352963654418407e-05,0.004066257742344099,0.00020331288711722406,0.000516452759786274,2.582263798931589e-05,3.0,0.0,0.030370422917317265,0.3207254959902244,0.031450183848416205,,,,,,,,,,,,,,,,
0.0521427160337911,0.005,0.9835,0.0115,-0.003740481333807111,0.005054384469985962,0.0025274724298697034,0.013583333448817334,0.4384320374578238,0.0,0.0,0.0,0.0,0.0,0.0,0.057521543349094845,1.4035271406173706,publication,0.6091079711914062,3.430729627609253,0.3979712639791238,0.44780134523267406,200,0.4904711156457092,1.4413886247202754,0.044962656626012176,0.3979712639791238,0.44780134754255413,995.4989014434815,mobile,0.004310294641419181,0.0274270234827057,49.77494522665019,49.77494522665019,system,0.0,355,0.44780134754255413,0.03877283890797651,meta_train_support,2,MARGO-SPLIT-v1,20,20,80,3,356,0.0,0.2,20,10,0.0005,0.0005,mrlco_first_order_mean_pseudogradient,fixed_literature_derived_defaults,0.00034608438748979934,1.7304219374490032e-05,0.004054835670034143,0.00020274178350171423,0.0005150020497868744,2.5750102489341398e-05,3.0,0.0,0.030387727136691755,0.3209282377737261,0.031475933950905546,,,,,,,,,,,,,,,,
0.08347270848947201,0.0005,0.99825,0.00125,-0.0023049633018672466,0.1583264023065567,0.0006878444468249258,0.0009999999776482583,1.1260824809471766,0.0,0.0,0.0,0.0,0.0,0.0,0.017705124594260855,1.3908902406692505,publication,0.6520514488220215,5.066498041152954,0.8560486474767068,0.9640944299072635,200,0.957096348878618,2.567682882770896,0.01669532951200381,0.856048647476707,0.9640944564715028,130.73454521179198,mobile,0.0038052847914690885,0.02239653387541889,6.536727480147701,6.536727480147701,system,0.0,356,0.9640944564715028,0.05841388491426924,meta_train_support,2,MARGO-SPLIT-v1,20,20,80,3,357,0.0,0.2,20,10,0.0005,0.0005,mrlco_first_order_mean_pseudogradient,fixed_literature_derived_defaults,0.00034511496343520606,1.7255748171761398e-05,0.004043477586924804,0.00020217387934623465,0.0005135594670143621,2.5677973350721195e-05,3.0,0.0,0.030404982884863516,0.3211304116530723,0.03150161192425627,,,,,,,,,,,,,,,,
0.0722595632386984,0.0005,0.9985,0.001,-0.0029555961955338717,0.024714656174182892,0.0003935483967874613,0.0009999999776482583,0.6198467454562585,0.0,0.0,0.0,0.0,0.0,0.0,0.014945365665597034,1.384423851966858,publication,0.5733261108398438,4.20821475982666,0.7365432291269349,0.8295965051783424,200,0.924347292411901,2.327105731703341,0.001143053756095469,0.7365432291269348,0.8295964607223868,217.24627680778502,mobile,0.006690402154491308,0.016586067104057908,10.862313590470817,10.862313590470817,system,0.0,357,0.8295964607223868,0.06525635364497166,meta_train_support,2,MARGO-SPLIT-v1,20,20,80,3,358,0.0,0.2,20,10,0.0005,0.0005,mrlco_first_order_mean_pseudogradient,fixed_literature_derived_defaults,0.0003441509551574541,1.7207547757872033e-05,0.004032182956793729,0.00020160914783967643,0.000512124943363484,2.560624716817228e-05,3.0,0.0,0.03042219043262139,0.321332020800912,0.03152721817142444,,,,,,,,,,,,,,,,
0.0558758923827826,0.005,0.983,0.012,-0.0029306772630661726,0.1600584238767624,0.002732687140796486,0.01283333352766931,1.0171783298254014,0.0,0.0,0.0,0.0,0.0,0.0,0.056739100049648376,1.4138518571853638,publication,0.6910607814788818,5.169069290161133,0.7818619808225453,0.8802914395247717,200,1.0804432964237085,3.3848900301381946,0.030896616546669975,0.7818619808225454,0.8802914091013372,686.8304264163971,mobile,0.005599086326653759,0.0261592789815204,34.34152215833898,34.34152215833898,system,0.0,358,0.8802914091013372,0.04582378401392887,meta_train_support,2,MARGO-SPLIT-v1,20,20,80,3,359,0.0,0.2,20,10,0.0005,0.0005,mrlco_first_order_mean_pseudogradient,fixed_literature_derived_defaults,0.00034319231739935536,1.7159615869968836e-05,0.004020951249393189,0.00020104756246963618,0.0005106984114878197,2.553492057438822e-05,3.0,0.0,0.030439350048491357,0.32153306836338164,0.03155275309199883,,,,,,,,,,,,,,,,
0.0762972493619119,0.0045,0.98975,0.00575,-0.001881350064650178,0.0177286509424448,0.0035711033991011236,0.010500000106791654,0.7947376286610961,0.0,0.0,0.0,0.0,0.0,0.0,0.04156252102913541,1.4887534379959106,publication,0.662029504776001,5.087224245071411,0.9750388772422647,1.1001096460659392,200,1.0363123240111887,2.7862187841092236,0.014434953758609481,0.9750388772422648,1.1001096681132914,525.3208867263794,mobile,0.004196302178609013,0.03118345696633603,26.26604301717042,26.26604301717042,system,0.0,359,1.1001096681132914,0.05703355182142328,meta_train_support,2,MARGO-SPLIT-v1,20,20,80,3,360,0.0,0.2,20,10,0.0005,0.0005,mrlco_first_order_mean_pseudogradient,fixed_literature_derived_defaults,0.00034223900540657936,1.7111950270327914e-05,0.004009781940367097,0.0002004890970183637,0.0005092798047892424,2.546399023946322e-05,3.0,0.0,0.030456461998761685,0.3217335574604,0.03157821708223829,,,,,,,,,,,,,,,,
0.0888620936413468,0.00125,0.994,0.00475,-0.002124455524608493,0.039644911885261536,0.003197945641184674,0.013666666857898233,0.8882427463928859,0.0,0.0,0.0,0.0,0.0,0.0,0.03351345177539444,1.568951964378357,publication,0.626415491104126,3.259692668914795,1.2394972064974166,1.3994481147065927,200,0.9267962633183782,2.5772017734125257,0.051440798764815554,1.2394972064974166,1.3994481191597878,152.80247602462768,mobile,0.0013749312338787534,0.020304017035068386,7.640123577720959,7.640123577720959,system,0.0,360,1.3994481191597878,0.06702636486779392,meta_train_support,2,MARGO-SPLIT-v1,20,20,80,3,361,0.0,0.2,20,10,0.0005,0.0005,mrlco_first_order_mean_pseudogradient,fixed_literature_derived_defaults,0.00034129097492068857,1.7064548746035385e-05,0.003998674511169404,0.00019993372555848765,0.0005078690574075547,2.539345287037864e-05,3.0,0.0,0.03047352654750772,0.3219334911859585,0.03160361053510867,,,,,,,,,,,,,,,,
0.051411441030095616,0.00525,0.97975,0.015,-0.001047054072842002,0.010321076959371567,0.008078779464600908,0.02833333342957,0.4028913425902525,0.0,0.0,0.0,0.0,0.0,0.0,0.08264359629739639,1.639565348625183,publication,0.663153886795044,5.004763603210449,0.4866049874457748,0.5484761802974571,200,0.6924238668969664,2.2906733634881675,0.030887831589097914,0.4866049874457749,0.5484761714190245,790.1097599220276,mobile,0.0025079163229285895,0.04028821537405019,39.50548864056759,39.50548864056759,system,0.0,361,0.5484761714190245,0.04291058478861599,meta_train_support,2,MARGO-SPLIT-v1,20,20,80,3,362,0.0,0.2,20,10,0.0005,0.0005,mrlco_first_order_mean_pseudogradient,fixed_literature_derived_defaults,0.0003403481821722889,1.7017409108616155e-05,0.003990758043247316,0.00019953790216237222,0.0005064661042102963,2.532330521051729e-05,3.0,0.0,0.030490543956616337,0.32213302908812086,0.03162893384031919,,,,,,,,,,,,,,,,
0.06731868038519402,0.00675,0.982,0.01125,0.0011306372471153736,0.12465521693229675,0.005445098827552404,0.008833333291113375,0.9673982874800762,0.0,0.0,0.0,0.0,0.0,0.0,0.06640075949361003,1.6514843702316284,publication,0.5471401214599609,3.3817760944366455,0.8638238679514177,0.972434989231042,200,1.0774037275486954,2.9797930510831065,0.00910732356715016,0.863823867951418,0.9724349728552625,448.0453462219238,mobile,0.0023835366730393377,0.015173840547699918,22.40226724984794,22.40226724984794,system,0.0,362,0.9724349728552625,0.051586288105800515,meta_train_support,2,MARGO-SPLIT-v1,20,20,80,3,363,0.0,0.2,20,10,0.0005,0.0005,mrlco_first_order_mean_pseudogradient,fixed_literature_derived_defaults,0.0003394105838742936,1.6970529193714723e-05,0.003979764219436717,0.00019898821097186215,0.0005050708807827198,2.5253544039136044e-05,3.0,0.0,0.03050751448581005,0.3223320172990927,0.03165418738435832,,,,,,,,,,,,,,,,
0.05948804473637006,0.00525,0.98075,0.014,-0.0006170033011585474,0.011944921687245369,0.005283510703217568,0.009416666720062495,0.37831695315738517,0.0,0.0,0.0,0.0,0.0,0.0,0.08121338951379883,1.6948657035827637,publication,0.6490402221679688,5.669787168502808,0.353033393862964,0.3965322692625341,200,0.70459415563219,2.395458781160414,0.05637893988750875,0.35303339386296406,0.39653225883841514,417.68789175033567,mobile,0.0018044672220263627,0.012819255716971411,20.884393923031148,20.884393923031148,system,0.0,363,0.39653225883841514,0.046703884979681656,meta_train_support,2,MARGO-SPLIT-v1,20,20,80,3,364,0.0,0.2,20,10,0.0005,0.0005,mrlco_first_order_mean_pseudogradient,fixed_literature_derived_defaults,0.0003384781372152983,1.6923906860765586e-05,0.003968830801251452,0.0001984415400625994,0.0005036833234179321,2.518416617089403e-05,3.0,0.0,0.030524438392670817,0.3225304588391553,0.03167937155052922,,,,,,,,,,,,,,,,
0.07249325658529603,0.00775,0.979,0.01325,0.0006549135432578623,0.026007620617747307,0.004745323350031564,0.02091666689763467,0.6476013799508414,0.0,0.0,0.0,0.0,0.0,0.0,0.08376001438311,1.7921860218048096,publication,0.665482759475708,5.055716276168823,0.7268436502375266,0.820143645700955,200,0.5562231636575387,1.5250162319280207,0.04842193110380322,0.7268436502375265,0.8201436418481172,524.2410566711426,mobile,0.0013832148878879535,0.03947166462899159,26.212052745525924,26.212052745525924,system,0.0,364,0.8201436418481172,0.05085577450936639,meta_train_support,2,MARGO-SPLIT-v1,20,20,80,3,365,0.0,0.2,20,10,0.0005,0.0005,mrlco_first_order_mean_pseudogradient,fixed_literature_derived_defaults,0.0003375507998530646,1.6877539992653234e-05,0.003957957292206928,0.0001978978646103302,0.000502303369107198,2.5115168455359937e-05,3.0,0.0,0.03054131593266347,0.32272835670376565,0.03170448671898458,,,,,,,,,,,,,,,,
0.03421994423868167,0.00525,0.97825,0.0165,-0.0014821668155491352,0.022557808086276054,0.005001250425751398,0.016250000288709997,0.41097414654990033,0.0,0.0,0.0,0.0,0.0,0.0,0.08695232745118536,1.3910748958587646,publication,0.6583733558654785,4.517929315567017,0.5216783909677737,0.5855713161880339,200,0.7081790724600482,2.3069570136722177,0.034721374249784276,0.5216783909677737,0.5855713141523302,470.2016354370117,mobile,0.0031664696888326392,0.028986449343499407,23.51008169712517,23.51008169712517,system,0.0,365,0.5855713141523302,0.02723808356689636,meta_train_support,2,MARGO-SPLIT-v1,20,20,80,3,366,0.0,0.2,20,10,0.0005,0.0005,mrlco_first_order_mean_pseudogradient,fixed_literature_derived_defaults,0.00033662852990811083,1.6831426495406837e-05,0.003947143201244613,0.00019735716006225035,0.0005009309555304024,2.504654777651938e-05,3.0,0.0,0.030558147359158877,0.3229257138638279,0.0317295332667611,,,,,,,,,,,,,,,,
0.07692789775235623,0.00425,0.988,0.00775,-0.0005847710999660194,0.018940364941954613,0.001723373507532718,0.006333333284904559,0.6740688943614562,0.0,0.0,0.0,0.0,0.0,0.0,0.04050994003335014,1.7045053243637085,publication,0.6329941749572754,3.351746082305908,0.7305431502280826,0.824634434870386,200,0.6032896550972119,1.7198635339736938,0.1041811293689534,0.7305431502280827,0.8246344254165888,645.3545161819458,mobile,0.001483675664670263,0.036629631990087945,32.26772599819281,32.26772599819281,system,0.0,366,0.8246344254165888,0.056434457581244664,meta_train_support,2,MARGO-SPLIT-v1,20,20,80,3,367,0.0,0.2,20,10,0.0005,0.0005,mrlco_first_order_mean_pseudogradient,fixed_literature_derived_defaults,0.00033571128595740753,1.6785564297870648e-05,0.003937534752131343,0.0001968767376065439,0.00050046437622865,2.5023218811433268e-05,3.0,0.0,0.030574932923456748,0.32312259060143445,0.03175455648557253,,,,,,,,,,,,,,,,
0.05969849745279602,0.00225,0.9865,0.01125,-0.0018659124616533518,0.007810815237462521,0.0047912426237113935,0.015583333342025676,0.43311797219018144,0.0,0.0,0.0,0.0,0.0,0.0,0.0430427018815471,1.5351518392562866,publication,0.6427702903747559,5.435583114624023,0.3444509509187214,0.3864880414174695,200,0.5164687633528224,1.638113679829985,0.047448864846955985,0.3444509509187214,0.38648804670199755,470.6975100708008,mobile,0.0028943007814465215,0.036485835142681014,23.53487593381788,23.53487593381788,system,0.0,367,0.38648804670199755,0.05044427907994046,meta_train_support,2,MARGO-SPLIT-v1,20,20,80,3,368,0.0,0.2,20,10,0.0005,0.0005,mrlco_first_order_mean_pseudogradient,fixed_literature_derived_defaults,0.0003347990270281755,1.67399513514091e-05,0.003926834929435334,0.00019634174647176206,0.0004991044186845504,2.495522093422936e-05,3.0,0.0,0.030591672874808157,0.3233189323479062,0.03177951170650676,,,,,,,,,,,,,,,,
0.07425651841263514,0.00075,0.996,0.00325,-0.001825849642045796,0.08100565522909164,0.0030146453979691995,0.0023333333122233547,0.851966558645169,0.0,0.0,0.0,0.0,0.0,0.0,0.019945987798495775,1.5026918649673462,publication,0.6786551475524902,5.373901605606079,0.8126480359285101,0.9172385681069499,200,1.2343811497085133,4.000190342776477,1.578671799506992e-05,0.8126480359285099,0.9172385313780979,210.17635803222657,mobile,0.004192012034663416,0.033588305653211734,10.50881761711786,10.50881761711786,system,0.0,368,0.9172385313780979,0.058260216708832094,meta_train_support,2,MARGO-SPLIT-v1,20,20,80,3,369,0.0,0.2,20,10,0.0005,0.0005,mrlco_first_order_mean_pseudogradient,fixed_literature_derived_defaults,0.00033389171259178474,1.6694585629587616e-05,0.003916193100358273,0.00019580965501792003,0.0004977518321840502,2.4887591609200344e-05,3.0,0.0,0.030608367460437744,0.3235147420029241,0.03180439929811596,,,,,,,,,,,,,,,,
0.06770363932367227,0.002,0.99175,0.00625,-0.000934806012082845,0.09787870198488235,0.000982540259115054,0.005583333348234494,1.1665123030543327,0.0,0.0,0.0,0.0,0.0,0.0,0.031983987395125466,1.4470237493515015,publication,0.6570322513580322,5.05143666267395,1.0920100082936015,1.2303152301084992,200,0.8674863098482763,2.1749751751776785,0.027251866296865046,1.0920100082936015,1.2303152013290672,667.1534459686279,mobile,0.0021978016150756337,0.014865686145505106,33.357673053660676,33.357673053660676,system,0.0,369,1.2303152013290672,0.04832247971698379,meta_train_support,2,MARGO-SPLIT-v1,20,20,80,3,370,0.0,0.2,20,10,0.0005,0.0005,mrlco_first_order_mean_pseudogradient,fixed_literature_derived_defaults,0.0003329893025577529,1.664946512788812e-05,0.0039058288039245334,0.00019529144019619915,0.000497142516297154,2.485712581485472e-05,3.0,0.0,0.030625016925565633,0.3237100334431203,0.031829256423930814,,,,,,,,,,,,,,,,
0.06482939546847714,0.01,0.974,0.016,0.0006682171951979399,0.10723434388637543,0.004139640987981718,0.02108333318804701,0.96804203192393,0.0,0.0,0.0,0.0,0.0,0.0,0.06219456345564902,1.4838134050369263,publication,0.6744191646575928,5.074086427688599,0.8519260932393723,0.9615480630250351,200,0.9413442446789372,3.0468124067410827,0.05426154797896743,0.8519260932393724,0.9615480497479438,890.0817851257324,mobile,0.0016553459512473605,0.025550966344623248,44.50408949995439,44.50408949995439,system,0.0,370,0.9615480497479438,0.05122265935855355,meta_train_support,2,MARGO-SPLIT-v1,20,20,80,3,371,0.0,0.2,20,10,0.0005,0.0005,mrlco_first_order_mean_pseudogradient,fixed_literature_derived_defaults,0.0003320917572678398,1.6604587863393305e-05,0.0038953009634826886,0.000194765048174117,0.0004958025095146819,2.479012547573073e-05,3.0,0.0,0.030641621513429026,0.32390479849129444,0.031854046549406545,,,,,,,,,,,,,,,,
0.0639701946708158,0.00375,0.98975,0.0065,-0.0024065012112259865,0.013473225757479668,0.0022773262361549013,0.00600000008319815,0.5649285412083069,0.0,0.0,0.0,0.0,0.0,0.0,0.03385837211681959,1.4598109722137451,publication,0.6114885807037354,5.4154746532440186,0.7705994932512112,0.868116679697523,200,0.9561407169462777,2.753993412014097,0.0393511108122766,0.7705994932512111,0.8681166547164321,455.7379607582092,mobile,0.0024955718304355006,0.03130799444355239,22.786898334406825,22.786898334406825,system,0.0,371,0.8681166547164321,0.04962368365985629,meta_train_support,2,MARGO-SPLIT-v1,20,20,80,3,372,0.0,0.2,20,10,0.0005,0.0005,mrlco_first_order_mean_pseudogradient,fixed_literature_derived_defaults,0.0003311990374902381,1.6559951874512563e-05,0.0038848297243335413,0.00019424148621666193,0.00049446970706975,2.4723485353490837e-05,3.0,0.0,0.03065818146530354,0.3240990399775111,0.031878770034760036,,,,,,,,,,,,,,,,
0.062467602821273685,0.0045,0.98775,0.00775,-0.001899880706332624,0.0965588316321373,0.0042273554547492456,0.011749999737367034,0.8074844174087048,0.0,0.0,0.0,0.0,0.0,0.0,0.039878591026527285,1.4865260124206543,publication,0.6625502109527588,5.055504322052002,0.8048052058515247,0.9066581319616762,200,0.8737832730542904,2.692449006251991,0.07195617847901303,0.8048052058515249,0.9066580925509333,533.1735392284394,mobile,0.0009913164153724239,0.014576364709031871,26.6586780308692,26.6586780308692,system,0.0,372,0.9066580925509333,0.04578037227588641,meta_train_support,2,MARGO-SPLIT-v1,20,20,80,3,373,0.0,0.2,20,10,0.0005,0.0005,mrlco_first_order_mean_pseudogradient,fixed_literature_derived_defaults,0.00033031110441385675,1.6515555220694006e-05,0.0038744146312388135,0.00019372073156193048,0.0004931440510186246,2.4657202550931734e-05,3.0,0.0,0.030674697020524232,0.32429276070907304,0.03190342723731097,,,,,,,,,,,,,,,,
0.061084732344037926,0.0045,0.9835,0.012,-0.0012533222325146198,0.17210346460342407,0.0016999383299755033,0.011333333126579723,1.2853970433274906,0.0,0.0,0.0,0.0,0.0,0.0,0.050107043716856425,1.5062952041625977,publication,0.6278338432312012,5.097655534744263,1.497121241256242,1.6884418328513993,200,1.3469704317452544,4.497994904406369,0.09485112538095564,1.4971212412562422,1.6884419178590178,729.1195339584351,mobile,0.0011044234917136058,0.013401369541509212,36.45597662456509,36.45597662456509,system,0.0,373,1.6884419178590178,0.046537833416944376,meta_train_support,2,MARGO-SPLIT-v1,20,20,80,3,374,0.0,0.2,20,10,0.0005,0.0005,mrlco_first_order_mean_pseudogradient,fixed_literature_derived_defaults,0.0003294279196426967,1.647139598213651e-05,0.003864055233829084,0.00019320276169143558,0.0004918254840372915,2.4591274201866964e-05,3.0,0.0,0.03069116841650637,0.32448596347076447,0.031928018511512835,,,,,,,,,,,,,,,,
0.06128751767991077,0.0055,0.98225,0.01225,-0.0013864414067938924,0.13614045083522797,0.0041023317922787685,0.019333333211640515,1.121247829248508,0.0,0.0,0.0,0.0,0.0,0.0,0.05800936147130464,1.59502375125885,publication,0.662930965423584,5.006706714630127,1.0942975981726701,1.231063285928085,200,0.9585329562496144,3.128676193766296,0.08351991811650805,1.0942975981726701,1.2310633255913854,694.3385190200805,mobile,0.001222066914142051,0.009006126401121946,34.71692536046094,34.71692536046094,system,0.0,374,1.2310633255913854,0.04319558331074072,meta_train_support,2,MARGO-SPLIT-v1,20,20,80,3,375,0.0,0.2,20,10,0.0005,0.0005,mrlco_first_order_mean_pseudogradient,fixed_literature_derived_defaults,0.00032854944519031617,1.642747225951563e-05,0.003853751086538873,0.0001926875543269424,0.000490513949413192,2.4525697470662022e-05,3.0,0.0,0.030707595888765885,0.3246786510250914,0.0319525442089835,,,,,,,,,,,,,,,,
0.08150796244940005,0.003,0.99175,0.00525,-0.0009000743157230318,0.020793411880731583,0.0004848821570363407,0.0021666666803260644,0.7308829324940841,0.0,0.0,0.0,0.0,0.0,0.0,0.032010351301191814,1.6955288648605347,publication,0.6622314453125,5.202459335327148,0.6974958464149594,0.7861587091192098,200,0.6808394893927275,1.7139569260179996,0.08869289605354425,0.6974958464149595,0.7861586844921112,224.08437406539917,mobile,0.0024853082220501394,0.015082514970318992,11.204218727344585,11.204218727344585,system,0.0,375,0.7861586844921112,0.059278431549352174,meta_train_support,2,MARGO-SPLIT-v1,20,20,80,3,376,0.0,0.2,20,10,0.0005,0.0005,mrlco_first_order_mean_pseudogradient,fixed_literature_derived_defaults,0.0003276756434743845,1.6383782173719913e-05,0.003843501748542759,0.00019217508742713774,0.0004892093910370931,2.4460469551852715e-05,3.0,0.0,0.030723979670939604,0.32487082611251855,0.03197700467853535,,,,,,,,,,,,,,,,
0.06305684157158013,0.00725,0.97925,0.0135,-0.0009962370386347175,0.027748815715312958,0.005458769789038342,0.023666666587814692,0.7851923669377963,0.0,0.0,0.0,0.0,0.0,0.0,0.06245938483693316,1.678389310836792,publication,0.6115589141845703,3.200540065765381,1.0185369000733875,1.149527430954404,200,0.6699582197661992,2.60140641592443,0.06374126020818949,1.0185369000733877,1.1495274710655212,987.40801612854,mobile,0.0009359593167878346,0.023933068318680056,49.37040111202045,49.37040111202045,system,0.0,376,1.1495274710655212,0.040766329535598,meta_train_support,2,MARGO-SPLIT-v1,20,20,80,3,377,0.0,0.2,20,10,0.0005,0.0005,mrlco_first_order_mean_pseudogradient,fixed_literature_derived_defaults,0.0003269523328984224,1.6347616644922514e-05,0.0038351411457082465,0.00019175705728541326,0.00048791243992070367,2.439562199603451e-05,3.0,0.0,0.030740327287584527,0.32506258316980396,0.032001400300531384,,,,,,,,,,,,,,,,
0.06128039491206548,0.0005,0.99625,0.00325,-0.0021044211462140083,0.004013537894934416,0.0018311479631923553,0.0022499999497085812,0.40223228745162487,0.0,0.0,0.0,0.0,0.0,0.0,0.02660013039078417,1.725638747215271,publication,0.6748559474945068,5.374656677246094,0.37611262674979956,0.4218848725528005,200,0.6328491593818241,1.700305198901333,0.04898084397427738,0.37611262674979967,0.4218848355859518,140.81167198181151,mobile,0.003646169174911309,0.023963953962167134,7.040583683655589,7.040583683655589,system,0.0,377,0.4218848355859518,0.054198523833310246,meta_train_support,2,MARGO-SPLIT-v1,20,20,80,3,378,0.0,0.2,20,10,0.0005,0.0005,mrlco_first_order_mean_pseudogradient,fixed_literature_derived_defaults,0.00032608737963678633,1.6304368981839845e-05,0.0038249952696613994,0.000191249763483059,0.0004866216662701198,2.4331083313504365e-05,3.0,0.0,0.030756631656566367,0.325253832933287,0.03202573138384489,,,,,,,,,,,,,,,,
0.06509301132979964,0.0045,0.98725,0.00825,-0.0016508303815498948,0.024129530414938927,0.004976986926430982,0.016833333391696216,0.6075296497593323,0.0,0.0,0.0,0.0,0.0,0.0,0.0531449224811664,1.7541391849517822,publication,0.6733779907226562,5.224393844604492,0.673292786546206,0.7595101458544378,200,0.8032082587763258,2.2859991108998656,0.06834258424350992,0.6732927865462057,0.7595101496204734,589.1298544502258,mobile,0.003611405484802283,0.021482152983584378,29.456492754601662,29.456492754601662,system,0.0,378,0.7595101496204734,0.05024126132905717,meta_train_support,2,MARGO-SPLIT-v1,20,20,80,3,379,0.0,0.2,20,10,0.0005,0.0005,mrlco_first_order_mean_pseudogradient,fixed_literature_derived_defaults,0.00032656290560950933,1.6328145280474632e-05,0.0038212590049698123,0.0001910629502485106,0.00048533770408998756,2.426688520450193e-05,3.0,0.0,0.03077295980184684,0.32544489588353553,0.03204999826904939,,,,,,,,,,,,,,,,
0.05760305954298754,0.00125,0.99225,0.0065,-0.0034364715684205294,0.016479233279824257,0.0030132550454861,0.00824999992425243,0.4521872529139121,0.0,0.0,0.0,0.0,0.0,0.0,0.04908409539857378,1.7161551713943481,publication,0.6247692108154297,5.443450927734375,0.591114506832671,0.6643278333411218,200,0.6536456582919459,2.0392941371537745,0.03569519892153039,0.591114506832671,0.6643278052285314,450.6305059051514,mobile,0.000656169451027746,0.015067925205515954,22.531524624996713,22.531524624996713,system,0.0,379,0.6643278052285314,0.042274328910407125,meta_train_support,2,MARGO-SPLIT-v1,20,20,80,3,380,0.0,0.2,20,10,0.0005,0.0005,mrlco_first_order_mean_pseudogradient,fixed_literature_derived_defaults,0.0003257035295421159,1.6285176477105062e-05,0.003811203060219892,0.00019056015301099904,0.00048406049960554023,2.4203024980275212e-05,3.0,0.0,0.030789244978323946,0.32563545603654653,0.032074201294029665,,,,,,,,,,,,,,,,
0.06002271364052244,0.002,0.99575,0.00225,-0.0011790893040597439,0.03188381344079971,0.0015069984601988533,0.0025833332755913338,0.5511291485279799,0.0,0.0,0.0,0.0,0.0,0.0,0.03102222890585818,1.6409739255905151,publication,0.673638105392456,5.490809679031372,0.6504473331844206,0.7313289083938435,200,0.831841327294219,2.456165809184313,0.045717259985394776,0.6504473331844206,0.7313288719207048,244.89303596496583,mobile,0.0012016915117302714,0.008670539376142936,12.244651801056687,12.244651801056687,system,0.0,380,0.7313288719207048,0.053181876660593985,meta_train_support,2,MARGO-SPLIT-v1,20,20,80,3,381,0.0,0.2,20,10,0.0005,0.0005,mrlco_first_order_mean_pseudogradient,fixed_literature_derived_defaults,0.0003248486646351812,1.624243323175914e-05,0.0038011999025815194,0.00019005999512905491,0.0004827899996065756,2.4139499980327384e-05,3.0,0.0,0.030805487411555706,0.3258255160316756,0.03209834079400999,,,,,,,,,,,,,,,,
0.06587374731492081,0.001,0.995,0.004,-0.0007775059784762561,0.01421442348510027,0.0017498937636294914,0.0032499999273568393,0.4945433698594569,0.0,0.0,0.0,0.0,0.0,0.0,0.029508002190329098,1.7273775339126587,publication,0.6915147304534912,4.598130464553833,0.5675501083776701,0.6407185992020823,200,0.7353744231395516,2.208142301533371,0.030749419325729832,0.56755010837767,0.640718626147136,275.4936986541748,mobile,0.0002378422568335491,0.0017541690007689193,13.774685510485542,13.774685510485542,system,0.0,381,0.640718626147136,0.04780637800246952,meta_train_support,2,MARGO-SPLIT-v1,20,20,80,3,382,0.0,0.2,20,10,0.0005,0.0005,mrlco_first_order_mean_pseudogradient,fixed_literature_derived_defaults,0.00032399827546074355,1.6199913773037866e-05,0.0037912491174962276,0.00018956245587481435,0.0004815261514400662,2.4076307572000466e-05,3.0,0.0,0.030821687325328744,0.3260150784875504,0.03212241710158199,,,,,,,,,,,,,,,,
0.059542567997368276,0.003,0.99125,0.00575,-7.125554111553356e-05,0.012257340364158154,0.001295322594667899,0.007916666613891721,0.5876363653689624,0.0,0.0,0.0,0.0,0.0,0.0,0.03821452849479157,1.6222865581512451,publication,0.6922695636749268,4.8869500160217285,0.5767944479355472,0.6490865529200528,200,0.6202139225877918,1.7672862741164863,0.014460003236308694,0.5767944479355473,0.6490865484811366,884.2820645523071,mobile,0.0007600976624141188,0.010008626076235181,44.21410232608384,44.21410232608384,system,0.0,382,0.6490865484811366,0.04772317158047508,meta_train_support,2,MARGO-SPLIT-v1,20,20,80,3,383,0.0,0.2,20,10,0.0005,0.0005,mrlco_first_order_mean_pseudogradient,fixed_literature_derived_defaults,0.00032315232696084604,1.615761634804133e-05,0.003781350294735141,0.00018906751473674044,0.0004802689030028859,2.4013445150142254e-05,3.0,0.0,0.030837844941676785,0.32620414600228714,0.032146430546732135,,,,,,,,,,,,,,,,
0.05532788332989176,0.0015,0.99575,0.00275,-0.0015143661294132471,0.008819502778351307,0.001121661430268735,0.0036666667399307094,0.4103005414828658,0.0,0.0,0.0,0.0,0.0,0.0,0.02688188882707652,1.5894778966903687,publication,0.6551275253295898,5.101665258407593,0.3437589847801382,0.38572670257002756,200,0.477153479027786,1.4288376662880182,0.03914175785030238,0.3437589847801382,0.3857267032749951,272.21220663070676,mobile,0.0021486623070761136,0.025080492134209133,13.610609723889006,13.610609723889006,system,0.0,383,0.3857267032749951,0.045125260885861704,meta_train_support,2,MARGO-SPLIT-v1,20,20,80,3,384,0.0,0.2,20,10,0.0005,0.0005,mrlco_first_order_mean_pseudogradient,fixed_literature_derived_defaults,0.00032231078444271887,1.6115539222136266e-05,0.0037715030283426015,0.00018857515141712522,0.0004790182027346492,2.3950910136731618e-05,3.0,0.0,0.03085396048089892,0.32639272115370427,0.03217038145686887,,,,,,,,,,,,,,,,
0.06556216549404166,0.00025,0.997,0.00275,-0.0017794412560760975,0.027052219957113266,0.001032007077920127,0.001583333328987161,0.6063606629148126,0.0,0.0,0.0,0.0,0.0,0.0,0.0181456085683769,1.443435549736023,publication,0.6432883739471436,5.230457305908203,0.6370600506719102,0.7180903114349348,200,0.8906359810825332,2.3240428175777197,0.0327410415338818,0.6370600506719103,0.7180903134308756,201.3365230178833,mobile,0.002144807302554065,0.014430644073649988,10.066825782384678,10.066825782384678,system,0.0,384,0.7180903134308756,0.04748775169432111,meta_train_support,2,MARGO-SPLIT-v1,20,20,80,3,385,0.0,0.2,20,10,0.0005,0.0005,mrlco_first_order_mean_pseudogradient,fixed_literature_derived_defaults,0.00032147361357403643,1.6073680678702768e-05,0.0037617069165806725,0.00018808534582903658,0.0004777739996106631,2.3888699980531558e-05,3.0,0.0,0.030870034161577624,0.3265808064995333,0.0321942701568494,,,,,,,,,,,,,,,,
0.0710393258450965,0.00125,0.99625,0.0025,-0.0007557239150628448,0.09774573892354965,0.001513309721543976,0.0049999998571972045,0.9041440978646278,0.0,0.0,0.0,0.0,0.0,0.0,0.016435884855556398,1.4495668411254883,publication,0.671483039855957,4.608901500701904,1.0513502235565177,1.1862749451186392,200,1.0114024986573822,2.7522563692182302,0.08460637187818065,1.0513502235565175,1.1862749478965997,446.6305382347107,mobile,0.00028643455436378336,0.0011772672467767558,22.33152633582632,22.33152633582632,system,0.0,385,1.1862749478965997,0.055227445152964065,meta_train_support,2,MARGO-SPLIT-v1,20,20,80,3,386,0.0,0.2,20,10,0.0005,0.0005,mrlco_first_order_mean_pseudogradient,fixed_literature_derived_defaults,0.0003206407803782488,1.603203901891226e-05,0.003751961561874505,0.0001875980780937092,0.0004765362431349878,2.38268121567492e-05,3.0,0.0,0.030886066200596536,0.326768404577627,0.03221809696900615,,,,,,,,,,,,,,,,
0.0569228036060767,0.001,0.99575,0.00325,7.541496597696096e-05,0.07279770076274872,0.0009276419074709146,0.0024166666592160863,0.7909196088090539,0.0,0.0,0.0,0.0,0.0,0.0,0.018030426817295928,1.4458074569702148,publication,0.6640048027038574,5.236692190170288,0.7777086410111579,0.8757618389905838,200,1.09798034534119,3.3744196637999266,0.048618556960718706,0.7777086410111579,0.8757618372887372,553.9476944923401,mobile,6.410392014110942e-05,0.0004984600055319098,27.697386341692177,27.697386341692177,system,0.0,386,0.8757618372887372,0.046678468956445146,meta_train_support,2,MARGO-SPLIT-v1,20,20,80,3,387,0.0,0.2,20,10,0.0005,0.0005,mrlco_first_order_mean_pseudogradient,fixed_literature_derived_defaults,0.00031981225122998456,1.5990612561498502e-05,0.00374226657075855,0.0001871133285379356,0.0004753048833336054,2.376524416668191e-05,3.0,0.0,0.030902056813158035,0.32695551790616495,0.03224186221317283,,,,,,,,,,,,,,,,
0.06234002702210996,0.00075,0.9965,0.00275,-0.0005643709446303546,0.018529590219259262,0.0009986686007682599,0.0018333332923551402,0.5773653234665592,0.0,0.0,0.0,0.0,0.0,0.0,0.017365423740277358,1.4483017921447754,publication,0.6861586570739746,5.2082178592681885,0.5008585457462573,0.5649977026770648,200,0.8262479462811875,2.273011589422822,0.05124929529847577,0.5008585457462573,0.5649977069348097,343.13634279251096,mobile,0.0010453779827745966,0.010367979060695759,17.15681758920389,17.15681758920389,system,0.0,387,0.5649977069348097,0.05374113932966914,meta_train_support,2,MARGO-SPLIT-v1,20,20,80,3,388,0.0,0.2,20,10,0.0005,0.0005,mrlco_first_order_mean_pseudogradient,fixed_literature_derived_defaults,0.0003189879928505259,1.5949399642525147e-05,0.0037326215538236057,0.00018663107769117948,0.000474079870747694,2.3703993537384227e-05,3.0,0.0,0.03091800621280056,0.32714214898385613,0.032265566206710214,,,,,,,,,,,,,,,,
0.06627513941938395,0.001,0.99775,0.00125,-0.0006034754915162921,0.014109608717262745,0.0020804368574163824,0.001499999966472387,0.6630472723394633,0.0,0.0,0.0,0.0,0.0,0.0,0.013571624592841162,1.5321173667907715,publication,0.6611311435699463,4.555962562561035,0.9043141405139764,1.0167236332048197,200,0.8435100728573748,2.300569095648825,0.06145201559411362,0.9043141405139762,1.016723635531962,418.5252434158325,mobile,0.0005782311685417463,0.005813358361298703,20.926263179198926,20.926263179198926,system,0.0,388,1.016723635531962,0.04274778854594538,meta_train_support,2,MARGO-SPLIT-v1,20,20,80,3,389,0.0,0.2,20,10,0.0005,0.0005,mrlco_first_order_mean_pseudogradient,fixed_literature_derived_defaults,0.00031816797230335226,1.5908398615167157e-05,0.003723026125664676,0.00018615130628324428,0.0004728611564270059,2.364305782134868e-05,3.0,0.0,0.030933914611415727,0.3273283002901394,0.03228920926453156,,,,,,,,,,,,,,,,
0.06149818560498238,0.00025,0.9995,0.00025,-0.0006682819221168756,0.008223592303693295,0.0002918442621839527,0.00024999999441206456,0.48829238067070635,0.0,0.0,0.0,0.0,0.0,0.0,0.008515303077398494,1.5416338443756104,publication,0.6800358295440674,5.384901285171509,0.22715978181418955,0.25423776807010656,200,0.5125365792087755,1.7889683907851577,0.02592309651663527,0.2271597818141895,0.25423777773045003,159.00008264541626,mobile,0.0012879486823692949,0.010317327560306915,7.950004347348974,7.950004347348974,system,0.0,389,0.25423777773045003,0.04902819672307437,meta_train_support,2,MARGO-SPLIT-v1,20,20,80,3,390,0.0,0.2,20,10,0.0005,0.0005,mrlco_first_order_mean_pseudogradient,fixed_literature_derived_defaults,0.00031735215698975395,1.5867607849488763e-05,0.0037134799048296383,0.00018567399524149764,0.00047164869192334693,2.358243459616577e-05,3.0,0.0,0.030949782219265216,0.32751397428538087,0.03231279169912773,,,,,,,,,,,,,,,,
0.08515513099418476,0.0,0.999,0.001,-8.26037721708417e-05,0.03447532281279564,0.0001887368990785392,0.0006666666517655055,0.9773818720132113,0.0,0.0,0.0,0.0,0.0,0.0,0.004811234796176068,1.634462833404541,publication,0.6790413856506348,3.549452066421509,0.9326953832200416,1.0527916693688895,200,0.9210195883643626,2.3492589313536882,0.05890662677848013,0.9326953832200419,1.0527916874736547,236.61633071899413,mobile,0.0,0.0,11.830817006730804,11.830817006730804,system,0.0,390,1.0527916874736547,0.061764281349440786,meta_train_support,2,MARGO-SPLIT-v1,20,20,80,3,391,0.0,0.2,20,10,0.0005,0.0005,mrlco_first_order_mean_pseudogradient,fixed_literature_derived_defaults,0.0003165405146445116,1.5827025732224886e-05,0.0037039825137686927,0.0001851991256884289,0.00047044242928415673,2.3522121464204793e-05,3.0,0.0,0.03096560924499744,0.3276991734110693,0.03233631382059193,,,,,,,,,,,,,,,,
0.06284660537581059,0.00175,0.99475,0.0035,-0.00045468087773770094,0.027640340849757195,0.0020956230443139323,0.0034999999528129897,0.8110604636371136,0.0,0.0,0.0,0.0,0.0,0.0,0.02268586895821894,1.6116081476211548,publication,0.6607661247253418,5.135829448699951,0.948320852075521,1.0671540728234685,200,0.7953208296450647,2.2798977252095938,0.07802088854077738,0.9483208520755213,1.0671540768444538,1030.2450764465332,mobile,0.00013653715684189665,0.004119811921666231,51.512255974602695,51.512255974602695,system,0.0,391,1.0671540768444538,0.043451321382110365,meta_train_support,2,MARGO-SPLIT-v1,20,20,80,3,392,0.0,0.2,20,10,0.0005,0.0005,mrlco_first_order_mean_pseudogradient,fixed_literature_derived_defaults,0.0003157330133316429,1.5786650666583385e-05,0.003694533578784589,0.00018472667893920658,0.00046924232104618695,2.3462116052308524e-05,3.0,0.0,0.030981395895664024,0.3278839000900085,0.03235977593664424,,,,,,,,,,,,,,,,
0.06772624403708168,0.0005,0.99775,0.00175,-0.00018281459051650017,0.014384584501385689,0.0011738250255037238,0.0012499999720603228,0.6106525930265586,0.0,0.0,0.0,0.0,0.0,0.0,0.0145157801920731,1.6354683637619019,publication,0.6819109916687012,5.2836198806762695,0.6280463619248603,0.7069632032457229,200,0.9040804847111383,2.4403616078197956,0.05680674197355984,0.6280463619248602,0.7069632024690509,258.80394645690916,mobile,0.0004694986136830504,0.012526943701207414,12.940197447136441,12.940197447136441,system,0.0,392,0.7069632024690509,0.05409847260648007,meta_train_support,2,MARGO-SPLIT-v1,20,20,80,3,393,0.0,0.2,20,10,0.0005,0.0005,mrlco_first_order_mean_pseudogradient,fixed_literature_derived_defaults,0.00031492962144021383,1.5746481072009127e-05,0.0036851327299836103,0.00018425663649918045,0.00046804832022927554,2.3402416011467086e-05,3.0,0.0,0.030997142376736033,0.3280681567265077,0.03238317835265571,,,,,,,,,,,,,,,,
0.07301291977365597,0.00025,0.99925,0.0005,-0.00030440904083661735,0.018143896013498306,0.0005430027794176044,0.0004999999888241291,0.7519183034698169,0.0,0.0,0.0,0.0,0.0,0.0,0.007876387587924876,1.6659339666366577,publication,0.6910281181335449,5.431198358535767,0.48189777962473734,0.5429935600035242,200,0.6091893288214525,1.5546580371446908,0.03495007236779202,0.4818977796247374,0.542993559166789,206.3619781112671,mobile,9.695423228511014e-05,0.0002714738358467716,10.31809899368081,10.31809899368081,system,0.0,393,0.542993559166789,0.04914120549257708,meta_train_support,2,MARGO-SPLIT-v1,20,20,80,3,394,0.0,0.2,20,10,0.0005,0.0005,mrlco_first_order_mean_pseudogradient,fixed_literature_derived_defaults,0.00031413030768021326,1.5706515384010522e-05,0.0036757796012273068,0.00018378898006138344,0.00046686038033021647,2.3343019016512645e-05,3.0,0.0,0.031012848892120044,0.32825194570656907,0.03240652137167222,,,,,,,,,,,,,,,,
0.0695508510900518,0.00025,0.99775,0.002,9.262085222871974e-05,0.09222818911075592,0.0008402748777549503,0.001416666666045785,0.9525486276795467,0.0,0.0,0.0,0.0,0.0,0.0,0.00771811632131002,1.6214033365249634,publication,0.6634905338287354,5.268652439117432,0.9770971342228861,1.0981227647523337,200,1.1467175958534623,3.2832918278872967,0.03670860712736612,0.9770971342228867,1.0981227790005506,249.17798400878905,mobile,1.105110661020303e-05,0.000591037339471283,12.458897819669954,12.458897819669954,system,0.0,394,1.0981227790005506,0.05299282468684416,meta_train_support,2,MARGO-SPLIT-v1,20,20,80,3,395,0.0,0.2,20,10,0.0005,0.0005,mrlco_first_order_mean_pseudogradient,fixed_literature_derived_defaults,0.00031333504107849123,1.5666752053923594e-05,0.0036664738300849595,0.00018332369150425576,0.0004656784553167223,2.3283922765834908e-05,3.0,0.0,0.031028515644173967,0.3284352693980733,0.032429805294438056,,,,,,,,,,,,,,,,
0.06424018131100663,0.0,0.99925,0.00075,-0.00017894220945890993,0.021800389513373375,0.00020302367220248848,0.0004999999888241291,0.571238819633921,0.0,0.0,0.0,0.0,0.0,0.0,0.006546099003806916,1.5842900276184082,publication,0.6756880283355713,5.267352342605591,0.5607248268316758,0.6316561519900279,200,0.90298707093153,2.568296509794891,0.05617571558104828,0.5607248268316758,0.6316561564803124,131.43323108673096,mobile,0.00017619974047521845,0.0007018906712723608,6.571661176822541,6.571661176822541,system,0.0,395,0.6316561564803124,0.05366237703459399,meta_train_support,2,MARGO-SPLIT-v1,20,20,80,3,396,0.0,0.2,20,10,0.0005,0.0005,mrlco_first_order_mean_pseudogradient,fixed_literature_derived_defaults,0.0003125437909747577,1.5627189548738513e-05,0.003657215057786765,0.00018286075288931336,0.000464502499621478,2.3225124981075818e-05,3.0,0.0,0.031044142833722706,0.32861813015096264,0.03245303041941913,,,,,,,,,,,,,,,,
0.0633305891662626,0.00025,0.9985,0.00125,-0.0003762991400435567,0.08667609095573425,0.00014418794578600254,0.0005833333202948174,0.8982075838372111,0.0,0.0,0.0,0.0,0.0,0.0,0.009345806925548688,1.5759400129318237,publication,0.6328461170196533,4.87154483795166,0.8187584911427231,0.9238492224266247,200,0.8648178905461843,2.8395406396884937,0.06059529137564823,0.818758491142723,0.9238491962850094,642.9747931289672,mobile,0.000448972568646251,0.006251230834691094,32.14874038764349,32.14874038764349,system,0.0,396,0.9238491962850094,0.046656951871374454,meta_train_support,2,MARGO-SPLIT-v1,20,20,80,3,397,0.0,0.2,20,10,0.0005,0.0005,mrlco_first_order_mean_pseudogradient,fixed_literature_derived_defaults,0.0003117565270176424,1.5587826350881018e-05,0.0036480029291777304,0.00018240014645887204,0.0004633324681362854,2.31666234068173e-05,3.0,0.0,0.031059730660073587,0.3288005302974215,0.03247619704282595,,,,,,,,,,,,,,,,
0.06217880015327985,0.00025,0.99775,0.002,-0.00012773391790688038,0.015114941634237766,0.0009100011190757354,0.001416666635001699,0.7366974475483099,0.0,0.0,0.0,0.0,0.0,0.0,0.009927624247697836,1.5352210998535156,publication,0.6608641147613525,5.329931974411011,0.7035880872239438,0.7922090244106949,200,0.6069885705090509,1.7325342525728047,0.056794140371493995,0.7035880872239437,0.7922090077586472,603.5475342178345,mobile,5.2976546212324925e-05,0.0016575493663432933,30.177375761622567,30.177375761622567,system,0.0,397,0.7922090077586472,0.04308440120384097,meta_train_support,2,MARGO-SPLIT-v1,20,20,80,3,398,0.0,0.2,20,10,0.0005,0.0005,mrlco_first_order_mean_pseudogradient,fixed_literature_derived_defaults,0.00031097321916081415,1.5548660958042415e-05,0.0036388370926722586,0.0001819418546336049,0.0004621683162062947,2.3108415810317584e-05,3.0,0.0,0.03107527932103163,0.3289824721520551,0.03249930545863627,,,,,,,,,,,,,,,,
0.07235832069493364,0.00025,0.99925,0.0005,-0.00020479319209698588,0.0977434441447258,0.00019443901560880773,0.0004999999888241291,0.9116088086118299,0.0,0.0,0.0,0.0,0.0,0.0,0.004877423222378273,1.4550976753234863,publication,0.6685302257537842,5.411094903945923,0.7631004751294435,0.8600949707318954,200,1.390133294803584,4.479993022046983,0.04309644940076395,0.7631004751294436,0.8600949709489941,135.6274677658081,mobile,0.0004673241348065471,0.002172581964583819,6.781373453966683,6.781373453966683,system,0.0,398,0.8600949709489941,0.05599698024271319,meta_train_support,2,MARGO-SPLIT-v1,20,20,80,3,399,0.0,0.2,20,10,0.0005,0.0005,mrlco_first_order_mean_pseudogradient,fixed_literature_derived_defaults,0.00031019383765915797,1.5509691882957533e-05,0.003629717200209421,0.0001814858600104885,0.00046100999962432403,2.3050499981212835e-05,3.0,0.0,0.031090789012914587,0.3291639580120656,0.03252235595861748,,,,,,,,,,,,,,,,
0.051470214201171906,0.00025,0.99825,0.0015,-0.00023179502750281245,0.005867673084139824,0.00023066359806401816,0.0010833333091189465,0.4499158053348462,0.0,0.0,0.0,0.0,0.0,0.0,0.010853262968811806,1.4225172996520996,publication,0.6679351329803467,5.123474836349487,0.3301462222033467,0.3705766833695816,200,0.49558567138824405,1.6700575286522508,0.04418113688006997,0.3301462222033468,0.370576683152467,581.890276107788,mobile,0.00016175749092589692,0.006558561740351995,29.094512138871565,29.094512138871565,system,0.0,399,0.370576683152467,0.03966305749797723,meta_train_support,2,MARGO-SPLIT-v1,20,20,80,3,400,0.0,0.2,20,10,0.0005,0.0005,mrlco_first_order_mean_pseudogradient,fixed_literature_derived_defaults,0.0003094183530650101,1.5470917653252064e-05,0.0036206429072088973,0.0001810321453604713,0.00045985747462526323,2.299287373126041e-05,3.0,0.0,0.03110625993056784,0.3293449901574261,0.03254534883234874,,,,,,,,,,,,,,,,
0.05223881393292471,0.0,1.0,0.0,-0.0004742852761410177,0.08851348608732224,1.81789011107029e-06,0.0,0.7208847762395938,0.0,0.0,0.0,0.0,0.0,0.0,0.004578369776588028,1.394890308380127,publication,0.6766366958618164,4.969188928604126,0.45541149941761555,0.5125532482956987,200,0.8935650469701435,2.796181312762201,-0.02684410964138806,0.4554114994176155,0.5125532535742968,292.79570707321164,mobile,0.0007989253667577066,0.003355132328819179,14.639786064382458,14.639786064382458,system,0.0,400,0.5125532535742968,0.04059010779908308,meta_train_support,2,MARGO-SPLIT-v1,20,20,80,3,401,0.0,0.2,20,10,0.0005,0.0005,mrlco_first_order_mean_pseudogradient,fixed_literature_derived_defaults,0.00030864673622444896,1.5432336811223996e-05,0.0036116138725275785,0.0001805806936263643,0.0004587106978805618,2.293553489402661e-05,3.0,0.0,0.031121692267379063,0.32952557085105244,0.03256828436724277,-0.036047041013044546,-0.03666852813316622,0.03666852813316622,0.0,0.0,0.025,0.00125,0.975,0.975,0.0,validation/automotive_lexicographic_v1,automotive_lexicographic_v1,a3bd00d5108237acdb706f561212b5d840bac151f48b5250a61c573d9c9ffb6c,47105081.0,0.03666852813316622,1.0
0.04783482127278166,0.0005,0.999,0.0005,-0.0004367985820863396,0.19365176558494568,9.350814587358128e-05,0.00041666665735344094,0.8815926857292652,0.0,0.0,0.0,0.0,0.0,0.0,0.008014054764261052,1.4237239360809326,publication,0.6129963397979736,5.616429328918457,0.3897049603554188,0.436300575876412,200,0.9149908041592665,3.1376574467867613,0.03304440409556264,0.3897049603554187,0.43630057010799644,519.5377252006531,mobile,0.0008023752749315184,0.007218533280592441,25.976884682729846,25.976884682729846,system,0.0,401,0.43630057010799644,0.03861118445795969,meta_train_support,2,MARGO-SPLIT-v1,20,20,80,3,402,0.0,0.2,20,10,0.0005,0.0005,mrlco_first_order_mean_pseudogradient,fixed_literature_derived_defaults,0.0003078789582736419,1.539394791368054e-05,0.0036026297584168133,0.00018013148792084266,0.0004575696264927992,2.287848132463688e-05,3.0,0.0,0.031137086215292743,0.3297057023389733,0.032591162848567404,,,,,,,,,,,,,,,,
0.0675279549925146,0.0,1.0,0.0,-0.00022285532031673938,0.05445145070552826,1.244291043232352e-06,0.0,0.916003867611289,0.0,0.0,0.0,0.0,0.0,0.0,0.004929876448670597,1.5002025365829468,publication,0.5976333618164062,4.827072381973267,0.8352390598564706,0.9382476887665689,200,0.9130744161592829,2.3813300931360573,0.04444522666744888,0.8352390598564707,0.9382477037236094,214.82078896522523,mobile,0.0001678026797501831,0.003158914411432704,10.74103966404089,10.74103966404089,system,0.0,402,0.9382477037236094,0.04584382030443413,meta_train_support,2,MARGO-SPLIT-v1,20,20,80,3,403,0.0,0.2,20,10,0.0005,0.0005,mrlco_first_order_mean_pseudogradient,fixed_literature_derived_defaults,0.00030711499063524575,1.5355749531761193e-05,0.003593690230480295,0.0001796845115240031,0.0004564342179903357,2.2821710899519065e-05,3.0,0.0,0.031152441964824504,0.3298853868504973,0.03261398455946692,,,,,,,,,,,,,,,,
0.07757120017064888,0.0,0.99775,0.00225,-0.0002484385622665286,0.02739277295768261,0.00025500121236588695,0.0011666666405896347,0.7649218996365865,0.0,0.0,0.0,0.0,0.0,0.0,0.01037108755950581,1.5278491973876953,publication,0.6603469848632812,4.756622552871704,0.6634888421092896,0.747465513339539,200,0.5602614463196104,1.6881354274228215,0.05873226604308002,0.6634888421092894,0.7474655067175626,771.7702004814148,mobile,0.00043570625349762275,0.008190015337532951,38.58851146663196,38.58851146663196,system,0.0,403,0.7474655067175626,0.05399601647430998,meta_train_support,2,MARGO-SPLIT-v1,20,20,80,3,404,0.0,0.2,20,10,0.0005,0.0005,mrlco_first_order_mean_pseudogradient,fixed_literature_derived_defaults,0.00030635480501486147,1.531774025074345e-05,0.0035847949576325714,0.0001792397478816432,0.00045530443032204283,2.276522151610505e-05,3.0,0.0,0.031167759705075248,0.33006462659837893,0.03263674978098303,,,,,,,,,,,,,,,,
0.04483124121983874,0.0005,0.99625,0.00325,-0.00038184592267498374,0.01084841787815094,0.0011095651884059994,0.0022499999497085817,0.46385534964501857,0.0,0.0,0.0,0.0,0.0,0.0,0.014852526759890282,1.5301347970962524,publication,0.5885882377624512,5.3753814697265625,0.6168030791088153,0.6949114852493221,200,0.6885482693140682,2.3235135404393077,0.07390703237615526,0.6168030791088153,0.6949114690348506,1088.1075654792785,mobile,3.369257172999401e-05,0.0019288930425033015,54.40537728308346,54.40537728308346,system,0.0,404,0.6949114690348506,0.03800921546183923,meta_train_support,2,MARGO-SPLIT-v1,20,20,80,3,405,0.0,0.2,20,10,0.0005,0.0005,mrlco_first_order_mean_pseudogradient,fixed_literature_derived_defaults,0.00030559837339754083,1.527991866987627e-05,0.00357594361205817,0.00017879718060292982,0.0004541802218521118,2.27090110926087e-05,3.0,0.0,0.031183039623745124,0.33024342377898186,0.03265945879207564,,,,,,,,,,,,,,,,
0.061955000118124534,0.00075,0.99775,0.0015,2.9782553610857576e-05,0.0545421801507473,0.000736145741624054,0.001333333303531011,0.8086321864277124,0.0,0.0,0.0,0.0,0.0,0.0,0.01322019746494477,1.5341413021087646,publication,0.6620814800262451,5.217069387435913,0.8081220468952816,0.9093776573665309,200,0.7194445440030814,2.001802678219974,0.03335972878267057,0.8081220468952817,0.9093776783533394,925.0836521148682,mobile,0.000802172402246288,0.005379847475018896,46.25418056688062,46.25418056688062,system,0.0,405,0.9093776783533394,0.05143995991653801,meta_train_support,2,MARGO-SPLIT-v1,20,20,80,3,406,0.0,0.2,20,10,0.0005,0.0005,mrlco_first_order_mean_pseudogradient,fixed_literature_derived_defaults,0.00030587950800026154,1.5293975400013787e-05,0.00357121701057765,0.00017856085052886383,0.0004530615513549391,2.2653077567748314e-05,3.0,0.0,0.031198333599145138,0.3304219846295107,0.032682111869643385,,,,,,,,,,,,,,,,
0.0624772284680958,0.00075,0.99775,0.0015,-0.00037774615339003503,0.03673354163765907,0.001243512510296559,0.0014999999664723873,0.6324012201279402,0.0,0.0,0.0,0.0,0.0,0.0,0.014470524398990296,1.4996038675308228,publication,0.6693005561828613,5.307680368423462,0.6085309587943927,0.6832692972088261,200,0.8088910215668677,2.533477019518614,0.07851250101521146,0.6085309587943926,0.6832692655548454,203.42476425170898,mobile,0.0001016298738603573,0.0011087006617936461,10.171237474326636,10.171237474326636,system,0.0,406,0.6832692655548454,0.04132858453549808,meta_train_support,2,MARGO-SPLIT-v1,20,20,80,3,407,0.0,0.2,20,10,0.0005,0.0005,mrlco_first_order_mean_pseudogradient,fixed_literature_derived_defaults,0.0003051279612975582,1.5256398064877885e-05,0.003562442521608172,0.00017812212608042666,0.0004519483780100867,2.2597418900503763e-05,3.0,0.0,0.031213589997210016,0.33060010675559115,0.03270470928854389,,,,,,,,,,,,,,,,
0.07275697323880878,0.00075,0.99825,0.001,-0.00023833902378100902,0.020863346755504608,0.0003257733333827654,0.0008333333147068819,0.6705910410732032,0.0,0.0,0.0,0.0,0.0,0.0,0.014521059126987186,1.4461209774017334,publication,0.6544685363769531,5.199443340301514,0.7959892772947188,0.8980082370032324,200,0.8285078979207254,2.5155387399718165,0.009110693237744272,0.7959892772947188,0.8980082124471664,295.19331007003785,mobile,0.0005425064765119611,0.0037424780452269928,14.759665825038372,14.759665825038372,system,0.0,407,0.8980082124471664,0.04976652486622783,meta_train_support,2,MARGO-SPLIT-v1,20,20,80,3,408,0.0,0.2,20,10,0.0005,0.0005,mrlco_first_order_mean_pseudogradient,fixed_literature_derived_defaults,0.0003043800986473191,1.5219004932367358e-05,0.0035537110448395242,0.00017768555224195737,0.0004508406613973169,2.2542033069866685e-05,3.0,0.0,0.031228809002142383,0.3307777923078331,0.032727251321613755,,,,,,,,,,,,,,,,
0.0405025931574655,0.00125,0.997,0.00175,-0.0002865100104827434,0.15211841464042664,0.00036896765638540316,0.0015833332979430753,1.086178621960183,0.0,0.0,0.0,0.0,0.0,0.0,0.019442008732176944,1.400715708732605,publication,0.6672415733337402,4.790324687957764,0.9304857839485358,1.0475427944104012,200,0.9767615257952434,3.2990184337832034,0.09283902012975886,0.9304857839485358,1.0475427924096585,1393.27762550354,mobile,0.0005261157063629494,0.006562814551158975,69.66387802247387,69.66387802247387,system,0.0,408,1.0475427924096585,0.031196074286170692,meta_train_support,2,MARGO-SPLIT-v1,20,20,80,3,409,0.0,0.2,20,10,0.0005,0.0005,mrlco_first_order_mean_pseudogradient,fixed_literature_derived_defaults,0.00030363589302715447,1.5181794651358133e-05,0.003545022264778792,0.00017725111323896314,0.0004497383614917,2.248691807458375e-05,3.0,0.0,0.03124399079679374,0.33095504342107207,0.03274973823968834,,,,,,,,,,,,,,,,
0.07308615597289217,0.0,0.99875,0.00125,-0.0023785531520843506,0.10279367119073868,0.0005669207817720216,0.0007499999832361936,0.9872062747677168,0.0,0.0,0.0,0.0,0.0,0.0,0.012103192791082634,1.3852866888046265,publication,0.6684997081756592,5.174760818481445,1.0241872209069383,1.154258426973697,200,0.8831617081377866,2.672213022597134,0.023389750684145838,1.024187220906938,1.1542584294825793,442.4838548851013,mobile,0.002537437994910835,0.01424401137274727,22.124190818725484,22.124190818725484,system,0.0,409,1.1542584294825793,0.046961535237736406,meta_train_support,2,MARGO-SPLIT-v1,20,20,80,3,410,0.0,0.2,20,10,0.0005,0.0005,mrlco_first_order_mean_pseudogradient,fixed_literature_derived_defaults,0.0003028953176783078,1.5144765883913502e-05,0.003536375869011039,0.00017681879345055052,0.0004486414386587934,2.2432071932941555e-05,3.0,0.0,0.031259135562677655,0.3311318622145226,0.03277217031162128,,,,,,,,,,,,,,,,
0.06352389106421874,0.001,0.99775,0.00125,-0.002886161208152771,0.007112416438758373,0.0021556280816090144,0.0014999999664723873,0.4831859530260165,0.0,0.0,0.0,0.0,0.0,0.0,0.020143032546970648,1.408851146697998,publication,0.6687662601470947,4.399933338165283,0.47909471676473075,0.538071333042135,200,0.6107950657630707,1.6760531133040786,0.016450202907435596,0.4790947167647306,0.5380713229719549,272.8451352500916,mobile,0.004117711945455241,0.025470049225523275,13.642256797890546,13.642256797890546,system,0.0,410,0.5380713229719549,0.04398512263351291,meta_train_support,2,MARGO-SPLIT-v1,20,20,80,3,411,0.0,0.2,20,10,0.0005,0.0005,mrlco_first_order_mean_pseudogradient,fixed_literature_derived_defaults,0.00030215834610244815,1.5107917305121066e-05,0.0035277715481618634,0.0001763885774080931,0.0004475498536498912,2.2377492682496003e-05,3.0,0.0,0.031274243479982776,0.3313082507919307,0.03279454780430378,,,,,,,,,,,,,,,,
0.037653213086513884,0.00125,0.99625,0.0025,-0.0066656204871833324,0.004541613161563873,0.003141765725392058,0.0024999999751647312,0.40915472594400243,0.0,0.0,0.0,0.0,0.0,0.0,0.029512294384416566,1.3928145170211792,publication,0.6995513439178467,5.3194615840911865,0.37664329482368175,0.42260661558457285,200,0.58479453064123,1.883892088662833,0.0295001694757957,0.37664329482368186,0.42260661367326974,446.2766852760315,mobile,0.006444945077119904,0.054045414434087634,22.313835986952487,22.313835986952487,system,0.0,411,0.42260661367326974,0.030194797584055317,meta_train_support,2,MARGO-SPLIT-v1,20,20,80,3,412,0.0,0.2,20,10,0.0005,0.0005,mrlco_first_order_mean_pseudogradient,fixed_literature_derived_defaults,0.00030142495205851016,1.5071247602922722e-05,0.0035192089958604998,0.00017596044979301118,0.00044646356759734296,2.232317837986414e-05,3.0,0.0,0.0312893147275857,0.3314842112417237,0.03281687098268364,,,,,,,,,,,,,,,,
0.05329728371723099,0.00175,0.9925,0.00575,-0.004681452177464962,0.04672449827194214,0.00723600088585954,0.02124999997516473,0.6274017055829366,0.0,0.0,0.0,0.0,0.0,0.0,0.040147836035099055,1.453053593635559,publication,0.6915977001190186,4.681429147720337,0.4166650009217707,0.4692270943250151,200,0.8221031504101114,2.6220521985087544,0.017368960427120328,0.4166650009217707,0.4692271112650633,156.72694602966308,mobile,0.0054138791805844145,0.028244144153415664,7.836347184295943,7.836347184295943,system,0.0,412,0.4692271112650633,0.04455168103123274,meta_train_support,2,MARGO-SPLIT-v1,20,20,80,3,413,0.0,0.2,20,10,0.0005,0.0005,mrlco_first_order_mean_pseudogradient,fixed_literature_derived_defaults,0.00030069510955957915,1.5034755477975892e-05,0.0035106879087034525,0.0001755343954351618,0.00044538254200994016,2.2269127100495167e-05,3.0,0.0,0.031304349483063675,0.3316597456371589,0.032839140109784136,,,,,,,,,,,,,,,,
0.057894575090045655,0.001,0.997,0.002,-0.006146437954157591,0.05190892517566681,0.007788443505088102,0.01466666692867875,0.7925330034146706,0.0,0.0,0.0,0.0,0.0,0.0,0.0255971130929726,1.489233374595642,publication,0.6406586170196533,3.328791379928589,0.8756704613750474,0.9849134963933466,200,0.969073170385975,3.2184707950800657,0.04699921410065144,0.8756704613750476,0.9849134761095047,542.6714285945892,mobile,0.007026424809525315,0.03877478339356614,27.133571808287666,27.133571808287666,system,0.0,413,0.9849134761095047,0.05530208579419308,meta_train_support,2,MARGO-SPLIT-v1,20,20,80,3,414,0.0,0.2,20,10,0.0005,0.0005,mrlco_first_order_mean_pseudogradient,fixed_literature_derived_defaults,0.0002999687928698217,1.4998439643490458e-05,0.003502557350354605,0.00017512786751772147,0.00044430673876837026,2.221533693842065e-05,3.0,0.0,0.031319347922707165,0.3318348735046766,0.03286135544672256,,,,,,,,,,,,,,,,
0.04875431896019734,0.00625,0.98375,0.01,-0.0016942309448495507,0.00853480864316225,0.007352014246256052,0.02166666649281979,0.4331383652985095,0.0,0.0,0.0,0.0,0.0,0.0,0.07643269152275167,1.4931495189666748,publication,0.6762950420379639,5.490559101104736,0.5518633868210674,0.6210665845651966,200,0.8450334477928113,2.246546017937362,0.019900449507986195,0.5518633868210673,0.6210666061844676,609.8131182861329,mobile,0.002617244873811542,0.01765848092527987,30.490655132366705,30.490655132366705,system,0.0,414,0.6210666061844676,0.038908391479587315,meta_train_support,2,MARGO-SPLIT-v1,20,20,80,3,415,0.0,0.2,20,10,0.0005,0.0005,mrlco_first_order_mean_pseudogradient,fixed_literature_derived_defaults,0.00029924597650146065,1.4962298825076104e-05,0.0034941174531248347,0.00017470587265622228,0.00044323612012073563,2.2161806006039397e-05,3.0,0.0,0.03133431022153224,0.33200957937733283,0.032883517252728596,,,,,,,,,,,,,,,,
0.0637532630212366,0.00875,0.98,0.01125,0.0007923975354060531,0.029169488698244095,0.005336593210085994,0.010333333288629848,0.5948729312047363,0.0,0.0,0.0,0.0,0.0,0.0,0.07466929130802849,1.6286470890045166,publication,0.651604413986206,5.165057420730591,0.7846423171550745,0.883058510336341,200,0.872533557847427,2.277936300262809,0.038430622342275456,0.7846423171550748,0.8830585113354027,269.1622145652771,mobile,0.0029379198582792304,0.01377335241059689,13.458110589231158,13.458110589231158,system,0.0,415,0.8830585113354027,0.051606623117618634,meta_train_support,2,MARGO-SPLIT-v1,20,20,80,3,416,0.0,0.2,20,10,0.0005,0.0005,mrlco_first_order_mean_pseudogradient,fixed_literature_derived_defaults,0.0002985266352117937,1.4926331760589662e-05,0.003485718132324054,0.00017428590661622279,0.0004421706486781377,2.210853243390931e-05,3.0,0.0,0.03134923655329283,0.33218386528394905,0.032905625785162505,,,,,,,,,,,,,,,,
0.0646273754372674,0.008,0.97825,0.01375,0.001378233777359128,0.1401285082101822,0.011024887912693277,0.04216666763337949,1.0873309895396235,0.0,0.0,0.0,0.0,0.0,0.0,0.09571208226468679,1.6593703031539917,publication,0.6183445453643799,5.286697626113892,0.9686787590176376,1.0898005411548366,200,1.363874054382576,3.9252308746799827,0.024150304787326604,0.9686787590176376,1.0898005325533449,186.61633779525758,mobile,0.003031298982214966,0.02012969103719875,9.330816778914183,9.330816778914183,system,0.0,416,1.0898005325533449,0.055580845393985404,meta_train_support,2,MARGO-SPLIT-v1,20,20,80,3,417,0.0,0.2,20,10,0.0005,0.0005,mrlco_first_order_mean_pseudogradient,fixed_literature_derived_defaults,0.00029902303188522795,1.4951151594264078e-05,0.003482626170269382,0.00017413130851345882,0.0004411102874103244,2.2055514370518392e-05,3.0,0.0,0.031364187704887095,0.3323579965924625,0.032927681299533024,,,,,,,,,,,,,,,,
0.06288495874721642,0.00975,0.98225,0.008,-0.00042926458991132677,0.022425604984164238,0.010135266386350851,0.015749999849746628,0.4949383546908697,0.0,0.0,0.0,0.0,0.0,0.0,0.08385808386338438,1.8112956285476685,publication,0.6163768768310547,4.554406642913818,0.43966422977924696,0.49692841490963474,200,0.5409264147752435,1.36720066703856,0.03879723569843918,0.4396642297792471,0.49692840633913876,402.9419721984863,mobile,0.003874703246627149,0.01010980269659846,20.14709915937362,20.14709915937362,system,0.0,417,0.49692840633913876,0.04965448993595468,meta_train_support,2,MARGO-SPLIT-v1,20,20,80,3,418,0.0,0.2,20,10,0.0005,0.0005,mrlco_first_order_mean_pseudogradient,fixed_literature_derived_defaults,0.00029830766578023936,1.4915383289008932e-05,0.0034742945287137136,0.00017371472643568087,0.0004400549996414002,2.2002749982069636e-05,3.0,0.0,0.031379103088176104,0.3325317113188982,0.03294968404951509,,,,,,,,,,,,,,,,
0.04355483352183951,0.0255,0.95175,0.02275,0.007571205962449312,0.17685185372829437,0.011569841735763475,0.05541666716647644,1.069564627359311,0.0,0.0,0.0,0.0,0.0,0.0,0.16791272854905598,1.865712285041809,publication,0.6620612144470215,5.547814130783081,0.5961643174887854,0.6703990189213164,200,0.9353664864461058,2.9444569684565067,0.006329083784294198,0.5961643174887854,0.6703990158904344,541.1188138961792,mobile,0.007135674556506781,0.04997773570702106,27.05594248010242,27.05594248010242,system,0.0,418,0.6703990158904344,0.032443921235908134,meta_train_support,2,MARGO-SPLIT-v1,20,20,80,3,419,0.0,0.2,20,10,0.0005,0.0005,mrlco_first_order_mean_pseudogradient,fixed_literature_derived_defaults,0.0002975957143105968,1.4879785715529725e-05,0.0034660026563301484,0.0001733001328165229,0.00043900474904559736,2.1950237452279808e-05,3.0,0.0,0.031393982873891634,0.3327050114517147,0.03297163428696737,,,,,,,,,,,,,,,,
0.07522788374016023,0.0065,0.98525,0.00825,0.0011436999775469303,0.028009872883558273,0.006133553584489467,0.023083333407218257,0.795764244099458,0.0,0.0,0.0,0.0,0.0,0.0,0.0708907170726333,1.8815761804580688,publication,0.6187078952789307,5.249634504318237,0.6397256930933629,0.7197411133657442,200,0.5603254535025364,1.6408008309081197,0.034900087339337915,0.639725693093363,0.7197411100938916,864.2375530052185,mobile,0.0016943790567087765,0.010437676273248266,43.21187335290669,43.21187335290669,system,0.0,419,0.7197411100938916,0.05572278806728056,meta_train_support,2,MARGO-SPLIT-v1,20,20,80,3,420,0.0,0.2,20,10,0.0005,0.0005,mrlco_first_order_mean_pseudogradient,fixed_literature_derived_defaults,0.00029688715308604776,1.4844357654301976e-05,0.003457750269053172,0.00017288751345267972,0.00043795949964310784,2.1897974982157398e-05,3.0,0.0,0.031408827231545935,0.3328778989651674,0.03299353226194953,,,,,,,,,,,,,,,,
0.052251149081782154,0.0095,0.978,0.0125,0.004912893287837505,0.05785219371318817,0.01147250317238407,0.03616666660333673,0.7792795481781165,0.0,0.0,0.0,0.0,0.0,0.0,0.09852248002816653,1.7835391759872437,publication,0.6915009021759033,4.590186595916748,0.7024355319192341,0.7912938543811106,200,0.9431426326972722,2.9414112493395805,0.02487273402584833,0.7024355319192339,0.7912938928790391,956.7675110054016,mobile,0.004842464325592977,0.0613117624791552,47.8383755712756,47.8383755712756,system,0.0,420,0.7912938928790391,0.04828676121562335,meta_train_support,2,MARGO-SPLIT-v1,20,20,80,3,421,0.0,0.2,20,10,0.0005,0.0005,mrlco_first_order_mean_pseudogradient,fixed_literature_derived_defaults,0.00030057932691684205,1.5028966345843886e-05,0.0034680569304410274,0.00017340284652206384,0.0004369192157959746,2.184596078980139e-05,3.0,0.0,0.03142385619789178,0.33305130181168946,0.03301537822273933,,,,,,,,,,,,,,,,
0.05949573067983897,0.01125,0.97475,0.014,0.004394412972033024,0.03197136148810387,0.008936169696486711,0.034166667331010106,0.87841304851075,0.0,0.0,0.0,0.0,0.0,0.0,0.0984050408523466,1.7609623670578003,publication,0.6598079204559326,5.320169448852539,0.798395522293489,0.8997380325917038,200,0.886369035587918,2.531653347425163,0.04360132326837629,0.7983955222934892,0.8997380508668721,282.531865272522,mobile,0.002292299609708877,0.011591726756731957,14.126593051465544,14.126593051465544,system,0.0,421,0.8997380508668721,0.043640549152221875,meta_train_support,2,MARGO-SPLIT-v1,20,20,80,3,422,0.0,0.2,20,10,0.0005,0.0005,mrlco_first_order_mean_pseudogradient,fixed_literature_derived_defaults,0.00030073012053019393,1.5036506026508412e-05,0.0034641754679517788,0.000173208773397604,0.000435883862204041,2.1794193110200033e-05,3.0,0.0,0.03143889270391829,0.33322451058508706,0.03303717241584953,,,,,,,,,,,,,,,,
0.04815273934777051,0.006,0.98125,0.01275,0.0016503743827342987,0.14915314316749573,0.008062991545890933,0.03141666664741933,1.0666759884605805,0.0,0.0,0.0,0.0,0.0,0.0,0.07458115068578008,1.7318356037139893,publication,0.6913230419158936,4.9094953536987305,0.8217510505674435,0.9249773642943182,200,0.8875740829216264,3.0569331496953964,0.0378920701041352,0.8217510505674431,0.9249773800931871,1102.7916965866089,mobile,0.0027739873991778903,0.019705405962937426,55.139585480532375,55.139585480532375,system,0.0,422,0.9249773800931871,0.035386585921511615,meta_train_support,2,MARGO-SPLIT-v1,20,20,80,3,423,0.0,0.2,20,10,0.0005,0.0005,mrlco_first_order_mean_pseudogradient,fixed_literature_derived_defaults,0.00030001917461877506,1.5000958730936043e-05,0.0034559859278384176,0.00017279929639191227,0.00043485340390095816,2.174267019505044e-05,3.0,0.0,0.031453893662649224,0.333397309881479,0.03305891508604458,,,,,,,,,,,,,,,,
0.08248104766839534,0.0025,0.99375,0.00375,0.0002100609999615699,0.030059989541769028,0.0071610024111578244,0.010833333308498066,0.8779360869278511,0.0,0.0,0.0,0.0,0.0,0.0,0.03263784321758418,1.6783708333969116,publication,0.6826512813568115,4.973470449447632,0.7235873804285912,0.8143997621331073,200,0.5714011965315857,1.6197765613906085,0.03252494662592653,0.7235873804285912,0.8143997613154351,312.5972466182709,mobile,0.0034844494944313064,0.008639185499190178,15.629862303415818,15.629862303415818,system,0.0,423,0.8143997613154351,0.06256492406845979,meta_train_support,2,MARGO-SPLIT-v1,20,20,80,3,424,0.0,0.2,20,10,0.0005,0.0005,mrlco_first_order_mean_pseudogradient,fixed_literature_derived_defaults,0.0002993115822258062,1.496557911129237e-05,0.003448325480442553,0.00017241627402214688,0.00043382780625024833,2.1691390312515713e-05,3.0,0.0,0.031468859241760516,0.3335697261555011,0.0330806064763571,,,,,,,,,,,,,,,,
0.05946846038866198,0.00325,0.99175,0.005,0.00031751792994327843,0.015278670936822891,0.008299021786678651,0.01841666687590381,0.6447134517133236,0.0,0.0,0.0,0.0,0.0,0.0,0.03640556183332193,1.606757402420044,publication,0.6983475685119629,5.230172634124756,0.6940769593101372,0.7808206548785529,200,0.6278110365481834,1.7460496658459306,-0.07306506240274757,0.6940769593101371,0.7808206383418291,670.3830181503296,mobile,0.00541625590052221,0.013905584079894165,33.5191499453771,33.5191499453771,system,0.0,424,0.7808206383418291,0.050485247605336986,meta_train_support,2,MARGO-SPLIT-v1,20,20,80,3,425,0.0,0.2,20,10,0.0005,0.0005,mrlco_first_order_mean_pseudogradient,fixed_literature_derived_defaults,0.00029950175986447205,1.4975087993224223e-05,0.003444877767386182,0.0001722438883692834,0.0004328070349414242,2.1640351747072295e-05,3.0,0.0,0.03148383432975374,0.3337419700438704,0.03310224682810417,,,,,,,,,,,,,,,,
0.044519814617070344,0.0045,0.98525,0.01025,0.002689405344426632,0.013418254442512989,0.00661624664323123,0.013333333175008497,0.47421410779158285,0.0,0.0,0.0,0.0,0.0,0.0,0.04826828385502526,0.9824528694152832,publication,0.6830875873565674,4.8736512660980225,0.37964730758231324,0.42665273649829033,200,0.42378136540755956,1.3744556582532823,0.04782191246340517,0.3796473075823133,0.4266527349874377,1047.1854893875122,mobile,0.0009793408533244096,0.009894741401475974,52.3592724907886,52.3592724907886,system,0.0,425,0.4266527349874377,0.03532520430633628,meta_train_support,2,MARGO-SPLIT-v1,20,20,80,3,426,0.0,0.2,20,10,0.0005,0.0005,mrlco_first_order_mean_pseudogradient,fixed_literature_derived_defaults,0.0002987987040901423,1.4939935204509591e-05,0.003436791199857107,0.00017183955999283684,0.00043179105598616265,2.1589552799308742e-05,3.0,0.0,0.03149877426495825,0.33391380960386324,0.03312383638090348,,,,,,,,,,,,,,,,
0.06086218071756304,0.002,0.99325,0.00475,0.0007797551807016134,0.010378089733421803,0.0026795174161861725,0.00416666663562258,0.6085646117726962,0.0,0.0,0.0,0.0,0.0,0.0,0.026262706596750795,1.4701131582260132,publication,0.6382200717926025,5.033908128738403,0.6165043857994733,0.6947152495337469,200,0.5477492568532887,1.6008949056267738,0.00808731623692438,0.6165043857994732,0.6947152458550409,689.2017250442505,mobile,0.0009630449721284135,0.0033332537544069948,34.46008729274029,34.46008729274029,system,0.0,426,0.6947152458550409,0.04444443078100289,meta_train_support,2,MARGO-SPLIT-v1,20,20,80,3,427,0.0,0.2,20,10,0.0005,0.0005,mrlco_first_order_mean_pseudogradient,fixed_literature_derived_defaults,0.00029809894131709746,1.4904947065852436e-05,0.003428742508522547,0.00017143712542611045,0.0004307798357145323,2.1538991785724493e-05,3.0,0.0,0.0315136792120241,0.33408524672928935,0.033145375372689204,,,,,,,,,,,,,,,,
0.06546176516468742,0.00225,0.9945,0.00325,-0.001196458237245679,0.01814216747879982,0.004104831619969218,0.005249999929219485,0.5831603137776254,0.0,0.0,0.0,0.0,0.0,0.0,0.023705357455283575,1.4031293392181396,publication,0.7305200099945068,5.131754159927368,0.6963853435663944,0.7845361369847432,200,0.8503883279171442,2.4199448912404478,0.042708779335953295,0.6963853435663944,0.7845361545495689,888.9581999969482,mobile,0.002160905230675588,0.0059615250735615966,44.4479090103117,44.4479090103117,system,0.0,427,0.7845361545495689,0.0530933066267622,meta_train_support,2,MARGO-SPLIT-v1,20,20,80,3,428,0.0,0.2,20,10,0.0005,0.0005,mrlco_first_order_mean_pseudogradient,fixed_literature_derived_defaults,0.00029740244846355286,1.4870122423175924e-05,0.0034207314278951574,0.00017103657139477813,0.00042977334077127404,2.1488667038563336e-05,3.0,0.0,0.03152854933444728,0.33425628330068413,0.03316686403972777,,,,,,,,,,,,,,,,
0.0566327136306462,0.001,0.99775,0.00125,-0.0002867141447495669,0.08271851390600204,0.0011146451597037201,0.0013333333035310108,0.811325786014398,0.0,0.0,0.0,0.0,0.0,0.0,0.010173880117719502,1.4267674684524536,publication,0.6082062721252441,4.697301387786865,0.7776594684619706,0.8745672631527123,200,0.8757192662935532,2.8179613761603832,0.05234037151240045,0.7776594684619706,0.8745672613382339,856.0002308654786,mobile,6.45691247516082e-06,0.0004875678346078929,42.80001189739805,42.80001189739805,system,0.0,428,0.8745672613382339,0.044709184524039894,meta_train_support,2,MARGO-SPLIT-v1,20,20,80,3,429,0.0,0.2,20,10,0.0005,0.0005,mrlco_first_order_mean_pseudogradient,fixed_literature_derived_defaults,0.0002967092026629385,1.4835460133144629e-05,0.003412757694963001,0.00017063788474813713,0.00042877153811213357,2.1438576905605244e-05,3.0,0.0,0.03154338479458042,0.33442692118543227,0.03318830261663337,,,,,,,,,,,,,,,,
0.057138504266488074,0.0025,0.99375,0.00375,-0.002141866832971573,0.05601523071527481,0.006785917852223792,0.02050000000745058,0.6902797936151426,0.0,0.0,0.0,0.0,0.0,0.0,0.03155099231018778,1.478173017501831,publication,0.6888551712036133,5.49866509437561,0.7001055735396308,0.7892704261931794,200,1.3968478271188398,4.798498513177037,0.021794541433337145,0.7001055735396309,0.7892703851219267,399.67420948028564,mobile,0.002901052142498546,0.028794878085764627,19.98371189553135,19.98371189553135,system,0.0,429,0.7892703851219267,0.05076224261613944,meta_train_support,2,MARGO-SPLIT-v1,20,20,80,3,430,0.0,0.2,20,10,0.0005,0.0005,mrlco_first_order_mean_pseudogradient,fixed_literature_derived_defaults,0.0002960191812613968,1.4800959063067387e-05,0.0034048210491607615,0.00017024105245805332,0.0004277743950002449,2.1388719750013718e-05,3.0,0.0,0.03155818575364349,0.3345971622378903,0.033209691336383386,,,,,,,,,,,,,,,,
0.059285786951036076,0.00175,0.99675,0.0015,0.000602011859882623,0.011456917971372604,0.003079068629952767,0.0021666666492819787,0.6128344866136709,0.0,0.0,0.0,0.0,0.0,0.0,0.014868300332807016,1.4716747999191284,publication,0.6933701038360596,5.428941488265991,0.6147593654687655,0.6911734459211584,200,0.656658481144249,1.8565928228199482,0.03428053073002957,0.6147593654687652,0.6911734180897474,382.51948211669924,mobile,0.00045296803212692345,0.0010757244205135041,19.12597451332829,19.12597451332829,system,0.0,430,0.6911734180897474,0.04525330178973338,meta_train_support,2,MARGO-SPLIT-v1,20,20,80,3,431,0.0,0.2,20,10,0.0005,0.0005,mrlco_first_order_mean_pseudogradient,fixed_literature_derived_defaults,0.00029533236181531467,1.476661809076546e-05,0.003396921232341363,0.00016984606161707383,0.00042678187900256447,2.133909395012762e-05,3.0,0.0,0.031572952371734256,0.3347670082995074,0.033231030430333514,,,,,,,,,,,,,,,,
0.04904925591963165,0.0005,0.9985,0.001,-0.0007515533361583948,0.008318096399307251,0.0008137634119432137,0.0009999999776482583,0.4342429308841626,0.0,0.0,0.0,0.0,0.0,0.0,0.019856507855243163,1.5117084980010986,publication,0.7177588939666748,5.291171073913574,0.4388435681566773,0.4929479248162534,200,0.5384258698792705,1.673741810489446,0.04472747627005447,0.43884356815667724,0.49294790472835304,513.9063628768921,mobile,0.00011871200157333867,0.00035048459674218537,25.695317959934187,25.695317959934187,system,0.0,431,0.49294790472835304,0.03786400732733688,meta_train_support,2,MARGO-SPLIT-v1,20,20,80,3,432,0.0,0.2,20,10,0.0005,0.0005,mrlco_first_order_mean_pseudogradient,fixed_literature_derived_defaults,0.0002946487220888903,1.4732436104447633e-05,0.00338905798874798,0.0001694528994373723,0.00042579395798635484,2.1289697899315452e-05,3.0,0.0,0.031587684807838703,0.33493646119894477,0.03325232012823283,,,,,,,,,,,,,,,,
0.07375624721780924,0.0005,0.998,0.0015,0.00010971978917950764,0.025899015367031097,0.000923519429372325,0.0013333333345750967,0.688817566136519,0.0,0.0,0.0,0.0,0.0,0.0,0.011825491445083453,1.5863194465637207,publication,0.687201738357544,5.348269462585449,0.6356790861741051,0.7154023445653729,200,0.7911061872018593,2.4367904979735613,0.045440191781381145,0.6356790861741053,0.7154023838229477,584.1042609405517,mobile,9.776584896801607e-05,0.004194114750398406,29.205213251242554,29.205213251242554,system,0.0,432,0.7154023838229477,0.05441746802371062,meta_train_support,2,MARGO-SPLIT-v1,20,20,80,3,433,0.0,0.2,20,10,0.0005,0.0005,mrlco_first_order_mean_pseudogradient,fixed_literature_derived_defaults,0.0002939682400517335,1.4698412002585315e-05,0.0033812310649864374,0.0001690615532493056,0.00042481060011571664,2.1240530005788016e-05,3.0,0.0,0.03160238321984129,0.3351055227521941,0.03327356065823862,,,,,,,,,,,,,,,,
0.06030825274336131,0.00025,0.99775,0.002,-0.00022342108422890306,0.01711931638419628,0.0012648890676327424,0.0014166666350016988,0.6222144442300002,0.0,0.0,0.0,0.0,0.0,0.0,0.008050179480433456,1.6130238771438599,publication,0.6814572811126709,4.718695163726807,0.8682166286858949,0.9777905335386822,200,0.6536352682124562,2.0865564420819283,0.045439778157742694,0.8682166286858948,0.9777905094996094,1065.7026052856445,mobile,0.00023758350603385775,0.004719067308553504,53.28513127550586,53.28513127550586,system,0.0,433,0.9777905094996094,0.04468975564253585,meta_train_support,2,MARGO-SPLIT-v1,20,20,80,3,434,0.0,0.2,20,10,0.0005,0.0005,mrlco_first_order_mean_pseudogradient,fixed_literature_derived_defaults,0.0002932908938764991,1.4664544693822334e-05,0.0033734402099979896,0.0001686720104999151,0.00042383177384816887,2.1191588692411056e-05,3.0,0.0,0.03161704776453511,0.335274194762694,0.03329475224693103,,,,,,,,,,,,,,,,
0.06902619919422318,0.0,1.0,0.0,-8.44387905090116e-05,0.011131209321320057,3.313502871712022e-08,0.0,0.5213578800360361,0.0,0.0,0.0,0.0,0.0,0.0,0.0036109975789542156,1.5407190322875977,publication,0.6950984001159668,5.182722091674805,0.40360597176595336,0.4539204188250733,200,0.6847296633353891,2.2954348186030984,0.05136730568483472,0.40360597176595336,0.453920397143811,395.7116627883911,mobile,2.0480794774726965e-05,0.0004071765769108223,19.785584894694455,19.785584894694455,system,0.0,434,0.453920397143811,0.05802664645257572,meta_train_support,2,MARGO-SPLIT-v1,20,20,80,3,435,0.0,0.2,20,10,0.0005,0.0005,mrlco_first_order_mean_pseudogradient,fixed_literature_derived_defaults,0.00029261666193655314,1.4630833096829221e-05,0.003365685175032477,0.00016828425875164976,0.00042285744793127655,2.114287239656648e-05,3.0,0.0,0.03163167859763194,0.33544247902144564,0.033315895119327595,,,,,,,,,,,,,,,,
0.06865232413422659,0.0,0.99925,0.00075,-0.00015434020315296948,0.06890920549631119,0.0002895984584360948,0.00041666665735344094,0.8787346288561821,0.0,0.0,0.0,0.0,0.0,0.0,0.005001557754303152,1.5755035877227783,publication,0.6069276332855225,5.1550469398498535,0.9812576515131772,1.107655965728918,200,1.1172978655520092,3.7670836122706532,0.04032736975932494,0.9812576515131773,1.1076559674926103,754.3044250488281,mobile,0.00015594433535708619,0.00028151109065992566,37.715221255752034,37.715221255752034,system,0.0,435,1.1076559674926103,0.049733534114831224,meta_train_support,2,MARGO-SPLIT-v1,20,20,80,3,436,0.0,0.2,20,10,0.0005,0.0005,mrlco_first_order_mean_pseudogradient,fixed_literature_derived_defaults,0.0002919455228036711,1.4597276140185245e-05,0.003357965713621852,0.00016789828568108955,0.00042188759139932407,2.1094379569965016e-05,3.0,0.0,0.031646275873772126,0.33561037730712673,0.03333698949889756,,,,,,,,,,,,,,,,
0.06025819345299024,0.00025,0.99975,0.0,-0.00019116458133794367,0.007273505907505751,1.7076790346577203e-05,0.00016666666294137638,0.5222902579233051,0.0,0.0,0.0,0.0,0.0,0.0,0.005018353219301046,1.4994125366210938,publication,0.6191449165344238,5.458030462265015,0.3566130614165205,0.4011930634272721,200,0.5429821360109071,1.7763268412090838,0.05380447136121802,0.3566130614165205,0.4011930863559246,370.8307294082642,mobile,2.3278822258604134e-05,0.0014432321447952069,18.541537586762985,18.541537586762985,system,0.0,436,0.4011930863559246,0.04290929172005554,meta_train_support,2,MARGO-SPLIT-v1,20,20,80,3,437,0.0,0.2,20,10,0.0005,0.0005,mrlco_first_order_mean_pseudogradient,fixed_literature_derived_defaults,0.000291277455245768,1.456387276228821e-05,0.003350281581554067,0.0001675140790777241,0.000420922173570035,2.1046108678500486e-05,3.0,0.0,0.031660839746534414,0.33577789138620445,0.03335803560757606,,,,,,,,,,,,,,,,
0.04703973776634533,0.0,0.99975,0.00025,-0.0001075506879715249,0.024154262617230415,0.00013833458790076805,0.00016666666294137638,0.7872579079121352,0.0,0.0,0.0,0.0,0.0,0.0,0.0026132056351837263,1.5271804332733154,publication,0.6043040752410889,5.463861703872681,0.7656780961260594,0.8615008292307903,200,0.7297662893323072,2.248467347584665,0.024487878836225718,0.7656780961260595,0.8615008336212486,510.5605118751526,mobile,0.00013366202950005439,0.0018950717728637892,25.52802626234246,25.52802626234246,system,0.0,437,0.8615008336212486,0.03242853316978502,meta_train_support,2,MARGO-SPLIT-v1,20,20,80,3,438,0.0,0.2,20,10,0.0005,0.0005,mrlco_first_order_mean_pseudogradient,fixed_literature_derived_defaults,0.0002906124382246589,1.4530621911229558e-05,0.003342632536847323,0.00016713162684234284,0.0004199611640413363,2.0998058202069403e-05,3.0,0.0,0.03167537036844564,0.3359450230130468,0.03337903366577813,,,,,,,,,,,,,,,,
0.053555078995144466,0.0,0.99925,0.00075,-0.0001208410321851261,0.023357653990387917,0.0003067636549965262,0.0004999999888241291,0.6675480047861735,0.0,0.0,0.0,0.0,0.0,0.0,0.005362396330871054,1.4987581968307495,publication,0.6325180530548096,4.3997862339019775,0.5610088773440407,0.631554681656047,200,0.6608929267515571,1.6736494745127857,0.03343838484209982,0.5610088773440405,0.631554683111608,658.1410348510742,mobile,6.461322924801708e-05,0.0014600054273145335,32.90704921571375,32.90704921571375,system,0.0,438,0.631554683111608,0.0353493204035447,meta_train_support,2,MARGO-SPLIT-v1,20,20,80,3,439,0.0,0.2,20,10,0.0005,0.0005,mrlco_first_order_mean_pseudogradient,fixed_literature_derived_defaults,0.00028995045089385104,1.4497522544690278e-05,0.0033350183397246637,0.000166750916986258,0.00041900453268816696,2.0950226634411373e-05,3.0,0.0,0.031689867890990334,0.33611177393003305,0.03339998389241254,,,,,,,,,,,,,,,,
0.05429175144872894,0.00025,0.9995,0.00025,-0.0001115238992497325,0.010773254558444023,5.131830892178093e-05,0.00033333332588275275,0.44251954729358356,0.0,0.0,0.0,0.0,0.0,0.0,0.004097486385994413,1.4029706716537476,publication,0.6550300121307373,5.794212341308594,0.3937434572634811,0.44139171731600074,200,0.5947832859106038,2.032530553638935,0.05242963079945184,0.39374345726348114,0.44139171924442056,472.40066596984866,mobile,8.448483003306146e-05,0.0005954013780974915,23.62003170196124,23.62003170196124,system,0.0,439,0.44139171924442056,0.04313481555470542,meta_train_support,2,MARGO-SPLIT-v1,20,20,80,3,440,0.0,0.2,20,10,0.0005,0.0005,mrlco_first_order_mean_pseudogradient,fixed_literature_derived_defaults,0.00028929147259636504,1.4464573629816013e-05,0.003327438752588926,0.00016637193762947255,0.0004180522496593302,2.090261248296338e-05,3.0,0.0,0.03170433246462015,0.3362781458676625,0.033420886504895504,,,,,,,,,,,,,,,,
0.06251329368523872,0.00025,0.9995,0.00025,-9.283124381909147e-05,0.07323911786079407,0.00011473623149073151,0.00024999999441206456,0.8571040309965611,0.0,0.0,0.0,0.0,0.0,0.0,0.002829550550982386,1.4504929780960083,publication,0.6415064334869385,5.539425373077393,0.5924121205543937,0.6659325387697754,200,0.9086807058855033,2.4168904756661505,0.05054707238014089,0.5924121205543936,0.6659325299784541,225.05814666748046,mobile,3.7400220277236794e-05,3.7400220277236794e-05,11.252906421017736,11.252906421017736,system,0.0,440,0.6659325299784541,0.04581502094967425,meta_train_support,2,MARGO-SPLIT-v1,20,20,80,3,441,0.0,0.2,20,10,0.0005,0.0005,mrlco_first_order_mean_pseudogradient,fixed_literature_derived_defaults,0.0002886354828625864,1.4431774143126852e-05,0.0033198935399980215,0.00016599467699990322,0.0004171042853743884,2.0855214268721e-05,3.0,0.0,0.031718764238763276,0.33644414054466243,0.033441741719164225,,,,,,,,,,,,,,,,
0.0624778928269315,0.0,0.99925,0.00075,-0.00019348553905729204,0.008173353970050812,0.00037086093024119406,0.0004999999888241291,0.5319315545260906,0.0,0.0,0.0,0.0,0.0,0.0,0.0036263862893491953,1.4547810554504395,publication,0.6535027027130127,4.9942626953125,0.37674549435062255,0.4238170919765253,200,0.5672845445219651,1.7205911446362734,0.027068550916737877,0.37674549435062255,0.42381709337234497,170.23983543395997,mobile,0.00010213667733043797,0.0010958413166072061,8.511991692692122,8.511991692692122,system,0.0,441,0.42381709337234497,0.04376762482350713,meta_train_support,2,MARGO-SPLIT-v1,20,20,80,3,442,0.0,0.2,20,10,0.0005,0.0005,mrlco_first_order_mean_pseudogradient,fixed_literature_derived_defaults,0.00028798246140814617,1.4399123070406306e-05,0.00331238246864056,0.0001656191234320481,0.0004161606105206002,2.0808030526030252e-05,3.0,0.0,0.03173316336183368,0.3366097596680945,0.033462549749690255,,,,,,,,,,,,,,,,
0.07800659467642306,0.00025,0.99975,0.0,-5.574544411501847e-05,0.022611428052186966,9.954751943260741e-05,0.00016666666294137638,0.8219582245064279,0.0,0.0,0.0,0.0,0.0,0.0,0.002100028931999934,1.5168734788894653,publication,0.5911283493041992,5.226465463638306,0.84993788918283,0.960580650500633,200,1.0581713911609536,3.1949431281536818,0.03551768780744169,0.84993788918283,0.9605806386843324,255.0004563522339,mobile,3.071163730783778e-05,3.071163730783778e-05,12.750022798439383,12.750022798439383,system,0.0,442,0.9605806386843324,0.05487011874563254,meta_train_support,2,MARGO-SPLIT-v1,20,20,80,3,443,0.0,0.2,20,10,0.0005,0.0005,mrlco_first_order_mean_pseudogradient,fixed_literature_derived_defaults,0.00028733238813182985,1.4366619406590286e-05,0.0033049053073118,0.00016524526536559891,0.0004152211960498991,2.0761059802497372e-05,3.0,0.0,0.03174752998124027,0.3367750049334601,0.03348331080949275,,,,,,,,,,,,,,,,
0.06697485998484548,0.00025,0.999,0.00075,-0.00010455887240823358,0.06291423738002777,0.00014667533026497815,0.0006666666517655055,0.9200630600253742,0.0,0.0,0.0,0.0,0.0,0.0,0.0039829753704896985,1.5028389692306519,publication,0.6641836166381836,4.982651710510254,0.9105605728625625,1.0246334633557126,200,0.7331361824662838,1.9700602344237268,0.06041029863990843,0.9105605728625624,1.024633450806141,380.5922191619873,mobile,0.0,0.0,19.029611015548767,19.029611015548767,system,0.0,443,1.024633450806141,0.04486097182094287,meta_train_support,2,MARGO-SPLIT-v1,20,20,80,3,444,0.0,0.2,20,10,0.0005,0.0005,mrlco_first_order_mean_pseudogradient,fixed_literature_derived_defaults,0.0002866852431135149,1.4334262155676902e-05,0.0032974618268899266,0.00016487309134449735,0.0004142860131759128,2.0714300658794538e-05,3.0,0.0,0.03176186424339595,0.3369398780248046,0.03350402511015155,,,,,,,,,,,,,,,,
0.05837675139507002,0.0,0.99925,0.00075,-0.00010981760715367272,0.031450673937797546,9.931370406414119e-05,0.00033333332588275275,0.7599077935020129,0.0,0.0,0.0,0.0,0.0,0.0,0.0033518043627721083,1.5423468351364136,publication,0.5971806049346924,5.084554672241211,0.7037013733102228,0.7917733622309606,200,0.8843896786975847,2.7388618948170915,0.03473556161043234,0.7037013733102225,0.7917733897268772,403.10953914642334,mobile,9.27621765158402e-06,0.0008426580320740767,20.155476189640723,20.155476189640723,system,0.0,444,0.7917733897268772,0.04484863069868812,meta_train_support,2,MARGO-SPLIT-v1,20,20,80,3,445,0.0,0.2,20,10,0.0005,0.0005,mrlco_first_order_mean_pseudogradient,fixed_literature_derived_defaults,0.0002860410066121362,1.4302050330608496e-05,0.003290051800312646,0.00016450259001565826,0.00041335503337102314,2.066775166854884e-05,3.0,0.0,0.03177616629372656,0.33710438061482023,0.033524692861820096,,,,,,,,,,,,,,,,
0.05081081676893018,0.00025,0.99925,0.0005,-2.4742492314544506e-05,0.021193958818912506,2.958374414140744e-05,0.0004999999888241291,0.7076231836030881,0.0,0.0,0.0,0.0,0.0,0.0,0.005232230448519807,1.650061011314392,publication,0.6602756977081299,5.083041667938232,0.8261660254303227,0.9297549379432895,200,0.8306325385268766,2.4095522994175553,0.039744504378177226,0.8261660254303228,0.9297549651563167,793.5649573135375,mobile,9.8305297018849e-05,0.0023562137144655408,39.67824655386237,39.67824655386237,system,0.0,445,0.9297549651563167,0.03716046422002228,meta_train_support,2,MARGO-SPLIT-v1,20,20,80,3,446,0.0,0.2,20,10,0.0005,0.0005,mrlco_first_order_mean_pseudogradient,fixed_literature_derived_defaults,0.0002853996590636785,1.4269982953181437e-05,0.003282675002554097,0.00016413375012769293,0.0004124282283634648,2.062141141817575e-05,3.0,0.0,0.03179043627667974,0.3372685143649479,0.03354531427323827,,,,,,,,,,,,,,,,
0.04773578589729939,0.0,0.99925,0.00075,-0.0001462446671212092,0.1742781102657318,0.00016578213001167502,0.0004999999888241291,0.8978733513504267,0.0,0.0,0.0,0.0,0.0,0.0,0.005322249134467624,1.6088277101516724,publication,0.6420633792877197,5.411693811416626,0.6436095144365126,0.7230017284384849,200,1.0371958997578297,3.5094558093696833,0.049914312578039244,0.6436095144365126,0.7230017248168588,565.4871088790893,mobile,0.000164195078713947,0.002444376266240231,28.27435416815151,28.27435416815151,system,0.0,446,0.7230017248168588,0.03659117523352425,meta_train_support,2,MARGO-SPLIT-v1,20,20,80,3,447,0.0,0.2,20,10,0.0005,0.0005,mrlco_first_order_mean_pseudogradient,fixed_literature_derived_defaults,0.000284761181079196,1.423805905396286e-05,0.0032753312106020747,0.00016376656053007643,0.0004115055701344637,2.057527850672647e-05,3.0,0.0,0.0318046743357337,0.337432280925478,0.033565889551745,,,,,,,,,,,,,,,,
0.06060276183341583,0.0,1.0,0.0,-4.159699892625213e-05,0.01174816396087408,4.01304554957053e-08,0.0,0.579823904360334,0.0,0.0,0.0,0.0,0.0,0.0,0.0036530638627610924,1.7416671514511108,publication,0.4894106388092041,3.4193408489227295,0.5857581542058942,0.6593856685504579,200,0.7918586957546367,2.3565076598897576,0.011764244292862713,0.5857581542058939,0.6593856934830546,328.71465436935426,mobile,0.0004091978177075436,0.0016742693096148348,16.43573261992904,16.43573261992904,system,0.0,447,0.6593856934830546,0.04345467445994628,meta_train_support,2,MARGO-SPLIT-v1,20,20,80,3,448,0.0,0.2,20,10,0.0005,0.0005,mrlco_first_order_mean_pseudogradient,fixed_literature_derived_defaults,0.0002841255534428585,1.420627767214494e-05,0.003268020203435552,0.00016340101017175979,0.0004105870309154136,2.0529351545769958e-05,3.0,0.0,0.03181888061340585,0.33759568193564976,0.03358641890329077,,,,,,,,,,,,,,,,
0.06517756682222967,0.0005,0.999,0.0005,-8.492614142596722e-05,0.02833418734371662,0.0001808994864945064,0.0006666666517655055,0.693401181573669,0.0,0.0,0.0,0.0,0.0,0.0,0.0062337709372841926,1.7375869750976562,publication,0.6589236259460449,5.0912957191467285,0.6963140515538825,0.784173492681366,200,0.7611058758219774,2.1404118749778718,0.05742946644022595,0.6963140515538824,0.7841735011339188,515.3300922393798,mobile,3.060989732959514e-05,0.0008070940087846459,25.76650597688268,25.76650597688268,system,0.0,448,0.7841735011339188,0.04359541888303773,meta_train_support,2,MARGO-SPLIT-v1,20,20,80,3,449,0.0,0.2,20,10,0.0005,0.0005,mrlco_first_order_mean_pseudogradient,fixed_literature_derived_defaults,0.00028349275711002364,1.417463785550327e-05,0.0032607417620025107,0.0001630370881001153,0.0004096725831850897,2.048362915925417e-05,3.0,0.0,0.03183305525126135,0.3377587190237499,0.03360690253245002,,,,,,,,,,,,,,,,
0.05101702650346451,0.0,0.99875,0.00125,-4.7010023990878835e-05,0.02748872898519039,0.0001986726116612702,0.0008333333147068819,0.6826659136762222,0.0,0.0,0.0,0.0,0.0,0.0,0.0068404809637528634,1.7155112028121948,publication,0.6632263660430908,5.217650413513184,0.7871161060930149,0.8860301613123284,200,1.0475058689672017,3.5344081362709403,0.03786803313414566,0.787116106093015,0.8860301686823369,929.2972526168824,mobile,0.00014303689493384774,0.002085710335972045,46.46486537350314,46.46486537350314,system,0.0,449,0.8860301686823369,0.03895272328967001,meta_train_support,2,MARGO-SPLIT-v1,20,20,80,3,450,0.0,0.2,20,10,0.0005,0.0005,mrlco_first_order_mean_pseudogradient,fixed_literature_derived_defaults,0.0002828627732053347,1.4143138660265009e-05,0.003253495669198061,0.00016267478345988184,0.00040876219966690065,2.0438109983346442e-05,3.0,0.0,0.031847198389921616,0.33792139380720976,0.03362734064243337,,,,,,,,,,,,,,,,
0.04800291793527693,0.0,0.99975,0.00025,-0.00011716174049070105,0.004117779433727264,0.00017106086105258406,0.00016666666294137638,0.3489657835414012,0.0,0.0,0.0,0.0,0.0,0.0,0.005383242779698156,1.555181622505188,publication,0.5506796836853027,5.096428632736206,0.2851899064445039,0.31897644477085124,200,0.49447308088033537,1.6137008620426059,0.05502655830059666,0.285189906444504,0.31897644825279714,186.70712257385253,mobile,6.647788833698594e-05,0.0020766790623841357,9.3353560950239,9.3353560950239,system,0.0,450,0.31897644825279714,0.039913020131221444,meta_train_support,2,MARGO-SPLIT-v1,20,20,80,3,451,0.0,0.2,20,10,0.0005,0.0005,mrlco_first_order_mean_pseudogradient,fixed_literature_derived_defaults,0.00028223558302084393,1.4111779151039505e-05,0.0032462817098428544,0.00016231408549216564,0.0004078558533261758,2.0392792666308612e-05,3.0,0.0,0.031861310169072656,0.3380837078927019,0.03364773343509968,-0.03717033873203431,-0.031047765185470207,0.031047765185470207,0.0,0.0,0.0,0.0,0.975,0.975,0.0,validation/automotive_lexicographic_v1,automotive_lexicographic_v1,a3bd00d5108237acdb706f561212b5d840bac151f48b5250a61c573d9c9ffb6c,79654301.0,0.031047765185470207,1.0
0.07244163062733963,0.0,0.99925,0.00075,-8.008795703062788e-05,0.07865606993436813,0.0001278927193559006,0.00041666665735344094,0.783248585400482,0.0,0.0,0.0,0.0,0.0,0.0,0.005100179886335087,1.5194991827011108,publication,0.6568877696990967,4.9351606369018555,0.7567973304311991,0.8534147155818936,200,1.0043324849749486,3.2648275485262275,0.04831311013549566,0.7567973304311991,0.8534147263132036,511.3124538040161,mobile,0.0001854555742377882,0.0023160765494606643,25.565623958989296,25.565623958989296,system,0.0,451,0.8534147263132036,0.05186781818278597,meta_train_support,2,MARGO-SPLIT-v1,20,20,80,3,452,0.0,0.2,20,10,0.0005,0.0005,mrlco_first_order_mean_pseudogradient,fixed_literature_derived_defaults,0.00028161116801416066,1.4080558400707266e-05,0.003239099670661786,0.000161954983533108,0.0004069535173674896,2.0347675868372106e-05,3.0,0.0,0.03187539072747336,0.33824566287623503,0.03366808111096805,,,,,,,,,,,,,,,,
0.056573329120451245,0.0,0.9995,0.0005,-9.019407298183069e-05,0.04400811716914177,6.583695238570423e-05,0.00033333332588275275,0.5588496642187237,0.0,0.0,0.0,0.0,0.0,0.0,0.007122252626306967,1.473587989807129,publication,0.5537376403808594,5.420733451843262,0.5439784546194217,0.6127375755379489,200,0.8512195065233844,2.8103587343357503,0.04824612395350414,0.5439784546194216,0.6127375824004412,744.3847594451904,mobile,0.00012758537279429616,0.006064514366955705,37.21924331150758,37.21924331150758,system,0.0,452,0.6127375824004412,0.04447466726758023,meta_train_support,2,MARGO-SPLIT-v1,20,20,80,3,453,0.0,0.2,20,10,0.0005,0.0005,mrlco_first_order_mean_pseudogradient,fixed_literature_derived_defaults,0.0002809895098066239,1.4049475490329755e-05,0.0032319493402629745,0.0001615974670131637,0.0004060551652320205,2.0302758261599163e-05,3.0,0.0,0.03188944020296369,0.3384072603432482,0.03368838386922965,,,,,,,,,,,,,,,,
0.08017520512633103,0.0,0.99975,0.00025,-5.701788541045971e-05,0.12194325774908066,2.6673709420025705e-05,0.00016666666294137638,1.0790522320196034,0.0,0.0,0.0,0.0,0.0,0.0,0.0028761873831107967,1.4671857357025146,publication,0.6100952625274658,5.456902503967285,1.0052041901906654,1.1326193637480173,200,1.0546342137971718,3.426717806607485,0.048631646495778114,1.0052041901906654,1.1326193791255355,314.77803886413574,mobile,0.0007652449572054517,0.0013530620261432095,15.738902339378363,15.738902339378363,system,0.0,453,1.1326193791255355,0.06005831654114568,meta_train_support,2,MARGO-SPLIT-v1,20,20,80,3,454,0.0,0.2,20,10,0.0005,0.0005,mrlco_first_order_mean_pseudogradient,fixed_literature_derived_defaults,0.00028037059018149916,1.4018529509073063e-05,0.003227295944498168,0.00016136479722489439,0.00040595171741979294,2.0297585870993062e-05,3.0,0.0,0.031903458732472766,0.3385686251404731,0.03370868145510064,,,,,,,,,,,,,,,,
0.061724617566308246,0.0,1.0,0.0,-0.0001397165033267811,0.007213305216282606,7.011744529901906e-08,0.0,0.3841672524809837,0.0,0.0,0.0,0.0,0.0,0.0,0.003769199708731252,1.4908726215362549,publication,0.6572418212890625,5.202014207839966,0.3627384829638773,0.40501867760036475,200,0.6314744604774656,1.7560296999290586,0.042877262661932036,0.36273848296387734,0.4050186796113849,153.58448244094848,mobile,0.00035703278488492156,0.0025779498537610167,7.6792240357354675,7.6792240357354675,system,0.0,454,0.4050186796113849,0.047943808727245435,meta_train_support,2,MARGO-SPLIT-v1,20,20,80,3,455,0.0,0.2,20,10,0.0005,0.0005,mrlco_first_order_mean_pseudogradient,fixed_literature_derived_defaults,0.0002797543910821992,1.3987719554110767e-05,0.003220202986378392,0.00016101014931890756,0.00040505951584304616,2.0252975792153793e-05,3.0,0.0,0.031917446452026876,0.338729635289792,0.033728934430892796,,,,,,,,,,,,,,,,
0.05625853580807584,0.0,0.9995,0.0005,-0.00014061765978112817,0.05162234976887703,6.787937647270147e-05,0.00033333332588275275,0.6064331409831841,0.0,0.0,0.0,0.0,0.0,0.0,0.006720043329768726,1.487356185913086,publication,0.6610949039459229,4.16450834274292,0.9233244618300409,1.0410124475136036,200,1.1140087623944326,3.1118278838694096,0.0583491227007471,0.9233244618300411,1.041012430060655,430.5467450714111,mobile,0.00013684517626908737,0.0019347536967342087,21.52733757758398,21.52733757758398,system,0.0,455,1.041012430060655,0.04089456306035405,meta_train_support,2,MARGO-SPLIT-v1,20,20,80,3,456,0.0,0.2,20,10,0.0005,0.0005,mrlco_first_order_mean_pseudogradient,fixed_literature_derived_defaults,0.0002791408946105277,1.395704473052678e-05,0.003213141137724053,0.00016065705688622645,0.00040417122743110963,2.0208561371554135e-05,3.0,0.0,0.0319314034967574,0.3388902923466782,0.03374914299226435,,,,,,,,,,,,,,,,
0.06676606280292408,0.0,0.99775,0.00225,-0.00034535370650701225,0.009059196338057518,0.00032602140611488105,0.0013333333345750965,0.5803837039818366,0.0,0.0,0.0,0.0,0.0,0.0,0.00880877941152535,1.5918577909469604,publication,0.6411316394805908,5.240017890930176,0.6073650685275606,0.6845454124822572,200,0.5923098258804271,1.6706872815266252,0.04030640158453025,0.6073650685275606,0.6845454083010555,502.4148822021484,mobile,0.0002586405237482752,0.005259246321440801,25.12074602365616,25.12074602365616,system,0.0,456,0.6845454083010555,0.045690167841320815,meta_train_support,2,MARGO-SPLIT-v1,20,20,80,3,457,0.0,0.2,20,10,0.0005,0.0005,mrlco_first_order_mean_pseudogradient,fixed_literature_derived_defaults,0.00027853008302494665,1.3926504151245966e-05,0.003206110194315467,0.00016030550971579682,0.0004032868264958118,2.0164341324790946e-05,3.0,0.0,0.03194533000090865,0.339050597856394,0.03376930733358914,,,,,,,,,,,,,,,,
0.05805205066425521,0.0,0.99925,0.00075,-0.0005681748734787107,0.0441986583173275,0.00016889626083245918,0.0004999999888241291,0.6364229299748938,0.0,0.0,0.0,0.0,0.0,0.0,0.008490480038080577,1.5763641595840454,publication,0.6564452648162842,5.006226301193237,0.7586446469642507,0.8537077020382275,200,1.0956957093747484,3.112913549877703,0.03513390588341281,0.758644646964251,0.8537077445536851,502.8897468185425,mobile,0.0002863747181034031,0.009135243303145734,25.144489343029772,25.144489343029772,system,0.0,457,0.8537077445536851,0.04397822202956437,meta_train_support,2,MARGO-SPLIT-v1,20,20,80,3,458,0.0,0.2,20,10,0.0005,0.0005,mrlco_first_order_mean_pseudogradient,fixed_literature_derived_defaults,0.000277921938738866,1.3896096936943936e-05,0.0031991099537165245,0.0001599554976858264,0.00040240628757333186,2.0120314378667403e-05,3.0,0.0,0.03195922609784559,0.33921055335407985,0.03378942764796781,,,,,,,,,,,,,,,,
0.06079806811368847,0.00025,0.998,0.00175,-0.0003149180265609175,0.02669523097574711,0.0003436377652610512,0.0010833333401630322,0.571955905854702,0.0,0.0,0.0,0.0,0.0,0.0,0.010300879956702409,1.6193437576293945,publication,0.6863093376159668,5.226503133773804,0.7288549450517356,0.8220259376836475,200,0.7870956724428382,2.266757313394919,0.06772635964443907,0.7288549450517358,0.8220259298756719,408.5613987350464,mobile,0.0006120469000567449,0.006947112359281287,20.42806958853039,20.42806958853039,system,0.0,458,0.8220259298756719,0.04906056939895783,meta_train_support,2,MARGO-SPLIT-v1,20,20,80,3,459,0.0,0.2,20,10,0.0005,0.0005,mrlco_first_order_mean_pseudogradient,fixed_literature_derived_defaults,0.0002773164443189556,1.3865822215949897e-05,0.0031921402152552685,0.0001596070107627856,0.00040152958542175596,2.007647927108891e-05,3.0,0.0,0.03197309192006154,0.33937016036484263,0.0338095041272389,,,,,,,,,,,,,,,,
0.051232690375833924,0.00025,0.99825,0.0015,-0.00040740607073530555,0.0330495685338974,0.0003086605304111127,0.0011666666405896345,0.43547044359147546,0.0,0.0,0.0,0.0,0.0,0.0,0.010926028104074507,1.6033730506896973,publication,0.6347761154174805,5.016420841217041,0.5421450580706557,0.6094125107667787,200,0.8711968288485121,2.606474808882922,0.03919825857155956,0.5421450580706555,0.6094125340878963,247.39631706237793,mobile,0.000774163470968553,0.0144149365141203,12.36981554328696,12.36981554328696,system,0.0,459,0.6094125340878963,0.038707917249645375,meta_train_support,2,MARGO-SPLIT-v1,20,20,80,3,460,0.0,0.2,20,10,0.0005,0.0005,mrlco_first_order_mean_pseudogradient,fixed_literature_derived_defaults,0.0002767135824834796,1.383567912417727e-05,0.0031852007800047136,0.00015926003900024188,0.0004006566950186652,2.003283475093126e-05,3.0,0.0,0.03198692759918572,0.3395294204038429,0.03382953696198983,,,,,,,,,,,,,,,,
0.05336373213595994,0.00025,0.99675,0.003,-0.0002480210969224572,0.08106309920549393,0.0007192592251047241,0.001916666623825828,0.6273785593609016,0.0,0.0,0.0,0.0,0.0,0.0,0.013943559315525772,1.6131184101104736,publication,0.6010289192199707,3.27651309967041,0.8016822373842715,0.9016041180592583,200,0.8645086245715108,2.539185125147924,0.02727611633235938,0.8016822373842716,0.9016041366849095,822.567751493454,mobile,0.0005655153700850332,0.028417200863949447,41.12838921142241,41.12838921142241,system,0.0,460,0.9016041366849095,0.041181938122234196,meta_train_support,2,MARGO-SPLIT-v1,20,20,80,3,461,0.0,0.2,20,10,0.0005,0.0005,mrlco_first_order_mean_pseudogradient,fixed_literature_derived_defaults,0.0002761133361006521,1.3805666805033479e-05,0.0031782914507639225,0.00015891457253819352,0.00039978759155875486,1.998937957793656e-05,3.0,0.0,0.032000733265990754,0.33968833497638107,0.033849526341567765,,,,,,,,,,,,,,,,
0.06365255193905886,0.00075,0.998,0.00125,-0.0009151265257969499,0.028569424524903297,0.0005886440180161527,0.0011666666405896345,0.49773932412887617,0.0,0.0,0.0,0.0,0.0,0.0,0.012871472795168714,1.625709891319275,publication,0.6636943817138672,5.287323713302612,0.5434171918037102,0.6125798486723215,200,0.6770194044159388,1.9378604367375374,0.027073967561591417,0.5434171918037103,0.6125798443984241,238.4203929710388,mobile,0.001855430102808843,0.009249103882355433,11.921019329539488,11.921019329539488,system,0.0,461,0.6125798443984241,0.04559104929273991,meta_train_support,2,MARGO-SPLIT-v1,20,20,80,3,462,0.0,0.2,20,10,0.0005,0.0005,mrlco_first_order_mean_pseudogradient,fixed_literature_derived_defaults,0.0002755156881870143,1.3775784409350567e-05,0.0031714120320393254,0.00015857060160195946,0.00039892225045148487,1.9946112522574444e-05,3.0,0.0,0.032014509050400104,0.339846905577983,0.03386947245409034,,,,,,,,,,,,,,,,
0.058663169395019775,0.001,0.99825,0.00075,-0.0028336942195892334,0.004697480238974094,0.0013663571140564085,0.0011666666405896345,0.3536224093288183,0.0,0.0,0.0,0.0,0.0,0.0,0.018642775475052317,1.5420283079147339,publication,0.6771185398101807,5.412093162536621,0.3187488730421867,0.3582235618145387,200,0.49590507056912136,1.6497879885137081,0.017564297275384888,0.3187488730421867,0.3582235578540713,744.2346040153503,mobile,0.0035182280673887044,0.017476865020006154,37.211732163018134,37.211732163018134,system,0.0,462,0.3582235578540713,0.04701799604113051,meta_train_support,2,MARGO-SPLIT-v1,20,20,80,3,463,0.0,0.2,20,10,0.0005,0.0005,mrlco_first_order_mean_pseudogradient,fixed_literature_derived_defaults,0.0002749206219058329,1.3746031095294986e-05,0.003164562330026281,0.0001582281165012911,0.0003980606473187603,1.990303236593799e-05,3.0,0.0,0.0320282550814954,0.3400051336944843,0.03388937548645628,,,,,,,,,,,,,,,,
0.06541835935285038,0.0015,0.99675,0.00175,-0.0007149904849939048,0.10959601402282715,0.0015404307356519098,0.0019166666238258283,0.5919834485898414,0.0,0.0,0.0,0.0,0.0,0.0,0.016805032420744517,1.5462803840637207,publication,0.674454927444458,3.8306984901428223,0.5202150754443672,0.5829630873753012,200,0.7983561585576099,2.397134553757496,0.032779028027107415,0.520215075444367,0.5829631032049656,221.28803082466126,mobile,0.002054612044388328,0.005144624476196419,11.064401263216055,11.064401263216055,system,0.0,463,0.5829631032049656,0.05494453840713374,meta_train_support,2,MARGO-SPLIT-v1,20,20,80,3,464,0.0,0.2,20,10,0.0005,0.0005,mrlco_first_order_mean_pseudogradient,fixed_literature_derived_defaults,0.00027432812056551857,1.3716406028277395e-05,0.00315774215259088,0.00015788710762953961,0.0003972027579926422,1.98601378996327e-05,3.0,0.0,0.03204197148752368,0.34016302080211386,0.03390923562435591,,,,,,,,,,,,,,,,
0.06782797247394305,0.00125,0.99475,0.004,-0.001729595591314137,0.01345525961369276,0.0020175938228002605,0.003416666590298216,0.47587898299098014,0.0,0.0,0.0,0.0,0.0,0.0,0.03145121840394633,1.5291075706481934,publication,0.6402769088745117,3.439903736114502,0.6661055353899463,0.7520883377816017,200,0.7749693214744313,1.9858056902885437,0.02063872682629153,0.6661055353899463,0.752088338881731,361.97087285995485,mobile,0.003957581606409535,0.018100659036312295,18.098544786185503,18.098544786185503,system,0.0,464,0.752088338881731,0.055752421768037054,meta_train_support,2,MARGO-SPLIT-v1,20,20,80,3,465,0.0,0.2,20,10,0.0005,0.0005,mrlco_first_order_mean_pseudogradient,fixed_literature_derived_defaults,0.00027373816761806584,1.3686908380904084e-05,0.0031509513092519746,0.0001575475654626013,0.0003963485585130882,1.981742792565161e-05,3.0,0.0,0.03205565839590458,0.34032056836757646,0.03392905305228156,,,,,,,,,,,,,,,,
0.08374629454903273,0.0025,0.99375,0.00375,-6.244114047149196e-05,0.010286778211593628,0.0012753956296895316,0.003250000004967054,0.5232661000142494,0.0,0.0,0.0,0.0,0.0,0.0,0.02861900355128958,1.5398280620574951,publication,0.6124858856201172,3.2862980365753174,0.9199475561225882,1.0374641104832698,200,0.7064120133087426,1.9128163699060678,0.06448755759629421,0.9199475561225879,1.0374640974774956,222.59441951751708,mobile,0.0011477353191630744,0.0058920809612257995,11.129720696257094,11.129720696257094,system,0.0,465,1.0374640974774956,0.06014702659181392,meta_train_support,2,MARGO-SPLIT-v1,20,20,80,3,466,0.0,0.2,20,10,0.0005,0.0005,mrlco_first_order_mean_pseudogradient,fixed_literature_derived_defaults,0.0002731507466575121,1.3657537332872893e-05,0.0031441896111634514,0.00015720948055819584,0.00039549802512572104,1.977490125628506e-05,3.0,0.0,0.032069315933237454,0.34047777784813466,0.03394882795353785,,,,,,,,,,,,,,,,
0.0757274088022362,0.00275,0.99275,0.0045,-0.0036059666890650988,0.006692466326057911,0.006525633402270614,0.01649999956910809,0.4161485722909372,0.0,0.0,0.0,0.0,0.0,0.0,0.04437958346878646,1.465010166168213,publication,0.6158101558685303,3.4484853744506836,0.5552382379862173,0.6263742431387073,200,0.7959941529283385,2.132156090810895,-0.02465226035565138,0.5552382379862173,0.6263742695655674,364.8878627872467,mobile,0.013704681050756227,0.03354951843846081,18.244391785307904,18.244391785307904,system,0.0,466,0.6263742695655674,0.07728384384836534,meta_train_support,2,MARGO-SPLIT-v1,20,20,80,3,467,0.0,0.2,20,10,0.0005,0.0005,mrlco_first_order_mean_pseudogradient,fixed_literature_derived_defaults,0.0002725658414184167,1.3628292070917702e-05,0.00313745687109672,0.00015687284355481168,0.0003946511342796274,1.973255671398194e-05,3.0,0.0,0.03208294422530837,0.34063465069168947,0.03396856051025183,,,,,,,,,,,,,,,,
0.04021295584759423,0.0075,0.984,0.0085,-0.004073554649949074,0.07797274738550186,0.0038944615342359165,0.01966666659961144,0.6349021624773741,0.0,0.0,0.0,0.0,0.0,0.0,0.07641441199192554,1.3931761980056763,publication,0.6017496585845947,4.697932243347168,0.7895174620388714,0.8877832290903461,200,1.279916856671957,4.19494594167918,0.04512625597999431,0.7895174620388712,0.8877832074090839,803.5058489418029,mobile,0.0075070722505453215,0.0611165155791197,40.17529153107726,40.17529153107726,system,0.0,467,0.8877832074090839,0.03678663925236014,meta_train_support,2,MARGO-SPLIT-v1,20,20,80,3,468,0.0,0.2,20,10,0.0005,0.0005,mrlco_first_order_mean_pseudogradient,fixed_literature_derived_defaults,0.0002730150944574194,1.3650754722871472e-05,0.00313483612669154,0.00015674180633457047,0.0003938078626251838,1.9690393131259476e-05,3.0,0.0,0.03209659498003124,0.34079139249802404,0.03398825090338309,,,,,,,,,,,,,,,,
0.06613779785437808,0.0115,0.97525,0.01325,-0.0017124550649896264,0.13344988226890564,0.007181555703327072,0.04258333393372596,0.936787643407782,0.0,0.0,0.0,0.0,0.0,0.0,0.11060212372710496,1.4596686363220215,publication,0.6548328399658203,3.8002853393554688,0.8947323013308491,1.0069570734810622,200,1.2447818021782084,3.399187701754272,-0.016710234951460734,0.8947323013308492,1.006957083484158,247.10328880310058,mobile,0.006296779295940514,0.0314105524215822,12.35516517685973,12.35516517685973,system,0.0,468,1.006957083484158,0.05719731351574914,meta_train_support,2,MARGO-SPLIT-v1,20,20,80,3,469,0.0,0.2,20,10,0.0005,0.0005,mrlco_first_order_mean_pseudogradient,fixed_literature_derived_defaults,0.0002724329727208364,1.3621648636039096e-05,0.003128152041133562,0.00015640760205665183,0.00039296818701191046,1.96484093505922e-05,3.0,0.0,0.03211021662866728,0.3409478001000807,0.03400789931273368,,,,,,,,,,,,,,,,
0.055138539325819046,0.0245,0.9585,0.017,0.0013522978406399488,0.07531127333641052,0.005731216869298806,0.03416666675669451,0.7432963480552038,0.0,0.0,0.0,0.0,0.0,0.0,0.13315677241133866,1.4480094909667969,publication,0.6674385070800781,5.070275783538818,0.5541774525609282,0.6227390092853602,200,0.6465922219071975,2.19206839799881,0.04258447187021375,0.5541774525609282,0.62273901052773,406.9500268936157,mobile,0.007111148590335638,0.06687667578238793,20.347501079625463,20.347501079625463,system,0.0,469,0.62273901052773,0.049856947998881386,meta_train_support,2,MARGO-SPLIT-v1,20,20,80,3,470,0.0,0.2,20,10,0.0005,0.0005,mrlco_first_order_mean_pseudogradient,fixed_literature_derived_defaults,0.00027185332809802614,1.3592666404903253e-05,0.0031214963984928525,0.00015607481992463423,0.0003921320844863532,1.9606604224314816e-05,3.0,0.0,0.032123809295072185,0.3411038749200053,0.034027505916957995,,,,,,,,,,,,,,,,
0.057943589474228896,0.02775,0.95075,0.0215,0.0019053134601563215,0.15373869240283966,0.008159116642006362,0.042749999898175406,1.01276390204827,0.0,0.0,0.0,0.0,0.0,0.0,0.13171236729423857,1.3963993787765503,publication,0.5861992835998535,4.772561073303223,1.0428661314938719,1.1756008347693752,200,1.1050198958970272,3.0025031557306647,0.03120593575295061,1.0428661314938719,1.1756008382048457,873.3875660705567,mobile,0.009017380613733974,0.29458988638584654,43.66937800744996,43.66937800744996,system,0.0,470,1.1756008382048457,0.04725484872846884,meta_train_support,2,MARGO-SPLIT-v1,20,20,80,3,471,0.0,0.2,20,10,0.0005,0.0005,mrlco_first_order_mean_pseudogradient,fixed_literature_derived_defaults,0.00027172271667449775,1.3586135833722202e-05,0.0031188448775718992,0.000155942243878604,0.0003912995322899915,1.9564976614497298e-05,3.0,0.0,0.03213739543090591,0.3412598171638839,0.03404707089357249,,,,,,,,,,,,,,,,
0.057214259817090905,0.05125,0.915,0.03375,0.0059747109189629555,0.038651108741760254,0.015627157331133883,0.08458333195497593,0.7540130664904912,0.0,0.0,0.0,0.0,0.0,0.0,0.21261336452010005,1.425085425376892,publication,0.5699300765991211,5.259509563446045,0.7096548735906564,0.7998789762147499,200,0.7917914691819916,2.143853383138776,-0.012532316381111741,0.7096548735906564,0.7998789438139647,338.6003084850311,mobile,0.014841674945584533,0.05311764410002467,16.93001397703161,16.93001397703161,system,0.0,471,0.7998789438139647,0.06283912864532346,meta_train_support,2,MARGO-SPLIT-v1,20,20,80,3,472,0.0,0.2,20,10,0.0005,0.0005,mrlco_first_order_mean_pseudogradient,fixed_literature_derived_defaults,0.00027114703295272975,1.3557351647638938e-05,0.0031122371553736535,0.00015561185776868935,0.0003904705078571737,1.9523525392861618e-05,3.0,0.0,0.032150952782553546,0.3414154290216526,0.034066594418965354,,,,,,,,,,,,,,,,
0.05916627161550336,0.07175,0.883,0.04525,0.007532912772148848,0.06016407534480095,0.01891609375209858,0.09183333357796072,0.7907295390963555,0.0,0.0,0.0,0.0,0.0,0.0,0.2362891947749929,1.498157024383545,publication,0.6848807334899902,4.781798839569092,0.7590586278721626,0.8539130443336035,200,1.1405678867190165,3.7062776824459434,0.010091824107803404,0.7590586278721626,0.8539130476024002,586.7954183864593,mobile,0.012716051466014922,0.06239572912662296,29.339770220342665,29.339770220342665,system,0.0,472,0.8539130476024002,0.05776744942799825,meta_train_support,2,MARGO-SPLIT-v1,20,20,80,3,473,0.0,0.2,20,10,0.0005,0.0005,mrlco_first_order_mean_pseudogradient,fixed_literature_derived_defaults,0.00027057378341160346,1.3528689170580477e-05,0.0031056573728041534,0.00015528286864019414,0.0003896449888130782,1.948224944065685e-05,3.0,0.0,0.03216448147172413,0.3415707118902928,0.03408607666840601,,,,,,,,,,,,,,,,
0.05446382426202832,0.0805,0.871,0.0485,-0.00135149119887501,0.17621155083179474,0.017673233859143996,0.09183333478868007,1.144233377277851,0.0,0.0,0.0,0.0,0.0,0.0,0.2439332517481968,1.4859851598739624,publication,0.6451010704040527,4.963184595108032,1.1526133580898077,1.299697342616105,200,1.4137809563358217,3.8992372695356607,-0.0007653579814359546,1.1526133580898075,1.2996972870081662,795.0291320991516,mobile,0.010107122929039546,0.06601858465758063,39.75145780530828,39.75145780530828,system,0.0,473,1.2996972870081662,0.05696309222230639,meta_train_support,2,MARGO-SPLIT-v1,20,20,80,3,474,0.0,0.2,20,10,0.0005,0.0005,mrlco_first_order_mean_pseudogradient,fixed_literature_derived_defaults,0.0002719959545631336,1.3599797728157392e-05,0.0031055076949842286,0.00015527538474918723,0.0003888229529717004,1.9441147648582846e-05,3.0,0.0,0.032178081269452284,0.341725987275042,0.034105517816054594,,,,,,,,,,,,,,,,
0.08033602223551405,0.0755,0.8725,0.052,0.001296184491366148,0.019518176093697548,0.018577930455406504,0.07341666622087359,0.6626986663788557,0.0,0.0,0.0,0.0,0.0,0.0,0.23931573886423996,1.6273081302642822,publication,0.6728250980377197,4.711416006088257,0.6525709580888517,0.7365212448178863,200,0.6968844127758108,1.8150107730180025,0.021635150304064155,0.6525709580888515,0.7365212796721607,613.8977723407745,mobile,0.01472692610072755,0.04733640037697543,30.694887179566784,30.694887179566784,system,0.0,474,0.7365212796721607,0.06984454465240049,meta_train_support,2,MARGO-SPLIT-v1,20,20,80,3,475,0.0,0.2,20,10,0.0005,0.0005,mrlco_first_order_mean_pseudogradient,fixed_literature_derived_defaults,0.00027142333150089544,1.357116657504237e-05,0.00309896978404742,0.0001549484892023889,0.0003880043783338653,1.940021891669308e-05,3.0,0.0,0.032191652436027327,0.3418809357642444,0.03412491803497129,,,,,,,,,,,,,,,,
0.059011545873568425,0.123,0.81075,0.06625,0.003768316935747862,0.08777953684329987,0.015129549044650045,0.08774999990127981,0.9707568496465682,0.0,0.0,0.0,0.0,0.0,0.0,0.31322328856151677,1.6677374839782715,publication,0.6112205982208252,5.065806865692139,0.5968051861705312,0.6678098222131393,200,0.8696082248216513,2.2169343195855618,-0.06858038355130702,0.5968051861705314,0.6678098301868886,402.5904845046997,mobile,0.03250191138980576,0.12254394480797658,20.12952587822982,20.12952587822982,system,0.0,475,0.6678098301868886,0.07793606927314949,meta_train_support,2,MARGO-SPLIT-v1,20,20,80,3,476,0.0,0.2,20,10,0.0005,0.0005,mrlco_first_order_mean_pseudogradient,fixed_literature_derived_defaults,0.0002713592252001264,1.3567961260008143e-05,0.0030989779769688497,0.00015494889884842822,0.0003871892430852647,1.935946215426282e-05,3.0,0.0,0.032205220397287335,0.3420358846630928,0.03414427749712555,,,,,,,,,,,,,,,,
0.060529461453227504,0.115,0.8115,0.0735,0.005550356116145849,0.12607792019844055,0.02117376374468828,0.11583333412806193,1.0123481646180152,0.0,0.0,0.0,0.0,0.0,0.0,0.303277996788331,1.6660938262939453,publication,0.6196210384368896,3.442514657974243,0.9037947298685525,1.0202776788827692,200,1.471006043398961,4.429316392168403,-0.01829890972294379,0.9037947298685527,1.0202776652108878,445.1487707042694,mobile,0.02592906105557506,0.08041768696425926,22.257439222880326,22.257439222880326,system,0.0,476,1.0202776652108878,0.07187328890233405,meta_train_support,2,MARGO-SPLIT-v1,20,20,80,3,477,0.0,0.2,20,10,0.0005,0.0005,mrlco_first_order_mean_pseudogradient,fixed_literature_derived_defaults,0.0002707903379355559,1.3539516896775294e-05,0.0030924811677928146,0.00015462405838961857,0.0003863775255945199,1.931887627972667e-05,3.0,0.0,0.03221875991418411,0.34219050872148243,0.034163596373405276,,,,,,,,,,,,,,,,
0.07480822713810445,0.07,0.87925,0.05075,-0.0012383688008412719,0.03577665239572525,0.016221642858969668,0.08141666781157254,0.8128227372964224,0.0,0.0,0.0,0.0,0.0,0.0,0.21114943831943803,1.8210810422897339,publication,0.7083115577697754,4.551141023635864,0.985949349111683,1.1113796490420282,200,0.8866875353124686,2.39523041062057,-0.05603924946626648,0.9859493491116831,1.111379604768008,475.11193860054016,mobile,0.013237979440918875,0.07058070272047375,23.755595681652103,23.755595681652103,system,0.0,477,1.111379604768008,0.06602886421924553,meta_train_support,2,MARGO-SPLIT-v1,20,20,80,3,478,0.0,0.2,20,10,0.0005,0.0005,mrlco_first_order_mean_pseudogradient,fixed_literature_derived_defaults,0.0002718811011077387,1.359405505538952e-05,0.003100746404331306,0.00015503732021654448,0.00038701390770705044,1.9350695385354777e-05,3.0,0.0,0.0322323539692395,0.342345546041699,0.03418294706879063,,,,,,,,,,,,,,,,
0.05612104586553749,0.0945,0.84725,0.05825,0.00950139295309782,0.012087450362741947,0.02385869440622628,0.10150000133241217,0.7281696875890097,0.0,0.0,0.0,0.0,0.0,0.0,0.24389070685443076,1.8476650714874268,publication,0.6802511215209961,5.259366273880005,0.577007420682002,0.6474208258143335,200,0.6504923631364795,1.6924670233856887,0.032053986797109246,0.577007420682002,0.6474208376184106,845.4675554084778,mobile,0.013901007686236706,0.05340769138054685,42.273378702297485,42.273378702297485,system,0.0,478,0.6474208376184106,0.05847670014706294,meta_train_support,2,MARGO-SPLIT-v1,20,20,80,3,479,0.0,0.2,20,10,0.0005,0.0005,mrlco_first_order_mean_pseudogradient,fixed_literature_derived_defaults,0.0002713134996440482,1.356567498220218e-05,0.003094273029791992,0.00015471365148961302,0.00038620594547801693,1.931029727390149e-05,3.0,0.0,0.0322459196442217,0.3425002596931886,0.03420225736606453,,,,,,,,,,,,,,,,
0.05033642425396504,0.13075,0.78325,0.086,0.00043544388609007,0.08688387274742126,0.015062288800739529,0.09041666716026764,0.8225721483429271,0.0,0.0,0.0,0.0,0.0,0.0,0.29445872095004827,1.7469638586044312,publication,0.6617624759674072,5.153767108917236,0.7299012460399135,0.8207960459423702,200,1.1756017637915661,3.6747015127912164,-0.01801870590861654,0.7299012460399135,0.8207960317563265,389.7881162071228,mobile,0.026811824915626135,0.17343307509884087,19.489406903142093,19.489406903142093,system,0.0,479,0.8207960317563265,0.06370023854941885,meta_train_support,2,MARGO-SPLIT-v1,20,20,80,3,480,0.0,0.2,20,10,0.0005,0.0005,mrlco_first_order_mean_pseudogradient,fixed_literature_derived_defaults,0.00027291482950866073,1.3645741475436235e-05,0.003095161302736551,0.00015475806513681745,0.000385401349758271,1.927006748791288e-05,3.0,0.0,0.03225956538569714,0.3426550177583254,0.034221527433552446,,,,,,,,,,,,,,,,
0.06280386298732857,0.0815,0.86325,0.05525,0.008367503061890602,0.04281498119235039,0.019715234714870654,0.07691666732231775,0.9092370169858137,0.0,0.0,0.0,0.0,0.0,0.0,0.20129577444922145,1.8347021341323853,publication,0.6491477489471436,4.8783042430877686,0.6911801199270232,0.779045264224842,200,0.7542080309005379,2.682390489298996,0.001191121496958658,0.6911801199270233,0.7790452577732503,508.0943277359009,mobile,0.015143740794434287,0.061235360981075786,25.404716398108484,25.404716398108484,system,0.0,480,0.7790452577732503,0.05274349677187261,meta_train_support,2,MARGO-SPLIT-v1,20,20,80,3,481,0.0,0.2,20,10,0.0005,0.0005,mrlco_first_order_mean_pseudogradient,fixed_literature_derived_defaults,0.0002723474390107217,1.3617371950533363e-05,0.0030887264559533146,0.0001544363227976575,0.0003846000995508734,1.9230004977541237e-05,3.0,0.0,0.03227318275764767,0.34280945408112307,0.03424075743852999,,,,,,,,,,,,,,,,
0.05486032770839511,0.13875,0.78575,0.0755,-0.0013682655990123749,0.03158169239759445,0.014412482230303189,0.07308333340721826,0.5612341376642387,0.0,0.0,0.0,0.0,0.0,0.0,0.27372828743664207,1.805511236190796,publication,0.6716935634613037,5.474666595458984,0.554802727360395,0.6235389011293228,200,0.8098064073839505,2.200071670114994,-0.02310909965308383,0.554802727360395,0.6235389068722725,567.3024563980102,mobile,0.0312464678443577,0.13759176986374716,28.36512258863615,28.36512258863615,system,0.0,481,0.6235389068722725,0.06056420721605145,meta_train_support,2,MARGO-SPLIT-v1,20,20,80,3,482,0.0,0.2,20,10,0.0005,0.0005,mrlco_first_order_mean_pseudogradient,fixed_literature_derived_defaults,0.0002717824028302015,1.3589120141509203e-05,0.003082318309779138,0.00015411591548897263,0.000383802174033133,1.9190108701654107e-05,3.0,0.0,0.03228677187778918,0.34296356999661204,0.03425994754723164,,,,,,,,,,,,,,,,
0.06643884272639006,0.07325,0.879,0.04775,0.0002782933006528765,0.02425224520266056,0.009439206281482863,0.05025000056872765,0.6452428869903086,0.0,0.0,0.0,0.0,0.0,0.0,0.19100081479962933,1.7749379873275757,publication,0.6736762523651123,4.57295560836792,0.5043093546876704,0.5675760342236754,200,0.5141614152782829,1.6743662990629673,0.015342788537964225,0.5043093546876702,0.567576032774523,809.6451871013642,mobile,0.014701730181875993,0.07453198261081714,40.48225886659435,40.48225886659435,system,0.0,482,0.567576032774523,0.05371821302784028,meta_train_support,2,MARGO-SPLIT-v1,20,20,80,3,483,0.0,0.2,20,10,0.0005,0.0005,mrlco_first_order_mean_pseudogradient,fixed_literature_derived_defaults,0.00027121970634401063,1.3560985317198626e-05,0.0030759366983717277,0.00015379683491856255,0.0003830075525548035,1.9150377627737136e-05,3.0,0.0,0.03230033286310638,0.3431173668315306,0.03427909792485938,,,,,,,,,,,,,,,,
0.05342550594867529,0.11575,0.82775,0.0565,-0.0003141768975183368,0.01286109909415245,0.019903872394934297,0.08733333291796345,0.5336974543829759,0.0,0.0,0.0,0.0,0.0,0.0,0.22869281374148281,1.685855507850647,publication,0.5860261917114258,5.3149659633636475,0.4704590804322528,0.529409676759351,200,0.6908988749037628,2.0745223122648895,-0.004157005052547902,0.4704590804322528,0.5294096770603209,512.872165222168,mobile,0.0184590342123738,0.0572447163371229,25.643607500043654,25.643607500043654,system,0.0,483,0.5294096770603209,0.06166888699692752,meta_train_support,2,MARGO-SPLIT-v1,20,20,80,3,484,0.0,0.2,20,10,0.0005,0.0005,mrlco_first_order_mean_pseudogradient,fixed_literature_derived_defaults,0.0002721805215009128,1.3609026075042663e-05,0.0030778647379693957,0.00015389323689846135,0.00038221621463630184,1.911081073181775e-05,3.0,0.0,0.03231394188918142,0.34327126006842906,0.034298208735591196,,,,,,,,,,,,,,,,
0.07090863244456672,0.0685,0.892,0.0395,0.003908062819391489,0.09281900525093079,0.013523067007493714,0.059416666611408195,0.9085944232841332,0.0,0.0,0.0,0.0,0.0,0.0,0.17466311051994804,1.6291593313217163,publication,0.6187984943389893,4.746114730834961,0.7942062590695506,0.8935925635504282,200,0.970454060657235,3.1991476947441697,0.021881372424104484,0.7942062590695503,0.8935925700049847,529.8991126823425,mobile,0.01375521949276428,0.1909169194098611,26.494955580453134,26.494955580453134,system,0.0,484,0.8935925700049847,0.05404378779509637,meta_train_support,2,MARGO-SPLIT-v1,20,20,80,3,485,0.0,0.2,20,10,0.0005,0.0005,mrlco_first_order_mean_pseudogradient,fixed_literature_derived_defaults,0.0002716193245493645,1.3580966227465241e-05,0.003071518625107603,0.0001535759312553675,0.0003814281399669487,1.9071406998347196e-05,3.0,0.0,0.03232752285540889,0.34342483599968443,0.03431728014258954,,,,,,,,,,,,,,,,
0.059296351517500255,0.09525,0.8635,0.04125,0.006179339252412319,0.149805948138237,0.0173333798389649,0.0719166659594824,0.9957622379064561,0.0,0.0,0.0,0.0,0.0,0.0,0.19965379631634556,1.5604971647262573,publication,0.6617331504821777,4.731916666030884,0.5818894616124949,0.6534035740995023,200,1.0065076496812349,3.302746558561921,-0.029203443380538374,0.5818894616124949,0.6534035693248734,456.9163418197632,mobile,0.01551860504804286,0.05329026920674332,22.845816790073172,22.845816790073172,system,0.0,485,0.6534035693248734,0.060086080433334056,meta_train_support,2,MARGO-SPLIT-v1,20,20,80,3,486,0.0,0.2,20,10,0.0005,0.0005,mrlco_first_order_mean_pseudogradient,fixed_literature_derived_defaults,0.00027106043705029173,1.3553021852512337e-05,0.0030651986279365997,0.0001532599313968097,0.00038064330840323064,1.9032165420158897e-05,3.0,0.0,0.0323410758772614,0.34357809593108124,0.0343363123080097,,,,,,,,,,,,,,,,
0.07974137682893359,0.07575,0.89025,0.034,0.00042093978845514357,0.08329207450151443,0.012030717509333044,0.06274999974605937,0.8067207626998425,0.0,0.0,0.0,0.0,0.0,0.0,0.17995987455446288,1.5427643060684204,publication,0.6490023136138916,5.0453338623046875,0.6587028915623958,0.7416091051557941,200,1.0261862790300254,3.2495764950290322,-0.10871747811324894,0.6587028915623959,0.741609097123146,129.96123675346374,mobile,0.013962210843664356,0.0398413730753851,6.498061627224661,6.498061627224661,system,0.0,486,0.741609097123146,0.07057860096293372,meta_train_support,2,MARGO-SPLIT-v1,20,20,80,3,487,0.0,0.2,20,10,0.0005,0.0005,mrlco_first_order_mean_pseudogradient,fixed_literature_derived_defaults,0.00027050384477708786,1.352519223885712e-05,0.0030589045855794403,0.0001529452292789446,0.0003798616999670844,1.8993084998357446e-05,3.0,0.0,0.032354601069500256,0.3437310411603602,0.03435530539300806,,,,,,,,,,,,,,,,
0.05110498591234132,0.04675,0.92675,0.0265,0.0004890751442871988,0.010227387771010399,0.010585114985102942,0.04750000036632021,0.6065092265605927,0.0,0.0,0.0,0.0,0.0,0.0,0.130008338982809,1.4979485273361206,publication,0.6770708560943604,4.000359296798706,0.5630646852372012,0.6347788160436721,200,0.6403966892728781,2.1157051203772426,0.006415437557734549,0.5630646852372012,0.6347788116522133,1044.2528765583038,mobile,0.0065600892874532754,0.042247198509446804,52.21264237165561,52.21264237165561,system,0.0,487,0.6347788116522133,0.04692622705702174,meta_train_support,2,MARGO-SPLIT-v1,20,20,80,3,488,0.0,0.2,20,10,0.0005,0.0005,mrlco_first_order_mean_pseudogradient,fixed_literature_derived_defaults,0.0002699781068231237,1.3498905341156886e-05,0.0030570049391206522,0.00015285024695604887,0.00037908329484420103,1.895416474220757e-05,3.0,0.0,0.03236809997484141,0.34388389140731623,0.03437425955775027,,,,,,,,,,,,,,,,
0.06570503829886143,0.0665,0.90075,0.03275,-0.0007624013815075159,0.012181454338133335,0.008003718118804196,0.040249999860922495,0.578699008623759,0.0,0.0,0.0,0.0,0.0,0.0,0.1526915122772073,1.4416083097457886,publication,0.6532166004180908,5.50394606590271,0.703137134098296,0.7913042573024359,200,0.8303421373753095,1.8665695106610656,-0.008191657878342085,0.7031371340982961,0.791304252371192,461.16940351486204,mobile,0.009873314739788962,0.04243839563830815,23.058469186255635,23.058469186255635,system,0.0,488,0.791304252371192,0.05678547809405741,meta_train_support,2,MARGO-SPLIT-v1,20,20,80,3,489,0.0,0.2,20,10,0.0005,0.0005,mrlco_first_order_mean_pseudogradient,fixed_literature_derived_defaults,0.00026942600435518274,1.3471300217761384e-05,0.0030507533952778697,0.00015253766976391914,0.00037830807338235195,1.8915403669120257e-05,3.0,0.0,0.032381571275059175,0.34403642907708015,0.03439317496141939,,,,,,,,,,,,,,,,
0.06341613976124785,0.031,0.94875,0.02025,0.00011486032599350438,0.0945180281996727,0.005408605125073033,0.026166666562979418,0.8563188850879669,0.0,0.0,0.0,0.0,0.0,0.0,0.11091893780139804,1.3883572816848755,publication,0.6156883239746094,5.34355902671814,0.8775087627551165,0.9892429716163315,200,0.9646843998026574,2.8233182644471526,0.026713343599112704,0.8775087627551164,0.9892429716885089,613.4759628677368,mobile,0.0035227275204257097,0.012908618113358519,30.673799635958172,30.673799635958172,system,0.0,489,0.9892429716885089,0.04793464994872539,meta_train_support,2,MARGO-SPLIT-v1,20,20,80,3,490,0.0,0.2,20,10,0.0005,0.0005,mrlco_first_order_mean_pseudogradient,fixed_literature_derived_defaults,0.00026887615536670277,1.344380776833326e-05,0.0030445273679405678,0.00015222636839701265,0.0003775360160897349,1.8876800804486227e-05,3.0,0.0,0.03239501508282751,0.34418865544547717,0.03441205176222387,,,,,,,,,,,,,,,,
0.05766454237783632,0.054,0.9195,0.0265,-0.0034029653761535883,0.013741615228354931,0.005398501194425384,0.03308333307504654,0.5795812857647737,0.0,0.0,0.0,0.0,0.0,0.0,0.13844068150108232,1.3865169286727905,publication,0.6754686832427979,5.127526521682739,0.8560641338099118,0.965480230848383,200,0.9589100335031646,3.1748788298573345,0.048974859004374593,0.8560641338099119,0.9654802152514458,735.2577741241455,mobile,0.004601111238147626,0.04241458480173842,36.76288791798284,36.76288791798284,system,0.0,490,0.9654802152514458,0.0495143435719328,meta_train_support,2,MARGO-SPLIT-v1,20,20,80,3,491,0.0,0.2,20,10,0.0005,0.0005,mrlco_first_order_mean_pseudogradient,fixed_literature_derived_defaults,0.0002683285460889702,1.3416427304450973e-05,0.003038326701203418,0.000151916335060176,0.0003767671036333403,1.8838355181668986e-05,3.0,0.0,0.03240843151013196,0.34434057178053734,0.03443089011740554,,,,,,,,,,,,,,,,
0.053941805504975945,0.013,0.9755,0.0115,-0.0016136947087943554,0.04562888666987419,0.005999130069600749,0.01999999984788398,0.6806811138987542,0.0,0.0,0.0,0.0,0.0,0.0,0.07266472065536538,1.3725625276565552,publication,0.6618106365203857,5.2313408851623535,0.8572911366198074,0.964198476687161,200,0.7363307197269819,2.2786763396579772,0.04633680036931764,0.8572911366198074,0.9641984828934074,859.9569580459595,mobile,0.0031995005819963227,0.009303356924506253,42.99784388525703,42.99784388525703,system,0.0,491,0.9641984828934074,0.043619625748947094,meta_train_support,2,MARGO-SPLIT-v1,20,20,80,3,492,0.0,0.2,20,10,0.0005,0.0005,mrlco_first_order_mean_pseudogradient,fixed_literature_derived_defaults,0.0002677831628652121,1.3389158143257973e-05,0.0030321512404286144,0.00015160756202142744,0.0003760013168373376,1.8800065841866054e-05,3.0,0.0,0.03242182066827522,0.34449217934255877,0.03444969018324741,,,,,,,,,,,,,,,,
0.06102196866994921,0.02425,0.9615,0.01425,0.0034177342895418406,0.03857564181089401,0.004968063182373802,0.0255833331340303,0.6807872260610263,0.0,0.0,0.0,0.0,0.0,0.0,0.09781470971906643,1.4835128784179688,publication,0.6293895244598389,5.3143932819366455,0.5468286470220303,0.6144751678591274,200,0.7536201360764415,2.481928546912968,0.01671552797779441,0.5468286470220304,0.6144751610420645,962.7912995624542,mobile,0.00535972138778115,0.02836743418929809,48.13956432171702,48.13956432171702,system,0.0,492,0.6144751610420645,0.051447789748142944,meta_train_support,2,MARGO-SPLIT-v1,20,20,80,3,493,0.0,0.2,20,10,0.0005,0.0005,mrlco_first_order_mean_pseudogradient,fixed_literature_derived_defaults,0.0002672399921494612,1.3361999607469643e-05,0.0030260008322330187,0.00015130004161162391,0.00037523863668148093,1.8761931834074264e-05,3.0,0.0,0.03243518266788269,0.3446434793841704,0.03446845211508148,,,,,,,,,,,,,,,,
0.054190763072035165,0.018,0.9695,0.0125,0.0015162118943408132,0.012425069697201252,0.004270851500526382,0.016249999993791186,0.581202786664168,0.0,0.0,0.0,0.0,0.0,0.0,0.08729120699643012,1.583957552909851,publication,0.6545486450195312,5.133701324462891,0.6104288806465696,0.68636780966066,200,0.6187635220720141,1.7218854487873614,0.002362259925575927,0.6104288806465695,0.6863678049854934,881.5610460186005,mobile,0.004195310865112159,0.015989184548204652,44.07805002662884,44.07805002662884,system,0.0,493,0.6863678049854934,0.042471465709431014,meta_train_support,2,MARGO-SPLIT-v1,20,20,80,3,494,0.0,0.2,20,10,0.0005,0.0005,mrlco_first_order_mean_pseudogradient,fixed_literature_derived_defaults,0.0002666990205054339,1.3334951025269215e-05,0.003019875324475462,0.0001509937662237948,0.0003744790442995346,1.8723952214978745e-05,3.0,0.0,0.032448517618907956,0.3447944731503942,0.03448717606729646,,,,,,,,,,,,,,,,
0.05320494493396729,0.01775,0.96625,0.016,-0.0014380078064277768,0.010547902435064316,0.006331335202177495,0.01674999998261531,0.4277397389834127,0.0,0.0,0.0,0.0,0.0,0.0,0.09254887788665252,1.0796151161193848,publication,0.6395494937896729,5.4689812660217285,0.30957710415706124,0.3467701760515047,200,0.34662769647655134,1.1529494627611712,0.042922428547171876,0.3095771041570613,0.3467701759189367,889.9923942756653,mobile,0.0024399158861272566,0.05800873208109792,44.49961955726224,44.49961955726224,system,0.0,494,0.3467701759189367,0.044269905185568934,meta_train_support,2,MARGO-SPLIT-v1,20,20,80,3,495,0.0,0.2,20,10,0.0005,0.0005,mrlco_first_order_mean_pseudogradient,fixed_literature_derived_defaults,0.00026616023460542297,1.3308011730273073e-05,0.0030137745662441985,0.00015068872831219826,0.0003737225209777174,1.8686126048883533e-05,3.0,0.0,0.03246182563063823,0.3449451618787064,0.034505862193345345,,,,,,,,,,,,,,,,
0.04594576991382781,0.028,0.952,0.02,-0.00028606317937374115,0.002762978430837393,0.01305889878464749,0.03733333338362475,0.328114548822244,0.0,0.0,0.0,0.0,0.0,0.0,0.12096961664098435,0.7665863633155823,publication,0.6009979248046875,3.5209131240844727,0.16512826933803246,0.18438198441091116,200,0.2012037846122879,0.6936771956825396,0.00014602887677028775,0.16512826933803243,0.1843819862231612,908.0884888744354,mobile,0.004258721114807427,0.025658031574662874,45.4044244903463,45.4044244903463,system,0.0,495,0.1843819862231612,0.035918813498421034,meta_train_support,2,MARGO-SPLIT-v1,20,20,80,3,496,0.0,0.2,20,10,0.0005,0.0005,mrlco_first_order_mean_pseudogradient,fixed_literature_derived_defaults,0.00026562362122920234,1.3281181061461367e-05,0.0030076984078445126,0.0001503849203922103,0.00037296904815316555,1.8648452407656058e-05,3.0,0.0,0.03247510681169969,0.3450955467990986,0.034524510645753,,,,,,,,,,,,,,,,
0.06841825735822529,0.01325,0.9755,0.01125,-0.0015468925703316927,0.03039364702999592,0.004752069651082517,0.01166666663872699,0.7084239155054093,0.0,0.0,0.0,0.0,0.0,0.0,0.06707109770904916,1.5655016899108887,publication,0.669684886932373,5.350088119506836,0.7075362312243818,0.7968415834160987,200,0.5911195672989049,1.6938633862882853,0.06258834875188768,0.707536231224382,0.7968415850028395,366.85955448150634,mobile,0.0005817225720325934,0.006270816036308516,18.34297746106859,18.34297746106859,system,0.0,496,0.7968415850028395,0.042152112275977476,meta_train_support,2,MARGO-SPLIT-v1,20,20,80,3,497,0.0,0.2,20,10,0.0005,0.0005,mrlco_first_order_mean_pseudogradient,fixed_literature_derived_defaults,0.0002650891672629464,1.3254458363150257e-05,0.0030016467007864755,0.00015008233503932544,0.0003722186074124147,1.8610930370623058e-05,3.0,0.0,0.03248836127006284,0.3452456291341379,0.034543121576123624,,,,,,,,,,,,,,,,
0.05498114081198655,0.00125,0.9935,0.00525,-0.001486938213929534,0.0722726359963417,0.0009095384666570301,0.0029999999639888602,0.9446598291397095,0.0,0.0,0.0,0.0,0.0,0.0,0.03611008900851705,1.5030087232589722,publication,0.5765063762664795,4.790641784667969,1.0633630034376007,1.1983004707314922,200,0.8915448043776412,2.9924976900219917,0.07979739241864081,1.0633630034376007,1.1983004568889737,1011.6503230285645,mobile,0.0004924494867777927,0.0033050507420705334,50.58251411611565,50.58251411611565,system,0.0,497,1.1983004568889737,0.04136254018013207,meta_train_support,2,MARGO-SPLIT-v1,20,20,80,3,498,0.0,0.2,20,10,0.0005,0.0005,mrlco_first_order_mean_pseudogradient,fixed_literature_derived_defaults,0.00026455685969816134,1.3227842984908644e-05,0.0029956192977728478,0.00014978096488865722,0.0003717014752946005,1.8585073764731952e-05,3.0,0.0,0.03250158911304775,0.3453954100990266,0.034561706649888356,,,,,,,,,,,,,,,,
0.05832346461688413,0.00375,0.9905,0.00575,-0.0006108011002652347,0.06647533923387527,0.0036766501546215595,0.006083333259448409,0.7770686109860739,0.0,0.0,0.0,0.0,0.0,0.0,0.049418336179333305,1.409960389137268,publication,0.6677584648132324,5.503534317016602,0.6674896557769814,0.75037193480719,200,0.8285216411267141,2.171874415362254,0.04708968452177942,0.6674896557769813,0.75037194294855,284.5563247871399,mobile,0.0006520024504673067,0.0034364774788348765,14.22781604909169,14.22781604909169,system,0.0,498,0.75037194294855,0.038879590598749826,meta_train_support,2,MARGO-SPLIT-v1,20,20,80,3,499,0.0,0.2,20,10,0.0005,0.0005,mrlco_first_order_mean_pseudogradient,fixed_literature_derived_defaults,0.00026402668563062996,1.3201334281530419e-05,0.0029896160526871308,0.00014948080263438301,0.0003709565825585392,1.854782912792674e-05,3.0,0.0,0.03251479044732928,0.34554489090166096,0.03458025447901628,,,,,,,,,,,,,,,,
0.04810189096680832,0.00075,0.997,0.00225,0.0004428438551258296,0.00791683979332447,0.0006678654080976307,0.0015833333134651184,0.535327627013127,0.0,0.0,0.0,0.0,0.0,0.0,0.01869088048878128,1.39873206615448,publication,0.6347408294677734,4.979328632354736,0.5518934309093876,0.6211243440561156,200,0.5681619224110255,1.8484018547460437,0.05371594554162584,0.5518934309093876,0.6211243569105863,796.2203312683106,mobile,0.00046200123624708144,0.004164900404011728,39.811015804885585,39.811015804885585,system,0.0,499,0.6211243569105863,0.03859942757310825,meta_train_support,2,MARGO-SPLIT-v1,20,20,80,3,500,0.0,0.2,20,10,0.0005,0.0005,mrlco_first_order_mean_pseudogradient,fixed_literature_derived_defaults,0.0002634986322593687,1.3174931612965068e-05,0.002983636820581756,0.00014918184102907794,0.0003702146693934221,1.8510733469673246e-05,3.0,0.0,0.032527965378942245,0.34569407274269004,0.034598765212485956,,,,,,,,,,,,,,,,
