"Average greedy latency,",action_fraction/local,action_fraction/mec,action_fraction/v2v,policy/policy_loss_mean,policy/value_loss_mean,policy/approx_kl,policy/clip_fraction,policy/grad_norm,collapse/flag,mask/active_rate,mask/forced_rate,mask/all_invalid_rate,policy/invalid_action_rate,policy/argmax_masked_rate,policy/entropy_valid,critic/value_abs_max,inner_update_mode,PolicyExecTime,EnvExecTime,AverageDiscountedReturn,AverageReturn,NumTrajs,StdReturn,MaxReturn,MinReturn,training/objective_discounted_return,training/objective_legacy_undiscounted_sum,"Average energy,",energy/average_energy_scope,energy/requester_joules,energy/mobile_joules,energy/system_joules,energy/primary_joules,energy/primary_scope,constraint/penalty,Itr,"Average reward, ","Average latency,",split_role,seed,split_version,support_graphs_per_meta_task,support_trajectories_per_meta_task,query_graph_count,k_steps,outer_update_count,entropy_coefficient,value_clip_epsilon,ppo_batch_size_trajectories,meta_batch_size_distributions,inner_learning_rate,outer_learning_rate,outer_update_method,hyperparameter_provenance.policy,constraint/mean_violation_C_GRAPH_HARD_DEADLINE,constraint/delta_C_GRAPH_HARD_DEADLINE,constraint/mean_violation_C_HI_TASK_TARDINESS,constraint/delta_C_HI_TASK_TARDINESS,constraint/mean_violation_C_MED_TASK_TARDINESS,constraint/delta_C_MED_TASK_TARDINESS,constraint/updates,constraint/skipped,constraint/lambda_C_GRAPH_HARD_DEADLINE,constraint/lambda_C_HI_TASK_TARDINESS,constraint/lambda_C_MED_TASK_TARDINESS,validation/objective_discounted_return_k0,validation/objective_discounted_return_k3,validation/query_mean_latency_seconds_k3,validation/graph_hard_violation_rate_k3,validation/high_task_tardiness_rate_k3,validation/medium_task_tardiness_rate_k3,validation/firm_task_miss_rate_k3,validation/mode_switch_rate_k3,validation/hi_mode_rate_k3,validation/mc_policy_violation_count_k3,checkpoint_selection_metric,checkpoint_selection_rule_id,checkpoint_selection_rule_sha,checkpoint_selection_key_hash,checkpoint_selection_latency_s,checkpoint_is_best_val
0.0605227558365098,0.253,0.2955,0.4515,0.03633751720190048,0.0785035714507103,0.06529039153829216,0.4829999993244806,1.2122841735680898,0.0,0.0,0.0,0.0,0.0,0.0,1.0694377276171523,0.2690376937389374,publication,0.5712568759918213,4.9317262172698975,-0.0736294747582028,-0.07563832006838311,200,0.2355020301480748,0.9170269351452589,-1.5070364670827985,-0.07362947475820282,-0.07563831946463324,48.330946083068845,mobile,0.12390644090550565,0.45199774213248406,2.4165473166237237,2.4165473166237237,system,0.0,0,-0.07563831946463324,0.24399781595074635,meta_train_support,4,MARGO-SPLIT-v1,20,20,80,3,1,0.0,0.2,20,10,0.0005,0.0005,mrlco_first_order_mean_pseudogradient,fixed_literature_derived_defaults,0.02737581604722642,0.0013687908023613212,0.2151168744817642,0.01075584372408821,0.03368016546757838,0.001684008273378919,3.0,0.0,0.0013687908023613212,0.01075584372408821,0.001684008273378919,-0.15359636840577826,-0.16413964752312485,0.16413964752312485,0.175,0.45,0.075,0.07375,0.975,0.975,0.0,validation/automotive_lexicographic_v1,automotive_lexicographic_v1,a3bd00d5108237acdb706f561212b5d840bac151f48b5250a61c573d9c9ffb6c,826441469.0,0.16413964752312485,1.0
0.06125879341653575,0.3345,0.29975,0.36575,0.04735622555017471,0.111473448574543,0.08334304712091883,0.48866666456063595,1.4692450692256291,0.0,0.0,0.0,0.0,0.0,0.0,1.089920479550873,0.19909954071044922,publication,0.655515193939209,5.784266471862793,0.2651778407130162,0.3044777226815404,200,0.34762312358735487,1.150459986180067,-0.2555148807587102,0.2651778407130162,0.30447772450745103,384.96130616664885,mobile,0.09991500799805708,1.3164645092798495,19.248065496930902,19.248065496930902,system,0.0,1,0.30447772450745103,0.23719418769451717,meta_train_support,4,MARGO-SPLIT-v1,20,20,80,3,2,0.0,0.2,20,10,0.0005,0.0005,mrlco_first_order_mean_pseudogradient,fixed_literature_derived_defaults,0.031204027344613597,0.0015602013672306799,0.2608753558828909,0.013043767794144547,0.021370995812232656,0.001068549790611633,3.0,0.0,0.002928992169592001,0.023799611518232757,0.002752558063990552,,,,,,,,,,,,,,,,
0.05809210967506927,0.2995,0.352,0.3485,0.023046141490340233,0.08390234410762787,0.04114168753537038,0.3871666679779689,1.2003974427779514,0.0,0.0,0.0,0.0,0.0,0.0,1.0927802804665567,0.5459499359130859,publication,0.671328067779541,5.348588228225708,0.3138690295217059,0.35859384615900125,200,0.40197469834491484,1.461830415762961,-0.5325371264480054,0.3138690295217059,0.3585938473965507,418.4027892589569,mobile,0.1573686424607203,2.1895843124988987,20.920139829038156,20.920139829038156,system,0.0,2,0.3585938473965507,0.21949266920887495,meta_train_support,4,MARGO-SPLIT-v1,20,20,80,3,3,0.0,0.2,20,10,0.0005,0.0005,mrlco_first_order_mean_pseudogradient,fixed_literature_derived_defaults,0.03334781827630731,0.0016673909138153658,0.2802936249129351,0.014014681245646757,0.015515267168557483,0.0007757633584278742,3.0,0.0,0.004596383083407367,0.037814292763879515,0.0035283214224184263,,,,,,,,,,,,,,,,
0.06555396172853292,0.29925,0.3495,0.35125,0.0039279828779399395,0.046506188809871674,0.028433723654598002,0.4154999976356824,0.73916943470637,0.0,0.0,0.0,0.0,0.0,0.0,1.095918134114771,0.3064509928226471,publication,0.6567425727844238,5.104126214981079,0.1996253002224789,0.2349085287543494,200,0.6504241805313412,3.2880841167643666,-0.6527337818406522,0.19962530022247893,0.2349085299600847,121.92051818847656,mobile,0.10993210469728565,0.5970678445199783,6.096025921878276,6.096025921878276,system,0.0,3,0.2349085299600847,0.25982640445309874,meta_train_support,4,MARGO-SPLIT-v1,20,20,80,3,4,0.0,0.2,20,10,0.0005,0.0005,mrlco_first_order_mean_pseudogradient,fixed_literature_derived_defaults,0.04171382201638377,0.0020856911008191887,0.320787434317342,0.0160393717158671,0.019440093002784122,0.0009720046501392062,3.0,0.0,0.0066820741842265555,0.05385366447974661,0.0045003260725576325,,,,,,,,,,,,,,,,
0.046013682475541454,0.31,0.3665,0.3235,0.009854883886873722,0.06322844326496124,0.03366963677108288,0.3572499986737966,0.7990677739183107,0.0,0.0,0.0,0.0,0.0,0.0,1.0926945824827756,0.39230018854141235,publication,0.6023902893066406,5.160573244094849,0.28881086235940556,0.33081371640470025,200,0.40924269670976354,1.5619845148175955,-0.47009983751922846,0.28881086235940556,0.3308137154090218,460.58029497146606,mobile,0.10819768049963478,1.3622092465091173,23.029014829331782,23.029014829331782,system,0.0,4,0.3308137154090218,0.19105291285900006,meta_train_support,4,MARGO-SPLIT-v1,20,20,80,3,5,0.0,0.2,20,10,0.0005,0.0005,mrlco_first_order_mean_pseudogradient,fixed_literature_derived_defaults,0.04147050299413529,0.002073525149706764,0.3269490341180921,0.01634745170590461,0.01997386351800607,0.0009986931759003032,3.0,0.0,0.00875559933393332,0.07020111618565122,0.005499019248457936,,,,,,,,,,,,,,,,
0.04485174529961641,0.3155,0.384,0.3005,0.0037598342169076204,0.012514883652329445,0.026255416156103217,0.3314166663835446,0.5395178325474261,0.0,0.0,0.0,0.0,0.0,0.0,1.0899938891830836,0.33589088916778564,publication,0.6974728107452393,5.734796047210693,0.12779803219347957,0.14415239382460185,200,0.2020973204750416,0.7609779513441026,-0.11032726458506659,0.12779803219347957,0.1441523934947327,243.20041340827942,mobile,0.10617375752143392,0.9245748468358923,12.160020482757417,12.160020482757417,system,0.0,5,0.1441523934947327,0.12972530066721621,meta_train_support,4,MARGO-SPLIT-v1,20,20,80,3,6,0.0,0.2,20,10,0.0005,0.0005,mrlco_first_order_mean_pseudogradient,fixed_literature_derived_defaults,0.03455875249511274,0.0017279376247556367,0.2731522322953024,0.013657611614765114,0.016644886265005057,0.0008322443132502532,3.0,0.0,0.010483536958688956,0.08385872780041634,0.006331263561708189,,,,,,,,,,,,,,,,
0.03922262315654041,0.2905,0.40425,0.30525,0.0003939159505534917,0.020427580922842026,0.019998662245537462,0.311416661615173,0.5790483278532823,0.0,0.0,0.0,0.0,0.0,0.0,1.0781169228489185,0.312071293592453,publication,0.5865557193756104,3.7626333236694336,0.1823272265698444,0.20768052400507714,200,0.25211890695189326,0.8259006892330945,-0.2190471701323986,0.1823272265698444,0.2076805223035626,478.1061915636063,mobile,0.11082875799799523,1.0680193232948607,23.905309829983448,23.905309829983448,system,0.0,6,0.2076805223035626,0.130830754172861,meta_train_support,4,MARGO-SPLIT-v1,20,20,80,3,7,0.0,0.2,20,10,0.0005,0.0005,mrlco_first_order_mean_pseudogradient,fixed_literature_derived_defaults,0.030821721859008767,0.0015410860929504378,0.24756013533129184,0.012378006766564587,0.01449218387073981,0.0007246091935369904,3.0,0.0,0.012024623051639394,0.09623673456698092,0.007055872755245179,,,,,,,,,,,,,,,,
0.06995830068022495,0.3025,0.4355,0.262,-0.007998562417924404,0.042939044535160065,0.016416985417405765,0.26299999977151556,0.4046215171615283,0.0,0.0,0.0,0.0,0.0,0.0,1.072525388523812,0.2648642659187317,publication,0.6951513290405273,5.6671507358551025,0.21707551989103138,0.2531263994963564,200,0.4315834042484612,1.8300725061562844,-0.7582475119270384,0.2170755198910314,0.25312639807933013,238.9443716955185,mobile,0.10417174653202892,0.6269460735654222,11.947218689288247,11.947218689288247,system,0.0,7,0.25312639807933013,0.22055195833511235,meta_train_support,4,MARGO-SPLIT-v1,20,20,80,3,8,0.0,0.2,20,10,0.0005,0.0005,mrlco_first_order_mean_pseudogradient,fixed_literature_derived_defaults,0.03127431822609855,0.0015637159113049276,0.2504538884861624,0.012522694424308117,0.014111684177680845,0.0007055842088840424,3.0,0.0,0.013588338962944322,0.10875942899128904,0.007761456964129222,,,,,,,,,,,,,,,,
0.059349077429674615,0.27075,0.47475,0.2545,-0.004757341928780079,0.07685648649930954,0.014383792345567295,0.22633333491782345,0.49335100899140044,0.0,0.0,0.0,0.0,0.0,0.0,1.0463728936019887,0.3170754015445709,publication,0.6386826038360596,4.559523820877075,0.3202045314728819,0.3658848778161291,200,0.5176976492470018,1.9347459385171533,-0.42690575029700994,0.3202045314728819,0.36588487654342317,397.01023478507994,mobile,0.10744088301921789,0.7683926558141033,19.850511833243086,19.850511833243086,system,0.0,8,0.36588487654342317,0.15359043258460742,meta_train_support,4,MARGO-SPLIT-v1,20,20,80,3,9,0.0,0.2,20,10,0.0005,0.0005,mrlco_first_order_mean_pseudogradient,fixed_literature_derived_defaults,0.028696725780353784,0.0014348362890176884,0.23475293542061987,0.011737646771030993,0.01379833342019903,0.0006899166710099521,3.0,0.0,0.01502317525196201,0.12049707576232004,0.008451373635139174,,,,,,,,,,,,,,,,
0.06424372387003716,0.27425,0.49875,0.227,-0.008961383253335953,0.0640229657292366,0.012715144796917835,0.2158333331346512,0.4440833499034246,0.0,0.0,0.0,0.0,0.0,0.0,1.0242632868693236,0.3419979214668274,publication,0.6978683471679688,5.031294822692871,0.39019867968738786,0.4465470833638392,200,0.5596767034321077,1.92392494995147,-0.6047961702570319,0.39019867968738786,0.44654708604561166,395.24810072422025,mobile,0.09349817706330711,0.5960797046469724,19.76240513570971,19.76240513570971,system,0.0,9,0.44654708604561166,0.20411512215147795,meta_train_support,4,MARGO-SPLIT-v1,20,20,80,3,10,0.0,0.2,20,10,0.0005,0.0005,mrlco_first_order_mean_pseudogradient,fixed_literature_derived_defaults,0.02814970135256956,0.0014074850676284792,0.2335967963429206,0.011679839817146029,0.014368539622204237,0.0007184269811102116,3.0,0.0,0.01643066031959049,0.13217691557946606,0.009169800616249385,,,,,,,,,,,,,,,,
0.05022137777960882,0.2295,0.581,0.1895,-0.006473545450717211,0.0658339336514473,0.014750214262555041,0.18891666730244955,0.5229699179530144,0.0,0.0,0.0,0.0,0.0,0.0,0.9518408440670271,0.512884259223938,publication,0.6879298686981201,5.212339162826538,0.533531931268895,0.6060650434337276,200,0.4658508825276475,1.7864430388435721,-0.14700540527701378,0.5335319312688951,0.6060650457208976,895.5661533594132,mobile,0.10135601360980755,1.4050932722991272,44.778307188406934,44.778307188406934,system,0.0,10,0.6060650457208976,0.13182277248432683,meta_train_support,4,MARGO-SPLIT-v1,20,20,80,3,11,0.0,0.2,20,10,0.0005,0.0005,mrlco_first_order_mean_pseudogradient,fixed_literature_derived_defaults,0.026629445989773223,0.0013314722994886598,0.22538511663084315,0.011269255831542146,0.014084344269363915,0.0007042172134681963,3.0,0.0,0.01776213261907915,0.1434461714110082,0.009874017829717582,,,,,,,,,,,,,,,,
0.060049058258341406,0.21375,0.5895,0.19675,-0.005785510875284672,0.04095672070980072,0.013768660036536557,0.1498333337251097,0.3877003381649653,0.0,0.0,0.0,0.0,0.0,0.0,0.934504842343198,0.6222754716873169,publication,0.6205775737762451,5.232217073440552,0.28586453262600164,0.32898117470790567,200,0.3659918792447989,1.640426808502525,-0.32534974440932274,0.2858645326260016,0.3289811732328963,999.4167604064942,mobile,0.10452048495074685,0.5771264821620561,49.970838940038,49.970838940038,system,0.0,11,0.3289811732328963,0.16319970583111196,meta_train_support,4,MARGO-SPLIT-v1,20,20,80,3,12,0.0,0.2,20,10,0.0005,0.0005,mrlco_first_order_mean_pseudogradient,fixed_literature_derived_defaults,0.025144531854012192,0.001257226592700611,0.21818841618212503,0.010909420809106257,0.013397305739534878,0.0006698652869767431,3.0,0.0,0.01901935921177976,0.15435559222011447,0.010543883116694325,,,,,,,,,,,,,,,,
0.05651087662933606,0.22025,0.596,0.18375,-0.007054537069052458,0.05092552676796913,0.014294674235861749,0.18474999641378723,0.40177569786707557,0.0,0.0,0.0,0.0,0.0,0.0,0.9231792741315377,0.6699485182762146,publication,0.679973840713501,5.047060251235962,0.45836793548704613,0.519132749075111,200,0.5617858773947257,2.027746490202844,-0.17203728132881224,0.45836793548704613,0.5191327496472513,406.52111895561217,mobile,0.06990234455598554,0.3053630653208542,20.326055915286748,20.326055915286748,system,0.0,12,0.5191327496472513,0.1451468620798869,meta_train_support,4,MARGO-SPLIT-v1,20,20,80,3,13,0.0,0.2,20,10,0.0005,0.0005,mrlco_first_order_mean_pseudogradient,fixed_literature_derived_defaults,0.023901843786231704,0.0011950921893115855,0.20915036558850728,0.01045751827942537,0.012613831590886528,0.0006306915795443267,3.0,0.0,0.020214451401091346,0.16481311049953984,0.011174574696238651,,,,,,,,,,,,,,,,
0.0657706734287197,0.2075,0.6435,0.149,-0.008046327158808708,0.24558527767658234,0.009435152784377957,0.11091666783516604,0.4681346096098423,0.0,0.0,0.0,0.0,0.0,0.0,0.8784369169978454,0.4806535243988037,publication,0.6813819408416748,5.429260730743408,0.6540363078953766,0.7455485588542069,200,0.8022088389925496,3.09135218616575,-0.14180239755660295,0.6540363078953767,0.7455485675920499,248.0471050453186,mobile,0.06029313534288336,0.24140199753449942,12.402355253748503,12.402355253748503,system,0.0,13,0.7455485675920499,0.13836650856281804,meta_train_support,4,MARGO-SPLIT-v1,20,20,80,3,14,0.0,0.2,20,10,0.0005,0.0005,mrlco_first_order_mean_pseudogradient,fixed_literature_derived_defaults,0.023383750501783953,0.0011691875250891964,0.20752224150458098,0.010376112075229038,0.013794220242051914,0.0006897110121025958,3.0,0.0,0.021383638926180542,0.17518922257476888,0.011864285708341247,,,,,,,,,,,,,,,,
0.07637485540603871,0.19525,0.66325,0.1415,-0.005416981875896454,0.3529793322086334,0.010775093062936017,0.11583333412806193,0.5813988198836644,0.0,0.0,0.0,0.0,0.0,0.0,0.8153133515164391,0.7198464870452881,publication,0.690244197845459,5.27239727973938,0.9721404544404146,1.106080959119663,200,0.8725170589039659,2.9209153521806,-0.1439778076019138,0.9721404544404144,1.106080965383153,341.39048798561095,mobile,0.05833586262712898,0.17042740220947766,17.069524276579756,17.069524276579756,system,0.0,14,1.106080965383153,0.15391844685219774,meta_train_support,4,MARGO-SPLIT-v1,20,20,80,3,15,0.0,0.2,20,10,0.0005,0.0005,mrlco_first_order_mean_pseudogradient,fixed_literature_derived_defaults,0.022779962395023248,0.0011389981197511626,0.2045504267890582,0.0102275213394529,0.014381081392658548,0.0007190540696329281,3.0,0.0,0.022522637045931704,0.18541674391422178,0.012583339777974175,,,,,,,,,,,,,,,,
0.05695263525086738,0.17725,0.711,0.11175,-0.004569431766867638,0.10834451764822006,0.007653359058895147,0.07566666629475852,0.6161637907226881,0.0,0.0,0.0,0.0,0.0,0.0,0.7285974881913367,0.9059776067733765,publication,0.6744935512542725,4.657122850418091,0.5713655314081555,0.649854344503674,200,0.5946608719020992,1.7040908720809966,-0.07577952509745955,0.5713655314081555,0.6498543449968566,614.7203593063355,mobile,0.055810843280179843,0.20678905546151927,30.736017626971922,30.736017626971922,system,0.0,15,0.6498543449968566,0.10924192539679385,meta_train_support,4,MARGO-SPLIT-v1,20,20,80,3,16,0.0,0.2,20,10,0.0005,0.0005,mrlco_first_order_mean_pseudogradient,fixed_literature_derived_defaults,0.02145930485620843,0.0010729652428104232,0.19534233784432561,0.009767116892216293,0.014028450683827996,0.0007014225341913996,3.0,0.0,0.023595602288742128,0.19518386080643807,0.013284762312165575,,,,,,,,,,,,,,,,
0.06168904622310674,0.164,0.74075,0.09525,-0.0026319297030568123,0.0879879891872406,0.009082339292702576,0.07541666656422116,0.5654321908950806,0.0,0.0,0.0,0.0,0.0,0.0,0.6600942841753095,0.7099897861480713,publication,0.6937315464019775,5.48288106918335,0.4088297432888912,0.46540643941696547,200,0.6395324250011238,2.1071030660532415,-0.1305272738682106,0.40882974328889105,0.46540643807849846,233.76927921772003,mobile,0.04979785701220094,0.16602152340210602,11.688463946080551,11.688463946080551,system,0.0,16,0.46540643807849846,0.0998466126933723,meta_train_support,4,MARGO-SPLIT-v1,20,20,80,3,17,0.0,0.2,20,10,0.0005,0.0005,mrlco_first_order_mean_pseudogradient,fixed_literature_derived_defaults,0.020222854892430808,0.001011142744621541,0.18582608090724534,0.00929130404536227,0.013592583331926634,0.0006796291665963315,3.0,0.0,0.02460674503336367,0.20447516485180034,0.013964391478761906,,,,,,,,,,,,,,,,
0.0625535046861101,0.15325,0.77925,0.0675,-0.002838363405317068,0.09781979769468307,0.0076514474281187475,0.07658333300302426,0.7760387991865475,0.0,0.0,0.0,0.0,0.0,0.0,0.560416218257532,0.9898216724395752,publication,0.673072099685669,5.126798629760742,0.3851438110221018,0.4344739985770127,200,0.5500850953303785,2.0587622122839093,-0.011547669069841504,0.38514381102210177,0.43447399951750415,586.3657230377197,mobile,0.0628166229357778,0.1512905881143086,29.318286022939063,29.318286022939063,system,0.0,17,0.43447399951750415,0.11564407744407149,meta_train_support,4,MARGO-SPLIT-v1,20,20,80,3,18,0.0,0.2,20,10,0.0005,0.0005,mrlco_first_order_mean_pseudogradient,fixed_literature_derived_defaults,0.019122493033896088,0.0009561246516948049,0.17586297928708028,0.008793148964354014,0.012852266931246007,0.0006426133465622999,3.0,0.0,0.025562869685058474,0.21326831381615435,0.014607004825324206,,,,,,,,,,,,,,,,
0.07968549265229594,0.1485,0.79125,0.06025,-0.004427075386047363,0.11268314719200134,0.0060849149711430075,0.08116666652883095,0.715988501906395,0.0,0.0,0.0,0.0,0.0,0.0,0.5425050802257595,0.6749195456504822,publication,0.6960165500640869,5.737428665161133,0.5461228095598212,0.619923536522947,200,0.7798563076163909,2.3329570919740945,-0.09157172590494156,0.5461228095598212,0.6199235326377674,120.91913861274719,mobile,0.05611990846534654,0.12934372242709138,6.045956942364637,6.045956942364637,system,0.0,18,0.6199235326377674,0.1217685487747349,meta_train_support,4,MARGO-SPLIT-v1,20,20,80,3,19,0.0,0.2,20,10,0.0005,0.0005,mrlco_first_order_mean_pseudogradient,fixed_literature_derived_defaults,0.01821632278958106,0.0009108161394790516,0.16811806045041833,0.008405903022520922,0.012412218696972139,0.0006206109348486071,3.0,0.0,0.026473685824537525,0.22167421683867528,0.015227615760172813,,,,,,,,,,,,,,,,
0.07059708991158961,0.13125,0.82675,0.042,-0.001891723251901567,0.24436113238334656,0.004531606852833647,0.05675000017508865,0.8525076831380529,0.0,0.0,0.0,0.0,0.0,0.0,0.46180280137682245,0.8301785588264465,publication,0.6720049381256104,5.582681179046631,0.5397505654778602,0.6108069799189252,200,0.8164823383547156,2.759684717282653,-0.16661228518933058,0.5397505654778602,0.6108069758862257,388.44226296424864,mobile,0.05348849635615495,0.13259796984308728,19.4221132733032,19.4221132733032,system,0.0,19,0.6108069758862257,0.10942994674017587,meta_train_support,4,MARGO-SPLIT-v1,20,20,80,3,20,0.0,0.2,20,10,0.0005,0.0005,mrlco_first_order_mean_pseudogradient,fixed_literature_derived_defaults,0.017403777818979064,0.0008701888909489544,0.1613726536086826,0.008068632680434118,0.012041693918829298,0.0006020846959414634,3.0,0.0,0.02734387471548648,0.2297428495191094,0.015829700456114277,,,,,,,,,,,,,,,,
0.07735131913742209,0.1285,0.82525,0.04625,-0.001953440485522151,0.17049935460090637,0.007146483357064427,0.06975000081583857,0.9131129493316015,0.0,0.0,0.0,0.0,0.0,0.0,0.43538221203824523,0.7464665770530701,publication,0.6445949077606201,5.304220676422119,0.6471582407355794,0.732650652801185,200,0.8253463575917589,2.6255223536863923,-0.1064801998436451,0.6471582407355795,0.7326506554940715,660.3143075656891,mobile,0.05198822876488489,0.09343992674399537,33.01571945299209,33.01571945299209,system,0.0,20,0.7326506554940715,0.10811619962294111,meta_train_support,4,MARGO-SPLIT-v1,20,20,80,3,21,0.0,0.2,20,10,0.0005,0.0005,mrlco_first_order_mean_pseudogradient,fixed_literature_derived_defaults,0.016605688006272705,0.000830284400313637,0.15473072572240146,0.00773653628612006,0.011702858467324778,0.0005851429233662379,3.0,0.0,0.028174159115800117,0.23747938580522945,0.016414843379480515,,,,,,,,,,,,,,,,
0.04732171245399715,0.1255,0.8405,0.034,-0.002886271569877863,0.06021147593855858,0.007196522792219185,0.07408333327621222,0.6994794028500716,0.0,0.0,0.0,0.0,0.0,0.0,0.39762087837739163,0.5985667705535889,publication,0.6499528884887695,5.802489757537842,0.24872186068674998,0.27971796071724614,200,0.4309327021858212,1.6033041656482965,-0.007036667608190328,0.24872186068674992,0.2797179691656493,488.494482088089,mobile,0.050266913828364485,0.14845078876428788,24.42472446025806,24.42472446025806,system,0.0,21,0.2797179691656493,0.07508347382647579,meta_train_support,4,MARGO-SPLIT-v1,20,20,80,3,22,0.0,0.2,20,10,0.0005,0.0005,mrlco_first_order_mean_pseudogradient,fixed_literature_derived_defaults,0.015855779617152507,0.0007927889808576269,0.14779516609222607,0.007389758304611305,0.011170910355173652,0.0005585455177586837,3.0,0.0,0.028966948096657744,0.24486914410984076,0.0169733888972392,,,,,,,,,,,,,,,,
0.05388116129080197,0.12425,0.84075,0.035,-0.0010404021013528109,0.13969050347805023,0.0077171422211298095,0.08516666572540997,0.8909948706626892,0.0,0.0,0.0,0.0,0.0,0.0,0.37312508326082366,0.4870617389678955,publication,0.6637923717498779,5.521642684936523,0.6611280519525345,0.7477756667192808,200,0.7148080710396816,2.079972308129072,0.024179248051950708,0.6611280519525345,0.7477756613772363,810.4306623744965,mobile,0.035627659411296635,0.12862224956087098,40.5215322722876,40.5215322722876,system,0.0,22,0.7477756613772363,0.07120540106271835,meta_train_support,4,MARGO-SPLIT-v1,20,20,80,3,23,0.0,0.2,20,10,0.0005,0.0005,mrlco_first_order_mean_pseudogradient,fixed_literature_derived_defaults,0.01522713011308404,0.0007613565056542038,0.14225538034446056,0.007112769017223047,0.010797112035504378,0.0005398556017752187,3.0,0.0,0.029728304602311947,0.2519819131270638,0.017513244499014417,,,,,,,,,,,,,,,,
0.06300817995421135,0.16275,0.8015,0.03575,-0.0017558224499225616,0.27464058995246887,0.006635321084953225,0.0804166663903743,0.9103227635224661,0.0,0.0,0.0,0.0,0.0,0.0,0.4051339511890898,0.42088496685028076,publication,0.6748712062835693,5.4335777759552,0.8032009090879981,0.909062379444581,200,1.3358654594081227,4.388007429428399,-0.04450706206262112,0.8032009090879981,0.9090623871283605,244.39127645492553,mobile,0.0344143158117283,0.06200710300577348,12.219563791731996,12.219563791731996,system,0.0,23,0.9090623871283605,0.0827847943391367,meta_train_support,4,MARGO-SPLIT-v1,20,20,80,3,24,0.0,0.2,20,10,0.0005,0.0005,mrlco_first_order_mean_pseudogradient,fixed_literature_derived_defaults,0.014677965089266394,0.0007338982544633187,0.13697019326383564,0.006848509663191782,0.010442921202652045,0.0005221460601326014,3.0,0.0,0.030462202856775266,0.2588304227902556,0.01803539055914702,,,,,,,,,,,,,,,,
0.07510522178597442,0.17025,0.799,0.03075,0.00022471044212579727,0.1226067766547203,0.007410873806414506,0.08999999864026906,0.8318913996219635,0.0,0.0,0.0,0.0,0.0,0.0,0.3779506091098265,0.4044828414916992,publication,0.7000079154968262,5.045104026794434,0.6739690273446783,0.7619392351486386,200,0.6710608540993229,2.0391706959344447,-0.050463450024835765,0.6739690273446785,0.7619392190710641,195.3272608757019,mobile,0.03661698574781451,0.06381461237893427,9.766363154118054,9.766363154118054,system,0.0,24,0.7619392190710641,0.08967998523960392,meta_train_support,4,MARGO-SPLIT-v1,20,20,80,3,25,0.0,0.2,20,10,0.0005,0.0005,mrlco_first_order_mean_pseudogradient,fixed_literature_derived_defaults,0.014133526407930324,0.0007066763203965147,0.13219202443597244,0.0066096012217986,0.010128589961940899,0.0005064294980970455,3.0,0.0,0.03116887917717178,0.2654400240120542,0.018541820057244064,,,,,,,,,,,,,,,,
0.06976232133028698,0.167,0.805,0.028,-0.0005758412880823016,0.11348973214626312,0.009666177345206962,0.08983333362266423,0.8972032954295477,0.0,0.0,0.0,0.0,0.0,0.0,0.37439774415317073,0.4433958828449249,publication,0.6704978942871094,5.590895891189575,0.39918392752129334,0.45120603858978936,200,0.5893996293464675,1.718280531000346,0.02007541758939624,0.39918392752129345,0.45120603069663046,122.19289812088013,mobile,0.03610285266521303,0.060951412793501,6.10964486917127,6.10964486917127,system,0.0,25,0.45120603069663046,0.07976279569646805,meta_train_support,4,MARGO-SPLIT-v1,20,20,80,3,26,0.0,0.2,20,10,0.0005,0.0005,mrlco_first_order_mean_pseudogradient,fixed_literature_derived_defaults,0.013589929238394543,0.0006794964619197263,0.12715843289809622,0.006357921644904785,0.009754767848489521,0.0004877383924244763,3.0,0.0,0.03184837563909151,0.271797945656959,0.01902955844966854,,,,,,,,,,,,,,,,
0.04672665854098161,0.15425,0.8255,0.02025,-0.0005095073138363659,0.14610400795936584,0.007705406995955855,0.0850833334028721,0.8736485168337822,0.0,0.0,0.0,0.0,0.0,0.0,0.3243959494667751,0.5048448443412781,publication,0.6704556941986084,3.607123374938965,0.645664517975711,0.7279997423329314,200,0.7321562896604585,2.198959239758551,0.03380099273636006,0.6456645179757111,0.7279997487179934,666.0801908111572,mobile,0.021043949672939585,0.03772062886781927,33.30400921371759,33.30400921371759,system,0.0,26,0.7279997487179934,0.04677858179054502,meta_train_support,4,MARGO-SPLIT-v1,20,20,80,3,27,0.0,0.2,20,10,0.0005,0.0005,mrlco_first_order_mean_pseudogradient,fixed_literature_derived_defaults,0.013086598525861411,0.0006543299262930721,0.12244930619476141,0.00612246530973809,0.009395429964176224,0.0004697714982088118,3.0,0.0,0.03250270556538458,0.27792041096669706,0.019499329947877352,,,,,,,,,,,,,,,,
0.0393041653777899,0.15075,0.83425,0.015,0.0007231614436022937,0.2357507199048996,0.010230268484641177,0.09674999917236468,0.9743239189187685,0.0,0.0,0.0,0.0,0.0,0.0,0.3013096229643139,0.6523147821426392,publication,0.5924274921417236,3.3938417434692383,0.6844736342495618,0.7731128695528924,200,0.8193947886792213,2.3697237559827045,-0.020777969737537205,0.6844736342495619,0.7731128643197007,1004.1895267486573,mobile,0.025219639834179707,0.06766277855462585,50.20947612703134,50.20947612703134,system,0.0,27,0.7731128643197007,0.04820508134783305,meta_train_support,4,MARGO-SPLIT-v1,20,20,80,3,28,0.0,0.2,20,10,0.0005,0.0005,mrlco_first_order_mean_pseudogradient,fixed_literature_derived_defaults,0.012619766586901998,0.0006309883293450988,0.1182629458089545,0.005913147290447729,0.009085031445548078,0.0004542515722774053,3.0,0.0,0.03313369389472968,0.2838335582571448,0.019953581520154758,,,,,,,,,,,,,,,,
0.051189047947971675,0.1515,0.83125,0.01725,0.0012806558515876532,0.20247751474380493,0.006482959633770709,0.07658333255288502,0.9984548618396124,0.0,0.0,0.0,0.0,0.0,0.0,0.29606755916187677,0.7332057356834412,publication,0.6316554546356201,5.3773181438446045,0.5724383869078802,0.6467279534392105,200,0.8070193842701338,2.0758902551606297,-0.014421669417060912,0.5724383869078802,0.6467279579397291,540.6433952713013,mobile,0.03471411735972477,0.04915501995258112,27.032169260361428,27.032169260361428,system,0.0,28,0.6467279579397291,0.057202005691962245,meta_train_support,4,MARGO-SPLIT-v1,20,20,80,3,29,0.0,0.2,20,10,0.0005,0.0005,mrlco_first_order_mean_pseudogradient,fixed_literature_derived_defaults,0.012184602221836413,0.0006092301110918186,0.11418491319485262,0.005709245659742623,0.008771754499149869,0.00043858772495749404,3.0,0.0,0.0337429240058215,0.2895428039168874,0.02039216924511225,,,,,,,,,,,,,,,,
0.05948285418237267,0.14125,0.852,0.00675,0.004499956965446472,0.11849959939718246,0.01076913905174782,0.08833333365619184,0.9667642613252004,0.0,0.0,0.0,0.0,0.0,0.0,0.2511035789524884,0.9147976636886597,publication,0.6623847484588623,5.23064923286438,0.7108451188148465,0.8035490649077656,200,0.7942342992646291,2.641966704337392,-0.04693702046643011,0.7108451188148465,0.8035490772873163,584.6318137931823,mobile,0.028450965463124995,0.058336763132152365,29.231591122276846,29.231591122276846,system,0.0,29,0.8035490772873163,0.06866191867072777,meta_train_support,4,MARGO-SPLIT-v1,20,20,80,3,30,0.0,0.2,20,10,0.0005,0.0005,mrlco_first_order_mean_pseudogradient,fixed_literature_derived_defaults,0.011778448814441867,0.0005889224407220964,0.11038063605610796,0.005519031802805385,0.008481494192685794,0.0004240747096342888,3.0,0.0,0.03433184644654359,0.2950618357196928,0.02081624395474654,,,,,,,,,,,,,,,,
0.05000432116196814,0.15575,0.833,0.01125,0.009815732017159462,0.10038566589355469,0.017490168641476584,0.09108333319115142,0.8632408842444418,0.0,0.0,0.0,0.0,0.0,0.0,0.2439848703836525,0.9869821667671204,publication,0.6113901138305664,4.71330189704895,0.3983536462626627,0.4491577832783332,200,0.7142832130850705,2.545663987286389,-0.01566590741276741,0.3983536462626627,0.44915779364295305,828.7089802265167,mobile,0.02576227344246236,0.04053515092704923,41.43544817452672,41.43544817452672,system,0.0,30,0.44915779364295305,0.055022636160098885,meta_train_support,4,MARGO-SPLIT-v1,20,20,80,3,31,0.0,0.2,20,10,0.0005,0.0005,mrlco_first_order_mean_pseudogradient,fixed_literature_derived_defaults,0.011398498852685677,0.0005699249426342826,0.10681997037687867,0.0053409985188439535,0.008207897605824962,0.00041039488029124757,3.0,0.0,0.034901771389177876,0.30040283423853675,0.021226638835037788,,,,,,,,,,,,,,,,
0.05800494095209938,0.14975,0.84325,0.007,0.006287577096372843,0.159597247838974,0.011385096427208434,0.09149999984850485,1.1088527659575145,0.0,0.0,0.0,0.0,0.0,0.0,0.223323389309642,1.1000635623931885,publication,0.6902713775634766,5.286858797073364,0.9726447604416164,1.0977494516429216,200,0.7375219364657118,2.213536594528705,0.04101807653205469,0.9726447604416165,1.0977494773454963,404.39537073135375,mobile,0.017973511082568262,0.02851997236777153,20.21976880417456,20.21976880417456,system,0.0,31,1.0977494773454963,0.05909660656626727,meta_train_support,4,MARGO-SPLIT-v1,20,20,80,3,32,0.0,0.2,20,10,0.0005,0.0005,mrlco_first_order_mean_pseudogradient,fixed_literature_derived_defaults,0.01104229576353925,0.0005521147881769606,0.10348820380759789,0.005174410190379897,0.007953897158602573,0.00039769485793013024,3.0,0.0,0.035453886177354836,0.30557724442891665,0.021624333692967918,,,,,,,,,,,,,,,,
0.053297183843082616,0.13625,0.858,0.00575,0.010397979989647865,0.1110859140753746,0.01651863747780832,0.10041666723166902,0.9725953732927641,0.0,0.0,0.0,0.0,0.0,0.0,0.2120194065494874,1.1417875289916992,publication,0.6504864692687988,4.997677803039551,0.6137309230018342,0.6920474953194833,200,0.552507991434185,1.6025769910775125,0.03280204883776605,0.6137309230018342,0.6920475129783153,763.6984734725952,mobile,0.01792202438905584,0.029000443861927332,38.1849225910733,38.1849225910733,system,0.0,32,0.6920475129783153,0.05020347371787626,meta_train_support,4,MARGO-SPLIT-v1,20,20,80,3,33,0.0,0.2,20,10,0.0005,0.0005,mrlco_first_order_mean_pseudogradient,fixed_literature_derived_defaults,0.010707680740401695,0.0005353840370200882,0.10035219763161009,0.005017609881580509,0.007712869971978253,0.00038564349859891364,3.0,0.0,0.035989270214374924,0.31059485431049716,0.022009977191566832,,,,,,,,,,,,,,,,
0.05526448957269383,0.134,0.8605,0.0055,0.003249488538131118,0.08308529108762741,0.011852774402359502,0.07825000065689285,0.9634538402160009,0.0,0.0,0.0,0.0,0.0,0.0,0.20534940756592462,1.1995575428009033,publication,0.6160213947296143,5.4665796756744385,0.49787593873880537,0.5621927719664563,200,0.5852666938946349,1.9104947410523891,-0.007930040825158358,0.4978759387388054,0.5621927742194385,411.8806778335571,mobile,0.02446955130963961,0.04072393674285462,20.594033300590453,20.594033300590453,system,0.0,33,0.5621927742194385,0.06029825559096297,meta_train_support,4,MARGO-SPLIT-v1,20,20,80,3,34,0.0,0.2,20,10,0.0005,0.0005,mrlco_first_order_mean_pseudogradient,fixed_literature_derived_defaults,0.010398022768063512,0.000519901138403174,0.09752272593670991,0.004876136296835476,0.0075209003034740355,0.00037604501517370104,3.0,0.0,0.0365091713527781,0.31547099060733264,0.022386022206740533,,,,,,,,,,,,,,,,
0.07518582900001795,0.13225,0.863,0.00475,0.004261123947799206,0.08336493372917175,0.00836683539285635,0.06924999984912575,1.051279886563619,0.0,0.0,0.0,0.0,0.0,0.0,0.19650286443015455,1.2147618532180786,publication,0.5570929050445557,5.259714365005493,0.6726363617495708,0.7597968620968367,200,0.6851969936410351,2.128545588289853,-0.034100363845936954,0.6726363617495708,0.7597968270507408,591.2626679325103,mobile,0.0324083088977094,0.04302921960653535,29.563133032831857,29.563133032831857,system,0.0,34,0.7597968270507408,0.07366216996257391,meta_train_support,4,MARGO-SPLIT-v1,20,20,80,3,35,0.0,0.2,20,10,0.0005,0.0005,mrlco_first_order_mean_pseudogradient,fixed_literature_derived_defaults,0.010100936403261696,0.0005050468201630853,0.09474143473609305,0.004737071736804654,0.007309572513526545,0.00036547862567632566,3.0,0.0,0.037014218172941184,0.3202080623441373,0.02275150083241686,,,,,,,,,,,,,,,,
0.07907770335462504,0.1315,0.8605,0.008,0.0033064675517380238,0.131557896733284,0.00888483448070474,0.07166666712922355,1.1402319838603339,0.0,0.0,0.0,0.0,0.0,0.0,0.19328272153695486,1.2461203336715698,publication,0.5898740291595459,5.028038740158081,0.6730339613815991,0.7596610807579032,200,0.7370852315468777,2.3429410443641245,-0.048378382954979315,0.6730339613815992,0.7596610834915191,437.2769979667664,mobile,0.03625062561515395,0.04627349286286317,21.863849659254775,21.863849659254775,system,0.0,35,0.7596610834915191,0.08414524059870193,meta_train_support,4,MARGO-SPLIT-v1,20,20,80,3,36,0.0,0.2,20,10,0.0005,0.0005,mrlco_first_order_mean_pseudogradient,fixed_literature_derived_defaults,0.00982503364804167,0.0004912516824020843,0.09226831354472555,0.004613415677236277,0.007130964789682571,0.00035654823948412864,3.0,0.0,0.03750546985534327,0.32482147802137357,0.023108049071900987,,,,,,,,,,,,,,,,
0.0692788541309867,0.12225,0.86775,0.01,-0.0011988914338871837,0.17399950325489044,0.004024475519448364,0.049499999980131784,1.1368366171916324,0.0,0.0,0.0,0.0,0.0,0.0,0.19775630056006094,1.228075623512268,publication,0.6800172328948975,5.25497579574585,0.8797232040014898,0.9967703509873218,200,0.907801849458752,3.208681675605476,-0.00858092017006129,0.8797232040014901,0.9967703332123347,294.50809432983397,mobile,0.02826244882987818,0.0401839997530229,14.725404724682678,14.725404724682678,system,0.0,36,0.9967703332123347,0.07543806512557555,meta_train_support,4,MARGO-SPLIT-v1,20,20,80,3,37,0.0,0.2,20,10,0.0005,0.0005,mrlco_first_order_mean_pseudogradient,fixed_literature_derived_defaults,0.009574167542296334,0.00047870837711481984,0.08984357272646105,0.004492178636323063,0.00694259778237815,0.00034712988911890855,3.0,0.0,0.03798417823245809,0.32931365665769663,0.023455178961019896,,,,,,,,,,,,,,,,
0.0500561050726492,0.131,0.8615,0.0075,9.578780009178445e-05,0.10042864829301834,0.00503490663638028,0.051499999966472386,0.9636922627687454,0.0,0.0,0.0,0.0,0.0,0.0,0.19959428921928035,1.187998652458191,publication,0.6598432064056396,5.250707149505615,0.7773688754519964,0.8802554433024852,200,0.7899849384618916,2.3973686937242746,-0.01220671139890328,0.7773688754519963,0.8802554390195292,1203.712185897827,mobile,0.02338488988968618,0.044411504564872153,60.18560922017671,60.18560922017671,system,0.0,37,0.8802554390195292,0.051853745923845986,meta_train_support,4,MARGO-SPLIT-v1,20,20,80,3,38,0.0,0.2,20,10,0.0005,0.0005,mrlco_first_order_mean_pseudogradient,fixed_literature_derived_defaults,0.009322215764867484,0.0004661107882433721,0.08747926818102787,0.004373963409051385,0.00675989784073662,0.000337994892036831,3.0,0.0,0.03845028902070146,0.333687620066748,0.023793173853056727,,,,,,,,,,,,,,,,
0.06457271880997875,0.16725,0.81875,0.014,-0.0005727278185077012,0.03830651566386223,0.007603955203861308,0.07116666658160588,0.7660516023635865,0.0,0.0,0.0,0.0,0.0,0.0,0.23309434467197512,0.9699470400810242,publication,0.6677093505859375,5.503433704376221,0.1587264797126324,0.17752395515793978,200,0.21988522603347577,0.6809951444447506,-0.09448690884164535,0.15872647971263237,0.17752395352115855,600.7064986610412,mobile,0.05470181683338222,0.07227523463902502,30.035325166357456,30.035325166357456,system,0.0,38,0.17752395352115855,0.08536418544844727,meta_train_support,4,MARGO-SPLIT-v1,20,20,80,3,39,0.0,0.2,20,10,0.0005,0.0005,mrlco_first_order_mean_pseudogradient,fixed_literature_derived_defaults,0.009083184591409343,0.0004541592295704694,0.08523621002253998,0.004261810501127006,0.006586567126871579,0.0003293283563435799,3.0,0.0,0.03890444825027193,0.337949430567875,0.024122502209400307,,,,,,,,,,,,,,,,
0.053131339854822435,0.154,0.8325,0.0135,8.739349141251296e-05,0.20642662048339844,0.006546146743736851,0.054583333261931946,0.8921524186929067,0.0,0.0,0.0,0.0,0.0,0.0,0.22477400112715998,1.0714800357818604,publication,0.6509273052215576,4.880245208740234,0.6087232036882421,0.685513577924321,200,0.9673254241698885,2.8777370443567634,-0.11316927638836205,0.6087232036882422,0.6855135905463249,602.8644066905975,mobile,0.033022070104372754,0.06266407925767865,30.143219812152523,30.143219812152523,system,0.0,39,0.6855135905463249,0.061303979574913584,meta_train_support,4,MARGO-SPLIT-v1,20,20,80,3,40,0.0,0.2,20,10,0.0005,0.0005,mrlco_first_order_mean_pseudogradient,fixed_literature_derived_defaults,0.00885610497662411,0.00044280524883120315,0.08310702380033069,0.004155351190016532,0.006432387687340661,0.0003216193843670334,3.0,0.0,0.03934725349910313,0.34210478175789155,0.02444412159376734,,,,,,,,,,,,,,,,
0.06625207667213732,0.164,0.82325,0.01275,-0.000342366227414459,0.06803187727928162,0.009704066199871401,0.074416666974624,0.7696795319517454,0.0,0.0,0.0,0.0,0.0,0.0,0.22991118840094882,1.0223931074142456,publication,0.5476737022399902,5.000951051712036,0.6182666582885329,0.6973115662733926,200,0.6632850394229776,2.0116421915590763,-0.10399634337227326,0.6182666582885329,0.697311569082085,338.70566219329834,mobile,0.03031799503436664,0.03866590063191811,16.93528284901997,16.93528284901997,system,0.0,40,0.697311569082085,0.07038307237975439,meta_train_support,4,MARGO-SPLIT-v1,20,20,80,3,41,0.0,0.2,20,10,0.0005,0.0005,mrlco_first_order_mean_pseudogradient,fixed_literature_derived_defaults,0.008640102416218643,0.0004320051208109299,0.08108002321983482,0.004054001160991749,0.006275500182771377,0.00031377500913856715,3.0,0.0,0.03977925861991406,0.3461587829188833,0.024757896602905907,,,,,,,,,,,,,,,,
0.04320046751809298,0.1835,0.79325,0.02325,0.005286663305014372,0.021229399368166924,0.01441991412624096,0.09199999999254943,0.599256690343221,0.0,0.0,0.0,0.0,0.0,0.0,0.25752828777745784,0.8284253478050232,publication,0.6614148616790771,4.93432092666626,0.2347276758715919,0.2638836718285381,200,0.2830225114949323,0.9260544207354542,-0.018793751718476415,0.23472767587159188,0.2638836758909747,699.783897857666,mobile,0.04122706613886447,0.06563507872742318,34.989194683451736,34.989194683451736,system,0.0,41,0.2638836758909747,0.06542840879584214,meta_train_support,4,MARGO-SPLIT-v1,20,20,80,3,42,0.0,0.2,20,10,0.0005,0.0005,mrlco_first_order_mean_pseudogradient,fixed_literature_derived_defaults,0.008434385692022962,0.00042171928460114916,0.07914954647650542,0.003957477323825287,0.006126083511753011,0.0003063041755876489,3.0,0.0,0.04020097790451521,0.3501162602427086,0.025064200778493556,,,,,,,,,,,,,,,,
0.0493855912997056,0.19625,0.78425,0.0195,0.003355481196194887,0.10668255388736725,0.012878450388476872,0.08350000019806125,0.7208166758219401,0.0,0.0,0.0,0.0,0.0,0.0,0.24937682044651321,0.9877582788467407,publication,0.6590640544891357,4.979273080825806,0.40881171709709363,0.4608546673861133,200,0.7443430183912881,2.787408145144582,-0.06606180034577847,0.40881171709709374,0.4608546739129815,782.7661911392212,mobile,0.035647085339324175,0.06054823704704947,39.138309796776774,39.138309796776774,system,0.0,42,0.4608546739129815,0.06741839928734233,meta_train_support,4,MARGO-SPLIT-v1,20,20,80,3,43,0.0,0.2,20,10,0.0005,0.0005,mrlco_first_order_mean_pseudogradient,fixed_literature_derived_defaults,0.008309994285153919,0.0004154997142576944,0.077582890988777,0.003879144549438829,0.00598361645334015,0.000299180822667007,3.0,0.0,0.040616477618772906,0.3539954047921474,0.025363381601160563,,,,,,,,,,,,,,,,
0.07218746939133362,0.206,0.77375,0.02025,0.002585633425042033,0.07404347509145737,0.010079003449451797,0.07608333360403777,0.5669680727024873,0.0,0.0,0.0,0.0,0.0,0.0,0.25875276313400486,1.0528955459594727,publication,0.6717720031738281,5.4409565925598145,0.40170525795386713,0.4526558969771759,200,0.6044279491835557,1.5536648351699114,-0.03963424754329026,0.4017052579538672,0.45265591440722347,189.26662180900573,mobile,0.041372780526462656,0.05278274074490998,9.463330795960117,9.463330795960117,system,0.0,43,0.45265591440722347,0.08726701076630668,meta_train_support,4,MARGO-SPLIT-v1,20,20,80,3,44,0.0,0.2,20,10,0.0005,0.0005,mrlco_first_order_mean_pseudogradient,fixed_literature_derived_defaults,0.008121130778673148,0.0004060565389336565,0.0758196434663048,0.0037909821733152493,0.005847625170309692,0.0002923812585154846,3.0,0.0,0.04102253415770656,0.35778638696546267,0.025655762859676048,,,,,,,,,,,,,,,,
0.0648900314984644,0.20325,0.7795,0.01725,0.004495625384151936,0.12478917092084885,0.012267661684260626,0.08641666645805042,0.7008239785830179,0.0,0.0,0.0,0.0,0.0,0.0,0.24518273602450752,1.1646206378936768,publication,0.6735599040985107,4.915358781814575,0.5564762717367503,0.6288940013228057,200,0.630749390664437,1.999578551389277,0.0015154365974012762,0.5564762717367504,0.6288940023147734,382.56794330596927,mobile,0.03860975147455834,0.059631919666340745,19.12839675309056,19.12839675309056,system,0.0,44,0.6288940023147734,0.07545337478228432,meta_train_support,4,MARGO-SPLIT-v1,20,20,80,3,45,0.0,0.2,20,10,0.0005,0.0005,mrlco_first_order_mean_pseudogradient,fixed_literature_derived_defaults,0.007959394355139133,0.00039796971775695605,0.07420960713425956,0.003710480356712953,0.005717927542162152,0.0002858963771081059,3.0,0.0,0.04142050387546352,0.3614968673221756,0.025941659236784154,,,,,,,,,,,,,,,,
0.06433332457405769,0.2105,0.775,0.0145,0.004576260223984718,0.16838547587394714,0.01000635219194616,0.0729999995790422,0.7468136484424274,0.0,0.0,0.0,0.0,0.0,0.0,0.2500542796695432,1.2430568933486938,publication,0.5843398571014404,4.484601974487305,0.5747314238918075,0.6497875048516107,200,0.8561209768678174,2.9206166472285986,-0.00878297617600765,0.5747314238918076,0.6497875238402048,183.74705200195314,mobile,0.04059699916401298,0.0605036383864806,9.187352633712736,9.187352633712736,system,0.0,45,0.6497875238402048,0.07738886189250226,meta_train_support,4,MARGO-SPLIT-v1,20,20,80,3,46,0.0,0.2,20,10,0.0005,0.0005,mrlco_first_order_mean_pseudogradient,fixed_literature_derived_defaults,0.007803863610969464,0.00039019318054847596,0.07267764830260288,0.0036338824151301297,0.005615277390811166,0.00028076386954055746,3.0,0.0,0.041810697056011994,0.36513074973730575,0.02622242310632471,,,,,,,,,,,,,,,,
0.06147908636228948,0.21675,0.7735,0.00975,0.005349797196686268,0.09489461779594421,0.013870582413316393,0.08583333265657225,0.6865493769447009,0.0,0.0,0.0,0.0,0.0,0.0,0.23448277397122788,1.394037127494812,publication,0.5752344131469727,4.5018086433410645,0.5141957854413228,0.5805705849832248,200,0.6183757219110576,1.9766282686032355,-0.17083006317261606,0.5141957854413228,0.5805705881305039,442.31334991455077,mobile,0.0417903647084292,0.08353252552437476,22.115667677107098,22.115667677107098,system,0.0,46,0.5805705881305039,0.0757390861317437,meta_train_support,4,MARGO-SPLIT-v1,20,20,80,3,47,0.0,0.2,20,10,0.0005,0.0005,mrlco_first_order_mean_pseudogradient,fixed_literature_derived_defaults,0.007637823959672241,0.00038189119798361093,0.07113131535999431,0.003556565767999731,0.00549580340377263,0.000274790170188631,3.0,0.0,0.042192588253995605,0.3686873155053055,0.026497213276513342,,,,,,,,,,,,,,,,
0.05905494177230765,0.2175,0.7695,0.013,0.0033850788604468107,0.23763605952262878,0.013848584042474004,0.08750000037252902,0.8114958971738815,0.0,0.0,0.0,0.0,0.0,0.0,0.23811488806008294,1.5545012950897217,publication,0.6553938388824463,5.402344465255737,0.7529851089068716,0.8485919784921316,200,0.9223061219956952,2.425344259594567,-0.026393062853458105,0.7529851089068718,0.8485919719655066,305.78168413162234,mobile,0.03264884023104103,0.05524191622304688,15.289083890670463,15.289083890670463,system,0.0,47,0.8485919719655066,0.0715968732287672,meta_train_support,4,MARGO-SPLIT-v1,20,20,80,3,48,0.0,0.2,20,10,0.0005,0.0005,mrlco_first_order_mean_pseudogradient,fixed_literature_derived_defaults,0.007483032197862264,0.00037415160989311136,0.06969043015025642,0.0034845215075128277,0.005387908142093043,0.00026939540710465074,3.0,0.0,0.04256673986388872,0.3721718370128183,0.026766608683617993,,,,,,,,,,,,,,,,
0.04830555232513894,0.23025,0.7535,0.01625,0.0012247258564457297,0.03392980992794037,0.011025924398563803,0.07941666605571907,0.575297373533249,0.0,0.0,0.0,0.0,0.0,0.0,0.2481645051546822,1.5602232217788696,publication,0.6411921977996826,4.9651172161102295,0.34128312007390355,0.38485673851680985,200,0.5543430282101784,1.8035141241271049,-0.006310465047135949,0.34128312007390355,0.3848567438079044,386.43200596809385,mobile,0.048472159071311874,0.061528873906168534,19.321600274838037,19.321600274838037,system,0.0,48,0.3848567438079044,0.07013992974548991,meta_train_support,4,MARGO-SPLIT-v1,20,20,80,3,49,0.0,0.2,20,10,0.0005,0.0005,mrlco_first_order_mean_pseudogradient,fixed_literature_derived_defaults,0.007330317255048748,0.00036651586275243675,0.06826817647372058,0.003413408823686015,0.005277991691012682,0.00026389958455063506,3.0,0.0,0.042933255726641154,0.3755852458365043,0.027030508268168628,,,,,,,,,,,,,,,,
0.04834295774275919,0.22925,0.757,0.01375,0.002787481527775526,0.026770757511258125,0.012036577061129114,0.07175000011920928,0.581947480638822,0.0,0.0,0.0,0.0,0.0,0.0,0.22626227723361014,1.9800318479537964,publication,0.6344738006591797,5.029248237609863,0.2612882421707255,0.2947477422797147,200,0.309511810128613,1.0695444867014885,-0.045035956893116236,0.26128824217072555,0.29474773787427694,779.8722019672393,mobile,0.04974486202244774,0.10104707323974996,38.9936098164996,38.9936098164996,system,0.0,49,0.29474773787427694,0.06628739405019904,meta_train_support,4,MARGO-SPLIT-v1,20,20,80,3,50,0.0,0.2,20,10,0.0005,0.0005,mrlco_first_order_mean_pseudogradient,fixed_literature_derived_defaults,0.007183710909947773,0.0003591855454973883,0.06690281294424616,0.003345140647212308,0.005172431857192429,0.00025862159285962305,3.0,0.0,0.04329244127213854,0.37893038648371663,0.02728912986102825,,,,,,,,,,,,,,,,
0.05576468912161636,0.2325,0.75375,0.01375,0.0013674363726750016,0.035875819623470306,0.008711593155749143,0.07683333310609063,0.6519408434629439,0.0,0.0,0.0,0.0,0.0,0.0,0.241651537960195,2.034320831298828,publication,0.6354317665100098,5.3494415283203125,0.3044879254887722,0.34377864985369344,200,0.598947474197245,1.685495778452605,0.0015677048359066248,0.3044879254887721,0.3437786484695971,134.98635951995848,mobile,0.03954060563933219,0.057025994283502204,6.7493180023126715,6.7493180023126715,system,0.0,50,0.3437786484695971,0.06838375381308437,meta_train_support,4,MARGO-SPLIT-v1,20,20,80,3,51,0.0,0.2,20,10,0.0005,0.0005,mrlco_first_order_mean_pseudogradient,fixed_literature_derived_defaults,0.00704285383328213,0.00035214269166410767,0.06559099308259428,0.0032795496541296876,0.005071011624698459,0.000253550581234923,3.0,0.0,0.04364458396380265,0.3822099361378463,0.027542680442263174,-0.13815294567044545,-0.1324717781772719,0.1324717781772719,0.025,0.3,0.05,0.04875,0.975,0.975,0.0,validation/automotive_lexicographic_v1,automotive_lexicographic_v1,a3bd00d5108237acdb706f561212b5d840bac151f48b5250a61c573d9c9ffb6c,719492832.0,0.1324717781772719,1.0
0.053933923358344925,0.198,0.791,0.011,0.0004316177510190755,0.07444920390844345,0.009306133049540222,0.07508333241567015,0.7207850769162178,0.0,0.0,0.0,0.0,0.0,0.0,0.2206061869305954,2.1127126216888428,publication,0.658074140548706,5.254812717437744,0.5579492803171784,0.6312017019692394,200,0.7441268211431918,2.2266146080219187,0.02138160780305043,0.5579492803171784,0.6312017073389142,616.6939629364014,mobile,0.036107931170012944,0.06445541674681814,30.834698011998707,30.834698011998707,system,0.0,51,0.6312017073389142,0.061031845147496176,meta_train_support,4,MARGO-SPLIT-v1,20,20,80,3,52,0.0,0.2,20,10,0.0005,0.0005,mrlco_first_order_mean_pseudogradient,fixed_literature_derived_defaults,0.006907414336488243,0.00034537071682440995,0.06432962783100592,0.0032164813915502855,0.004973492170377335,0.00024867460851886805,3.0,0.0,0.04398995468062706,0.3854264175293966,0.027791355050782042,,,,,,,,,,,,,,,,
0.08429546397347469,0.19475,0.7985,0.00675,0.003712470643222332,0.15875497460365295,0.012936020417449377,0.08091666623950004,0.9198433130979536,0.0,0.0,0.0,0.0,0.0,0.0,0.20126415043911564,2.125275135040283,publication,0.5950610637664795,3.372290849685669,0.7956160656901394,0.8996228122354478,200,0.7398554529495739,2.1049045445397496,0.0025844698830042034,0.7956160656901395,0.899622824746184,150.5842431163788,mobile,0.03881700135323888,0.051481910936421765,7.529212126466936,7.529212126466936,system,0.0,52,0.899622824746184,0.08856197945450535,meta_train_support,4,MARGO-SPLIT-v1,20,20,80,3,53,0.0,0.2,20,10,0.0005,0.0005,mrlco_first_order_mean_pseudogradient,fixed_literature_derived_defaults,0.006777085764101673,0.00033885428820508434,0.06313452633685561,0.003156726316842773,0.004879652695464556,0.00024398263477322726,3.0,0.0,0.044328808968832144,0.3885831438462394,0.02803533768555527,,,,,,,,,,,,,,,,
0.057858126179083036,0.16425,0.82875,0.007,0.002067444147542119,0.07241617143154144,0.012143014235577235,0.0800000003228585,0.8064186265071231,0.0,0.0,0.0,0.0,0.0,0.0,0.19681368544390787,2.0620555877685547,publication,0.5702364444732666,5.125123023986816,0.8375024140626358,0.9473329216219077,200,0.4769551155117276,1.6328954643104225,-0.001077663677278906,0.8375024140626358,0.9473329385975375,700.6446988868713,mobile,0.02471090542983423,0.0883476988999978,35.032234868661334,35.032234868661334,system,0.0,53,0.9473329385975375,0.06497525663012721,meta_train_support,4,MARGO-SPLIT-v1,20,20,80,3,54,0.0,0.2,20,10,0.0005,0.0005,mrlco_first_order_mean_pseudogradient,fixed_literature_derived_defaults,0.0066631785275709805,0.0003331589263785503,0.06203131366226032,0.003101565683113039,0.004789288756659656,0.0002394644378329834,3.0,0.0,0.044661967895210694,0.3916847095293524,0.028274802123388253,,,,,,,,,,,,,,,,
0.0704856485391432,0.219,0.7685,0.0125,0.0034892908297479153,0.07442057877779007,0.01120831731823273,0.07666666684672237,0.6591046119729678,0.0,0.0,0.0,0.0,0.0,0.0,0.21499831282029094,1.8482203483581543,publication,0.6638970375061035,5.3212010860443115,0.5257674384831043,0.5927314104399102,200,0.8352432228496882,2.2405979922041297,-0.1412307620048523,0.5257674384831044,0.5927314069634303,123.36160316467286,mobile,0.04002974297196251,0.05265677590723067,6.168080257529404,6.168080257529404,system,0.0,54,0.5927314069634303,0.08705170023981097,meta_train_support,4,MARGO-SPLIT-v1,20,20,80,3,55,0.0,0.2,20,10,0.0005,0.0005,mrlco_first_order_mean_pseudogradient,fixed_literature_derived_defaults,0.00654202982706969,0.000327101491353482,0.06091358392781206,0.003045679196390594,0.004709472976060617,0.00023547364880303207,3.0,0.0,0.044989069386564176,0.394730388725743,0.028510275772191285,,,,,,,,,,,,,,,,
0.057097438268948475,0.212,0.77175,0.01625,0.001125129172578454,0.24776668846607208,0.009115237139243013,0.05724999909289182,0.8443623781204224,0.0,0.0,0.0,0.0,0.0,0.0,0.23045596952494032,1.780633568763733,publication,0.650062084197998,5.314587593078613,0.7630397032123573,0.8618853444697356,200,1.287868249295043,3.353319251909852,-0.06156151741743088,0.7630397032123573,0.8618853360787034,200.84077642440795,mobile,0.030947387424325946,0.0475963665749771,10.042038810740866,10.042038810740866,system,0.0,55,0.8618853360787034,0.0633163819312949,meta_train_support,4,MARGO-SPLIT-v1,20,20,80,3,56,0.0,0.2,20,10,0.0005,0.0005,mrlco_first_order_mean_pseudogradient,fixed_literature_derived_defaults,0.006425207865872017,0.00032126039329360284,0.059825841357672556,0.002991292067883622,0.004625728698932554,0.000231286434946628,3.0,0.0,0.04531032977985778,0.39772168079362663,0.028741562207137913,,,,,,,,,,,,,,,,
0.07633254894409877,0.183,0.80675,0.01025,0.0017296256264671683,0.2475232034921646,0.007960927655221894,0.05941666625440121,0.9349036489923795,0.0,0.0,0.0,0.0,0.0,0.0,0.20707677968390764,1.7880395650863647,publication,0.568110466003418,3.377692699432373,0.840067629089531,0.9489177971191648,200,0.8118773978110521,2.192010478931479,-0.02681953983847052,0.8400676290895308,0.9489177798759192,192.27234090805052,mobile,0.03561019594841717,0.04602966132290482,9.613617074008307,9.613617074008307,system,0.0,56,0.9489177798759192,0.07999249769938127,meta_train_support,4,MARGO-SPLIT-v1,20,20,80,3,57,0.0,0.2,20,10,0.0005,0.0005,mrlco_first_order_mean_pseudogradient,fixed_literature_derived_defaults,0.006312484920856718,0.00031562424604283934,0.05877626519350286,0.002938813259675155,0.004544575563863562,0.0002272287781931795,3.0,0.0,0.04562595402590062,0.4006604940533018,0.028968790985331092,,,,,,,,,,,,,,,,
0.05702849962906194,0.17725,0.814,0.00875,-0.002033018507063389,0.06951596587896347,0.007326206960715352,0.057416667013118663,0.8175037990013758,0.0,0.0,0.0,0.0,0.0,0.0,0.1985465641881708,1.6985985040664673,publication,0.636303186416626,4.852327346801758,0.7231425706081054,0.8169963572925826,200,0.7201267308597706,2.0516611570492387,-0.02027595415711403,0.7231425706081054,0.8169963694456964,1151.0112823867798,mobile,0.038262598540458256,0.0873400105609638,57.55056504729234,57.55056504729234,system,0.0,57,0.8169963694456964,0.06958399347751679,meta_train_support,4,MARGO-SPLIT-v1,20,20,80,3,58,0.0,0.2,20,10,0.0005,0.0005,mrlco_first_order_mean_pseudogradient,fixed_literature_derived_defaults,0.006209573321987071,0.0003104786660993522,0.057795512715873854,0.002889775635793679,0.004466220812762466,0.00022331104063812168,3.0,0.0,0.04593643269199997,0.40355026968909546,0.029192102025969214,,,,,,,,,,,,,,,,
0.06406603396797722,0.20875,0.778,0.01325,0.0024173033889383078,0.0743064135313034,0.011893642658833414,0.06841666585144897,0.6046176806092263,0.0,0.0,0.0,0.0,0.0,0.0,0.21454490747619748,1.6368900537490845,publication,0.5963184833526611,5.5846943855285645,0.5789258008127921,0.6545149455018326,200,0.8687064010676333,2.9174904925748706,-0.009355215937830508,0.5789258008127921,0.6545149481575936,260.4069115447998,mobile,0.041234032364083316,0.05028682426463295,13.020345650685647,13.020345650685647,system,0.0,58,0.6545149481575936,0.07998419365992562,meta_train_support,4,MARGO-SPLIT-v1,20,20,80,3,59,0.0,0.2,20,10,0.0005,0.0005,mrlco_first_order_mean_pseudogradient,fixed_literature_derived_defaults,0.006104326316529664,0.00030521631582648007,0.05681592775458785,0.002840796387729383,0.004390522154919034,0.0002195261077459522,3.0,0.0,0.04624164900782645,0.40639106607682485,0.029411628133715166,,,,,,,,,,,,,,,,
0.04530189905262348,0.19575,0.7925,0.01175,0.0016973839374259114,0.096398264169693,0.00691917709094317,0.0606666675924013,0.7589156111081441,0.0,0.0,0.0,0.0,0.0,0.0,0.21345913104853625,1.480779767036438,publication,0.6481351852416992,5.517687082290649,0.6720943298093723,0.757365887463202,200,0.8949948668810848,2.5853335727006197,0.01856783451512456,0.6720943298093721,0.7573658917006105,886.6673547172546,mobile,0.02966261804242027,0.04180226314733385,44.33336750338422,44.33336750338422,system,0.0,59,0.7573658917006105,0.053261227387699214,meta_train_support,4,MARGO-SPLIT-v1,20,20,80,3,60,0.0,0.2,20,10,0.0005,0.0005,mrlco_first_order_mean_pseudogradient,fixed_literature_derived_defaults,0.006002587544587502,0.0003001293772293759,0.055868995625344725,0.002793449781267221,0.0043173467856703835,0.00021586733928351948,3.0,0.0,0.046541778385055826,0.40918451585809207,0.029627495472998686,,,,,,,,,,,,,,,,
0.08910012886538984,0.1715,0.82125,0.00725,0.003519438672810793,0.04662211239337921,0.01412661618475492,0.0733333325323959,0.7632681479056677,0.0,0.0,0.0,0.0,0.0,0.0,0.1908582663845689,1.5141464471817017,publication,0.6448512077331543,4.844145059585571,0.7702670807966243,0.872562829863964,200,0.7796467334898048,2.264099019113928,0.012738227233057842,0.7702670807966243,0.8725628407346084,195.13702404022217,mobile,0.04471060087094063,0.07342990556073174,9.756851231083282,9.756851231083282,system,0.0,60,0.8725628407346084,0.10094697120197017,meta_train_support,4,MARGO-SPLIT-v1,20,20,80,3,61,0.0,0.2,20,10,0.0005,0.0005,mrlco_first_order_mean_pseudogradient,fixed_literature_derived_defaults,0.005916422244523446,0.00029582111222617447,0.05506459996174684,0.0027532299980873587,0.0042465706088561156,0.00021232853044280547,3.0,0.0,0.046837599497282,0.4119377458561794,0.02983982400344149,,,,,,,,,,,,,,,,
0.06710637388577649,0.18975,0.79875,0.0115,0.0011659247102215886,0.13171592354774475,0.007508853139976661,0.0516666667846342,0.8166149804989496,0.0,0.0,0.0,0.0,0.0,0.0,0.2002610989636653,1.4396919012069702,publication,0.6227307319641113,4.912006855010986,0.5718786145722197,0.644301416359849,200,0.7577305335130957,2.176660385914147,0.010791588516440243,0.5718786145722198,0.6443014266807586,251.160333070755,mobile,0.034801796735949284,0.040107289815658656,12.558017114404498,12.558017114404498,system,0.0,61,0.6443014266807586,0.07619565548364,meta_train_support,4,MARGO-SPLIT-v1,20,20,80,3,62,0.0,0.2,20,10,0.0005,0.0005,mrlco_first_order_mean_pseudogradient,fixed_literature_derived_defaults,0.0058268183842965825,0.0002913409192148303,0.05423051026094634,0.0027115255130473193,0.004183453216833164,0.0002091726608416597,3.0,0.0,0.04712894041649683,0.41464927136922675,0.03004899666428315,,,,,,,,,,,,,,,,
0.04643081728608093,0.1525,0.8385,0.009,0.002261870540678501,0.03148821368813515,0.025016570518103742,0.09424999877810478,0.7061755781372387,0.0,0.0,0.0,0.0,0.0,0.0,0.18618030688029882,1.385105013847351,publication,0.6530840396881104,5.315725803375244,0.6705679641581065,0.7577375413908157,200,0.5366321020949891,1.8103482169099152,0.014159200334688649,0.6705679641581065,0.7577375347726047,1209.3613248062134,mobile,0.02044902983233698,0.08308499161767119,60.4680649431339,60.4680649431339,system,0.0,62,0.7577375347726047,0.04845081865127198,meta_train_support,4,MARGO-SPLIT-v1,20,20,80,3,63,0.0,0.2,20,10,0.0005,0.0005,mrlco_first_order_mean_pseudogradient,fixed_literature_derived_defaults,0.005742627483409864,0.00028713137417049617,0.05340633001539344,0.002670316500769654,0.00411709781143174,0.00020585489057158707,3.0,0.0,0.04741607179066733,0.4173195878699964,0.030254851554854738,,,,,,,,,,,,,,,,
0.06978589886592851,0.17075,0.8195,0.00975,0.001721724052913487,0.04709780588746071,0.011591381928883494,0.07041666659836968,0.7768426229556401,0.0,0.0,0.0,0.0,0.0,0.0,0.19022302994567683,1.3808571100234985,publication,0.63411545753479,5.47829532623291,0.5545047181853866,0.6275318957951277,200,0.6560647342878182,1.9268313329666853,-0.02836979296989739,0.5545047181853865,0.6275318914372474,573.7680763053894,mobile,0.04112979742133442,0.049968694933717736,28.68840320195908,28.68840320195908,system,0.0,63,0.6275318914372474,0.07597715228185069,meta_train_support,4,MARGO-SPLIT-v1,20,20,80,3,64,0.0,0.2,20,10,0.0005,0.0005,mrlco_first_order_mean_pseudogradient,fixed_literature_derived_defaults,0.005652898928981586,0.0002826449464490774,0.05257185610890292,0.00262859280544514,0.004052768158128118,0.0002026384079064046,3.0,0.0,0.047698716737116405,0.41994818067544154,0.030457489962761142,,,,,,,,,,,,,,,,
0.05300920836008856,0.1825,0.8045,0.013,0.0011122676078230143,0.027219146490097046,0.011066966053719322,0.06499999954054753,0.6629925111929575,0.0,0.0,0.0,0.0,0.0,0.0,0.20193810173630203,1.3127570152282715,publication,0.6151523590087891,3.4839820861816406,0.4281670544143265,0.48371540951655334,200,0.570734030977655,1.5275656832382083,-0.02119389921426773,0.42816705441432656,0.48371540181338785,319.28569383621215,mobile,0.03402708396774815,0.042056387008698425,15.964284697545565,15.964284697545565,system,0.0,64,0.48371540181338785,0.06784044386789961,meta_train_support,4,MARGO-SPLIT-v1,20,20,80,3,65,0.0,0.2,20,10,0.0005,0.0005,mrlco_first_order_mean_pseudogradient,fixed_literature_derived_defaults,0.0055659312531510996,0.00027829656265755676,0.051763058322612104,0.002588152916130626,0.003990417878772301,0.00019952089393861575,3.0,0.0,0.04797701329977396,0.42253633359157217,0.030657010856699758,,,,,,,,,,,,,,,,
0.052305149719197176,0.157,0.832,0.011,0.002026525093242526,0.13150694966316223,0.01312839548724393,0.06933333387908835,0.7733721969028314,0.0,0.0,0.0,0.0,0.0,0.0,0.19188920488194072,1.287233829498291,publication,0.6449544429779053,4.922765254974365,0.6742299151585192,0.7585028303878244,200,0.938011131716034,3.308601563796401,0.014870911953039467,0.6742299151585194,0.7585028206650167,478.63824144363406,mobile,0.03147040376511288,0.08805911029438486,23.931911905666354,23.931911905666354,system,0.0,65,0.7585028206650167,0.061088816190492015,meta_train_support,4,MARGO-SPLIT-v1,20,20,80,3,66,0.0,0.2,20,10,0.0005,0.0005,mrlco_first_order_mean_pseudogradient,fixed_literature_derived_defaults,0.005484561071147081,0.00027422805355735436,0.050994627364620876,0.0025497313682310563,0.003929957001821206,0.00019649785009106038,3.0,0.0,0.048251241353331316,0.4250860649598032,0.03085350870679082,,,,,,,,,,,,,,,,
0.05154977395024488,0.1565,0.82975,0.01375,0.0008160403813235462,0.08167295902967453,0.009889266764124233,0.06941666587566336,0.8253314152359963,0.0,0.0,0.0,0.0,0.0,0.0,0.1896668634900992,1.2578775882720947,publication,0.6002547740936279,3.431793212890625,0.5913913682667987,0.6667361482388151,200,0.6979217316981579,2.0941331265494227,0.032667441468220204,0.5913913682667987,0.6667361512966454,449.44660011291506,mobile,0.025212589593618225,0.19562642830409982,22.47233052222017,22.47233052222017,system,0.0,66,0.6667361512966454,0.05758730521519505,meta_train_support,4,MARGO-SPLIT-v1,20,20,80,3,67,0.0,0.2,20,10,0.0005,0.0005,mrlco_first_order_mean_pseudogradient,fixed_literature_derived_defaults,0.005402701950682199,0.00027013509753411047,0.05024285257974061,0.002512142628987024,0.0038739639898964146,0.00019369819949481906,3.0,0.0,0.048521376450865426,0.42759820758879025,0.031047206906285638,,,,,,,,,,,,,,,,
0.06527179855001863,0.14075,0.8505,0.00875,0.0021402169950306416,0.04108591005206108,0.014254646492190663,0.0673333334736526,0.9978220909833908,0.0,0.0,0.0,0.0,0.0,0.0,0.177535653324327,1.2909080982208252,publication,0.6599340438842773,5.063556432723999,0.6870924819649484,0.777449539176805,200,0.6935980661070158,1.9091383271152154,0.03514679885120131,0.6870924819649483,0.777449535150081,582.2372821807861,mobile,0.026561541098889117,0.057223118780468374,29.11186320977853,29.11186320977853,system,0.0,67,0.777449535150081,0.07144103811160193,meta_train_support,4,MARGO-SPLIT-v1,20,20,80,3,68,0.0,0.2,20,10,0.0005,0.0005,mrlco_first_order_mean_pseudogradient,fixed_literature_derived_defaults,0.005329173712071665,0.000266458685603585,0.0495281938186852,0.002476409690934267,0.0038169939312214674,0.0001908496965610726,3.0,0.0,0.04878783513646901,0.4300746172797245,0.03123805660284671,,,,,,,,,,,,,,,,
0.05988041687846779,0.13225,0.858,0.00975,0.001137672457844019,0.12966755032539368,0.01706235073506832,0.07100000018253923,1.1246032426754633,0.0,0.0,0.0,0.0,0.0,0.0,0.17462990248204757,1.2955515384674072,publication,0.5537528991699219,4.797705888748169,1.168244297360074,1.3192578469667113,200,1.3225063913205635,4.168994944542646,0.038274683989584446,1.168244297360074,1.3192578543536364,379.6465624809265,mobile,0.014362630068104277,0.029749355162038124,18.982328345957175,18.982328345957175,system,0.0,68,1.3192578543536364,0.06006147097547071,meta_train_support,4,MARGO-SPLIT-v1,20,20,80,3,69,0.0,0.2,20,10,0.0005,0.0005,mrlco_first_order_mean_pseudogradient,fixed_literature_derived_defaults,0.0052519393104474375,0.0002625969655223742,0.048850985831401295,0.002442549291570062,0.0037820659186543243,0.0001891032959327188,3.0,0.0,0.049050432101991386,0.4325171665712946,0.03142715989877943,,,,,,,,,,,,,,,,
0.05029765376143819,0.116,0.87775,0.00625,0.0012706912821158767,0.04822144657373428,0.008453910291427745,0.057250001048669216,1.0178967734177908,0.0,0.0,0.0,0.0,0.0,0.0,0.16744953471542978,1.3289098739624023,publication,0.661665678024292,5.147718906402588,0.7975540771763101,0.8978231621077429,200,0.7081403217897583,2.098034180700779,0.02585926919709891,0.7975540771763099,0.8978231799975037,834.9518695259094,mobile,0.015633981156842086,0.028534281740079003,41.74759437240752,41.74759437240752,system,0.0,69,0.8978231799975037,0.04518214788183773,meta_train_support,4,MARGO-SPLIT-v1,20,20,80,3,70,0.0,0.2,20,10,0.0005,0.0005,mrlco_first_order_mean_pseudogradient,fixed_literature_derived_defaults,0.00518226919251589,0.0002591134596257941,0.04818073588191144,0.002409036794095598,0.003728036405530691,0.0001864018202765369,3.0,0.0,0.04930954556161718,0.4349262033653902,0.031613561719055966,,,,,,,,,,,,,,,,
0.07070341506597642,0.121,0.872,0.007,0.0016401935135945678,0.09173174947500229,0.009257334302916812,0.04299999950453639,0.9690772051612535,0.0,0.0,0.0,0.0,0.0,0.0,0.16613088831481543,1.4012395143508911,publication,0.6761975288391113,5.320083379745483,0.8723960211814576,0.9829157524046059,200,0.9596618332460651,2.772358232876286,0.036079205106943846,0.8723960211814574,0.9829157409258187,173.94053997039794,mobile,0.02082251733386954,0.02766049979795822,8.697026868008084,8.697026868008084,system,0.0,70,0.9829157409258187,0.0695108731518492,meta_train_support,4,MARGO-SPLIT-v1,20,20,80,3,71,0.0,0.2,20,10,0.0005,0.0005,mrlco_first_order_mean_pseudogradient,fixed_literature_derived_defaults,0.005109279485579047,0.00025546397427895357,0.04753962549501914,0.0023769812747509445,0.0037055845010653056,0.00018527922505326422,3.0,0.0,0.04956500953589613,0.4373031846401411,0.03179884094410923,,,,,,,,,,,,,,,,
0.05763837444689337,0.10875,0.88325,0.008,-0.000689808395691216,0.042953092604875565,0.01385075844397458,0.04083333276212215,0.9117457111676532,0.0,0.0,0.0,0.0,0.0,0.0,0.15876790210840944,1.446982502937317,publication,0.5566749572753906,5.059866905212402,0.7347180432896895,0.8280396905811358,200,0.6936731606112442,2.0252860113978386,-0.03944931598380208,0.7347180432896895,0.8280396938952618,603.6995362567901,mobile,0.023198299094869812,0.028497469200385556,30.184976627295782,30.184976627295782,system,0.0,71,0.8280396938952618,0.06023821542412669,meta_train_support,4,MARGO-SPLIT-v1,20,20,80,3,72,0.0,0.2,20,10,0.0005,0.0005,mrlco_first_order_mean_pseudogradient,fixed_literature_derived_defaults,0.005048260965072967,0.000252413048253651,0.046931188068562155,0.0023465594034280945,0.003654118049661621,0.0001827059024830796,3.0,0.0,0.049817422584149784,0.4396497440435692,0.03198154684659231,,,,,,,,,,,,,,,,
0.05284291302558143,0.08475,0.90775,0.0075,-0.000722263241186738,0.09841743856668472,0.009259509768647454,0.04841666693488757,1.2565671265125276,0.0,0.0,0.0,0.0,0.0,0.0,0.1458378954394879,1.4213612079620361,publication,0.6743521690368652,4.9472975730896,0.8608867056002364,0.9693351792195244,200,0.8011677729759108,2.990334440022707,0.055121903598774225,0.8608867056002365,0.969335184507072,544.8470004081726,mobile,0.008520462216851175,0.01233248181836517,27.2423508794653,27.2423508794653,system,0.0,72,0.969335184507072,0.04140630351225885,meta_train_support,4,MARGO-SPLIT-v1,20,20,80,3,73,0.0,0.2,20,10,0.0005,0.0005,mrlco_first_order_mean_pseudogradient,fixed_literature_derived_defaults,0.004984676378410747,0.00024923381892053703,0.04632365707691109,0.0023161828538455498,0.0036174379023450783,0.0001808718951172572,3.0,0.0,0.05006665640307032,0.44196592689741476,0.03216241874170957,,,,,,,,,,,,,,,,
0.05755024991885199,0.117,0.8745,0.0085,0.0018509156070649624,0.033703673630952835,0.008474849443882704,0.0479166664959242,0.8671667729814846,0.0,0.0,0.0,0.0,0.0,0.0,0.15487922728147446,1.37997567653656,publication,0.6275358200073242,4.773689031600952,0.3618375838731365,0.4079735259957124,200,0.5047704311000426,1.4560912385350093,0.0350887815002352,0.36183758387313647,0.4079735163412988,781.2782881164551,mobile,0.022090263605697862,0.03034256673294478,39.06391384599404,39.06391384599404,system,0.0,73,0.4079735163412988,0.05896465354525712,meta_train_support,4,MARGO-SPLIT-v1,20,20,80,3,74,0.0,0.2,20,10,0.0005,0.0005,mrlco_first_order_mean_pseudogradient,fixed_literature_derived_defaults,0.004917315886810601,0.00024586579434052874,0.045737233803577304,0.0022868616901788874,0.0035685536063674423,0.00017842768031837292,3.0,0.0,0.05031252219741085,0.44425278858759365,0.03234084642202794,,,,,,,,,,,,,,,,
0.08729791096849294,0.06125,0.93575,0.003,-0.00031832282547838986,0.07911679148674011,0.01923931335816936,0.039916666705782214,1.5249755422274271,0.0,0.0,0.0,0.0,0.0,0.0,0.10172867438282872,1.2790534496307373,publication,0.5981335639953613,4.775262355804443,1.060427611838653,1.195665889913762,200,0.7415421682903405,2.360841210000217,0.02759322465863079,1.0604276118386533,1.1956659095175564,729.0565668487549,mobile,0.014235665058579802,0.017741758489984657,36.45282689534613,36.45282689534613,system,0.0,74,1.1956659095175564,0.07075003213214573,meta_train_support,4,MARGO-SPLIT-v1,20,20,80,3,75,0.0,0.2,20,10,0.0005,0.0005,mrlco_first_order_mean_pseudogradient,fixed_literature_derived_defaults,0.00485671795313074,0.00024283589765653618,0.0451541981163882,0.002257709905819416,0.003520972891615876,0.00017604864458079655,3.0,0.0,0.050555358095067386,0.44651049849341307,0.032516895066608736,,,,,,,,,,,,,,,,
0.05800869366749001,0.08825,0.9035,0.00825,0.0004560121742542833,0.028992360457777977,0.012911485281074418,0.03716666619293392,0.8525585589309534,0.0,0.0,0.0,0.0,0.0,0.0,0.1265490907343699,1.1920114755630493,publication,0.6200573444366455,4.90160870552063,0.6000929114268476,0.677388040169426,200,0.7338922792940418,2.1081101773306727,0.0018093431135639548,0.6000929114268476,0.6773880470264703,525.4290867233276,mobile,0.011461462600775392,0.02262108445526536,26.271453349683856,26.271453349683856,system,0.0,75,0.6773880470264703,0.050406047319659704,meta_train_support,4,MARGO-SPLIT-v1,20,20,80,3,76,0.0,0.2,20,10,0.0005,0.0005,mrlco_first_order_mean_pseudogradient,fixed_literature_derived_defaults,0.004792813769536915,0.00023964068847684428,0.04456006393064625,0.0022280031965323244,0.00347464430093672,0.00017373221504683733,3.0,0.0,0.05079499878354423,0.4487385016899454,0.032690627281655574,,,,,,,,,,,,,,,,
0.04916080309063976,0.042,0.95375,0.00425,-0.0006061252788640559,0.15673193335533142,0.00862421737013695,0.02974999966099858,1.4199579363067945,0.0,0.0,0.0,0.0,0.0,0.0,0.0844675196290849,1.1102726459503174,publication,0.6509513854980469,4.7140538692474365,0.9670558643435456,1.0894550611422165,200,0.9480907159753951,3.471406036056578,0.05515685386490077,0.9670558643435457,1.0894550744630396,1360.0450155830383,mobile,0.008904787590464104,0.028840402792174966,68.00225211060375,68.00225211060375,system,0.0,76,1.0894550744630396,0.04004271811554224,meta_train_support,4,MARGO-SPLIT-v1,20,20,80,3,77,0.0,0.2,20,10,0.0005,0.0005,mrlco_first_order_mean_pseudogradient,fixed_literature_derived_defaults,0.004730569434867604,0.0002365284717433802,0.04398136180167682,0.0021990680900838555,0.003429519050275204,0.00017147595251375963,3.0,0.0,0.05103152725528761,0.45093756978002925,0.03286210323416933,,,,,,,,,,,,,,,,
0.06912919984461316,0.068,0.92575,0.00625,-7.736695260973647e-05,0.11754141747951508,0.0049461976726888675,0.027166666649281985,1.2727934824923675,0.0,0.0,0.0,0.0,0.0,0.0,0.10892681627789362,1.0884753465652466,publication,0.39683961868286133,5.27884578704834,0.8611347133637764,0.9722647234101214,200,1.0927617509167333,2.998453165171668,0.0021772825421066955,0.8611347133637764,0.9722646791487932,350.10527883529664,mobile,0.011230060704559553,0.017323822195905014,17.505264063210014,17.505264063210014,system,0.0,77,0.9722646791487932,0.057843994201317465,meta_train_support,4,MARGO-SPLIT-v1,20,20,80,3,78,0.0,0.2,20,10,0.0005,0.0005,mrlco_first_order_mean_pseudogradient,fixed_literature_derived_defaults,0.004669921108779558,0.0002334960554389795,0.04341749818883481,0.0021708749094417334,0.003385550857322958,0.00016927754286615027,3.0,0.0,0.05126502331072659,0.453108444689471,0.033031380777035484,,,,,,,,,,,,,,,,
0.06635066615044657,0.03825,0.9575,0.00425,-0.001882575685158372,0.06491449475288391,0.0036507915935847755,0.019333333211640515,1.309169850250085,0.0,0.0,0.0,0.0,0.0,0.0,0.07653213119203783,1.1193379163742065,publication,0.41548681259155273,5.204054832458496,0.7437327143655004,0.8381107536490162,200,0.6514272231840028,1.928988208528608,0.011601154372328892,0.7437327143655005,0.838110758070834,1047.0311482620239,mobile,0.009914096279079373,0.02113367763996725,52.351559150000085,52.351559150000085,system,0.0,78,0.838110758070834,0.05797550739916847,meta_train_support,4,MARGO-SPLIT-v1,20,20,80,3,79,0.0,0.2,20,10,0.0005,0.0005,mrlco_first_order_mean_pseudogradient,fixed_literature_derived_defaults,0.004610808183351968,0.00023054040916759694,0.04286790960416601,0.00214339548020831,0.0033426957831796293,0.00016713478915898056,3.0,0.0,0.05149556371989419,0.4552518401696793,0.033198515566194464,,,,,,,,,,,,,,,,
0.06586738490861192,0.0425,0.95075,0.00675,-0.0019430613610893488,0.058642882853746414,0.004441925430243525,0.02408333322964609,1.2764253626267115,0.0,0.0,0.0,0.0,0.0,0.0,0.09092986020143058,1.1453680992126465,publication,0.6480212211608887,5.286649465560913,0.6953227811979338,0.7819128081624876,200,0.678445985717206,2.2346055562084075,0.06348183390218765,0.6953227811979336,0.7819128220155835,750.9249084472656,mobile,0.007964750708345077,0.016700480174307007,37.546247076529106,37.546247076529106,system,0.0,79,0.7819128220155835,0.05035095583752108,meta_train_support,4,MARGO-SPLIT-v1,20,20,80,3,80,0.0,0.2,20,10,0.0005,0.0005,mrlco_first_order_mean_pseudogradient,fixed_literature_derived_defaults,0.004553173081060069,0.00022765865405300484,0.04233206073411394,0.0021166030367056887,0.0033009120858898838,0.000165045604294492,3.0,0.0,0.05172322237394719,0.457368443206385,0.033363561170488956,,,,,,,,,,,,,,,,
0.053176740053823154,0.0565,0.933,0.0105,-0.0015136456349864602,0.06524430215358734,0.0049434899916794475,0.036499999727432925,1.1546270166834194,0.0,0.0,0.0,0.0,0.0,0.0,0.12191626544339691,1.1817805767059326,publication,0.504528284072876,3.461459159851074,0.48152374783198965,0.5392268755774603,200,0.7074395869198321,2.243633887730539,0.008390415459871292,0.48152374783198965,0.5392268752492965,809.5378119373322,mobile,0.012984233989527492,0.022230277932742282,40.47689110991452,40.47689110991452,system,0.0,80,0.5392268752492965,0.052413810198266415,meta_train_support,4,MARGO-SPLIT-v1,20,20,80,3,81,0.0,0.2,20,10,0.0005,0.0005,mrlco_first_order_mean_pseudogradient,fixed_literature_derived_defaults,0.004496961067713649,0.00022484805338568448,0.041809442700359446,0.002090472135017951,0.003260160084829515,0.00016300800424147444,3.0,0.0,0.051948070427332876,0.45945891534140293,0.03352656917473043,,,,,,,,,,,,,,,,
0.07276164542462885,0.0335,0.95825,0.00825,-0.0010003956267610192,0.37107375264167786,0.002197154791792854,0.010083333356305959,1.7781546647349995,0.0,0.0,0.0,0.0,0.0,0.0,0.09792223649892948,1.2626594305038452,publication,0.6213886737823486,4.7104551792144775,1.1039866600758288,1.2413675416465388,200,1.215349293943258,3.4228931609541178,0.04222351017961046,1.1039866600758288,1.2413675350882114,481.89858991622924,mobile,0.004880709584079819,0.014885798250169295,24.0949292601471,24.0949292601471,system,0.0,81,1.2413675350882114,0.05195185447557389,meta_train_support,4,MARGO-SPLIT-v1,20,20,80,3,82,0.0,0.2,20,10,0.0005,0.0005,mrlco_first_order_mean_pseudogradient,fixed_literature_derived_defaults,0.00444244892415121,0.00022212244620756216,0.041306212223638734,0.0020653106111819253,0.003220402035014521,0.00016102010175072373,3.0,0.0,0.05217019287354044,0.46152422595258485,0.033687589276481154,,,,,,,,,,,,,,,,
0.06834683177127478,0.04125,0.94525,0.0135,-0.002016120357438922,0.08967060595750809,0.006150390185697082,0.02524999999441206,1.0108461139102778,0.0,0.0,0.0,0.0,0.0,0.0,0.13217242445839195,1.2845792770385742,publication,0.6533844470977783,5.334927320480347,0.7925681887514497,0.8946478197811939,200,1.0289161522413925,2.2960152430459857,0.01368956349324435,0.7925681887514496,0.8946478214208037,302.3093888282776,mobile,0.006937578243844925,0.014165459926817985,15.11546867945584,15.11546867945584,system,0.0,82,0.8946478214208037,0.05949395965385005,meta_train_support,4,MARGO-SPLIT-v1,20,20,80,3,83,0.0,0.2,20,10,0.0005,0.0005,mrlco_first_order_mean_pseudogradient,fixed_literature_derived_defaults,0.00438892544313734,0.00021944627215686463,0.04080854701612501,0.0020404273508062287,0.0031816020104962735,0.00015908010052481658,3.0,0.0,0.0523896391456973,0.4635646533033911,0.03384666937700597,,,,,,,,,,,,,,,,
0.047580981191278196,0.04375,0.947,0.00925,-0.0018492668168619275,0.08066260814666748,0.003345934150274843,0.021833333326503637,0.9352341103057068,0.0,0.0,0.0,0.0,0.0,0.0,0.14474833853497818,1.3582061529159546,publication,0.6139576435089111,5.130599021911621,0.4586648870494729,0.5136603338676013,200,0.7342853236075297,2.3644124957500026,0.03569755845637701,0.45866488704947284,0.5136603038571775,374.24205892562867,mobile,0.006069202015767807,0.012851030375396406,18.712103287034125,18.712103287034125,system,0.0,83,0.5136603038571775,0.037494512416245886,meta_train_support,4,MARGO-SPLIT-v1,20,20,80,3,84,0.0,0.2,20,10,0.0005,0.0005,mrlco_first_order_mean_pseudogradient,fixed_literature_derived_defaults,0.004336676330719038,0.00021683381653594958,0.04032273098021876,0.0020161365490109495,0.0031437257960856037,0.0001571862898042814,3.0,0.0,0.05260647296223325,0.46558078985240203,0.03400385566681025,,,,,,,,,,,,,,,,
0.0595512867596957,0.0175,0.9735,0.009,-0.002114776289090514,0.14436350762844086,0.005585197748344702,0.019249999926735956,1.224654723952214,0.0,0.0,0.0,0.0,0.0,0.0,0.10348453229364797,1.3312618732452393,publication,0.6813046932220459,5.190101146697998,0.8693158046840574,0.9795775437689735,200,0.8513562639802915,2.5046220365620684,0.047518839593976736,0.8693158046840577,0.9795775327086449,544.2927428722381,mobile,0.0034862781981301024,0.009845921270744257,27.21463678782552,27.21463678782552,system,0.0,84,0.9795775327086449,0.04566171283814125,meta_train_support,4,MARGO-SPLIT-v1,20,20,80,3,85,0.0,0.2,20,10,0.0005,0.0005,mrlco_first_order_mean_pseudogradient,fixed_literature_derived_defaults,0.004287001753198681,0.0002143500876599369,0.03986649042283273,0.0019933245211416484,0.003106740786719891,0.00015533703933599124,3.0,0.0,0.05282082304989319,0.4675741143735437,0.034159192706146244,,,,,,,,,,,,,,,,
0.056544760380409474,0.0215,0.96675,0.01175,-0.0018390403129160404,0.17413446307182312,0.004520998602068479,0.022000000020489095,1.2559518143534658,0.0,0.0,0.0,0.0,0.0,0.0,0.11609530117263651,1.3071554899215698,publication,0.6317400932312012,5.0616865158081055,0.9557737082087704,1.076641085701085,200,1.1540859770770242,3.053325517103076,0.03763354725379031,0.9557737082087702,1.076641048770398,604.2581005001068,mobile,0.0033360635561959996,0.009983337143740363,30.21290343923247,30.21290343923247,system,0.0,85,1.076641048770398,0.04784902688160939,meta_train_support,4,MARGO-SPLIT-v1,20,20,80,3,86,0.0,0.2,20,10,0.0005,0.0005,mrlco_first_order_mean_pseudogradient,fixed_literature_derived_defaults,0.004238013457350936,0.00021190067286754738,0.0394332788623266,0.0019716639431163197,0.003070615893851055,0.00015353079469255376,3.0,0.0,0.05303272372276074,0.46954577831666,0.0343127235008388,,,,,,,,,,,,,,,,
0.06396778067268928,0.01625,0.973,0.01075,-0.0015401453711092472,0.0740736871957779,0.005896535625894708,0.02350000034396847,1.1156265050172804,0.0,0.0,0.0,0.0,0.0,0.0,0.10181496438908423,1.350864291191101,publication,0.6570322513580322,4.401113033294678,0.5916001491590444,0.6660352535850962,200,0.8214448811946906,2.709322927054018,-0.028866501641459763,0.5916001491590441,0.6660352607467211,642.9033461475373,mobile,0.004693159101251381,0.012202584635810254,32.14516820343932,32.14516820343932,system,0.0,86,0.6660352607467211,0.05300408159284064,meta_train_support,4,MARGO-SPLIT-v1,20,20,80,3,87,0.0,0.2,20,10,0.0005,0.0005,mrlco_first_order_mean_pseudogradient,fixed_literature_derived_defaults,0.004204338438224678,0.00021021692191123403,0.03904074818892765,0.0019520374094463833,0.0030353214582895484,0.00015176607291447763,3.0,0.0,0.05324294064467197,0.4714978157261064,0.034464489573753275,,,,,,,,,,,,,,,,
0.0775574531687687,0.016,0.97575,0.00825,-0.002104041166603565,0.061990123242139816,0.005867173543629178,0.019833333619559804,1.2369202216466268,0.0,0.0,0.0,0.0,0.0,0.0,0.09894462583435921,1.2460894584655762,publication,0.6667799949645996,5.256126403808594,0.884188091310017,0.9972089697630873,200,0.9555839015017642,2.3940320366527885,-0.03751413391000824,0.8841880913100167,0.9972089691390283,281.5272270488739,mobile,0.003697545240247394,0.01636213769709548,14.076361680695646,14.076361680695646,system,0.0,87,0.9972089691390283,0.06684159548421859,meta_train_support,4,MARGO-SPLIT-v1,20,20,80,3,88,0.0,0.2,20,10,0.0005,0.0005,mrlco_first_order_mean_pseudogradient,fixed_literature_derived_defaults,0.004156682286074009,0.0002078341143037024,0.03861267493201856,0.0019306337466009071,0.0030008291689908036,0.0001500414584495388,3.0,0.0,0.053450774758975673,0.4734284494727073,0.034614531032202814,,,,,,,,,,,,,,,,
0.050085271852822175,0.01025,0.982,0.00775,-0.0030679996125400066,0.12714217603206635,0.003093189058017742,0.015750000020489093,1.1278765136996907,0.0,0.0,0.0,0.0,0.0,0.0,0.10161495392485875,1.2338347434997559,publication,0.63427734375,4.788624048233032,0.6032938070469632,0.6781677950322955,200,0.9968033380110081,2.911658546363469,-0.009186446783132851,0.6032938070469632,0.6781678209127858,314.1300852489471,mobile,0.004700977151868805,0.016574767145981176,15.706503796482496,15.706503796482496,system,0.0,88,0.6781678209127858,0.045388509565966545,meta_train_support,4,MARGO-SPLIT-v1,20,20,80,3,89,0.0,0.2,20,10,0.0005,0.0005,mrlco_first_order_mean_pseudogradient,fixed_literature_derived_defaults,0.004111853051367302,0.0002055926525683649,0.038196247458827465,0.0019098123729413552,0.0029671119873167498,0.00014835559936583753,3.0,0.0,0.05365636741154404,0.47533826184564865,0.03476288663156865,,,,,,,,,,,,,,,,
0.04086454468873073,0.00975,0.9845,0.00575,-0.0015102020697668195,0.039540961384773254,0.004301223522876778,0.008583333265657227,1.042387907207012,0.0,0.0,0.0,0.0,0.0,0.0,0.07183429656029457,1.1535156965255737,publication,0.6563441753387451,4.785667896270752,0.4396575307989696,0.4927698188400245,200,0.515375227109999,1.6669117826968431,-0.011471215751953423,0.43965753079896946,0.49276982630603017,902.8521418762207,mobile,0.006734400034090664,0.009275637537944996,45.142609258433176,45.142609258433176,system,0.0,89,0.49276982630603017,0.036943430745577384,meta_train_support,4,MARGO-SPLIT-v1,20,20,80,3,90,0.0,0.2,20,10,0.0005,0.0005,mrlco_first_order_mean_pseudogradient,fixed_literature_derived_defaults,0.004066165795240999,0.00020330828976204696,0.037773406965039356,0.001888670348251964,0.0029341440763465637,0.000146707203817327,3.0,0.0,0.053859675701306085,0.4772269321939006,0.03490959383538598,,,,,,,,,,,,,,,,
0.05740236941814143,0.00425,0.98975,0.006,-0.0016007141675800085,0.0808478444814682,0.005893525685193406,0.005499999954675634,1.4812363530198733,0.0,0.0,0.0,0.0,0.0,0.0,0.05544621129129208,1.1363815069198608,publication,0.5951991081237793,5.210310459136963,0.7490082196498057,0.8435517568336217,200,0.6651250625606774,2.223487756564282,0.07364345679525286,0.7490082196498058,0.843551727347076,546.7819826889038,mobile,0.0022858389055293747,0.019637640798832665,27.339098045082167,27.339098045082167,system,0.0,90,0.843551727347076,0.045653371855005814,meta_train_support,4,MARGO-SPLIT-v1,20,20,80,3,91,0.0,0.2,20,10,0.0005,0.0005,mrlco_first_order_mean_pseudogradient,fixed_literature_derived_defaults,0.0040235142733810745,0.0002011757136690523,0.037393918597834,0.0018696959298917237,0.0029019007348482498,0.00014509503674241253,3.0,0.0,0.05406085141497514,0.47909662812379233,0.03505468887212839,,,,,,,,,,,,,,,,
0.06810269169564695,0.00375,0.99175,0.0045,-0.0007160251261666417,0.061737533658742905,0.004260100822042053,0.004833333256344,1.7039570957422256,0.0,0.0,0.0,0.0,0.0,0.0,0.049134514543226246,1.0816524028778076,publication,0.6239211559295654,3.3349430561065674,0.6449065084925261,0.7256100538472674,200,0.6338009566486748,1.8454060554504395,0.05515830576769076,0.644906508492526,0.725610053408891,442.8719095993042,mobile,0.0035256874435267422,0.009737855329599265,22.143597232282495,22.143597232282495,system,0.0,91,0.725610053408891,0.05911706439069611,meta_train_support,4,MARGO-SPLIT-v1,20,20,80,3,92,0.0,0.2,20,10,0.0005,0.0005,mrlco_first_order_mean_pseudogradient,fixed_literature_derived_defaults,0.003990857723656342,0.00019954288618281857,0.0370578103289798,0.0018528905164489906,0.0028703583355564207,0.00014351791677782305,3.0,0.0,0.054260394301157956,0.4809495186402413,0.035198206788906214,,,,,,,,,,,,,,,,
0.06411392394095353,0.00275,0.99275,0.0045,-0.0016665828879922628,0.1288454234600067,0.0046570303527308475,0.007499999816839895,1.7593429207801823,0.0,0.0,0.0,0.0,0.0,0.0,0.047647442561459204,0.9824979305267334,publication,0.6440033912658691,5.246070146560669,0.608005375119443,0.683722780396929,200,0.7280406352846083,2.2834959849715233,0.03415665205102414,0.6080053751194427,0.6837227381765842,448.4412836456299,mobile,0.002874992141370027,0.008837495407518083,22.422065697324083,22.422065697324083,system,0.0,92,0.6837227381765842,0.05372607532976224,meta_train_support,4,MARGO-SPLIT-v1,20,20,80,3,93,0.0,0.2,20,10,0.0005,0.0005,mrlco_first_order_mean_pseudogradient,fixed_literature_derived_defaults,0.003961309946084436,0.00019806549730422285,0.03673269482503893,0.0018366347412519524,0.002839494267432158,0.00014197471337160789,3.0,0.0,0.05445845979846218,0.4827861533814933,0.03534018150227782,,,,,,,,,,,,,,,,
0.05202850820273412,0.0015,0.99425,0.00425,-0.0016941303620114923,0.36689436435699463,0.002155638356042762,0.0026666666070620216,2.1603941942254705,0.0,0.0,0.0,0.0,0.0,0.0,0.03776593567272437,0.9473860859870911,publication,0.5966057777404785,4.632463455200195,0.7999959253564076,0.8998722260652721,200,0.93233141901835,3.0545854968950152,0.032434074324555695,0.7999959253564077,0.8998722276650369,836.3960815048217,mobile,0.006977787451861033,0.06818398866422255,41.81980139109367,41.81980139109367,system,0.0,93,0.8998722276650369,0.0488719471069609,meta_train_support,4,MARGO-SPLIT-v1,20,20,80,3,94,0.0,0.2,20,10,0.0005,0.0005,mrlco_first_order_mean_pseudogradient,fixed_literature_derived_defaults,0.003919168350913325,0.00019595841754566773,0.036354256899132395,0.0018177128449566315,0.002809286881608412,0.00014046434408042374,3.0,0.0,0.05465441821600785,0.4846038662264499,0.035480645846358246,,,,,,,,,,,,,,,,
0.07694947686879684,0.00325,0.992,0.00475,-0.0008982092258520424,0.06647969782352448,0.003612152311916361,0.004583333292976021,1.5925154974063238,0.0,0.0,0.0,0.0,0.0,0.0,0.04652831131392344,0.978145182132721,publication,0.6652288436889648,5.050005674362183,0.6159642740572919,0.6950872627490026,200,0.8236905799009892,2.2710741655901074,0.013597610406577587,0.6159642740572919,0.6950872647296638,207.55441078186035,mobile,0.004698104291307597,0.019197431264434208,10.377720554936388,10.377720554936388,system,0.0,94,0.6950872647296638,0.0625641024190356,meta_train_support,4,MARGO-SPLIT-v1,20,20,80,3,95,0.0,0.2,20,10,0.0005,0.0005,mrlco_first_order_mean_pseudogradient,fixed_literature_derived_defaults,0.003879419773516503,0.0001939709886758234,0.03600708415125343,0.0018003542075626933,0.002779715440749376,0.00013898577203746987,3.0,0.0,0.05484838920468367,0.4864042204340126,0.035619631618395715,,,,,,,,,,,,,,,,
0.06604803423154174,0.00325,0.99275,0.004,-0.00038365175714716315,0.24653659760951996,0.002684999007396982,0.004499999961505333,2.366014629602432,0.0,0.0,0.0,0.0,0.0,0.0,0.04344299530478469,0.9902821183204651,publication,0.5704119205474854,5.2804646492004395,0.8471125687214851,0.9552454075344144,200,1.2157454485993187,4.047873844392598,0.0364089938931329,0.8471125687214851,0.9552454199641943,394.3885283279419,mobile,0.001864970270968843,0.016405572357049758,19.719426554770603,19.719426554770603,system,0.0,95,0.9552454199641943,0.050946271237579416,meta_train_support,4,MARGO-SPLIT-v1,20,20,80,3,96,0.0,0.2,20,10,0.0005,0.0005,mrlco_first_order_mean_pseudogradient,fixed_literature_derived_defaults,0.0038451722609660535,0.00019225861304830033,0.03565623859279705,0.0017828119296398603,0.0027507600715749032,0.00013753800357874796,3.0,0.0,0.05504064781773197,0.48818703236365246,0.03575716962197446,,,,,,,,,,,,,,,,
0.06014546728817101,0.004,0.99375,0.00225,-0.0004846060764975846,0.19793817400932312,0.002260761906745756,0.003999999957159162,2.5028536329666773,0.0,0.0,0.0,0.0,0.0,0.0,0.038940871736869324,1.10159432888031,publication,0.561704158782959,4.6811158657073975,0.8543537946843582,0.9615439161646645,200,0.997451287472486,2.5314257089048624,0.04161871434189379,0.8543537946843582,0.9615439165011048,895.6937621688843,mobile,0.0007719198998754398,0.001500195797732116,44.7846874909419,44.7846874909419,system,0.0,96,0.9615439165011048,0.04625038584684196,meta_train_support,4,MARGO-SPLIT-v1,20,20,80,3,97,0.0,0.2,20,10,0.0005,0.0005,mrlco_first_order_mean_pseudogradient,fixed_literature_derived_defaults,0.003805531309822074,0.0001902765654911015,0.03528864850421151,0.0017644324252105714,0.002722401720321554,0.00013612008601607967,3.0,0.0,0.05523092438322307,0.48995146478886303,0.03589328970799054,,,,,,,,,,,,,,,,
0.04023696862566847,0.004,0.99325,0.00275,-0.00031434002448804677,0.08978832513093948,0.002863000679250642,0.004166666604578495,2.084375564257304,0.0,0.0,0.0,0.0,0.0,0.0,0.04002456433671842,1.1130342483520508,publication,0.6676149368286133,5.008814811706543,0.578189839806114,0.6497172646572471,200,0.5896290417044665,1.8948172321543097,0.029019050271017477,0.578189839806114,0.649717258354649,1312.4666001319886,mobile,0.0002741010645684392,0.0025816999946812074,65.62333279969761,65.62333279969761,system,0.0,97,0.649717258354649,0.028136749878503613,meta_train_support,4,MARGO-SPLIT-v1,20,20,80,3,98,0.0,0.2,20,10,0.0005,0.0005,mrlco_first_order_mean_pseudogradient,fixed_literature_derived_defaults,0.003766699357681032,0.00018833496788404902,0.03492856025416854,0.001746428012708412,0.0026946221109305176,0.0001347311055465289,3.0,0.0,0.05541925935110712,0.49169789280157145,0.03602802081353707,,,,,,,,,,,,,,,,
0.06494989588344885,0.00325,0.994,0.00275,-0.0008907893789000809,0.10594533383846283,0.002044313763023335,0.0037499999472250544,1.7772654632727307,0.0,0.0,0.0,0.0,0.0,0.0,0.03598642997590685,1.1330605745315552,publication,0.6281023025512695,5.218569755554199,0.5377307565536009,0.6052240624019737,200,0.8421140957421921,2.9098570086061954,0.035066886455751956,0.5377307565536011,0.6052240639925003,362.1108872127533,mobile,0.0008107098655592411,0.0047903349499231265,18.105544640549038,18.105544640549038,system,0.0,98,0.6052240639925003,0.05221644778529555,meta_train_support,4,MARGO-SPLIT-v1,20,20,80,3,99,0.0,0.2,20,10,0.0005,0.0005,mrlco_first_order_mean_pseudogradient,fixed_literature_derived_defaults,0.0037422976459854174,0.00018711488229927048,0.03463030932315637,0.0017315154661577958,0.0026674037057696034,0.00013337018528847971,3.0,0.0,0.05560637423340639,0.49342940826772924,0.03616139099882555,,,,,,,,,,,,,,,,
0.07706444775998925,0.00325,0.9955,0.00125,5.9831847465829924e-05,0.12673527002334595,0.0007737396214755184,0.002499999944120646,2.5120501508315405,0.0,0.0,0.0,0.0,0.0,0.0,0.030104313050726767,1.0585378408432007,publication,0.6472420692443848,5.220164060592651,0.7613533519750646,0.8598041857613135,200,0.8096555188948399,2.445802193135023,0.05482401675544679,0.7613533519750645,0.8598041859641671,255.226976108551,mobile,0.0009758317317708731,0.004375587247521206,12.761348534688471,12.761348534688471,system,0.0,99,0.8598041859641671,0.057917625515467724,meta_train_support,4,MARGO-SPLIT-v1,20,20,80,3,100,0.0,0.2,20,10,0.0005,0.0005,mrlco_first_order_mean_pseudogradient,fixed_literature_derived_defaults,0.003704874669525563,0.00018524373347628131,0.0342840062299248,0.0017142003114962168,0.002640729668711907,0.0001320364834355922,3.0,0.0,0.05579161796688267,0.49514360857922546,0.036293427482261144,,,,,,,,,,,,,,,,
0.06921303365637041,0.00275,0.995,0.00225,0.00016340077854692936,0.20038792490959167,0.002160808674470142,0.0027499999385327102,1.9164117594559986,0.0,0.0,0.0,0.0,0.0,0.0,0.02753639383191566,0.9726203680038452,publication,0.5515561103820801,3.4607489109039307,0.8018591025585985,0.9037580017381334,200,1.0445115251633341,2.9307704782113433,0.0042801324161700904,0.8018591025585984,0.9037579871760681,213.4908411502838,mobile,0.0012866228053181076,0.004114078010058691,10.674541884379078,10.674541884379078,system,0.0,100,0.9037579871760681,0.053180591936410476,meta_train_support,4,MARGO-SPLIT-v1,20,20,80,3,101,0.0,0.2,20,10,0.0005,0.0005,mrlco_first_order_mean_pseudogradient,fixed_literature_derived_defaults,0.0036691131207080307,0.00018345565603539865,0.03396061084792755,0.001698030542396367,0.002614583830407829,0.00013072919152039286,3.0,0.0,0.05597507362291807,0.4968416391216218,0.03642415667378154,-0.1442488578688214,-0.14717915881531093,0.14717915881531093,0.1,0.325,0.05,0.055,0.975,0.975,0.0,validation/automotive_lexicographic_v1,automotive_lexicographic_v1,a3bd00d5108237acdb706f561212b5d840bac151f48b5250a61c573d9c9ffb6c,382628563.0,0.14717915881531093,0.0
0.04948173160452439,0.0015,0.9955,0.003,-0.001060839626006782,0.14529089629650116,0.0008051038720850556,0.002499999944120646,1.7202174653609592,0.0,0.0,0.0,0.0,0.0,0.0,0.023477047720864383,0.9501088857650757,publication,0.6470961570739746,5.365633726119995,0.6138677317039779,0.6915559636098624,200,0.8008692085327077,2.421393690747209,0.018267971550812945,0.6138677317039779,0.6915559823345393,633.4062491226197,mobile,0.0016328864025992474,0.024345094739560612,31.6703111216482,31.6703111216482,system,0.0,101,0.6915559823345393,0.041810307306998855,meta_train_support,4,MARGO-SPLIT-v1,20,20,80,3,102,0.0,0.2,20,10,0.0005,0.0005,mrlco_first_order_mean_pseudogradient,fixed_literature_derived_defaults,0.0036450843511853337,0.00018225421755926896,0.03367142431200387,0.0016835712156001992,0.002588950655599909,0.0001294475327799985,3.0,0.0,0.05615732784047734,0.498525210337222,0.036553604206561535,,,,,,,,,,,,,,,,
0.058228121455229154,0.00075,0.998,0.00125,-0.0012355407234281301,0.09517298638820648,0.0004631902005561036,0.001333333303531011,1.6948718100786209,0.0,0.0,0.0,0.0,0.0,0.0,0.02191433125858439,0.8691253662109375,publication,0.5179407596588135,5.445744037628174,0.5945358431638238,0.6673157117729351,200,0.8162635082335998,2.4447512067854404,0.04367196932435036,0.5945358431638236,0.6673157101497054,402.12792055130006,mobile,0.0051811994064229925,0.007699071661180966,20.106396919129434,20.106396919129434,system,0.0,102,0.6673157101497054,0.04868456995678022,meta_train_support,4,MARGO-SPLIT-v1,20,20,80,3,103,0.0,0.2,20,10,0.0005,0.0005,mrlco_first_order_mean_pseudogradient,fixed_literature_derived_defaults,0.0036096951827272235,0.00018048475913635953,0.03334544031302989,0.0016672720156514775,0.0025638152123416574,0.00012819076061708345,3.0,0.0,0.0563378125996137,0.5001924823528735,0.03668179496717862,,,,,,,,,,,,,,,,
0.03804899784965614,0.00175,0.99625,0.002,-0.0002720627817325294,0.0372224785387516,0.0007093976821314148,0.0020833332867672043,1.0176047831773758,0.0,0.0,0.0,0.0,0.0,0.0,0.02855838665188032,0.7272157073020935,publication,0.6288876533508301,5.338444709777832,0.29754111277779705,0.3337081436643712,200,0.41639348637985657,1.2192478184588253,0.0343407206091797,0.29754111277779705,0.33370815124362707,494.3621786880493,mobile,0.0017147255942318975,0.011381886959702032,24.718108105353814,24.718108105353814,system,0.0,103,0.33370815124362707,0.033654129173905416,meta_train_support,4,MARGO-SPLIT-v1,20,20,80,3,104,0.0,0.2,20,10,0.0005,0.0005,mrlco_first_order_mean_pseudogradient,fixed_literature_derived_defaults,0.003574986575201,0.00017874932876005278,0.03302481107925076,0.0016512405539624853,0.0025391631429922184,0.00012695815714960923,3.0,0.0,0.05651656192837375,0.501843722906836,0.03680875312432823,,,,,,,,,,,,,,,,
0.07379852200119685,0.0015,0.99725,0.00125,-0.001070505240932107,0.1320750117301941,0.001016230248690893,0.0016666666449358068,1.525472922126452,0.0,0.0,0.0,0.0,0.0,0.0,0.030038918342325145,0.794165849685669,publication,0.6595592498779297,4.639545440673828,0.7350328755271969,0.8284961826787185,200,0.9853337595278375,2.81553966231877,0.03460571299001458,0.7350328755271969,0.8284962009824812,158.94309175491333,mobile,0.0019404589720439544,0.007644370468836612,7.947154517599067,7.947154517599067,system,0.0,104,0.8284962009824812,0.06103620189380182,meta_train_support,4,MARGO-SPLIT-v1,20,20,80,3,105,0.0,0.2,20,10,0.0005,0.0005,mrlco_first_order_mean_pseudogradient,fixed_literature_derived_defaults,0.0035421005333367275,0.0001771050266668392,0.03272608572729097,0.0016363042863645205,0.002514980636868483,0.00012574903184342512,3.0,0.0,0.05669366695504059,0.5034800271932005,0.03693450215617165,,,,,,,,,,,,,,,,
0.06383223645446524,0.0045,0.99225,0.00325,0.00017268158262595534,0.021962638944387436,0.0024539329084897568,0.004249999936049183,0.9520623624324799,0.0,0.0,0.0,0.0,0.0,0.0,0.035353279224893217,0.8072964549064636,publication,0.5646135807037354,4.478886127471924,0.24980732383710083,0.2811214716512768,200,0.49327680200102203,1.7368059963919222,0.040489119361154735,0.2498073238371009,0.28112146181985737,477.29279582977296,mobile,0.0019147592047898951,0.009134300280571474,23.864638435071793,23.864638435071793,system,0.0,105,0.28112146181985737,0.05518699104109615,meta_train_support,4,MARGO-SPLIT-v1,20,20,80,3,106,0.0,0.2,20,10,0.0005,0.0005,mrlco_first_order_mean_pseudogradient,fixed_literature_derived_defaults,0.0035086844905693995,0.00017543422452846735,0.03241734906948634,0.0016208674534743395,0.0024912544044451953,0.0001245627202222585,3.0,0.0,0.05686910117956906,0.5051008946466748,0.03705906487639391,,,,,,,,,,,,,,,,
0.05120789588223832,0.00425,0.99475,0.001,-0.0014615454711019993,0.1247495710849762,0.001861357956727261,0.0029166666325181724,1.1929960501690704,0.0,0.0,0.0,0.0,0.0,0.0,0.03163610354236137,0.7549081444740295,publication,0.5349786281585693,4.747673749923706,0.6457434889183176,0.726144823939103,200,0.8017545720977143,2.3138767667114735,0.034251557663083076,0.6457434889183176,0.7261448120698333,836.4219939804077,mobile,0.0027588005034940633,0.06158760379454944,41.82109966910971,41.82109966910971,system,0.0,106,0.7261448120698333,0.041231705986418905,meta_train_support,4,MARGO-SPLIT-v1,20,20,80,3,107,0.0,0.2,20,10,0.0005,0.0005,mrlco_first_order_mean_pseudogradient,fixed_literature_derived_defaults,0.0034758930467323024,0.00017379465233661323,0.03211438319033227,0.001605719159516572,0.002467971653001782,0.00012339858265009163,3.0,0.0,0.05704289583190567,0.5067066138061914,0.037182463459044,,,,,,,,,,,,,,,,
0.05111514637854311,0.003,0.99475,0.00225,-0.0021806180011481047,0.05967044085264206,0.0016667612811488652,0.0029166666014740867,1.1480618168910346,0.0,0.0,0.0,0.0,0.0,0.0,0.039985433000886944,0.7779832482337952,publication,0.5846223831176758,4.776653528213501,0.5282387964054513,0.5941138805538116,200,0.640595461871557,2.007527502719313,0.02160014856053749,0.5282387964054513,0.5941138987522572,649.0528252983094,mobile,0.005889925986924638,0.02619376776872728,32.45264037398291,32.45264037398291,system,0.0,107,0.5941138987522572,0.04739130457756879,meta_train_support,4,MARGO-SPLIT-v1,20,20,80,3,108,0.0,0.2,20,10,0.0005,0.0005,mrlco_first_order_mean_pseudogradient,fixed_literature_derived_defaults,0.003468740459916603,0.0001734370229958329,0.031926459113816245,0.0015963229556907876,0.002445120063622136,0.0001222560031811093,3.0,0.0,0.057216332854901505,0.5083029367618822,0.03730471946222511,,,,,,,,,,,,,,,,
0.07433071760832917,0.0035,0.99425,0.00225,-0.0016392592806369066,0.31953805685043335,0.0011788040844559569,0.0026666666070620216,1.7514071345329285,0.0,0.0,0.0,0.0,0.0,0.0,0.04284402809210802,0.8899545669555664,publication,0.6505272388458252,4.9825146198272705,0.9518198659328277,1.0703017439637916,200,1.1907701502066161,3.0981942834332585,0.007711481070145965,0.9518198659328279,1.0703017394430936,513.5455913448334,mobile,0.003980498207022524,0.03687865867905447,25.67727693979878,25.67727693979878,system,0.0,108,1.0703017394430936,0.06584009479826668,meta_train_support,4,MARGO-SPLIT-v1,20,20,80,3,109,0.0,0.2,20,10,0.0005,0.0005,mrlco_first_order_mean_pseudogradient,fixed_literature_derived_defaults,0.0034828235113921855,0.00017414117556961012,0.03179734358468038,0.001589867179234039,0.002422687769460465,0.00012113438847302649,3.0,0.0,0.057390474030471116,0.5098928039411162,0.03742585385069814,,,,,,,,,,,,,,,,
0.07398086094414566,0.00525,0.9925,0.00225,-0.0012633559526875615,0.03835161402821541,0.003427886651115841,0.004749999924873312,1.0992742091417314,0.0,0.0,0.0,0.0,0.0,0.0,0.050635733515155594,0.992785632610321,publication,0.6146528720855713,5.113027572631836,0.5433734999464961,0.6138842530011607,200,0.7062588419520657,2.1881907610222697,0.04955084971152246,0.5433734999464961,0.6138842341676355,294.978134059906,mobile,0.0016492081873871814,0.005775789688221234,14.748906288547502,14.748906288547502,system,0.0,109,0.6138842341676355,0.059586291850209,meta_train_support,4,MARGO-SPLIT-v1,20,20,80,3,110,0.0,0.2,20,10,0.0005,0.0005,mrlco_first_order_mean_pseudogradient,fixed_literature_derived_defaults,0.0034602484938084416,0.00017301242469042188,0.03155036808004222,0.0015775184040021095,0.0024006633351926427,0.00012003316675963244,3.0,0.0,0.05756348645516154,0.5114703223451184,0.03754588701745777,,,,,,,,,,,,,,,,
0.06524031350575146,0.00575,0.98825,0.006,-6.503501936094835e-05,0.04827302321791649,0.002923771775870895,0.006416666647419333,1.074913190305233,0.0,0.0,0.0,0.0,0.0,0.0,0.05757671549296954,1.0718997716903687,publication,0.5270857810974121,5.391333103179932,0.48354803861855705,0.5427608260722627,200,0.6602465681795283,2.137705881614238,0.026466807241376955,0.4835480386185571,0.5427608269639314,396.34376262664796,mobile,0.0013380091105890588,0.006387829439682136,19.817188199330555,19.817188199330555,system,0.0,110,0.5427608269639314,0.05508378128011987,meta_train_support,4,MARGO-SPLIT-v1,20,20,80,3,111,0.0,0.2,20,10,0.0005,0.0005,mrlco_first_order_mean_pseudogradient,fixed_literature_derived_defaults,0.0034437895011135418,0.0001721894750556785,0.031319373064373636,0.0015659686532186745,0.002379329437856518,0.0001189664718928285,3.0,0.0,0.057735675930217216,0.513036290998337,0.0376648534893506,,,,,,,,,,,,,,,,
0.04658367379835803,0.0065,0.99075,0.00275,-0.0010987319983541965,0.07335562258958817,0.0027878769858943994,0.005083333281800151,1.0098431358734767,0.0,0.0,0.0,0.0,0.0,0.0,0.048835679573666725,0.9483800530433655,publication,0.4805874824523926,3.3473896980285645,0.5576642506885661,0.6264171577157686,200,0.6851417027515294,2.3365716075059026,0.051157261194020975,0.5576642506885661,0.626417152248323,616.4765228366851,mobile,0.0014590756788935941,0.022071500360819476,30.82382467393692,30.82382467393692,system,0.0,111,0.626417152248323,0.04143776801309317,meta_train_support,4,MARGO-SPLIT-v1,20,20,80,3,112,0.0,0.2,20,10,0.0005,0.0005,mrlco_first_order_mean_pseudogradient,fixed_literature_derived_defaults,0.0034130413805678853,0.00017065206902839442,0.03104533044256447,0.0015522665221282539,0.0023580854250185132,0.0001179042712509265,3.0,0.0,0.05790632799924561,0.5145885575204653,0.037782757760601526,,,,,,,,,,,,,,,,
0.08173005738796835,0.00425,0.9905,0.00525,-0.000893590971827507,0.08505915850400925,0.0027571684529902997,0.005583333301668365,1.3215083815157413,0.0,0.0,0.0,0.0,0.0,0.0,0.04811306417930282,1.0824156999588013,publication,0.6473112106323242,5.276695489883423,0.8686713645750701,0.9763143084826515,200,0.8711971321913856,2.649216436780989,0.035289421470224624,0.8686713645750703,0.9763143165409565,575.0469090652466,mobile,0.0023184407907327,0.01740365938453099,28.752344786134348,28.752344786134348,system,0.0,112,0.9763143165409565,0.06467926853875522,meta_train_support,4,MARGO-SPLIT-v1,20,20,80,3,113,0.0,0.2,20,10,0.0005,0.0005,mrlco_first_order_mean_pseudogradient,fixed_literature_derived_defaults,0.003393506721620264,0.00016967533608101132,0.030839986522423715,0.0015419993261212017,0.00233721741240773,0.0001168608706203847,3.0,0.0,0.05807600333532662,0.5161305568465865,0.03789961863122191,,,,,,,,,,,,,,,,
0.05742600008190479,0.0035,0.994,0.0025,-0.00016415942809544504,0.07346372306346893,0.00108342717630876,0.0034999999217689036,1.2059242124358813,0.0,0.0,0.0,0.0,0.0,0.0,0.04432763232162969,1.0979485511779785,publication,0.6088271141052246,3.3617637157440186,0.6531348454913356,0.7354769486933946,200,0.7253050538913718,2.078848691249732,0.007436999294441193,0.6531348454913356,0.7354769566189497,585.8771489334107,mobile,0.0018148331768116208,0.011324231162549983,29.293860880093554,29.293860880093554,system,0.0,113,0.7354769566189497,0.04012917689929621,meta_train_support,4,MARGO-SPLIT-v1,20,20,80,3,114,0.0,0.2,20,10,0.0005,0.0005,mrlco_first_order_mean_pseudogradient,fixed_literature_derived_defaults,0.003366847620393129,0.0001683423810196552,0.030589020671761114,0.0015294510335880362,0.0023167155052813463,0.00011583577526406985,3.0,0.0,0.05824434571634628,0.5176600078801745,0.03801545440648598,,,,,,,,,,,,,,,,
0.0718571072234376,0.005,0.99425,0.00075,-0.0002591045922599733,0.04931116849184036,0.002423481860857161,0.0027499999850988384,1.2481432000796002,0.0,0.0,0.0,0.0,0.0,0.0,0.04466031371219438,1.1527117490768433,publication,0.6746325492858887,5.317125082015991,0.5145618891812509,0.5799748075728235,200,0.7342008007223865,2.112717865034938,0.00141055416315794,0.5145618891812509,0.5799748198455199,380.1878137207031,mobile,0.004045167270949862,0.05756792825952643,19.00939096255079,19.00939096255079,system,0.0,114,0.5799748198455199,0.053928791442754476,meta_train_support,4,MARGO-SPLIT-v1,20,20,80,3,115,0.0,0.2,20,10,0.0005,0.0005,mrlco_first_order_mean_pseudogradient,fixed_literature_derived_defaults,0.0033552738823767023,0.00016776369411883318,0.030395189348978998,0.0015197594674489778,0.0022965701530615087,0.00011482850765307667,3.0,0.0,0.05841210941046511,0.5191797673476235,0.03813028291413906,,,,,,,,,,,,,,,,
0.06480057033054344,0.0055,0.992,0.0025,-0.000759395828936249,0.1929672211408615,0.004279760409068937,0.0044999999149392044,1.6039649521311126,0.0,0.0,0.0,0.0,0.0,0.0,0.03707466814703516,1.0972368717193604,publication,0.6529133319854736,5.223110914230347,1.0148592635483948,1.1439591658421342,200,1.342954073760593,4.692831432446837,-0.007376677400316112,1.0148592635483946,1.1439591703284533,752.2843568038941,mobile,0.010117794710944721,0.01765660852801301,37.6142196488217,37.6142196488217,system,0.0,115,1.1439591703284533,0.05336274728524259,meta_train_support,4,MARGO-SPLIT-v1,20,20,80,3,116,0.0,0.2,20,10,0.0005,0.0005,mrlco_first_order_mean_pseudogradient,fixed_literature_derived_defaults,0.00334488325244739,0.00016724416262237085,0.030205934561819164,0.0015102967280909985,0.0022767721345006335,0.00011383860672502938,3.0,0.0,0.05857935357308748,0.5206900640757145,0.03824412152086409,,,,,,,,,,,,,,,,
0.055501751202701975,0.004,0.99375,0.00225,-0.0004701860307250172,0.03932321444153786,0.0029894262236969853,0.0034999999217689036,1.443992555141449,0.0,0.0,0.0,0.0,0.0,0.0,0.046783456288531866,1.1298699378967285,publication,0.6340224742889404,4.510708332061768,0.4941059499984048,0.5560955488931176,200,0.5997194839369852,1.5591313373297453,0.029385925685346592,0.49410594999840474,0.5560955371242017,384.7350249481201,mobile,0.0005619779394852425,0.001781943964037906,19.236752090363336,19.236752090363336,system,0.0,116,0.5560955371242017,0.04208529862478007,meta_train_support,4,MARGO-SPLIT-v1,20,20,80,3,117,0.0,0.2,20,10,0.0005,0.0005,mrlco_first_order_mean_pseudogradient,fixed_literature_derived_defaults,0.0033162945066999767,0.00016581472533500063,0.029947764180948914,0.0014973882090474344,0.002257312543607466,0.0001128656271803738,3.0,0.0,0.05874516829842248,0.5221874522847619,0.03835698714804446,,,,,,,,,,,,,,,,
0.07172497500942311,0.00275,0.99475,0.0025,1.7116468370659277e-05,0.04224878177046776,0.0018761913696531945,0.0031666665958861506,1.279201942930619,0.0,0.0,0.0,0.0,0.0,0.0,0.034558968927943634,1.0616711378097534,publication,0.6122987270355225,5.292884111404419,0.7405234757819129,0.8355019793773408,200,0.8210460196667639,2.3243938302621245,0.023390783520881087,0.7405234757819128,0.8355019875336438,586.8749417114258,mobile,0.0015321031437417363,0.00891259142177768,29.343748421412542,29.343748421412542,system,0.0,117,0.8355019875336438,0.05941044504990961,meta_train_support,4,MARGO-SPLIT-v1,20,20,80,3,118,0.0,0.2,20,10,0.0005,0.0005,mrlco_first_order_mean_pseudogradient,fixed_literature_derived_defaults,0.003288190315965231,0.00016440951579826252,0.029705275317361432,0.0014852637658681056,0.0022381827762887586,0.00011190913881443942,3.0,0.0,0.058909577814220744,0.52367271605063,0.0384688962868589,,,,,,,,,,,,,,,,
0.0633222114558421,0.004,0.9935,0.0025,-0.0003665341646410525,0.03684568405151367,0.004714560478376484,0.003833333247651656,1.3766038626432417,0.0,0.0,0.0,0.0,0.0,0.0,0.038544491012469595,1.1054322719573975,publication,0.5172278881072998,5.469465732574463,0.4678213757576174,0.5272338586672766,200,0.6000373789663154,1.5143187553621829,0.02362430898938328,0.4678213757576174,0.5272338585741818,593.0061862945556,mobile,0.002864923117911299,0.00773358389462548,29.65031096833854,29.65031096833854,system,0.0,118,0.5272338585741818,0.05064214325561217,meta_train_support,4,MARGO-SPLIT-v1,20,20,80,3,119,0.0,0.2,20,10,0.0005,0.0005,mrlco_first_order_mean_pseudogradient,fixed_literature_derived_defaults,0.003260558464570565,0.00016302792322853144,0.029455651155030665,0.0014727825577515175,0.002219374517664483,0.00011096872588322454,3.0,0.0,0.059072605737449276,0.5251454986083816,0.038579865012742125,,,,,,,,,,,,,,,,
0.07879297138248528,0.0025,0.996,0.0015,-0.001574842375703156,0.11240760236978531,0.006054997603166612,0.0025833332755913338,2.027201444655657,0.0,0.0,0.0,0.0,0.0,0.0,0.027096918167755644,1.075262427330017,publication,0.603386402130127,3.6526355743408203,1.036343550456594,1.1695698630565312,200,0.7983462797168602,2.6749644395895302,0.04865505202906206,1.036343550456594,1.1695698384940625,626.071672744751,mobile,0.0025534748086304478,0.016772496508457278,31.30358349378949,31.30358349378949,system,0.0,119,1.1695698384940625,0.0656011220510399,meta_train_support,4,MARGO-SPLIT-v1,20,20,80,3,120,0.0,0.2,20,10,0.0005,0.0005,mrlco_first_order_mean_pseudogradient,fixed_literature_derived_defaults,0.003235422010912302,0.0001617711005456185,0.029248178569290868,0.001462408928464498,0.002200879730017279,0.00011004398650086428,3.0,0.0,0.059234376837994894,0.526607907536846,0.03868990899924299,,,,,,,,,,,,,,,,
0.05806275836038373,0.004,0.994,0.002,0.00031346402829512954,0.0994303897023201,0.002464878290875087,0.0035833332842836775,1.6821950753529868,0.0,0.0,0.0,0.0,0.0,0.0,0.03140155339998029,1.1117026805877686,publication,0.6490747928619385,5.289391756057739,0.8502825673611031,0.9571988187962052,200,0.8256727850085743,2.228615099331364,0.03354492999642389,0.8502825673611032,0.9571988231129944,377.8966418838501,mobile,0.0004414708064891166,0.0049804133550066,18.894832726886232,18.894832726886232,system,0.0,120,0.9571988231129944,0.04278190805028732,meta_train_support,4,MARGO-SPLIT-v1,20,20,80,3,121,0.0,0.2,20,10,0.0005,0.0005,mrlco_first_order_mean_pseudogradient,fixed_literature_derived_defaults,0.003208682986028729,0.0001604341493014333,0.02901126306195317,0.0014505631530976615,0.0021826906413394504,0.00010913453206697066,3.0,0.0,0.05939481098729633,0.5280584706899437,0.03879904353130996,,,,,,,,,,,,,,,,
0.03850538948438732,0.00325,0.99425,0.0025,-0.0003627444675657898,0.06520534306764603,0.0011633972231739642,0.0033333332743495704,1.2058912719289463,0.0,0.0,0.0,0.0,0.0,0.0,0.028271848582450288,1.1477575302124023,publication,0.6442611217498779,5.362489223480225,0.5536087968196287,0.6230431637246966,200,0.793399879458098,2.725945889018476,0.02395182044710964,0.5536087968196286,0.6230431353300809,956.9697385787964,mobile,0.0011960465691998206,0.007911596579407926,47.8484864920762,47.8484864920762,system,0.0,121,0.6230431353300809,0.02912547957004988,meta_train_support,4,MARGO-SPLIT-v1,20,20,80,3,122,0.0,0.2,20,10,0.0005,0.0005,mrlco_first_order_mean_pseudogradient,fixed_literature_derived_defaults,0.003182382305815379,0.00015911911529076922,0.02877346582374044,0.0014386732911870759,0.0021647997344432252,0.0001082399867221584,3.0,0.0,0.059553930102587097,0.5294971439811308,0.03890728351803212,,,,,,,,,,,,,,,,
0.04769543492677415,0.0025,0.996,0.0015,-2.971847243316006e-05,0.026129459962248802,0.0012192845844670804,0.0025833333066354195,1.1183604260285696,0.0,0.0,0.0,0.0,0.0,0.0,0.023727024314062862,1.2017704248428345,publication,0.6672871112823486,4.239031553268433,0.3873105564326055,0.4347074790280385,200,0.48710589680595257,1.5903832456097007,-0.048552158987149596,0.38731055643260554,0.43470747919753194,896.1501124572754,mobile,0.0013714830307484805,0.00393028741889517,44.80750688806204,44.80750688806204,system,0.0,122,0.43470747919753194,0.03466242970429837,meta_train_support,4,MARGO-SPLIT-v1,20,20,80,3,123,0.0,0.2,20,10,0.0005,0.0005,mrlco_first_order_mean_pseudogradient,fixed_literature_derived_defaults,0.0031565092789388313,0.0001578254639469437,0.028539535207287265,0.0014269767603644068,0.0021471997366022235,0.000107359986830112,3.0,0.0,0.05971175556653404,0.5309241207414952,0.03901464350486223,,,,,,,,,,,,,,,,
0.0636426202927178,0.00225,0.997,0.00075,-0.0018896784167736769,0.03181583806872368,0.0010714829153705805,0.0015833332979430753,1.0192901268601415,0.0,0.0,0.0,0.0,0.0,0.0,0.024238641370096136,1.1563265323638916,publication,0.5927267074584961,4.7425453662872314,0.4382844364095668,0.4924411639638947,200,0.5909614082739354,1.9128689588978887,0.050576074281707406,0.43828443640956677,0.4924411679059267,335.28497279167175,mobile,0.001910576217204591,0.02658612562985097,16.764249150677106,16.764249150677106,system,0.0,123,0.4924411679059267,0.04977849594885184,meta_train_support,4,MARGO-SPLIT-v1,20,20,80,3,124,0.0,0.2,20,10,0.0005,0.0005,mrlco_first_order_mean_pseudogradient,fixed_literature_derived_defaults,0.003131053558947389,0.00015655267794736916,0.028309377665293015,0.0014154688832646034,0.002129883609694141,0.00010649418048470916,3.0,0.0,0.05986830824448141,0.5323395896247598,0.03912113768534694,,,,,,,,,,,,,,,,
0.06725521433891746,0.00275,0.99575,0.0015,-0.0007618970703333616,0.15580135583877563,0.00215763352775582,0.0026666666381061077,1.7209699849287667,0.0,0.0,0.0,0.0,0.0,0.0,0.028935092963528284,1.0578144788742065,publication,0.6828947067260742,5.482324123382568,0.822068699747317,0.9278894307999508,200,1.1496720284550423,3.2770523237995803,0.02387294889194891,0.822068699747317,0.927889429628849,171.36221212387085,mobile,0.0010178641409512648,0.0021245922192882124,8.568110870544352,8.568110870544352,system,0.0,124,0.927889429628849,0.0580453575028598,meta_train_support,4,MARGO-SPLIT-v1,20,20,80,3,125,0.0,0.2,20,10,0.0005,0.0005,mrlco_first_order_mean_pseudogradient,fixed_literature_derived_defaults,0.0031083907187579437,0.00015541953593789515,0.028097625650282107,0.0014048812825141477,0.002112844540816588,0.00010564222704082665,3.0,0.0,0.060023727780419305,0.533744470907274,0.039226779912387766,,,,,,,,,,,,,,,,
0.046602233757,0.003,0.99475,0.00225,-0.0002098949917126447,0.026264093816280365,0.0011996533375925838,0.0029166666014740867,1.0606216331322988,0.0,0.0,0.0,0.0,0.0,0.0,0.03197101930584141,1.0040452480316162,publication,0.6614863872528076,5.073304891586304,0.31491549338799757,0.3539843117290002,200,0.5744933703774016,1.5132304234430194,0.028092276057577692,0.3149154933879975,0.3539842963591218,216.67676959991456,mobile,0.0008606998594449957,0.0035676947345670623,10.833838260339043,10.833838260339043,system,0.0,125,0.3539842963591218,0.034028086682367384,meta_train_support,4,MARGO-SPLIT-v1,20,20,80,3,126,0.0,0.2,20,10,0.0005,0.0005,mrlco_first_order_mean_pseudogradient,fixed_literature_derived_defaults,0.003083720951148754,0.00015418604755743776,0.027874628621311615,0.0013937314310655813,0.0020960759333497896,0.00010480379666748946,3.0,0.0,0.06017791382797674,0.5351382023383395,0.039331583709055255,,,,,,,,,,,,,,,,
0.05304810452173977,0.002,0.99775,0.00025,-0.0007795374840497971,0.0705500990152359,0.0003058009738102404,0.001333333303531011,1.133398073911667,0.0,0.0,0.0,0.0,0.0,0.0,0.0229262199309275,0.9426357746124268,publication,0.6699633598327637,5.4997498989105225,0.46575237032277195,0.5231406200278435,200,0.7455207875374015,2.4644052770454437,0.02911754307569936,0.4657523703227723,0.5231406191363931,854.7110794448853,mobile,0.0011030454241274588,0.0035719688302845503,42.735555375082676,42.735555375082676,system,0.0,126,0.5231406191363931,0.0436624512038385,meta_train_support,4,MARGO-SPLIT-v1,20,20,80,3,127,0.0,0.2,20,10,0.0005,0.0005,mrlco_first_order_mean_pseudogradient,fixed_literature_derived_defaults,0.003061801476899035,0.00015309007384495255,0.02766643181149536,0.0013833215905747487,0.0020795713984415234,0.00010397856992207938,3.0,0.0,0.060331003901821695,0.5365215239289143,0.039435562278977335,,,,,,,,,,,,,,,,
0.06106662069487917,0.00425,0.9945,0.00125,-0.00010697800462367013,0.22269949316978455,0.0017281290670093576,0.0034999999217689036,1.3954923455913861,0.0,0.0,0.0,0.0,0.0,0.0,0.027770477908246133,0.8960974216461182,publication,0.6031215190887451,5.466747760772705,0.5834285265973529,0.656259916894196,200,1.1481517714644098,3.4631214383989573,0.04584258730756119,0.5834285265973529,0.6562599027901888,236.52135063171386,mobile,0.0010065701807842992,0.002390005926652817,11.826068447188247,11.826068447188247,system,0.0,127,0.6562599027901888,0.046089008969104485,meta_train_support,4,MARGO-SPLIT-v1,20,20,80,3,128,0.0,0.2,20,10,0.0005,0.0005,mrlco_first_order_mean_pseudogradient,fixed_literature_derived_defaults,0.0030378811528607615,0.00015189405764303582,0.02745028781296805,0.0013725143906484494,0.002063324746891199,0.00010316623734456243,3.0,0.0,0.06048289795946473,0.5378940383195627,0.0395387285163219,,,,,,,,,,,,,,,,
0.05340931021362324,0.00325,0.99675,0.0,-0.00026198054547421634,0.01992349699139595,0.0010363020957536643,0.0018333332923551402,0.9102855523427328,0.0,0.0,0.0,0.0,0.0,0.0,0.023005293525029315,0.7704184651374817,publication,0.6148223876953125,5.526702880859375,0.2651449698203407,0.29685824024738394,200,0.3499626813391118,1.1323970034718513,0.04681911820080131,0.26514496982034075,0.29685823069885375,343.32446741104127,mobile,0.0010935666778936067,0.0016558296332996117,17.16622288678526,17.16622288678526,system,0.0,128,0.29685823069885375,0.04397805115558791,meta_train_support,4,MARGO-SPLIT-v1,20,20,80,3,129,0.0,0.2,20,10,0.0005,0.0005,mrlco_first_order_mean_pseudogradient,fixed_literature_derived_defaults,0.0030143316865595153,0.00015071658432797702,0.02723749488418535,0.001361874744209235,0.0020473299814114223,0.00010236649907056916,3.0,0.0,0.06063361454379271,0.539255913063772,0.039641095015392466,,,,,,,,,,,,,,,,
0.07076236607639394,0.00375,0.9955,0.00075,-0.000999236828647554,0.18039679527282715,0.0016510041745164017,0.0026666666381061077,1.7915858204166093,0.0,0.0,0.0,0.0,0.0,0.0,0.02881800707560856,0.8795347213745117,publication,0.6324431896209717,5.053407907485962,1.1163613327416047,1.2564903964823315,200,1.01106234031017,3.09630296647083,0.05282366994651966,1.1163613327416049,1.2564903884753584,390.7989374160767,mobile,0.004989950477762146,0.011771699272919801,19.539947095441953,19.539947095441953,system,0.0,129,1.2564903884753584,0.052004926080493716,meta_train_support,4,MARGO-SPLIT-v1,20,20,80,3,130,0.0,0.2,20,10,0.0005,0.0005,mrlco_first_order_mean_pseudogradient,fixed_literature_derived_defaults,0.002994966636543377,0.00014974833182716807,0.02704692572125308,0.0013523462860626223,0.002031581289246719,0.00010157906446233572,3.0,0.0,0.060783362875619876,0.5406082593498346,0.0397426740798548,,,,,,,,,,,,,,,,
0.05951808255107416,0.00525,0.993,0.00175,-0.00028488339739851654,0.04161691665649414,0.004460438519913624,0.0039166666101664305,1.2189951941370964,0.0,0.0,0.0,0.0,0.0,0.0,0.02881062860852569,0.9872434735298157,publication,0.6496458053588867,5.431602239608765,0.5735718974772307,0.6470672633666982,200,0.6485602789149355,1.770225560059771,0.054172681804629974,0.5735718974772307,0.6470672767795622,615.1048846054077,mobile,0.0007691280069499613,0.0019369476689201828,30.75524254953421,30.75524254953421,system,0.0,130,0.6470672767795622,0.044101811184593956,meta_train_support,4,MARGO-SPLIT-v1,20,20,80,3,131,0.0,0.2,20,10,0.0005,0.0005,mrlco_first_order_mean_pseudogradient,fixed_literature_derived_defaults,0.0029721042958064047,0.00014860521479032052,0.026840460639411454,0.0013420230319706183,0.002016073035130332,0.00010080365175651335,3.0,0.0,0.060931968090410196,0.5419502823818052,0.039843477731611315,,,,,,,,,,,,,,,,
0.059943320229459786,0.00275,0.99575,0.0015,-0.000307405018247664,0.055193595588207245,0.0014128927876384978,0.0020833333022892476,1.0110916157563528,0.0,0.0,0.0,0.0,0.0,0.0,0.030906258694468135,1.0717849731445312,publication,0.634465217590332,5.234787702560425,0.4599058518308962,0.5158920575330558,200,0.6477065127690333,2.2020312001695856,-0.030233390221837908,0.45990585183089633,0.5158920696331188,507.8876681995392,mobile,0.0015283470018862722,0.007070980255234041,25.394384473728973,25.394384473728973,system,0.0,131,0.5158920696331188,0.043796345005011894,meta_train_support,4,MARGO-SPLIT-v1,20,20,80,3,132,0.0,0.2,20,10,0.0005,0.0005,mrlco_first_order_mean_pseudogradient,fixed_literature_derived_defaults,0.0029495883541715076,0.00014747941770857503,0.02663712381638561,0.001331856190819325,0.002000799754561163,0.00010003998772805528,3.0,0.0,0.06107944750811877,0.5432821385726245,0.03994351771933937,,,,,,,,,,,,,,,,
0.07208068156437923,0.00475,0.994,0.00125,-0.0007884593214839697,0.02723124623298645,0.002273936040910485,0.0032499999584009254,0.9944477091232935,0.0,0.0,0.0,0.0,0.0,0.0,0.03579271371523538,1.1536179780960083,publication,0.6526551246643066,5.380029201507568,0.48952805543439937,0.5508435368759456,200,0.6219845402922196,1.6963876017834991,0.027007325154045247,0.48952805543439915,0.5508435310889035,333.4971589279175,mobile,0.0032094594253022353,0.049493018380199455,16.67485820668077,16.67485820668077,system,0.0,132,0.5508435310889035,0.05467106965258889,meta_train_support,4,MARGO-SPLIT-v1,20,20,80,3,133,0.0,0.2,20,10,0.0005,0.0005,mrlco_first_order_mean_pseudogradient,fixed_literature_derived_defaults,0.0029274109981251052,0.0001463705499062523,0.02643684468994662,0.0013218422344973835,0.0019857561473840112,9.928780736920273e-05,3.0,0.0,0.061225818058025024,0.5446039808071219,0.04004280552670857,,,,,,,,,,,,,,,,
0.050756817665653986,0.00475,0.994,0.00125,-0.002175550675019622,0.07803622633218765,0.002072253137301535,0.0036666666157543657,1.2400620122750599,0.0,0.0,0.0,0.0,0.0,0.0,0.034566428242848224,1.1582797765731812,publication,0.583172082901001,5.152748107910156,0.6150972624692802,0.6915331451207021,200,0.7668746393433222,2.6128732692450285,-0.051933012902736664,0.6150972624692801,0.6915331831388175,799.4971755409241,mobile,0.0075707743815947234,0.1630596730545225,39.97485773892288,39.97485773892288,system,0.0,133,0.6915331831388175,0.04408531539524896,meta_train_support,4,MARGO-SPLIT-v1,20,20,80,3,134,0.0,0.2,20,10,0.0005,0.0005,mrlco_first_order_mean_pseudogradient,fixed_literature_derived_defaults,0.0029055646473928284,0.00014527823236964305,0.02623955480420075,0.0013119777402100796,0.001970937071657265,9.854685358286208e-05,3.0,0.0,0.06137109629039467,0.545915958547332,0.040141352380291435,,,,,,,,,,,,,,,,
0.06238945396230725,0.00475,0.99225,0.003,-0.000850185111630708,0.34250789880752563,0.0012406483341010244,0.003999999926115076,1.4135797282059985,0.0,0.0,0.0,0.0,0.0,0.0,0.04734199534893578,1.1709280014038086,publication,0.6716458797454834,4.058356523513794,0.6709539643974982,0.7555596444290859,200,1.426237101824577,4.643609545193613,-9.705734555609524e-05,0.6709539643974981,0.7555596368090483,165.47455359458922,mobile,0.003629667714516619,0.010428634489768931,8.273727677924482,8.273727677924482,system,0.0,134,0.7555596368090483,0.05303515959546754,meta_train_support,4,MARGO-SPLIT-v1,20,20,80,3,135,0.0,0.2,20,10,0.0005,0.0005,mrlco_first_order_mean_pseudogradient,fixed_literature_derived_defaults,0.0028991988343133896,0.00014495994171567078,0.02609409047549066,0.0013047045237745136,0.001956337537793137,9.781687688965868e-05,3.0,0.0,0.06151605623211034,0.5472206630711065,0.040239169257181094,,,,,,,,,,,,,,,,
0.06353932551592395,0.00925,0.98775,0.003,-0.0002451134496368468,0.08774793148040771,0.004581779205424633,0.0076666666350017,1.1005845660964648,0.0,0.0,0.0,0.0,0.0,0.0,0.06080120145010496,1.1875425577163696,publication,0.5823068618774414,5.170394420623779,0.5990016945660439,0.6746609935000742,200,0.9595713481271807,3.2170780822634697,0.019711188884684816,0.5990016945660441,0.6746609680913389,228.7635062789917,mobile,0.0007310990167610095,0.0020951341874532654,11.438175201361915,11.438175201361915,system,0.0,135,0.6746609680913389,0.05059282913955918,meta_train_support,4,MARGO-SPLIT-v1,20,20,80,3,136,0.0,0.2,20,10,0.0005,0.0005,mrlco_first_order_mean_pseudogradient,fixed_literature_derived_defaults,0.002877881195825791,0.00014389405979128855,0.025902222163170875,0.0012951111081584976,0.0019419527029564227,9.70976351478206e-05,3.0,0.0,0.061659950291901626,0.548515774179265,0.040336266892328915,,,,,,,,,,,,,,,,
0.07005999119707622,0.0145,0.9825,0.003,0.00018060061847791076,0.14972332119941711,0.005620983867629548,0.01058333336065213,1.4234029784798623,0.0,0.0,0.0,0.0,0.0,0.0,0.07790925852893128,1.0951378345489502,publication,0.5969476699829102,5.016384840011597,0.9436472766268577,1.0642917379880783,200,1.2443325954595195,4.191788563504815,0.029714098029216984,0.9436472766268578,1.0642917096894235,221.11373725891113,mobile,0.0018160013553268858,0.007230664782231797,11.055686315809778,11.055686315809778,system,0.0,136,1.0642917096894235,0.054115648218002986,meta_train_support,4,MARGO-SPLIT-v1,20,20,80,3,137,0.0,0.2,20,10,0.0005,0.0005,mrlco_first_order_mean_pseudogradient,fixed_literature_derived_defaults,0.0028717106982903127,0.0001435855349145171,0.025785220995802965,0.0012892610497901025,0.0019277778657085657,9.63888932854276e-05,3.0,0.0,0.06180353582681614,0.5498050352290551,0.04043265578561434,,,,,,,,,,,,,,,,
0.0626400129124919,0.01025,0.9865,0.00325,-0.0026552893687039614,0.10764824599027634,0.008000885257691454,0.014916666767870384,1.3477400509019692,0.0,0.0,0.0,0.0,0.0,0.0,0.07372554291452885,1.0414862632751465,publication,0.6340274810791016,4.7440879344940186,0.8848695099801398,0.9980706168228062,200,0.9349446363274527,3.0260985027998686,0.03067393836681731,0.8848695099801397,0.998070646924898,749.722916545868,mobile,0.0020389400012808937,0.008984719112908511,37.48614327659845,37.48614327659845,system,0.0,137,0.998070646924898,0.058593900202913746,meta_train_support,4,MARGO-SPLIT-v1,20,20,80,3,138,0.0,0.2,20,10,0.0005,0.0005,mrlco_first_order_mean_pseudogradient,fixed_literature_derived_defaults,0.002882350458596525,0.0001441175229298236,0.025723461284069216,0.001286173064203422,0.0019138084608845906,9.569042304422709e-05,3.0,0.0,0.06194765334974597,0.5510912082932585,0.04052834620865857,,,,,,,,,,,,,,,,
0.0745278163497877,0.01375,0.98175,0.0045,-0.0007674491498619318,0.034790344536304474,0.012662866783405963,0.010749999977027375,0.889888045191765,0.0,0.0,0.0,0.0,0.0,0.0,0.07005130416613582,1.0507010221481323,publication,0.5460672378540039,5.081783056259155,0.5198315095460532,0.5853636879112674,200,0.6084856080264033,1.8528993427753448,0.047318724915385246,0.5198315095460533,0.5853637052327394,147.3092049407959,mobile,0.0022734335392300725,0.004347612477388721,7.365459920166179,7.365459920166179,system,0.0,138,0.5853637052327394,0.055745391152856934,meta_train_support,4,MARGO-SPLIT-v1,20,20,80,3,139,0.0,0.2,20,10,0.0005,0.0005,mrlco_first_order_mean_pseudogradient,fixed_literature_derived_defaults,0.0028616141243620174,0.00014308070621810165,0.025538400411521955,0.001276920020576111,0.0019000400546911763,9.500200273455939e-05,3.0,0.0,0.06209073405596407,0.5523681283138346,0.04062334821139313,,,,,,,,,,,,,,,,
0.047016793445450664,0.00875,0.98725,0.004,-0.001212218077853322,0.049201153218746185,0.006326193579184292,0.007749999919906258,0.8757458200057349,0.0,0.0,0.0,0.0,0.0,0.0,0.07018398493637933,1.069930076599121,publication,0.620232343673706,5.101531744003296,0.4544889588603205,0.5103825424112256,200,0.6862818336653456,2.030277917161584,0.026718190376413986,0.45448895886032037,0.5103825359418989,357.20155815124514,mobile,0.00432270381767202,0.013051085425291988,17.86007837412847,17.86007837412847,system,0.0,139,0.5103825359418989,0.04047084977079565,meta_train_support,4,MARGO-SPLIT-v1,20,20,80,3,140,0.0,0.2,20,10,0.0005,0.0005,mrlco_first_order_mean_pseudogradient,fixed_literature_derived_defaults,0.0028411740234737175,0.00014205870117368902,0.02535598326572537,0.0012677991632862318,0.0018864683400148107,9.432341700073982e-05,3.0,0.0,0.06223279275713776,0.5536359274771209,0.04071767162839387,,,,,,,,,,,,,,,,
0.07290717069191933,0.013,0.98375,0.00325,0.00027619089814834297,0.10477519780397415,0.00723945672022334,0.00983333340846002,1.4538601952294508,0.0,0.0,0.0,0.0,0.0,0.0,0.07265760884036483,1.0748159885406494,publication,0.6363246440887451,5.300226926803589,0.9658275619551014,1.0893356902943196,200,1.04551223487231,3.1866570068523288,0.037917548455880024,0.9658275619551014,1.089335692692548,285.5789075469971,mobile,0.0034702422945416178,0.012802242111169657,14.278947307252364,14.278947307252364,system,0.0,140,1.089335692692548,0.05606348285846932,meta_train_support,4,MARGO-SPLIT-v1,20,20,80,3,141,0.0,0.2,20,10,0.0005,0.0005,mrlco_first_order_mean_pseudogradient,fixed_literature_derived_defaults,0.002821023853094471,0.0001410511926547217,0.02518695242613788,0.001259347621306861,0.0018730891319295993,9.365445659648142e-05,3.0,0.0,0.06237384394979248,0.5548952750984277,0.04081132608499035,,,,,,,,,,,,,,,,
0.06737135328547536,0.0095,0.98575,0.00475,0.00048334189341403544,0.10892336070537567,0.00726479147366869,0.008166666592781742,1.4156404157479605,0.0,0.0,0.0,0.0,0.0,0.0,0.06793724598108279,1.2068105936050415,publication,0.6557762622833252,5.069967269897461,0.6591188785606548,0.741074532011844,200,1.033349076010292,3.3342507001943886,0.03934973059222102,0.6591188785606545,0.7410745093040169,430.43512353897097,mobile,0.0006325183329308556,0.001458961638753516,21.521756429488704,21.521756429488704,system,0.0,141,0.7410745093040169,0.05202900741049227,meta_train_support,4,MARGO-SPLIT-v1,20,20,80,3,142,0.0,0.2,20,10,0.0005,0.0005,mrlco_first_order_mean_pseudogradient,fixed_literature_derived_defaults,0.0028019146658792653,0.00014009573329396008,0.025026085807907564,0.0012513042903953275,0.0018598983633948836,9.299491816974759e-05,3.0,0.0,0.06251393968308644,0.5561465793888231,0.0409043210031601,,,,,,,,,,,,,,,,
0.04841015492516003,0.013,0.9835,0.0035,-6.243774987524375e-05,0.09942124783992767,0.010931420879205688,0.010583333236475787,1.3808232655127843,0.0,0.0,0.0,0.0,0.0,0.0,0.07288958734845155,1.3018454313278198,publication,0.6369616985321045,4.720389127731323,0.6501952551552932,0.7295556103720446,200,0.7469790923871538,2.230963966459967,0.03561232089123223,0.6501952551552932,0.7295556249655784,620.6512087249756,mobile,0.0014416128014159916,0.0068657532632756466,31.032557845779387,31.032557845779387,system,0.0,142,0.7295556249655784,0.04328262213883133,meta_train_support,4,MARGO-SPLIT-v1,20,20,80,3,143,0.0,0.2,20,10,0.0005,0.0005,mrlco_first_order_mean_pseudogradient,fixed_literature_derived_defaults,0.0027980287598041425,0.00013990143799021137,0.024949308865971576,0.0012474654432985677,0.001846892081133381,9.234460405666695e-05,3.0,0.0,0.06265384112107665,0.5573940448321216,0.040996665607216765,,,,,,,,,,,,,,,,
0.07304634115808115,0.01275,0.9835,0.00375,0.001964960712939501,0.04871876910328865,0.020384510960623933,0.01325000001428028,1.6864142686128616,0.0,0.0,0.0,0.0,0.0,0.0,0.06219482694008931,1.460579752922058,publication,0.6482186317443848,4.898526906967163,1.0762249342220078,1.2112036221264861,200,0.8639906728428545,2.9396686751861125,0.07614349509822205,1.0762249342220076,1.2112035987898708,363.40079319000245,mobile,0.0007409902365218044,0.022752122918231553,18.17003925187968,18.17003925187968,system,0.0,143,1.2112035987898708,0.054066256364536436,meta_train_support,4,MARGO-SPLIT-v1,20,20,80,3,144,0.0,0.2,20,10,0.0005,0.0005,mrlco_first_order_mean_pseudogradient,fixed_literature_derived_defaults,0.0027785980045277247,0.0001389299002263894,0.02477604977662455,0.0012388024888312366,0.001834066441681066,9.170332208405241e-05,3.0,0.0,0.06279277102130304,0.5586328473209529,0.04108836892930082,,,,,,,,,,,,,,,,
0.06714099481029752,0.00625,0.9915,0.00225,-0.00278065400198102,0.03326260671019554,0.0039033072906780332,0.011750000016763806,1.3795212537050248,0.0,0.0,0.0,0.0,0.0,0.0,0.0452838474502304,1.5335416793823242,publication,0.6191756725311279,5.320630311965942,0.6395801152736772,0.7187304720231623,200,0.8150938412788371,2.192743707448244,0.019439104449702427,0.6395801152736771,0.7187304752320052,148.2185607147217,mobile,0.0024172432141850385,0.006182887498263653,7.4109278925860576,7.4109278925860576,system,0.0,144,0.7187304752320052,0.05756975249860763,meta_train_support,4,MARGO-SPLIT-v1,20,20,80,3,145,0.0,0.2,20,10,0.0005,0.0005,mrlco_first_order_mean_pseudogradient,fixed_literature_derived_defaults,0.0027624472297936363,0.00013812236148967594,0.024650816128262445,0.0012325408064131071,0.001821417707600507,9.107088538002489e-05,3.0,0.0,0.06293089338279272,0.559865388127366,0.04117943981468084,,,,,,,,,,,,,,,,
0.08166335544462366,0.00625,0.99225,0.0015,-0.0010900895576924086,0.04926937073469162,0.00875041437031238,0.005166666582226753,1.801312286655108,0.0,0.0,0.0,0.0,0.0,0.0,0.0330695036218607,1.52737295627594,publication,0.6646585464477539,5.0881006717681885,0.7591834245700485,0.8539710038724297,200,0.759590349598153,2.3426745552569628,0.0580079135906999,0.7591834245700484,0.853971009273082,196.37163455963136,mobile,0.0011270485164174618,0.0012513682959460508,9.81858176722091,9.81858176722091,system,0.0,145,0.853971009273082,0.06301353080218522,meta_train_support,4,MARGO-SPLIT-v1,20,20,80,3,146,0.0,0.2,20,10,0.0005,0.0005,mrlco_first_order_mean_pseudogradient,fixed_literature_derived_defaults,0.0027435263583566937,0.0001371763179178337,0.02452158857095415,0.0012260794285476884,0.0018089422438498184,9.044711219249185e-05,3.0,0.0,0.06306806970071055,0.5610914675559137,0.041269886926873334,,,,,,,,,,,,,,,,
0.04199067929403427,0.0045,0.99475,0.00075,0.0003786055895034224,0.021220041438937187,0.0021275291441914613,0.0029999999329447745,0.9702543243765831,0.0,0.0,0.0,0.0,0.0,0.0,0.026986876735966194,1.2219984531402588,publication,0.6419389247894287,5.441479682922363,0.39970607822988496,0.4483544237483295,200,0.4832129479108287,1.2990241004736163,0.015764680108986795,0.3997060782298851,0.4483544259518385,780.36447681427,mobile,0.0008956762249844784,0.0019356650256115706,39.01822246448849,39.01822246448849,system,0.0,146,0.4483544259518385,0.033298954769941005,meta_train_support,4,MARGO-SPLIT-v1,20,20,80,3,147,0.0,0.2,20,10,0.0005,0.0005,mrlco_first_order_mean_pseudogradient,fixed_literature_derived_defaults,0.0027248629137420224,0.0001362431456870955,0.024354775043260585,0.0012177387521630223,0.0017966365142998196,8.983182571498799e-05,3.0,0.0,0.06320431284639765,0.5623092063080767,0.04135971875258832,,,,,,,,,,,,,,,,
0.06626790191675301,0.00125,0.998,0.00075,-0.003482408355921507,0.06902381777763367,0.0006284107333423587,0.0009999999776482583,1.3514342984805505,0.0,0.0,0.0,0.0,0.0,0.0,0.020734704069795995,1.3347573280334473,publication,0.6461849212646484,5.052417039871216,0.7366930799376784,0.829608581928078,200,0.739379582623927,2.364272494567558,0.04765932069858537,0.7366930799376783,0.8296086149848998,283.67802030563354,mobile,0.0008191323459974865,0.007527344752405985,14.183901236714561,14.183901236714561,system,0.0,147,0.8296086149848998,0.04655793681467406,meta_train_support,4,MARGO-SPLIT-v1,20,20,80,3,148,0.0,0.2,20,10,0.0005,0.0005,mrlco_first_order_mean_pseudogradient,fixed_literature_derived_defaults,0.002707983172568362,0.00013539915862842422,0.024201090283681587,0.0012100545141841001,0.0017844970783923884,8.922485391962137e-05,3.0,0.0,0.06333971200502607,0.5635192608222608,0.04144894360650794,,,,,,,,,,,,,,,,
0.07176953433567643,0.002,0.9975,0.0005,-0.0012007701443508267,0.04040650278329849,0.0013787866891637652,0.0016666666294137638,1.1780597910284993,0.0,0.0,0.0,0.0,0.0,0.0,0.01456744102733392,1.2596772909164429,publication,0.5962493419647217,4.470933675765991,0.7422887225342053,0.8366673174519383,200,0.8612076164262229,2.1917073994409293,-0.02683895151130855,0.7422887225342052,0.8366673104744404,312.10711322784425,mobile,0.0021157473456129496,0.034430318327653885,15.605355942952057,15.605355942952057,system,0.0,148,0.8366673104744404,0.06509305417233163,meta_train_support,4,MARGO-SPLIT-v1,20,20,80,3,149,0.0,0.2,20,10,0.0005,0.0005,mrlco_first_order_mean_pseudogradient,fixed_literature_derived_defaults,0.002695188331646962,0.00013475941658235013,0.02407774515404679,0.001203887257702374,0.0017725205879333791,8.862602939666703e-05,3.0,0.0,0.06347447142160842,0.5647231480799632,0.04153756963590461,,,,,,,,,,,,,,,,
0.07474417814049386,0.00125,0.99825,0.0005,-0.001953691942617297,0.04068741947412491,0.0009255814112066219,0.0011666666405896345,1.3315793407460055,0.0,0.0,0.0,0.0,0.0,0.0,0.013485827902375461,1.2301210165023804,publication,0.6290197372436523,4.959075450897217,0.7270868475245575,0.8176760711646057,200,0.6594736377018557,1.8088700454682112,0.04741094895871356,0.7270868475245577,0.8176760822534561,213.71310104370116,mobile,0.0013305423028065941,0.0023413616246804373,10.685655015389107,10.685655015389107,system,0.0,149,0.8176760822534561,0.053673010251360474,meta_train_support,4,MARGO-SPLIT-v1,20,20,80,3,150,0.0,0.2,20,10,0.0005,0.0005,mrlco_first_order_mean_pseudogradient,fixed_literature_derived_defaults,0.002678478362620086,0.0001339239181310098,0.02392593780289937,0.0011962968901449988,0.0017607037840138232,8.803518920069003e-05,3.0,0.0,0.06360839533973943,0.5659194449701082,0.0416256048251053,,,,,,,,,,,,,,,,
0.0487081864823408,0.00075,0.99875,0.0005,-0.0021299091167747974,0.039882343262434006,0.0005785925906953555,0.0007499999832361937,1.0375662552192808,0.0,0.0,0.0,0.0,0.0,0.0,0.014286071661340246,1.2377862930297852,publication,0.6486773490905762,4.970596551895142,0.5580773980426772,0.6277220691110414,200,0.5907278206162662,1.7704575436655432,0.0513948674488347,0.5580773980426772,0.6277220420539379,382.23480772018434,mobile,0.0025872803815847624,0.00899160413112604,19.11174008633997,19.11174008633997,system,0.0,150,0.6277220420539379,0.044238878359631535,meta_train_support,4,MARGO-SPLIT-v1,20,20,80,3,151,0.0,0.2,20,10,0.0005,0.0005,mrlco_first_order_mean_pseudogradient,fixed_literature_derived_defaults,0.002665130565015993,0.00013325652825080248,0.023791049191441798,0.0011895524595720852,0.0017490434940534668,8.745217470267075e-05,3.0,0.0,0.06374165186799023,0.5671089974296802,0.04171305699980797,-0.129860396705698,-0.10878929630651205,0.10878929630651205,0.05,0.125,0.025,0.02125,0.975,0.975,0.0,validation/automotive_lexicographic_v1,automotive_lexicographic_v1,a3bd00d5108237acdb706f561212b5d840bac151f48b5250a61c573d9c9ffb6c,840278130.0,0.10878929630651205,1.0
0.04077494618232501,0.00125,0.9985,0.00025,-0.0014117746613919735,0.03970413655042648,0.0003680819740519814,0.0009999999776482583,0.9807897513111431,0.0,0.0,0.0,0.0,0.0,0.0,0.014500324269092648,1.0135350227355957,publication,0.5350375175476074,5.349963188171387,0.49508568394568764,0.5557905994330212,200,0.606887230722012,2.015609312802553,0.047468026605201885,0.49508568394568775,0.5557905788347125,833.4466685676575,mobile,0.002307735500113188,0.003008216235537778,41.6723313861713,41.6723313861713,system,0.0,151,0.5557905788347125,0.03361491962480172,meta_train_support,4,MARGO-SPLIT-v1,20,20,80,3,152,0.0,0.2,20,10,0.0005,0.0005,mrlco_first_order_mean_pseudogradient,fixed_literature_derived_defaults,0.0026478349909421386,0.00013239174954710053,0.023639296455687336,0.0011819648227843205,0.0017375366289610098,8.687683144804892e-05,3.0,0.0,0.06387404361753733,0.5682909622524646,0.04179993383125602,,,,,,,,,,,,,,,,
0.05976351606147763,0.002,0.99775,0.00025,-0.000670114706736058,0.03695607930421829,0.0017052236281017482,0.001333333303531011,1.2436304931839306,0.0,0.0,0.0,0.0,0.0,0.0,0.015387993172950098,1.2490946054458618,publication,0.6210827827453613,5.202354431152344,0.7763896700480385,0.8764144196933921,200,0.642415326135409,1.6456092172302306,0.02548968163318932,0.7763896700480385,0.8764144038967788,662.9459598541259,mobile,0.0014013827486452086,0.002534114679554672,33.14729839817363,33.14729839817363,system,0.0,152,0.8764144038967788,0.044928091823500965,meta_train_support,4,MARGO-SPLIT-v1,20,20,80,3,153,0.0,0.2,20,10,0.0005,0.0005,mrlco_first_order_mean_pseudogradient,fixed_literature_derived_defaults,0.002632113382645361,0.00013160566913227034,0.02349666513005142,0.0011748332565025832,0.0017261801804057092,8.630900902028421e-05,3.0,0.0,0.0640056492866696,0.5694657955089671,0.041886242840276304,,,,,,,,,,,,,,,,
0.053995650584161926,0.00225,0.997,0.00075,-0.000302517059026286,0.052989713847637177,0.000722167054681222,0.0017499999608844518,1.0576139623920122,0.0,0.0,0.0,0.0,0.0,0.0,0.01848558732065352,1.095632791519165,publication,0.6415627002716064,5.319936990737915,0.48203858818920176,0.5406873469428684,200,0.6591991760771906,2.1874479616526514,0.041688051423989236,0.48203858818920187,0.5406873513385654,349.2074528884888,mobile,0.0005062829754710024,0.0026681046437639876,17.46037344165534,17.46037344165534,system,0.0,153,0.5406873513385654,0.03952327700471537,meta_train_support,4,MARGO-SPLIT-v1,20,20,80,3,154,0.0,0.2,20,10,0.0005,0.0005,mrlco_first_order_mean_pseudogradient,fixed_literature_derived_defaults,0.0026150217373035077,0.0001307510868651801,0.023344089382453685,0.0011672044691226624,0.0017149712181952824,8.574856090976662e-05,3.0,0.0,0.06413640037353478,0.5706329999780898,0.04197199140118607,,,,,,,,,,,,,,,,
0.0792543218374333,0.0035,0.99575,0.00075,-0.00015908187197055668,0.04928102344274521,0.0012282574755289489,0.0024166666126499573,1.357626227537791,0.0,0.0,0.0,0.0,0.0,0.0,0.024537802665743066,1.3211005926132202,publication,0.6478424072265625,3.3551669120788574,0.8258490581089427,0.9303315428210226,200,0.9273574843120445,2.3762236470356584,0.04384070289961528,0.8258490581089427,0.9303315640054644,193.56827201843262,mobile,0.0007088750831503989,0.00184554350024137,9.67841436562988,9.67841436562988,system,0.0,154,0.9303315640054644,0.05617127134969712,meta_train_support,4,MARGO-SPLIT-v1,20,20,80,3,155,0.0,0.2,20,10,0.0005,0.0005,mrlco_first_order_mean_pseudogradient,fixed_literature_derived_defaults,0.0025981506293209044,0.00012990753146605027,0.02319348235417979,0.0011596741177090086,0.0017039068877553129,8.519534438776455e-05,3.0,0.0,0.06426630790500083,0.5717926740957988,0.042057186745573835,,,,,,,,,,,,,,,,
0.06158928771625678,0.00375,0.99525,0.001,-0.0002895105571951717,0.06318885833024979,0.0011158941357831981,0.0025833332755913338,1.0888091056297224,0.0,0.0,0.0,0.0,0.0,0.0,0.025301827888784666,1.344508409500122,publication,0.604170560836792,5.124275207519531,0.7906056578833887,0.89057809329679,200,0.9244477041888433,2.686489947605878,0.05206789913790999,0.7906056578833885,0.8905780742131174,294.9752933883667,mobile,0.0008373156682395253,0.0023309780837378114,14.748764121579507,14.748764121579507,system,0.0,155,0.8905780742131174,0.051941035129051884,meta_train_support,4,MARGO-SPLIT-v1,20,20,80,3,156,0.0,0.2,20,10,0.0005,0.0005,mrlco_first_order_mean_pseudogradient,fixed_literature_derived_defaults,0.002602784929257967,0.0001301392464628931,0.02313168753699381,0.0011565843768497341,0.0016929844077055993,8.464922038527861e-05,3.0,0.0,0.06439644715146373,0.5729492584726485,0.042141835965959114,,,,,,,,,,,,,,,,
0.06919641954813746,0.00225,0.99725,0.0005,-0.0004044846573378891,0.05834273248910904,0.0006224382130829653,0.0018333332923551402,1.1449980760614076,0.0,0.0,0.0,0.0,0.0,0.0,0.02226092034463821,1.4572157859802246,publication,0.5514950752258301,3.306089401245117,0.6945580152398101,0.7822017764271731,200,0.6890605902337068,1.9867015965282917,0.0027236970781814307,0.69455801523981,0.7822017876058817,784.0802996444702,mobile,0.0007815828988293519,0.0011714808635479997,39.20401558219465,39.20401558219465,system,0.0,156,0.7822017876058817,0.04751916449335591,meta_train_support,4,MARGO-SPLIT-v1,20,20,80,3,157,0.0,0.2,20,10,0.0005,0.0005,mrlco_first_order_mean_pseudogradient,fixed_literature_derived_defaults,0.00258620668130091,0.000129310334065047,0.022984351947586204,0.0011492175973792929,0.0016822010675291304,8.411005337645439e-05,3.0,0.0,0.06452575748552877,0.5740984760700278,0.04222594601933557,,,,,,,,,,,,,,,,
0.05229931391223893,0.0025,0.99725,0.00025,-0.0005051937769167125,0.02217969484627247,0.001045754836972061,0.0016666666294137635,0.8308839445312819,0.0,0.0,0.0,0.0,0.0,0.0,0.023852169575767905,1.487654209136963,publication,0.5672168731689453,3.372021198272705,0.5159284001497342,0.5828599041065899,200,0.5717257244523467,1.4255990330129862,-0.09556488203816116,0.5159284001497343,0.5828599259443581,710.7134241676331,mobile,0.0009784449610761707,0.0029025075938899788,35.53567250778801,35.53567250778801,system,0.0,157,0.5828599259443581,0.04106593817681325,meta_train_support,4,MARGO-SPLIT-v1,20,20,80,3,158,0.0,0.2,20,10,0.0005,0.0005,mrlco_first_order_mean_pseudogradient,fixed_literature_derived_defaults,0.0025698382845838154,0.00012849191422918682,0.022838881365639455,0.0011419440682819415,0.001671554225329579,8.357771126647762e-05,3.0,0.0,0.06465424939975796,0.5752404201383098,0.042309523730602046,,,,,,,,,,,,,,,,
0.053096611506948624,0.003,0.99675,0.00025,-4.729751526610926e-05,0.10024774074554443,0.0004900711279269387,0.0017499999608844518,1.0876613120237988,0.0,0.0,0.0,0.0,0.0,0.0,0.021177537172339597,1.411538004875183,publication,0.6688625812530518,4.992773056030273,0.8273865941652297,0.9299029555919697,200,0.927611252850088,3.413090099580586,0.09051768924109638,0.8273865941652299,0.9299029652029276,925.9362857151032,mobile,0.0009093200807760038,0.002341433268394216,46.29681432806183,46.29681432806183,system,0.0,158,0.9299029652029276,0.04275254536116302,meta_train_support,4,MARGO-SPLIT-v1,20,20,80,3,159,0.0,0.2,20,10,0.0005,0.0005,mrlco_first_order_mean_pseudogradient,fixed_literature_derived_defaults,0.0025591605089405945,0.00012795802544703083,0.022714603936637677,0.0011357301968318856,0.0016610413056734183,8.305206528366749e-05,3.0,0.0,0.06478220742520499,0.5763761503351417,0.04239257579588571,,,,,,,,,,,,,,,,
0.056689517651857355,0.00275,0.99675,0.0005,-0.00057694420684129,0.018022621050477028,0.0012368174187116668,0.001333333303531011,0.793922041853269,0.0,0.0,0.0,0.0,0.0,0.0,0.026974239307025957,1.224273443222046,publication,0.6508080959320068,5.204903602600098,0.3445444711876492,0.386686674319335,200,0.5006349813858373,1.504348671529442,0.018881936906836927,0.3445444711876492,0.3866866641305387,212.82419907569886,mobile,0.0009454280753766966,0.001768806810151381,10.64120986057711,10.64120986057711,system,0.0,159,0.3866866641305387,0.046575366688107904,meta_train_support,4,MARGO-SPLIT-v1,20,20,80,3,160,0.0,0.2,20,10,0.0005,0.0005,mrlco_first_order_mean_pseudogradient,fixed_literature_derived_defaults,0.0025431657557597157,0.0001271582877879901,0.02257263766203369,0.0011286318831016384,0.0016506597975129594,8.253298987564994e-05,3.0,0.0,0.06490936571299298,0.5775047822182433,0.04247510878576136,,,,,,,,,,,,,,,,
0.07737697978462652,0.004,0.99575,0.00025,-0.0004798268782906234,0.0870637446641922,0.002142393259952276,0.0024999999441206455,1.2668359845876693,0.0,0.0,0.0,0.0,0.0,0.0,0.03001294053745956,1.160934567451477,publication,0.6555399894714355,4.82205605506897,0.8209525039876476,0.9231856339110527,200,0.7817052740244493,2.175764227285981,0.02538948110304773,0.8209525039876475,0.9231856411136686,267.3494105529785,mobile,0.0014816988328710506,0.0025439744325442054,13.367469877864542,13.367469877864542,system,0.0,160,0.9231856411136686,0.058025252443106606,meta_train_support,4,MARGO-SPLIT-v1,20,20,80,3,161,0.0,0.2,20,10,0.0005,0.0005,mrlco_first_order_mean_pseudogradient,fixed_literature_derived_defaults,0.0025330555615848066,0.0001266527780792448,0.022454080730272358,0.0011227040365135998,0.0016404072521867918,8.202036260934048e-05,3.0,0.0,0.06503601849107223,0.5786274862547569,0.042557129148370704,,,,,,,,,,,,,,,,
0.05612544590493882,0.0025,0.9965,0.001,-0.0011345751117914915,0.021675068885087967,0.002181238392463077,0.0022499999497085812,0.7447503472367922,0.0,0.0,0.0,0.0,0.0,0.0,0.02987926107466291,1.078045129776001,publication,0.6562128067016602,5.23157000541687,0.49149475314508984,0.5536872554015099,200,0.5910556717136048,1.7142835035920143,0.045274525560671464,0.49149475314508984,0.5536872654594481,519.7111910057068,mobile,0.003235689249911368,0.006307429821989622,25.985559098551494,25.985559098551494,system,0.0,161,0.5536872654594481,0.038580858736655406,meta_train_support,4,MARGO-SPLIT-v1,20,20,80,3,162,0.0,0.2,20,10,0.0005,0.0005,mrlco_first_order_mean_pseudogradient,fixed_literature_derived_defaults,0.002517419416142925,0.00012587097080714316,0.02231547529366574,0.0011157737646833032,0.0016302812814942807,8.151406407471556e-05,3.0,0.0,0.06516188946187937,0.5797432600194402,0.04263864321244542,,,,,,,,,,,,,,,,
0.0678877314698774,0.0045,0.99425,0.00125,-0.0003574194270186126,0.13545982539653778,0.0008192744531205183,0.0029999999639888602,1.1404598126808803,0.0,0.0,0.0,0.0,0.0,0.0,0.03146618057181747,1.0549712181091309,publication,0.5853643417358398,5.17386269569397,0.6320251814500668,0.7119355458515202,200,1.001661535871119,3.2767086513340473,0.01509971077030059,0.6320251814500668,0.7119355434272439,251.53079664230347,mobile,0.0013141459150336826,0.0028591035974940534,12.576540030118295,12.576540030118295,system,0.0,162,0.7119355434272439,0.04984734442720723,meta_train_support,4,MARGO-SPLIT-v1,20,20,80,3,163,0.0,0.2,20,10,0.0005,0.0005,mrlco_first_order_mean_pseudogradient,fixed_literature_derived_defaults,0.002501975125246343,0.0001250987562623207,0.022178570537262878,0.0011089285268631732,0.0016202795558409417,8.101397779204655e-05,3.0,0.0,0.06528698821814169,0.5808521885463034,0.042719657190237466,,,,,,,,,,,,,,,,
0.08071413965475607,0.00475,0.99275,0.0025,-0.0001261228317162022,0.1783408671617508,0.0018114102774006823,0.004166666620100538,1.3799889504909517,0.0,0.0,0.0,0.0,0.0,0.0,0.037733587511486436,1.052782654762268,publication,0.6434018611907959,4.5414488315582275,0.9005988000693863,1.0131757598566764,200,1.064447188637287,2.922380857169628,0.04642281448468566,0.9005988000693861,1.013175767287612,139.18099494934083,mobile,0.0018336317433422906,0.003984992597889533,6.959049562092977,6.959049562092977,system,0.0,163,1.013175767287612,0.05773357147140757,meta_train_support,4,MARGO-SPLIT-v1,20,20,80,3,164,0.0,0.2,20,10,0.0005,0.0005,mrlco_first_order_mean_pseudogradient,fixed_literature_derived_defaults,0.0024892598084734594,0.00012446299042367936,0.022053321607697487,0.0011026660803848953,0.0016103998024516676,8.051999012258226e-05,3.0,0.0,0.06541145120856537,0.5819548546266883,0.04280017718036005,,,,,,,,,,,,,,,,
0.06045871311213352,0.00525,0.993,0.00175,-0.00020356709137558937,0.02697342447936535,0.003067860386963162,0.003749999962747097,0.7242501551906269,0.0,0.0,0.0,0.0,0.0,0.0,0.034829263815745075,1.1117141246795654,publication,0.6520121097564697,5.37422251701355,0.5063231554648738,0.5700586247249521,200,0.5287139799125923,1.5646985666826367,0.018263190402649343,0.5063231554648738,0.5700586285442114,754.4940102863312,mobile,0.0014100849104634807,0.018860134496664967,37.72470236236993,37.72470236236993,system,0.0,164,0.5700586285442114,0.04551721302115602,meta_train_support,4,MARGO-SPLIT-v1,20,20,80,3,165,0.0,0.2,20,10,0.0005,0.0005,mrlco_first_order_mean_pseudogradient,fixed_literature_derived_defaults,0.0024741733853918023,0.00012370866926958435,0.02191966511310538,0.0010959832556552973,0.0016006398036489302,8.003199018244422e-05,3.0,0.0,0.06553515987783495,0.5830508378823436,0.04288020917054249,,,,,,,,,,,,,,,,
0.04458657024550078,0.00375,0.99475,0.0015,-8.664201595820487e-05,0.019220732152462006,0.0028266758397270074,0.0032499999273568393,0.8697225203116734,0.0,0.0,0.0,0.0,0.0,0.0,0.039544228823154136,1.1520154476165771,publication,0.6648209095001221,4.975758790969849,0.5735805539338871,0.6447735805883734,200,0.6275846083080896,1.7464937744662166,0.051279613515362144,0.5735805539338871,0.6447735833190381,893.9752247238159,mobile,0.00045777961091403844,0.030558380999893768,44.69876050028796,44.69876050028796,system,0.0,165,0.6447735833190381,0.032096649500631444,meta_train_support,4,MARGO-SPLIT-v1,20,20,80,3,166,0.0,0.2,20,10,0.0005,0.0005,mrlco_first_order_mean_pseudogradient,fixed_literature_derived_defaults,0.002459268726443659,0.00012296343632217654,0.021787618937725226,0.0010893809468862647,0.001590997395193214,7.954986975965833e-05,3.0,0.0,0.06565812331415713,0.5841402188292298,0.04295975904030215,,,,,,,,,,,,,,,,
0.062286405874746056,0.00625,0.992,0.00175,-0.0016600568778812885,0.20929335057735443,0.001222812233595505,0.006416666662941375,1.5593017275134722,0.0,0.0,0.0,0.0,0.0,0.0,0.04711050504745809,1.2260923385620117,publication,0.5789535045623779,5.170464754104614,1.0876883687906078,1.2273995560823097,200,1.218588468416249,3.3903284911066294,0.0559345252768253,1.0876883687906078,1.2273995328694582,439.5024574279785,mobile,0.008148984014390445,0.057262959595806996,21.97512210545405,21.97512210545405,system,0.0,166,1.2273995328694582,0.052522680526174176,meta_train_support,4,MARGO-SPLIT-v1,20,20,80,3,167,0.0,0.2,20,10,0.0005,0.0005,mrlco_first_order_mean_pseudogradient,fixed_literature_derived_defaults,0.0024468389490049872,0.00012234194745025517,0.021677357694554675,0.0010838678847276961,0.0015814704646830748,7.907352323415634e-05,3.0,0.0,0.06578046526160738,0.5852240867139575,0.04303883256353631,,,,,,,,,,,,,,,,
0.04782844141555946,0.00825,0.99,0.00175,-0.00016209414752665907,0.020986463874578476,0.004733532539178971,0.005833333265036345,0.7250724911689759,0.0,0.0,0.0,0.0,0.0,0.0,0.04466351879503083,1.298033356666565,publication,0.5768277645111084,5.187570333480835,0.5366978883030422,0.603485272579419,200,0.5997947236414187,1.5451101940125227,0.03366551542421803,0.5366978883030422,0.6034852875396609,549.1948941230773,mobile,0.0015096315896446786,0.0036509191978258476,27.45974392355354,27.45974392355354,system,0.0,167,0.6034852875396609,0.03888679142186268,meta_train_support,4,MARGO-SPLIT-v1,20,20,80,3,168,0.0,0.2,20,10,0.0005,0.0005,mrlco_first_order_mean_pseudogradient,fixed_literature_derived_defaults,0.0024322744314513862,0.00012161372157257211,0.02154832580351566,0.00107741629017577,0.0015720569500123423,7.860284750061536e-05,3.0,0.0,0.06590207898317996,0.5863015030041333,0.04311743541103692,,,,,,,,,,,,,,,,
0.07184974457513074,0.006,0.99125,0.00275,0.00028948939871042967,0.030289551243185997,0.005530967643323947,0.005083333219711978,1.0763968043029308,0.0,0.0,0.0,0.0,0.0,0.0,0.04466523401923038,1.2854602336883545,publication,0.6232495307922363,5.29278564453125,0.7191114732204036,0.8121198773391006,200,0.7888741575854239,2.101538491435349,0.04586815714719705,0.7191114732204034,0.812119898982346,568.0443937492371,mobile,0.0009900119732418502,0.0026075436355518394,28.402217004690144,28.402217004690144,system,0.0,168,0.812119898982346,0.05813916182150116,meta_train_support,4,MARGO-SPLIT-v1,20,20,80,3,169,0.0,0.2,20,10,0.0005,0.0005,mrlco_first_order_mean_pseudogradient,fixed_literature_derived_defaults,0.0024220103905670523,0.00012110051952834988,0.021438194694271884,0.0010719097347136053,0.0015627548378820916,7.81377418941076e-05,3.0,0.0,0.0660231795027083,0.5873734127388469,0.04319557315293103,,,,,,,,,,,,,,,,
0.045278572484668225,0.00425,0.9925,0.00325,-0.0019312248332425952,0.01378125324845314,0.002004425233561354,0.007833333282421032,0.6848286827405293,0.0,0.0,0.0,0.0,0.0,0.0,0.04536402444801428,1.2152830362319946,publication,0.6370272636413574,5.288322448730469,0.31174879897924423,0.3487579459411427,200,0.4425804724535761,1.50719209946692,0.03546810520492727,0.31174879897924423,0.34875796068459747,504.80410356521605,mobile,0.003165132320373069,0.012905129375983482,25.240205666542657,25.240205666542657,system,0.0,169,0.34875796068459747,0.03887996485623648,meta_train_support,4,MARGO-SPLIT-v1,20,20,80,3,170,0.0,0.2,20,10,0.0005,0.0005,mrlco_first_order_mean_pseudogradient,fixed_literature_derived_defaults,0.0024077632706225403,0.00012038816353113213,0.021314780753678902,0.0010657390376839215,0.0015535621623651381,7.76781081182551e-05,3.0,0.0,0.06614356766623944,0.5884391517765308,0.043273251261049285,,,,,,,,,,,,,,,,
0.069737189314183,0.0035,0.99525,0.00125,-0.005188190843909979,0.06484355032444,0.0024497935217974976,0.011000000219792127,1.1058118466287852,0.0,0.0,0.0,0.0,0.0,0.0,0.03240286611870497,1.137861728668213,publication,0.6614120006561279,4.769764184951782,0.8269689964489848,0.9306611245327077,200,0.8409871601075205,2.5356491012498736,0.013839616090990603,0.8269689964489849,0.9306611190922558,293.06475056648253,mobile,0.0038830979845736534,0.01608217206828435,14.653238053352984,14.653238053352984,system,0.0,170,0.9306611190922558,0.06627376418706032,meta_train_support,4,MARGO-SPLIT-v1,20,20,80,3,171,0.0,0.2,20,10,0.0005,0.0005,mrlco_first_order_mean_pseudogradient,fixed_literature_derived_defaults,0.002419353751051831,0.00012096768755259779,0.02131200387266069,0.0010656001936329984,0.0015444770035208976,7.722385017604194e-05,3.0,0.0,0.06626453535379204,0.5895047519701638,0.04335047511122533,,,,,,,,,,,,,,,,
0.05174030122726401,0.003,0.99575,0.00125,-0.0034198497887700796,0.05905137583613396,0.0025470071280778938,0.015416666818782685,0.943126950164636,0.0,0.0,0.0,0.0,0.0,0.0,0.03343992869933216,1.1085230112075806,publication,0.5875742435455322,3.3121800422668457,0.6456093380619461,0.726054930096634,200,0.6390067184707633,2.1440963556524366,0.037644201423972845,0.645609338061946,0.726054926160723,682.1573106384277,mobile,0.0025687255389714257,0.02780827981069695,34.10786568484238,34.10786568484238,system,0.0,171,0.726054926160723,0.04163753829512642,meta_train_support,4,MARGO-SPLIT-v1,20,20,80,3,172,0.0,0.2,20,10,0.0005,0.0005,mrlco_first_order_mean_pseudogradient,fixed_literature_derived_defaults,0.0024052877408712973,0.0001202643870435588,0.021188096873401032,0.0010594048436700643,0.001535497486058567,7.677487430293034e-05,3.0,0.0,0.0663847997408356,0.5905641568138339,0.04342724998552826,,,,,,,,,,,,,,,,
0.04925039619949017,0.004,0.99475,0.00125,-0.0028587947599589825,0.019469117745757103,0.001150023433183378,0.0031666665958861506,0.8178882012764612,0.0,0.0,0.0,0.0,0.0,0.0,0.03748028950007328,1.1977875232696533,publication,0.626725435256958,5.286180019378662,0.5498628173579249,0.6183312894820119,200,0.6974407803973937,1.8434011708013713,-0.0003039897419512272,0.5498628173579247,0.618331274149823,641.8919032669068,mobile,0.003622419163598732,0.10809931032284252,32.09459737972489,32.09459737972489,system,0.0,172,0.618331274149823,0.041571184856910914,meta_train_support,4,MARGO-SPLIT-v1,20,20,80,3,173,0.0,0.2,20,10,0.0005,0.0005,mrlco_first_order_mean_pseudogradient,fixed_literature_derived_defaults,0.002392461575954379,0.00011962307879771761,0.021076573344933215,0.0010538286672466812,0.0015266217780466676,7.633108890233581e-05,3.0,0.0,0.06650442281963331,0.5916179854810806,0.04350358107443059,,,,,,,,,,,,,,,,
0.0748812903357598,0.00675,0.9915,0.00175,0.0003337612724862993,0.026299798861145973,0.00216849459480765,0.0049999999503294625,1.067407094935576,0.0,0.0,0.0,0.0,0.0,0.0,0.04493483428489072,1.289688229560852,publication,0.658738374710083,5.040716171264648,0.6842851808748956,0.7732820346248991,200,0.7255145113892205,2.5530695160850883,-0.09994129301048815,0.6842851808748958,0.7732820345554501,275.4291339206695,mobile,0.003000160571518648,0.006726315796695283,13.771455936511286,13.771455936511286,system,0.0,173,0.7732820345554501,0.058181408591100235,meta_train_support,4,MARGO-SPLIT-v1,20,20,80,3,174,0.0,0.2,20,10,0.0005,0.0005,mrlco_first_order_mean_pseudogradient,fixed_literature_derived_defaults,0.0023840858111613536,0.00011920429055806148,0.020984872087316652,0.0010492436043658682,0.001517848089667089,7.589240448335755e-05,3.0,0.0,0.06662362711019137,0.5926672290854464,0.04357947347891395,,,,,,,,,,,,,,,,
0.06141916813471443,0.0065,0.9905,0.003,-0.002952051814645529,0.02221577800810337,0.004353490398049567,0.01800000004780789,1.118296281496684,0.0,0.0,0.0,0.0,0.0,0.0,0.051269667964133514,1.2787200212478638,publication,0.6451690196990967,4.49578332901001,0.6666375021413864,0.7492490295221796,200,0.5893829839136987,1.6777602687943727,0.049075669958256185,0.6666375021413863,0.7492490325309337,849.1671680355072,mobile,0.005233106867870208,0.008610950898211707,42.458358100182984,42.458358100182984,system,0.0,174,0.7492490325309337,0.050841297195877516,meta_train_support,4,MARGO-SPLIT-v1,20,20,80,3,175,0.0,0.2,20,10,0.0005,0.0005,mrlco_first_order_mean_pseudogradient,fixed_literature_derived_defaults,0.0023735357556797666,0.00011867678778398894,0.020894098018056712,0.0010447049009028042,0.0015091746720118486,7.545873360059047e-05,3.0,0.0,0.06674230389797536,0.5937119339863492,0.04365493221251454,,,,,,,,,,,,,,,,
0.057465734084595266,0.0095,0.988,0.0025,-0.0005311082350090146,0.02119370549917221,0.0029230805940339147,0.007666666712611914,0.6848395322759947,0.0,0.0,0.0,0.0,0.0,0.0,0.05881710674478931,1.250427484512329,publication,0.6266367435455322,3.480764150619507,0.43332443869984616,0.48796399260631007,200,0.734962989090384,2.210052264854312,0.04717084775802505,0.43332443869984616,0.48796400962397457,474.6490460395813,mobile,0.0017819647040110615,0.00604921922527034,23.732453503181777,23.732453503181777,system,0.0,175,0.48796400962397457,0.04887245728896611,meta_train_support,4,MARGO-SPLIT-v1,20,20,80,3,176,0.0,0.2,20,10,0.0005,0.0005,mrlco_first_order_mean_pseudogradient,fixed_literature_derived_defaults,0.0023718564676588087,0.00011859282338294586,0.020831582404163693,0.0010415791202081914,0.0015005998159208721,7.502999079604666e-05,3.0,0.0,0.06686089672135831,0.5947535131065574,0.04372996220331059,,,,,,,,,,,,,,,,
0.06196441967705903,0.0115,0.985,0.0035,-3.81097306672018e-05,0.1286647766828537,0.005010415122675719,0.012333333461234965,1.0910519118110338,0.0,0.0,0.0,0.0,0.0,0.0,0.06476612633661104,1.222259759902954,publication,0.6684508323669434,4.9081268310546875,0.6354848734718259,0.7140871376203358,200,0.9302890257203786,3.0983970127999783,0.04135097532707732,0.6354848734718258,0.7140871588513256,440.9025906085968,mobile,0.0037529515728844083,0.004847605776271435,22.045127120810612,22.045127120810612,system,0.0,176,0.7140871588513256,0.05931319083855371,meta_train_support,4,MARGO-SPLIT-v1,20,20,80,3,177,0.0,0.2,20,10,0.0005,0.0005,mrlco_first_order_mean_pseudogradient,fixed_literature_derived_defaults,0.002392117157523374,0.00011960585787616773,0.02083294251628781,0.0010416471258143378,0.0014921218508591723,7.46060925429573e-05,3.0,0.0,0.06698050257923448,0.5957951602323718,0.043804568295853545,,,,,,,,,,,,,,,,
0.05519310219860159,0.00875,0.98925,0.002,-0.002569869626313448,0.043706171214580536,0.008428563213374218,0.01216666647233069,0.7124323527018228,0.0,0.0,0.0,0.0,0.0,0.0,0.056100868219731224,1.201939582824707,publication,0.6553194522857666,5.16555380821228,0.483225170536289,0.5431184229107021,200,0.7665444465138943,2.5478637411724776,0.04129682028724346,0.4832251705362891,0.543118402119726,901.8276961517334,mobile,0.0011306103958462614,0.013874316913841602,45.09138911612653,45.09138911612653,system,0.0,177,0.543118402119726,0.044771311908444265,meta_train_support,4,MARGO-SPLIT-v1,20,20,80,3,178,0.0,0.2,20,10,0.0005,0.0005,mrlco_first_order_mean_pseudogradient,fixed_literature_derived_defaults,0.0023786782970878495,0.00011893391485438831,0.02071782370649947,0.0010358911853249886,0.0014837391438318735,7.418695719159374e-05,3.0,0.0,0.06709943649408887,0.5968310514176968,0.04387875525304514,,,,,,,,,,,,,,,,
0.038313546778747515,0.0095,0.98725,0.00325,-0.0007456212188117206,0.013512945733964443,0.006799103519824712,0.008083333276833098,0.6034919016063214,0.0,0.0,0.0,0.0,0.0,0.0,0.05935664001015097,1.0008623600006104,publication,0.6584446430206299,5.298581600189209,0.5208108096806956,0.5851507373071217,200,0.4763099845850977,1.5857770391739905,0.05761572395567782,0.5208108096806956,0.5851507437787951,976.9387750434876,mobile,0.0004597135868869874,0.0018414209950707373,48.84694098540882,48.84694098540882,system,0.0,178,0.5851507437787951,0.0294477323747719,meta_train_support,4,MARGO-SPLIT-v1,20,20,80,3,179,0.0,0.2,20,10,0.0005,0.0005,mrlco_first_order_mean_pseudogradient,fixed_literature_derived_defaults,0.0023653895915175262,0.00011826947957588319,0.020602081674619584,0.0010301040837309428,0.001475450098335606,7.377250491678172e-05,3.0,0.0,0.06721770597366475,0.5978611555014277,0.04395252775796192,,,,,,,,,,,,,,,,
0.06091164887806651,0.00725,0.9905,0.00225,-0.0016926859971135855,0.07355092465877533,0.0033967637858485964,0.012583333378036817,1.1013409187396368,0.0,0.0,0.0,0.0,0.0,0.0,0.056492453341458325,1.1789448261260986,publication,0.5760266780853271,4.617603063583374,0.8824455135503705,0.9932147089202045,200,0.9818055691490144,2.8558056382462382,0.06687305879313499,0.8824455135503705,0.9932147128134966,592.9753548049927,mobile,0.0033702730352173638,0.00810749993988681,29.648768054123085,29.648768054123085,system,0.0,179,0.9932147128134966,0.0658357036455535,meta_train_support,4,MARGO-SPLIT-v1,20,20,80,3,180,0.0,0.2,20,10,0.0005,0.0005,mrlco_first_order_mean_pseudogradient,fixed_literature_derived_defaults,0.0023772569893907797,0.00011886284946953374,0.02060274080593404,0.0010301370402967525,0.0014672531533448528,7.336265766724054e-05,3.0,0.0,0.06733656882313428,0.5988912925417245,0.04402589041562916,,,,,,,,,,,,,,,,
0.05886800011530859,0.008,0.98875,0.00325,0.00041698533459566534,0.026496250182390213,0.004258196515211429,0.009916666646798451,0.9533443202575048,0.0,0.0,0.0,0.0,0.0,0.0,0.04418803461770093,1.2565864324569702,publication,0.5930039882659912,5.178638219833374,0.5373851022519281,0.6029900667419861,200,0.6555210779983823,1.9953992832452059,0.021837258984305663,0.5373851022519283,0.6029900822974742,543.8643925762176,mobile,0.0010923409820049197,0.00671001283207352,27.193217822214628,27.193217822214628,system,0.0,180,0.6029900822974742,0.0461405729224479,meta_train_support,4,MARGO-SPLIT-v1,20,20,80,3,181,0.0,0.2,20,10,0.0005,0.0005,mrlco_first_order_mean_pseudogradient,fixed_literature_derived_defaults,0.0023641229728748082,0.00011820614864374579,0.02048891350866369,0.0010244456754331388,0.0014591467823318978,7.295733911659441e-05,3.0,0.0,0.06745477497177803,0.5999157382171576,0.044098847754745756,,,,,,,,,,,,,,,,
0.058363403523286075,0.00575,0.99225,0.002,-0.00043739937245845795,0.15911592543125153,0.0073282251049306526,0.0045833333705862355,1.3256922985116644,0.0,0.0,0.0,0.0,0.0,0.0,0.04164955152262016,1.3276170492172241,publication,0.6650779247283936,4.785093784332275,0.7776978261320948,0.8766790330279036,200,1.1504134361150284,3.8735733926296234,0.03075533246737905,0.777697826132095,0.8766790732555091,677.5111615753174,mobile,0.003748280936266418,0.00736877013453608,33.875556663786035,33.875556663786035,system,0.0,181,0.8766790732555091,0.04528477900856471,meta_train_support,4,MARGO-SPLIT-v1,20,20,80,3,182,0.0,0.2,20,10,0.0005,0.0005,mrlco_first_order_mean_pseudogradient,fixed_literature_derived_defaults,0.0023598567632300625,0.00011799283816150974,0.020405057580268292,0.0010202528790134169,0.001451129492319085,7.25564746159521e-05,3.0,0.0,0.06757276780993954,0.600935991096171,0.04417140422936171,,,,,,,,,,,,,,,,
0.05275744315009791,0.00675,0.9915,0.00175,-0.0004388551751617342,0.029912184923887253,0.004742681130379367,0.005250000037873785,0.9957657078901928,0.0,0.0,0.0,0.0,0.0,0.0,0.039736569040757196,1.295980453491211,publication,0.598968505859375,5.228821277618408,0.5241320070953327,0.5889805077644269,200,0.5171731648952236,1.6586639052256942,0.04546664876397699,0.5241320070953328,0.5889804942719639,979.5683592605591,mobile,0.001726700380254652,0.04216501558347144,48.97841915905778,48.97841915905778,system,0.0,182,0.5889804942719639,0.039955086084494294,meta_train_support,4,MARGO-SPLIT-v1,20,20,80,3,183,0.0,0.2,20,10,0.0005,0.0005,mrlco_first_order_mean_pseudogradient,fixed_literature_derived_defaults,0.002350204382813665,0.00011751021914067905,0.020315233776304044,0.001015761688815231,0.0014431998229621503,7.215999114811023e-05,3.0,0.0,0.06769027802908022,0.6019517527849862,0.04424356422050982,,,,,,,,,,,,,,,,
0.07101510221111099,0.004,0.99475,0.00125,-0.002908111549913883,0.03598928451538086,0.002122882610273298,0.010583333407218258,0.9863580827911695,0.0,0.0,0.0,0.0,0.0,0.0,0.037435112864212666,1.3255451917648315,publication,0.6461873054504395,5.097254991531372,0.6379053494927943,0.7166648430846908,200,0.8520718886226825,2.3982378873042762,0.030951781842304626,0.6379053494927943,0.7166648145951331,394.82926564216615,mobile,0.006456050676493487,0.009304948216561425,19.741464092236516,19.741464092236516,system,0.0,183,0.7166648145951331,0.06329807953796786,meta_train_support,4,MARGO-SPLIT-v1,20,20,80,3,184,0.0,0.2,20,10,0.0005,0.0005,mrlco_first_order_mean_pseudogradient,fixed_literature_derived_defaults,0.0023416919694274818,0.00011708459847137309,0.020230157771034582,0.0010115078885517548,0.0014353563456634428,7.176781728317205e-05,3.0,0.0,0.06780736262755159,0.602963260673538,0.04431533203779299,,,,,,,,,,,,,,,,
0.04488786413759462,0.00775,0.991,0.00125,-0.0008207912323996425,0.07808003574609756,0.007081907287223049,0.005000000012417634,1.2285856931159895,0.0,0.0,0.0,0.0,0.0,0.0,0.041287546526163864,1.4421190023422241,publication,0.6616744995117188,4.636030673980713,0.6871445513163502,0.7715798430050199,200,0.6970291729640905,2.244403125718236,0.05638291407376528,0.68714455131635,0.7715798490867019,941.2719336128234,mobile,0.001656441142601794,0.003719503321744476,47.063594712675076,47.063594712675076,system,0.0,184,0.7715798490867019,0.03781452300821051,meta_train_support,4,MARGO-SPLIT-v1,20,20,80,3,185,0.0,0.2,20,10,0.0005,0.0005,mrlco_first_order_mean_pseudogradient,fixed_literature_derived_defaults,0.0023308485466961297,0.00011654242733480369,0.02013319953473018,0.0010066599767365458,0.0014275976627139107,7.137988313569293e-05,3.0,0.0,0.0679239050548864,0.6039699206502745,0.04438671192092868,,,,,,,,,,,,,,,,
0.049511330812276426,0.005,0.992,0.003,-0.0005465325084514916,0.01811244525015354,0.0015950713248685134,0.004499999992549419,0.8100011055668196,0.0,0.0,0.0,0.0,0.0,0.0,0.035740332985686345,1.4162484407424927,publication,0.6672067642211914,5.498180389404297,0.36923965278772414,0.4140736521938379,200,0.4925561866535661,1.412067875789944,0.032608118548523635,0.36923965278772414,0.41407364735379815,662.597564201355,mobile,0.00010545035610288305,0.0008983916886514642,33.12987851856919,33.12987851856919,system,0.0,185,0.41407364735379815,0.038597720316462344,meta_train_support,4,MARGO-SPLIT-v1,20,20,80,3,186,0.0,0.2,20,10,0.0005,0.0005,mrlco_first_order_mean_pseudogradient,fixed_literature_derived_defaults,0.002318317102896688,0.00011591585514483804,0.020024956526478944,0.0010012478263239366,0.0014199224064627607,7.099612032313712e-05,3.0,0.0,0.06803982091003123,0.6049711684765985,0.04445770804125182,,,,,,,,,,,,,,,,
0.05367831482078243,0.006,0.99175,0.00225,-0.0009385101730003953,0.03185232728719711,0.0032240484899375586,0.012666666631897288,0.9627123743295669,0.0,0.0,0.0,0.0,0.0,0.0,0.04483976925565644,1.4192999601364136,publication,0.6703119277954102,5.466644287109375,0.5860281246912209,0.6587677819307646,200,0.8223425838252886,2.2426762646064162,0.052358114218804985,0.5860281246912209,0.6587677776440978,320.31101910591127,mobile,0.004033441160465157,0.007568858770063587,16.01555114379534,16.01555114379534,system,0.0,186,0.6587677776440978,0.049707715004908525,meta_train_support,4,MARGO-SPLIT-v1,20,20,80,3,187,0.0,0.2,20,10,0.0005,0.0005,mrlco_first_order_mean_pseudogradient,fixed_literature_derived_defaults,0.002316445295954763,0.00011582226479774083,0.01997430750543668,0.0009987153752718525,0.001412329238513762,7.061646192568771e-05,3.0,0.0,0.06815564317482897,0.6059698838518703,0.04452832450317751,,,,,,,,,,,,,,,,
0.05322068508644327,0.00775,0.99125,0.001,-0.0006641123327426612,0.04144122451543808,0.005179772899871675,0.008333333178112903,1.0915388689686856,0.0,0.0,0.0,0.0,0.0,0.0,0.04569456286222653,1.3836034536361694,publication,0.6610598564147949,5.1056177616119385,0.6447766232343415,0.7257944082374524,200,0.6607652914005364,1.8834693166427314,0.025245403114240617,0.6447766232343415,0.7257944146823138,794.6785916519165,mobile,0.001125243114684357,0.0014189815572138757,39.73393198381149,39.73393198381149,system,0.0,187,0.7257944146823138,0.04258639391043225,meta_train_support,4,MARGO-SPLIT-v1,20,20,80,3,188,0.0,0.2,20,10,0.0005,0.0005,mrlco_first_order_mean_pseudogradient,fixed_literature_derived_defaults,0.002308824316382666,0.00011544121581913425,0.01988693972801456,0.0009943469864007737,0.0014048168489471994,7.024084244736106e-05,3.0,0.0,0.0682710843906481,0.6069642308382711,0.04459856534562487,,,,,,,,,,,,,,,,
0.06631347268384691,0.01625,0.982,0.00175,0.0008080288534983993,0.052880991250276566,0.01499315997873509,0.01116666664990286,1.4987417280673982,0.0,0.0,0.0,0.0,0.0,0.0,0.06930554771044013,1.4043930768966675,publication,0.6368918418884277,4.948509216308594,0.9608640286790683,1.082985800117667,200,0.9116373662860644,2.6822083042934537,0.021311777163646184,0.9608640286790685,1.0829858414363116,566.2831999206543,mobile,0.0009001777895754023,0.006384125978422783,28.314160864261588,28.314160864261588,system,0.0,188,1.0829858414363116,0.04969044752304178,meta_train_support,4,MARGO-SPLIT-v1,20,20,80,3,189,0.0,0.2,20,10,0.0005,0.0005,mrlco_first_order_mean_pseudogradient,fixed_literature_derived_defaults,0.0023048532960561943,0.00011524266480281153,0.01981653374056564,0.0009908266870283233,0.0013973839555665264,6.986919777832862e-05,3.0,0.0,0.06838632705545092,0.6079550575252994,0.0446684345434032,,,,,,,,,,,,,,,,
0.0808723252966592,0.01375,0.984,0.00225,0.000956127536483109,0.024081896990537643,0.008671087709687223,0.00916666657043,1.2218146168937287,0.0,0.0,0.0,0.0,0.0,0.0,0.06289376265441758,1.3590612411499023,publication,0.406510591506958,4.985133171081543,0.5905347315422188,0.6651171978875936,200,0.7073701916762469,1.8409568006172776,0.06557627776055597,0.5905347315422185,0.6651171828433872,143.74999816894533,mobile,0.0005938344453710687,0.001518543967768431,7.187500218864196,7.187500218864196,system,0.0,189,0.6651171828433872,0.05512639046360345,meta_train_support,4,MARGO-SPLIT-v1,20,20,80,3,190,0.0,0.2,20,10,0.0005,0.0005,mrlco_first_order_mean_pseudogradient,fixed_literature_derived_defaults,0.002292722489234846,0.00011463612446174776,0.019712236194562666,0.0009856118097281152,0.0013900293031688079,6.950146515843914e-05,3.0,0.0,0.06850096317991267,0.6089406693350276,0.044737936008561636,,,,,,,,,,,,,,,,
0.05153463185991791,0.007,0.99125,0.00175,0.0009577409946359694,0.016663797199726105,0.002845498328797665,0.011249999903763335,0.7892316594719888,0.0,0.0,0.0,0.0,0.0,0.0,0.040049441457584996,1.3741319179534912,publication,0.423245906829834,5.117248296737671,0.4219927039375543,0.474553464278506,200,0.6936369556458701,2.3585836570709944,0.03215007577091456,0.4219927039375543,0.47455344822257756,672.896615486145,mobile,0.0016189522368855872,0.0036411067233638635,33.6448287656263,33.6448287656263,system,0.0,190,0.47455344822257756,0.040212232052991174,meta_train_support,4,MARGO-SPLIT-v1,20,20,80,3,191,0.0,0.2,20,10,0.0005,0.0005,mrlco_first_order_mean_pseudogradient,fixed_literature_derived_defaults,0.0022807187065686948,0.00011403593532843814,0.01960903076946024,0.0009804515384730372,0.001382751662838081,6.913758314190666e-05,3.0,0.0,0.0686149991152411,0.6099211208735006,0.04480707359170354,,,,,,,,,,,,,,,,
0.09274819627673116,0.0245,0.972,0.0035,0.003306963248178363,0.036306869238615036,0.021579308953490306,0.03391666663810611,1.6341180274883906,0.0,0.0,0.0,0.0,0.0,0.0,0.08896678857618089,1.408272385597229,publication,0.40398359298706055,5.014148473739624,0.8036690572279099,0.9057285212280294,200,0.7062204830280767,1.844589050160721,0.027144243864313466,0.8036690572279099,0.9057285153213889,116.31274037361145,mobile,0.0007672471310862308,0.0015518375181769986,5.815636929722108,5.815636929722108,system,0.0,191,0.9057285153213889,0.06417894069996842,meta_train_support,4,MARGO-SPLIT-v1,20,20,80,3,192,0.0,0.2,20,10,0.0005,0.0005,mrlco_first_order_mean_pseudogradient,fixed_literature_derived_defaults,0.0022704735902076803,0.00011352367951038278,0.0195195017704441,0.0009759750885222074,0.0013755498312607993,6.87774915630393e-05,3.0,0.0,0.06872852279475149,0.6108970959620228,0.04487585108326658,,,,,,,,,,,,,,,,
0.0657779586086433,0.004,0.995,0.001,-0.0004875291488133371,0.010298521257936954,0.004407065551163215,0.003083333295459549,0.6071688547730446,0.0,0.0,0.0,0.0,0.0,0.0,0.03394050231318857,1.0791631937026978,publication,0.4126911163330078,5.2437708377838135,0.20168230067164777,0.22515330291448207,200,0.43547521991874105,1.5290653612464666,-0.014267793222643377,0.20168230067164786,0.22515331633388996,191.55030757904052,mobile,0.001967733846005502,0.003689277980940262,9.57751455105828,9.57751455105828,system,0.0,192,0.22515331633388996,0.05778258582737994,meta_train_support,4,MARGO-SPLIT-v1,20,20,80,3,193,0.0,0.2,20,10,0.0005,0.0005,mrlco_first_order_mean_pseudogradient,fixed_literature_derived_defaults,0.0022587094783413195,0.00011293547391706682,0.019418364455571335,0.0009709182227786162,0.001368422630062557,6.84211315031269e-05,3.0,0.0,0.06884145826866855,0.6118680141848014,0.04494427221476971,,,,,,,,,,,,,,,,
0.0722916148479831,0.0265,0.967,0.0065,0.006110840477049351,0.0645245760679245,0.019509591440479805,0.04733333368785679,1.8229006290435792,0.0,0.0,0.0,0.0,0.0,0.0,0.0941522688633793,1.4028340578079224,publication,0.4288763999938965,4.9706573486328125,0.9823563455268404,1.1084759668078914,200,0.8699354690982983,2.783090140321292,0.0644506765238475,0.9823563455268403,1.1084759724140167,684.0179284858704,mobile,0.0047529526778165585,0.005360655156553089,34.200897156611184,34.200897156611184,system,0.0,193,1.1084759724140167,0.05340685972495909,meta_train_support,4,MARGO-SPLIT-v1,20,20,80,3,194,0.0,0.2,20,10,0.0005,0.0005,mrlco_first_order_mean_pseudogradient,fixed_literature_derived_defaults,0.0022491474264861385,0.000112457371324301,0.019326223144575345,0.000966311157228783,0.0013613689051653272,6.806844525826528e-05,3.0,0.0,0.06895391563999285,0.6128343253420302,0.045012340660027975,,,,,,,,,,,,,,,,
0.06304681981370966,0.017,0.9795,0.0035,0.0015934238908812404,0.0261805672198534,0.012546916031298375,0.02350000003352761,1.174278058670461,0.0,0.0,0.0,0.0,0.0,0.0,0.06557238783321014,1.3359099626541138,publication,0.4192492961883545,4.944023370742798,0.6742752141866282,0.7595246207682794,200,0.7977587509601931,2.4741359651088715,0.043015399001888,0.674275214186628,0.7595246362872422,345.2009748840332,mobile,0.001825366403437555,0.0035635703040623936,17.260049409399183,17.260049409399183,system,0.0,194,0.7595246362872422,0.04817946038923013,meta_train_support,4,MARGO-SPLIT-v1,20,20,80,3,195,0.0,0.2,20,10,0.0005,0.0005,mrlco_first_order_mean_pseudogradient,fixed_literature_derived_defaults,0.002237613337119543,0.00011188066685598186,0.019227262323507344,0.00096136311617534,0.0013543875261644795,6.77193763082215e-05,3.0,0.0,0.06906579630684884,0.6137956884582055,0.045080060036336196,,,,,,,,,,,,,,,,
0.05827962471029704,0.0165,0.98,0.0035,-0.0005253473063930869,0.016427911818027496,0.004512028005137835,0.03291666707955301,0.9309435583651066,0.0,0.0,0.0,0.0,0.0,0.0,0.07001688720449126,1.3053594827651978,publication,0.4066650867462158,4.848691463470459,0.4730079446583556,0.5305835399072385,200,0.6904744303162242,1.7039639097638428,0.035480671387631446,0.4730079446583556,0.5305835554748773,182.18598848342896,mobile,0.000665580498994611,0.0014451440237321011,9.109299340434989,9.109299340434989,system,0.0,195,0.5305835554748773,0.0443021541042897,meta_train_support,4,MARGO-SPLIT-v1,20,20,80,3,196,0.0,0.2,20,10,0.0005,0.0005,mrlco_first_order_mean_pseudogradient,fixed_literature_derived_defaults,0.0022261969425424024,0.00011130984712712233,0.01912916404634659,0.0009564582023173784,0.0013474773857248647,6.737386928624273e-05,3.0,0.0,0.06917710615397596,0.6147521466605229,0.04514743390562244,,,,,,,,,,,,,,,,
0.04155457936199974,0.015,0.981,0.004,-0.002942378167062998,0.021268222481012344,0.010014944609914285,0.025166666693985464,0.889079353461663,0.0,0.0,0.0,0.0,0.0,0.0,0.0606441847620637,1.3262258768081665,publication,0.441694974899292,4.390586614608765,0.5944275834658024,0.6693793341837044,200,0.6785116851537626,2.0293344382662326,0.038173893037310336,0.5944275834658024,0.6693793428689241,737.5395726394653,mobile,0.011594337739011456,0.06360079864061621,36.87697898538362,36.87697898538362,system,0.0,196,0.6693793428689241,0.039355579635951446,meta_train_support,4,MARGO-SPLIT-v1,20,20,80,3,197,0.0,0.2,20,10,0.0005,0.0005,mrlco_first_order_mean_pseudogradient,fixed_literature_derived_defaults,0.0022198829290958296,0.00011099414645479588,0.019052145132019787,0.0009526072566009569,0.0013406373989952969,6.703186994976712e-05,3.0,0.0,0.06928810030043075,0.6157047539171239,0.045214465775572206,,,,,,,,,,,,,,,,
0.05304290330885044,0.01325,0.98325,0.0035,-0.000720594369340688,0.015296935103833675,0.0035024978365678786,0.024166666762903334,1.008115896085898,0.0,0.0,0.0,0.0,0.0,0.0,0.06405550989719669,1.3646069765090942,publication,0.4350767135620117,5.364923715591431,0.4476051121942886,0.5031011029014553,200,0.6017723533599937,1.7891166917979717,0.03322287063929252,0.4476051121942886,0.5031011049821973,521.5794884681702,mobile,0.0006481748981367097,0.001659469567128999,26.07897273735145,26.07897273735145,system,0.0,197,0.5031011049821973,0.0422497256434008,meta_train_support,4,MARGO-SPLIT-v1,20,20,80,3,198,0.0,0.2,20,10,0.0005,0.0005,mrlco_first_order_mean_pseudogradient,fixed_literature_derived_defaults,0.0022086713991509013,0.0001104335699575465,0.01895592217680757,0.0009477961088403264,0.0013338665030407752,6.669332515203685e-05,3.0,0.0,0.0693985338703883,0.6166525500259642,0.04528115910072424,,,,,,,,,,,,,,,,
0.05433580487476949,0.0165,0.981,0.0025,0.0036209493409842253,0.03226025402545929,0.03292194129050282,0.03299999992984036,0.9344971328973768,0.0,0.0,0.0,0.0,0.0,0.0,0.06324431420214703,1.3519500494003296,publication,0.4463376998901367,4.661451101303101,0.5296729433497316,0.5964880915735011,200,0.904579017128326,2.9328905194997787,0.018415117490803823,0.5296729433497315,0.5964880864974111,241.26598081588745,mobile,0.0025531054365446498,0.005373615737680073,12.063299298545349,12.063299298545349,system,0.0,198,0.5964880864974111,0.04599260101656071,meta_train_support,4,MARGO-SPLIT-v1,20,20,80,3,199,0.0,0.2,20,10,0.0005,0.0005,mrlco_first_order_mean_pseudogradient,fixed_literature_derived_defaults,0.002198048104474999,0.00010990240522375239,0.01887980823002847,0.0009439904115013942,0.0013271636562918266,6.635818281459233e-05,3.0,0.0,0.06950843627561205,0.6175965404374656,0.045347517283538835,,,,,,,,,,,,,,,,
0.06097221683396363,0.022,0.97325,0.00475,0.003932258114218712,0.03249480947852135,0.011125444825802333,0.035750000023593506,1.4136217599113783,0.0,0.0,0.0,0.0,0.0,0.0,0.06870360114421777,1.3716003894805908,publication,0.42146730422973633,4.7433390617370605,0.7904696394134152,0.8895992595892313,200,0.7913498612683098,2.382186902745161,0.06639561150223017,0.7904696394134151,0.8895992678776383,568.6147703933716,mobile,0.0013245011642514706,0.004182466885253127,28.430741134670146,28.430741134670146,system,0.0,199,0.8895992678776383,0.046835182174206784,meta_train_support,4,MARGO-SPLIT-v1,20,20,80,3,200,0.0,0.2,20,10,0.0005,0.0005,mrlco_first_order_mean_pseudogradient,fixed_literature_derived_defaults,0.0021870578639526243,0.00010935289319763397,0.018785409188878326,0.0009392704594438639,0.0013205278380103674,6.602639190051579e-05,3.0,0.0,0.06961778916880969,0.6185358108969095,0.04541354367543935,,,,,,,,,,,,,,,,
0.0607254146443176,0.01225,0.98525,0.0025,-0.001366145326755941,0.22728224098682404,0.004030258354517475,0.01416666650523742,1.5547919183969499,0.0,0.0,0.0,0.0,0.0,0.0,0.05087027090584571,1.298370361328125,publication,0.4138193130493164,5.0197529792785645,0.5831930491681281,0.6547850082320656,200,1.0375862309608312,3.003061296942178,0.04960092811961658,0.5831930491681281,0.654784990567714,445.2714112854004,mobile,0.002633095799554702,0.004919908708501,22.26356864025554,22.26356864025554,system,0.0,200,0.654784990567714,0.04855521745411792,meta_train_support,4,MARGO-SPLIT-v1,20,20,80,3,201,0.0,0.2,20,10,0.0005,0.0005,mrlco_first_order_mean_pseudogradient,fixed_literature_derived_defaults,0.0021761769790573375,0.00010880884895286824,0.018691949441669978,0.0009345974720834649,0.0013139580477715099,6.569790238857703e-05,3.0,0.0,0.06972659801776256,0.6194704083689929,0.04547924157782793,-0.10913968436940893,-0.14223794516101695,0.14223794516101695,0.075,0.275,0.0,0.0425,0.975,0.975,0.0,validation/automotive_lexicographic_v1,automotive_lexicographic_v1,a3bd00d5108237acdb706f561212b5d840bac151f48b5250a61c573d9c9ffb6c,391330315.0,0.14223794516101695,0.0
0.061540057569279535,0.02125,0.97625,0.0025,-0.00106289132963866,0.06023150309920311,0.01151344522392416,0.04241666685168942,1.1768390198548633,0.0,0.0,0.0,0.0,0.0,0.0,0.06967281881566964,1.3032416105270386,publication,0.40816259384155273,5.00919508934021,0.777728779168514,0.8770890443978351,200,0.963779815712572,2.792132806032896,0.04544483666541055,0.777728779168514,0.8770890502072871,377.2242734527588,mobile,0.001998223372989152,0.04129745220418523,18.861213732630084,18.861213732630084,system,0.0,201,0.8770890502072871,0.04841735677151957,meta_train_support,4,MARGO-SPLIT-v1,20,20,80,3,202,0.0,0.2,20,10,0.0005,0.0005,mrlco_first_order_mean_pseudogradient,fixed_literature_derived_defaults,0.002165403825695668,0.00010827019128478721,0.01861031845728629,0.0009305159228643056,0.0013074533049607599,6.537266524803825e-05,3.0,0.0,0.06983486820904734,0.6204009242918572,0.045544614243075966,,,,,,,,,,,,,,,,
0.06946020538427292,0.02375,0.9725,0.00375,0.004283743444830179,0.25244033336639404,0.018137783822991575,0.03108333341466884,1.9915816436211269,0.0,0.0,0.0,0.0,0.0,0.0,0.07064430749909688,1.368496060371399,publication,0.6240432262420654,5.105249643325806,0.8957822600377832,1.0089322544763855,200,1.0704400547309645,3.438726430758834,0.057680367841385305,0.8957822600377832,1.0089322513341903,477.23008768081667,mobile,0.0005028977048679668,0.0035291337445449975,23.861504276201554,23.861504276201554,system,0.0,202,1.0089322513341903,0.051122949298872206,meta_train_support,4,MARGO-SPLIT-v1,20,20,80,3,203,0.0,0.2,20,10,0.0005,0.0005,mrlco_first_order_mean_pseudogradient,fixed_literature_derived_defaults,0.0021547368117759845,0.00010773684058880406,0.018518642011683892,0.0009259321005842258,0.0013010126482860763,6.505063241430548e-05,3.0,0.0,0.06994260504963615,0.6213268563924415,0.04560966487549027,,,,,,,,,,,,,,,,
0.05858835302646145,0.01975,0.97525,0.005,0.0026939399540424347,0.07213564217090607,0.006163746876275885,0.02191666642514368,1.303675434241692,0.0,0.0,0.0,0.0,0.0,0.0,0.06686029934562845,1.5094352960586548,publication,0.39916467666625977,4.856989145278931,0.6150036244942354,0.6919040675130964,200,0.9906712937260265,3.384378341026604,0.04869288514601067,0.6150036244942354,0.6919040641747415,246.00634209632872,mobile,0.0016170151867910326,0.005078589356438214,12.30031731806796,12.30031731806796,system,0.0,203,0.6919040641747415,0.045826548447341964,meta_train_support,4,MARGO-SPLIT-v1,20,20,80,3,204,0.0,0.2,20,10,0.0005,0.0005,mrlco_first_order_mean_pseudogradient,fixed_literature_derived_defaults,0.0021468774659456546,0.00010734387329727757,0.018438720039307025,0.0009219360019653289,0.0012946351353042818,6.473175676521142e-05,3.0,0.0,0.07004994892293342,0.6222487923944068,0.04567439663225548,,,,,,,,,,,,,,,,
0.06267585273827207,0.01875,0.97775,0.0035,0.00015520714805461466,0.019316542893648148,0.0125969712027351,0.028583333020408948,1.1689207643270492,0.0,0.0,0.0,0.0,0.0,0.0,0.06442575036103226,1.532800316810608,publication,0.41390061378479004,4.885670185089111,0.5893599155974951,0.6644585295228717,200,0.5795703248141088,1.882328208652325,0.07948722105356865,0.5893599155974952,0.6644585244730115,1116.8732276153564,mobile,0.00015199702500604307,0.0006233910809639124,55.84366326970156,55.84366326970156,system,0.0,204,0.6644585244730115,0.042837304178319664,meta_train_support,4,MARGO-SPLIT-v1,20,20,80,3,205,0.0,0.2,20,10,0.0005,0.0005,mrlco_first_order_mean_pseudogradient,fixed_literature_derived_defaults,0.0021364048929410416,0.0001068202446470462,0.01834877506350553,0.0009174387531752926,0.0012883198419613342,6.441599209806859e-05,3.0,0.0,0.07015676916758047,0.6231662311475821,0.04573881262435355,,,,,,,,,,,,,,,,
0.037271784253534515,0.01075,0.9875,0.00175,0.0031888470984995365,0.03820405900478363,0.005814631371769489,0.017250000188748043,1.117182662586371,0.0,0.0,0.0,0.0,0.0,0.0,0.04994417143987471,1.5119346380233765,publication,0.4177100658416748,4.565244436264038,0.5734284751158033,0.6436603259295225,200,0.6362057786952996,2.211581259034574,0.033253484150918666,0.5734284751158034,0.6436603211797773,1064.6654383468629,mobile,0.00046395794783684404,0.0024555681803551475,53.23327024208068,53.23327024208068,system,0.0,205,0.6436603211797773,0.027882314095644872,meta_train_support,4,MARGO-SPLIT-v1,20,20,80,3,206,0.0,0.2,20,10,0.0005,0.0005,mrlco_first_order_mean_pseudogradient,fixed_literature_derived_defaults,0.002126033995402493,0.00010630169977011994,0.018259703339896276,0.0009129851669947842,0.0012820658621459878,6.410329310729823e-05,3.0,0.0,0.07026307086735059,0.6240792163145769,0.04580291591746085,,,,,,,,,,,,,,,,
0.05082606463618886,0.015,0.98175,0.00325,0.00031448216759599745,0.07359571009874344,0.0059202084116501885,0.014666666385407251,1.359129895766576,0.0,0.0,0.0,0.0,0.0,0.0,0.05753331667991052,1.4055460691452026,publication,0.40755534172058105,5.337995529174805,0.733480365389828,0.8240382818092621,200,1.0264154094783657,3.1115095419809222,0.02401421603281051,0.7334803653898279,0.8240382877737283,390.95620193481443,mobile,0.0013838452999209389,0.008302098108284547,19.547810520234563,19.547810520234563,system,0.0,206,0.8240382877737283,0.044117952098262414,meta_train_support,4,MARGO-SPLIT-v1,20,20,80,3,207,0.0,0.2,20,10,0.0005,0.0005,mrlco_first_order_mean_pseudogradient,fixed_literature_derived_defaults,0.002115763299772529,0.00010578816498862942,0.0181714922126504,0.0009085746106325399,0.0012758723072563937,6.379361536282269e-05,3.0,0.0,0.07036885903233922,0.6249877909252094,0.04586670953282367,,,,,,,,,,,,,,,,
0.06812705520079149,0.01875,0.977,0.00425,0.004453988280147314,0.28818878531455994,0.010741602330502548,0.03275000037004551,1.9326321646571158,0.0,0.0,0.0,0.0,0.0,0.0,0.06691284626810522,1.3674014806747437,publication,0.42070651054382324,4.8673036098480225,0.8208893096910717,0.9237862282357173,200,1.0335946794944786,3.1442318484187126,0.0693038406316191,0.8208893096910718,0.9237862392514944,334.0670818710327,mobile,0.0013551686585555201,0.0033599101847702905,16.703354846146645,16.703354846146645,system,0.0,207,0.9237862392514944,0.04814680910463109,meta_train_support,4,MARGO-SPLIT-v1,20,20,80,3,208,0.0,0.2,20,10,0.0005,0.0005,mrlco_first_order_mean_pseudogradient,fixed_literature_derived_defaults,0.002105591360831315,0.0001052795680415719,0.01808412926932035,0.0009042064634660063,0.0012697383057791996,6.348691528895722e-05,3.0,0.0,0.07047413860038079,0.6258919973886754,0.04593019644811263,,,,,,,,,,,,,,,,
0.06821281002701383,0.00575,0.9935,0.00075,-0.0016804315382614732,0.014545721933245659,0.0008912000986920059,0.003916666641210516,0.8349441241472959,0.0,0.0,0.0,0.0,0.0,0.0,0.030629306110211373,1.3520110845565796,publication,0.49466609954833984,4.941869258880615,0.30586011595345935,0.3432616897069238,200,0.4497996837975887,1.593579662963748,0.031204705170239322,0.3058601159534594,0.3432616825494915,463.95166728019717,mobile,0.0021433862951917367,0.004471252638601988,23.197584405919294,23.197584405919294,system,0.0,208,0.3432616825494915,0.058281546784783984,meta_train_support,4,MARGO-SPLIT-v1,20,20,80,3,209,0.0,0.2,20,10,0.0005,0.0005,mrlco_first_order_mean_pseudogradient,fixed_literature_derived_defaults,0.0020963107489320953,0.00010481553744660921,0.018004003227390552,0.000900200161369491,0.0012636630028807344,6.318315014403747e-05,3.0,0.0,0.0705789541378274,0.6267921975500449,0.04599337959825667,,,,,,,,,,,,,,,,
0.06694705846517372,0.01425,0.983,0.00275,-0.003722006920725107,0.02829652838408947,0.005871709051158783,0.032583333660538,1.2814126561085384,0.0,0.0,0.0,0.0,0.0,0.0,0.06007661625168157,1.2957829236984253,publication,0.41937971115112305,5.07934045791626,0.5955622783645281,0.6697644062851396,200,0.7601187429469662,2.1527108107693493,0.02855879394337535,0.5955622783645282,0.6697644297778607,245.25709267616273,mobile,0.0017185399823896749,0.0033435117184130807,12.262854719227512,12.262854719227512,system,0.0,209,0.6697644297778607,0.047199428337842166,meta_train_support,4,MARGO-SPLIT-v1,20,20,80,3,210,0.0,0.2,20,10,0.0005,0.0005,mrlco_first_order_mean_pseudogradient,fixed_literature_derived_defaults,0.002086328316794323,0.00010431641583971696,0.017918269878688695,0.0008959134939344748,0.0012576455600098737,6.28822780004909e-05,3.0,0.0,0.07068327055366712,0.6276881110439794,0.04605626187625716,,,,,,,,,,,,,,,,
0.0668463390512749,0.015,0.98225,0.00275,-0.0021096360869705677,0.06673911213874817,0.004748733664746396,0.020000000189368924,1.2698872545113167,0.0,0.0,0.0,0.0,0.0,0.0,0.061368285447706866,1.3008345365524292,publication,0.4009666442871094,5.09123682975769,0.7434898760245335,0.8385360360072082,200,0.9434579255884746,2.5823453245684505,0.03191150712154922,0.7434898760245335,0.8385360212065279,458.8026413154602,mobile,0.008777487931689852,0.04372176074455966,22.94013147423433,22.94013147423433,system,0.0,210,0.8385360212065279,0.06147971907289485,meta_train_support,4,MARGO-SPLIT-v1,20,20,80,3,211,0.0,0.2,20,10,0.0005,0.0005,mrlco_first_order_mean_pseudogradient,fixed_literature_derived_defaults,0.002080448662907622,0.00010402243314537596,0.01785109999002395,0.0008925549995012494,0.0012516851545121967,6.258425772560916e-05,3.0,0.0,0.0707872929868125,0.6285806660434806,0.04611884613398277,,,,,,,,,,,,,,,,
0.08534711231832842,0.0375,0.955,0.0075,0.0060991463251411915,0.20182089507579803,0.02680683092603431,0.04850000011113783,2.1043888969967766,0.0,0.0,0.0,0.0,0.0,0.0,0.10758578710791668,1.3367385864257812,publication,0.43024706840515137,4.953497886657715,1.0689867157437996,1.2051088094435778,200,1.1951123983631606,3.372834198176861,0.043788997907540754,1.0689867157437996,1.2051087800599634,107.00878307342529,mobile,0.0017548103703126637,0.005019288540065744,5.350439313796109,5.350439313796109,system,0.0,211,1.2051087800599634,0.074234379356915,meta_train_support,4,MARGO-SPLIT-v1,20,20,80,3,212,0.0,0.2,20,10,0.0005,0.0005,mrlco_first_order_mean_pseudogradient,fixed_literature_derived_defaults,0.002086882619035438,0.00010434413095176953,0.0178178078803397,0.0008908903940170187,0.0012457809792550637,6.228904896275061e-05,3.0,0.0,0.07089163711776426,0.6294715564374976,0.04618113518294552,,,,,,,,,,,,,,,,
0.05202612898188894,0.0235,0.972,0.0045,0.0025121429935097694,0.08276410400867462,0.007384992042110147,0.031500000087544326,1.285961404442787,0.0,0.0,0.0,0.0,0.0,0.0,0.08798963030593024,1.5182418823242188,publication,0.4074516296386719,5.055505752563477,0.5921975536817999,0.6654871544297203,200,0.8666541023927953,2.739775201305747,0.046250184474047266,0.5921975536817998,0.6654871517792345,660.2271799755097,mobile,0.001747962280202724,0.005798533019077515,33.01135934433054,33.01135934433054,system,0.0,212,0.6654871517792345,0.04571016365075296,meta_train_support,4,MARGO-SPLIT-v1,20,20,80,3,213,0.0,0.2,20,10,0.0005,0.0005,mrlco_first_order_mean_pseudogradient,fixed_literature_derived_defaults,0.0020810126892688713,0.00010405063446344842,0.017752252841091547,0.0008876126420546138,0.001239932242263256,6.199661211316043e-05,3.0,0.0,0.07099568775222771,0.6303591690795523,0.04624313179505868,,,,,,,,,,,,,,,,
0.05662473915199334,0.0245,0.96925,0.00625,-0.0004598662781063467,0.02825760282576084,0.026438479726008757,0.042916666219631826,1.0182170867919924,0.0,0.0,0.0,0.0,0.0,0.0,0.09994720643732631,1.6230204105377197,publication,0.41826343536376953,4.770683765411377,0.5719931363698264,0.6443431425438394,200,0.8167131952656108,2.3648166998755187,0.04395173651573714,0.5719931363698265,0.644343137666583,532.6987871742249,mobile,0.0017903645010944427,0.0029710626425314434,26.634942211623738,26.634942211623738,system,0.0,213,0.644343137666583,0.04830011330152022,meta_train_support,4,MARGO-SPLIT-v1,20,20,80,3,214,0.0,0.2,20,10,0.0005,0.0005,mrlco_first_order_mean_pseudogradient,fixed_literature_derived_defaults,0.002071288330907802,0.00010356441654539583,0.01766929838856308,0.0008834649194281452,0.0012354447118485498,6.177223559242911e-05,3.0,0.0,0.07109925216877311,0.6312426339989804,0.04630490403065111,,,,,,,,,,,,,,,,
0.04170207470189393,0.03475,0.95825,0.007,-0.0002728845865931362,0.1047883927822113,0.023090268027832882,0.04491666614388426,1.254892167945703,0.0,0.0,0.0,0.0,0.0,0.0,0.10704981313568802,1.728003740310669,publication,0.42078661918640137,4.406265020370483,0.7589803413328751,0.8538626204783213,200,1.0633571310257683,3.2891862164251506,0.0355813685891917,0.7589803413328753,0.853862617649138,895.4251190567016,mobile,0.0005146315573461861,0.0019329546395484131,44.77125463128837,44.77125463128837,system,0.0,214,0.853862617649138,0.031035978259985147,meta_train_support,4,MARGO-SPLIT-v1,20,20,80,3,215,0.0,0.2,20,10,0.0005,0.0005,mrlco_first_order_mean_pseudogradient,fixed_literature_derived_defaults,0.002061654431694277,0.00010308272158471299,0.01758711560536046,0.0008793557802679874,0.0012296984573748355,6.14849228687403e-05,3.0,0.0,0.07120233489035782,0.6321219897792484,0.04636638895351985,,,,,,,,,,,,,,,,
0.05635819176294854,0.0555,0.933,0.0115,0.0003094420244451612,0.04924977570772171,0.04631693055271171,0.08749999900658925,1.515023098886013,0.0,0.0,0.0,0.0,0.0,0.0,0.15601623507233484,1.8049135208129883,publication,0.4078025817871094,3.8693530559539795,0.9522987395544803,1.0739990870726615,200,0.8794094805093537,3.0527035305276513,0.04149096213222947,0.9522987395544803,1.0739990409649909,460.7247763824463,mobile,0.0012640048429273618,0.0023447883062319174,23.03623739097486,23.03623739097486,system,0.0,215,1.0739990409649909,0.041151527545129234,meta_train_support,4,MARGO-SPLIT-v1,20,20,80,3,216,0.0,0.2,20,10,0.0005,0.0005,mrlco_first_order_mean_pseudogradient,fixed_literature_derived_defaults,0.0020521097352512482,0.00010260548676256642,0.017505693773854164,0.0008752846886926902,0.0012240054089610632,6.120027044805021e-05,3.0,0.0,0.07130494037712039,0.6329972744679411,0.0464275892239679,,,,,,,,,,,,,,,,
0.04778151449870111,0.0185,0.978,0.0035,-0.0008790523861534894,0.015904024243354797,0.008708424600384509,0.027083333224679033,0.780640198290348,0.0,0.0,0.0,0.0,0.0,0.0,0.08476525840722761,1.6419696807861328,publication,0.4071066379547119,3.671931505203247,0.2629888085055994,0.2958426669271466,200,0.3868082543247044,1.253787404857576,0.029897518863435835,0.2629888085055994,0.2958426637109369,558.698185005188,mobile,0.00167203169274587,0.004925072994928507,27.934909587475783,27.934909587475783,system,0.0,216,0.2958426637109369,0.03584081395641293,meta_train_support,4,MARGO-SPLIT-v1,20,20,80,3,217,0.0,0.2,20,10,0.0005,0.0005,mrlco_first_order_mean_pseudogradient,fixed_literature_derived_defaults,0.0020426530083606895,0.00010213265041802977,0.01742502237397465,0.0008712511186986793,0.0012183648310395835,6.091824155197989e-05,3.0,0.0,0.07140707302753842,0.6338685255866398,0.04648850746551988,,,,,,,,,,,,,,,,
0.06406925086724619,0.0405,0.9525,0.007,0.0018110143719241023,0.07581128180027008,0.027790597884692646,0.04316666585703691,1.542745545009772,0.0,0.0,0.0,0.0,0.0,0.0,0.11405782399390121,1.5634651184082031,publication,0.41431355476379395,4.88070273399353,0.8853974763366733,0.9952187619676988,200,1.041947254958728,3.1567801414057612,0.028271513030631468,0.8853974763366732,0.9952187551464885,229.3584159374237,mobile,0.0010268777581647396,0.001758395629331327,11.467920843158673,11.467920843158673,system,0.0,217,0.9952187551464885,0.05235735485242109,meta_train_support,4,MARGO-SPLIT-v1,20,20,80,3,218,0.0,0.2,20,10,0.0005,0.0005,mrlco_first_order_mean_pseudogradient,fixed_literature_derived_defaults,0.0020362981078157236,0.00010181490539078186,0.01735613554302401,0.0008678067771511477,0.0012127760015394021,6.06388000769717e-05,3.0,0.0,0.0715088879329292,0.6347363323637909,0.04654914626559685,,,,,,,,,,,,,,,,
0.05231041151733638,0.027,0.967,0.006,0.00035808960092253983,0.036925189197063446,0.007825988884845475,0.029666666826233267,1.243553824722767,0.0,0.0,0.0,0.0,0.0,0.0,0.09214348946990818,1.4019434452056885,publication,0.42574095726013184,5.272274971008301,0.702774589769043,0.791274387208905,200,0.6710459471268806,2.076182500459254,0.07356084973434918,0.7027745897690428,0.7912743776664137,554.704733581543,mobile,0.0017423137739992908,0.0038432389181271513,27.735235639851066,27.735235639851066,system,0.0,218,0.7912743776664137,0.0419324193637301,meta_train_support,4,MARGO-SPLIT-v1,20,20,80,3,219,0.0,0.2,20,10,0.0005,0.0005,mrlco_first_order_mean_pseudogradient,fixed_literature_derived_defaults,0.0020269999429398528,0.00010134999714699056,0.01727688378255358,0.0008638441891276605,0.0012072382115780348,6.0361910578898836e-05,3.0,0.0,0.07161023793007619,0.6356001765529186,0.04660950817617575,,,,,,,,,,,,,,,,
0.08708525208770604,0.02775,0.96525,0.007,-0.0021070840302854776,0.027595724910497665,0.03350522739541096,0.055416667150954405,1.6033748970677455,0.0,0.0,0.0,0.0,0.0,0.0,0.08782349098619288,1.3553944826126099,publication,0.42017602920532227,3.735761880874634,0.6562394379515599,0.7389271806467093,200,0.7997212553240154,2.0874865325167775,0.024497905746102333,0.6562394379515599,0.7389271792396903,116.60878812789917,mobile,0.004357077825640601,0.00854872439714487,5.83043936714843,5.83043936714843,system,0.0,219,0.7389271792396903,0.061945486950325174,meta_train_support,4,MARGO-SPLIT-v1,20,20,80,3,220,0.0,0.2,20,10,0.0005,0.0005,mrlco_first_order_mean_pseudogradient,fixed_literature_derived_defaults,0.0020177863068355805,0.00010088931534177337,0.017198352492632882,0.0008599176246316675,0.001201750765161771,6.008753825809121e-05,3.0,0.0,0.07171112724541796,0.6364600941775502,0.04666959571443384,,,,,,,,,,,,,,,,
0.07151701796293637,0.02675,0.9665,0.00675,-0.00556684285402298,0.11721616238355637,0.007744239886293751,0.054000000112379584,1.7813350714743137,0.0,0.0,0.0,0.0,0.0,0.0,0.08557800071454681,1.320236086845398,publication,0.4057657718658447,3.1933987140655518,1.0144880978756456,1.1439444393498706,200,0.9652581664461082,3.3368015764281154,0.11271776049397886,1.0144880978756454,1.1439444626495243,670.052385149002,mobile,0.00512755132012238,0.010611128479696147,33.5026195444042,33.5026195444042,system,0.0,220,1.1439444626495243,0.061876156842097005,meta_train_support,4,MARGO-SPLIT-v1,20,20,80,3,221,0.0,0.2,20,10,0.0005,0.0005,mrlco_first_order_mean_pseudogradient,fixed_literature_derived_defaults,0.0020164141480437645,0.00010082070740219384,0.017163060820999894,0.0008581530410499694,0.0011963129788940708,5.9815648944701316e-05,3.0,0.0,0.07181194795282016,0.6373182472186002,0.04672941136337854,,,,,,,,,,,,,,,,
0.07882621821099502,0.0295,0.965,0.0055,-0.004757508169859648,0.05223100259900093,0.009883680119122572,0.05591666672068337,1.700865988930066,0.0,0.0,0.0,0.0,0.0,0.0,0.09262033223891723,1.3500480651855469,publication,0.662219762802124,4.940361261367798,1.0407214477069542,1.1729104894795455,200,0.7481419461623958,2.1015421128831804,0.044943531684111804,1.0407214477069542,1.1729104913212358,609.4946910858155,mobile,0.002868253917737602,0.052165301338175214,30.474735708862394,30.474735708862394,system,0.0,221,1.1729104913212358,0.06225524558577956,meta_train_support,4,MARGO-SPLIT-v1,20,20,80,3,222,0.0,0.2,20,10,0.0005,0.0005,mrlco_first_order_mean_pseudogradient,fixed_literature_derived_defaults,0.002007331201430955,0.0001003665600715492,0.017087049987961404,0.0008543524993980256,0.0011909241816918453,5.954620908459052e-05,3.0,0.0,0.0719123145128917,0.6381725997179982,0.04678895757246313,,,,,,,,,,,,,,,,
0.05971504871144305,0.01525,0.98275,0.002,0.0031277004163712263,0.047423817217350006,0.0043104194713426604,0.017500000167638065,1.0040668298800788,0.0,0.0,0.0,0.0,0.0,0.0,0.06023454907326838,1.3847427368164062,publication,0.6589314937591553,5.503258943557739,0.6154120861999652,0.694067366248637,200,1.145482225285054,3.9273133845999837,0.04817638863460161,0.6154120861999653,0.6940673701651394,661.3676507759094,mobile,0.0008327906395937236,0.004877686062586773,33.06838358149439,33.06838358149439,system,0.0,222,0.6940673701651394,0.04517332558897671,meta_train_support,4,MARGO-SPLIT-v1,20,20,80,3,223,0.0,0.2,20,10,0.0005,0.0005,mrlco_first_order_mean_pseudogradient,fixed_literature_derived_defaults,0.0019983297162227444,9.991648581113288e-05,0.017010426445414492,0.0008505213222707031,0.0011855837145093705,5.9279185725465144e-05,3.0,0.0,0.07201223099870284,0.6390231210402689,0.0468482367581886,,,,,,,,,,,,,,,,
0.06544492291514753,0.0245,0.97025,0.00525,-0.0004536924243438989,0.02629985101521015,0.010786751161019008,0.05341666744401058,1.3206254109740256,0.0,0.0,0.0,0.0,0.0,0.0,0.07358454613764319,1.5193456411361694,publication,0.6515204906463623,5.087249040603638,0.6333928182807806,0.7114960263764079,200,0.5788371763484242,1.7892315227072686,0.04333594621857628,0.6333928182807808,0.7114960343204438,488.9774095535278,mobile,0.003891599789007119,0.004454946628217167,24.448869547054205,24.448869547054205,system,0.0,223,0.7114960343204438,0.06333098462595477,meta_train_support,4,MARGO-SPLIT-v1,20,20,80,3,224,0.0,0.2,20,10,0.0005,0.0005,mrlco_first_order_mean_pseudogradient,fixed_literature_derived_defaults,0.0020009969702783027,0.00010004984851391674,0.017028975363955357,0.00085144876819776,0.0011802909300695967,5.901454650347748e-05,3.0,0.0,0.07211228084721676,0.6398745698084667,0.046907251304692074,,,,,,,,,,,,,,,,
0.08003831979509247,0.02575,0.972,0.00225,-0.006060526240617037,0.042971644550561905,0.010560624367947944,0.06716666682623326,1.4833631227413813,0.0,0.0,0.0,0.0,0.0,0.0,0.08079899233988881,1.5788689851760864,publication,0.6165657043457031,5.064579010009766,0.9660887582144555,1.0874154993094272,200,1.0137695089799126,2.947370981797576,0.04912454535951838,0.9660887582144557,1.0874154699780048,201.22288221359253,mobile,0.0061660971445756775,0.03250236097408593,10.061144393774608,10.061144393774608,system,0.0,224,1.0874154699780048,0.08513155072923205,meta_train_support,4,MARGO-SPLIT-v1,20,20,80,3,225,0.0,0.2,20,10,0.0005,0.0005,mrlco_first_order_mean_pseudogradient,fixed_literature_derived_defaults,0.002025026647907498,0.00010125133239537176,0.017096236800814357,0.00085481184004077,0.0011750451926026207,5.8752259630132087e-05,3.0,0.0,0.07221353217961213,0.6407293816485075,0.046966003564322206,,,,,,,,,,,,,,,,
0.07824043335902071,0.02325,0.97425,0.0025,-0.0009867683984339237,0.059673260897397995,0.0038894156036311267,0.021250000254561502,1.4842507898807527,0.0,0.0,0.0,0.0,0.0,0.0,0.07956667351708968,1.603715419769287,publication,0.5818650722503662,4.771224021911621,0.8791515501756664,0.9923773646636255,200,0.9244457620344723,2.71815927606076,0.051683232275536284,0.8791515501756664,0.9923773520439864,456.81357580184937,mobile,0.0005360197285543634,0.0007367893270005677,22.840681235482947,22.840681235482947,system,0.0,225,0.9923773520439864,0.056878746014478114,meta_train_support,4,MARGO-SPLIT-v1,20,20,80,3,226,0.0,0.2,20,10,0.0005,0.0005,mrlco_first_order_mean_pseudogradient,fixed_literature_derived_defaults,0.0020160663530052526,0.00010080331765026374,0.017020589735324027,0.0008510294867661861,0.0011698458775911047,5.8492293879552903e-05,3.0,0.0,0.07231433549726239,0.6415804111352736,0.04702449585820176,,,,,,,,,,,,,,,,
0.06714414560986956,0.01025,0.98775,0.002,-3.864352765958756e-05,0.021108465269207954,0.0033568109198048057,0.014833333591620127,0.9485597829023998,0.0,0.0,0.0,0.0,0.0,0.0,0.05189822729211887,1.6771310567855835,publication,0.6554625034332275,5.554784536361694,0.3188016491875609,0.3589114353896366,200,0.5437115820288956,1.7289961413480341,0.048497728566871956,0.3188016491875608,0.35891143798828123,118.45927749633789,mobile,0.0006068723738041377,0.0007864948386236181,5.922963671524201,5.922963671524201,system,0.0,226,0.35891143798828123,0.05155656805483565,meta_train_support,4,MARGO-SPLIT-v1,20,20,80,3,227,0.0,0.2,20,10,0.0005,0.0005,mrlco_first_order_mean_pseudogradient,fixed_literature_derived_defaults,0.0020071850034325423,0.00010035925017162772,0.016945609163802777,0.0008472804581901583,0.0011646923715224213,5.823461857611817e-05,3.0,0.0,0.07241469474743402,0.6424276915934638,0.04708273047677788,,,,,,,,,,,,,,,,
0.06016674344696225,0.01025,0.9875,0.00225,-0.0011551805073395371,0.02452455274760723,0.005220663709207448,0.023500000204270087,1.1472672077516715,0.0,0.0,0.0,0.0,0.0,0.0,0.04993606136772894,1.4920263290405273,publication,0.6803007125854492,5.215428590774536,0.7598843448602469,0.8541903045999061,200,0.624318478441194,1.8170648398809135,0.05028016376309097,0.759884344860247,0.8541902964562178,630.8949091529846,mobile,0.00033657416687601146,0.0005161272979250949,31.544745463232903,31.544745463232903,system,0.0,227,0.8541902964562178,0.046152571123157314,meta_train_support,4,MARGO-SPLIT-v1,20,20,80,3,228,0.0,0.2,20,10,0.0005,0.0005,mrlco_first_order_mean_pseudogradient,fixed_literature_derived_defaults,0.001998381560435031,9.991907802174571e-05,0.016871286316593116,0.0008435643158296591,0.001159584071647323,5.797920358236591e-05,3.0,0.0,0.07251461382545576,0.6432712559092935,0.04714070968036024,,,,,,,,,,,,,,,,
0.0628217043520213,0.01025,0.98775,0.002,-0.001311162719503045,0.03188358247280121,0.0039216440991765465,0.020583333478619657,1.3119262059529622,0.0,0.0,0.0,0.0,0.0,0.0,0.04638045192043167,1.5103130340576172,publication,0.6682255268096924,5.411936521530151,0.6778494297804422,0.7644162656567641,200,0.6681135628346859,1.99150016810745,0.03696944288094528,0.6778494297804422,0.7644162669032812,411.9573533630371,mobile,0.00039755591828481707,0.0004118477288460675,20.5978674413002,20.5978674413002,system,0.0,228,0.7644162669032812,0.04403314644263664,meta_train_support,4,MARGO-SPLIT-v1,20,20,80,3,229,0.0,0.2,20,10,0.0005,0.0005,mrlco_first_order_mean_pseudogradient,fixed_literature_derived_defaults,0.0019896550034025637,9.94827501701323e-05,0.016797612577219345,0.0008398806288609784,0.001154520385744933,5.772601928724641e-05,3.0,0.0,0.0726140965756259,0.6441111365381544,0.04719843569964749,,,,,,,,,,,,,,,,
0.059187726299970066,0.0075,0.99175,0.00075,-0.0009704311960376799,0.05487119406461716,0.002370863625390977,0.006583333279316622,1.0844941665728887,0.0,0.0,0.0,0.0,0.0,0.0,0.03177785643266573,1.3454475402832031,publication,0.583237886428833,5.513653993606567,0.6724468991013635,0.756140215608757,200,0.9818015017812651,3.215201228391379,0.015266786969732493,0.6724468991013633,0.7561402026750147,898.7822379875183,mobile,0.0015656248826258256,0.002762281027635452,44.93911210402439,44.93911210402439,system,0.0,229,0.7561402026750147,0.047364694296277834,meta_train_support,4,MARGO-SPLIT-v1,20,20,80,3,230,0.0,0.2,20,10,0.0005,0.0005,mrlco_first_order_mean_pseudogradient,fixed_literature_derived_defaults,0.0019826241996421918,9.913120998210345e-05,0.01673241543712767,0.0008366207718564223,0.001149500731893868,5.747503659469383e-05,3.0,0.0,0.072713227785608,0.6449477573100109,0.04725591073624218,,,,,,,,,,,,,,,,
0.06045939264287274,0.00775,0.9915,0.00075,-0.0004032482684124261,0.15667277574539185,0.003871106841188995,0.009083333425223829,1.6951443915565807,0.0,0.0,0.0,0.0,0.0,0.0,0.03861875872089601,1.3374868631362915,publication,0.6892268657684326,5.493849515914917,0.9917279990130381,1.1162407501255438,200,1.1899858995628592,3.5330683840438724,0.03838729016024445,0.991727999013038,1.1162407694011927,468.2016126251221,mobile,0.0005421912231089054,0.0017591387021347463,23.41007793169099,23.41007793169099,system,0.0,230,1.1162407694011927,0.04049303380724927,meta_train_support,4,MARGO-SPLIT-v1,20,20,80,3,231,0.0,0.2,20,10,0.0005,0.0005,mrlco_first_order_mean_pseudogradient,fixed_literature_derived_defaults,0.0019740414108991517,9.870207054495095e-05,0.016659980738265648,0.0008329990369132512,0.0011445245382493059,5.722622691246848e-05,3.0,0.0,0.07281192985615295,0.6457807563469241,0.04731313696315465,,,,,,,,,,,,,,,,
0.062096549934562005,0.00675,0.99225,0.001,-0.0017937147058546543,0.02303990349173546,0.005054435013513844,0.006500000009934108,1.1511841317017875,0.0,0.0,0.0,0.0,0.0,0.0,0.029838310935978718,1.3169126510620117,publication,0.6790814399719238,5.283879518508911,0.6898221265415094,0.7771298192661198,200,0.5674993568676484,1.6520512010902166,0.037146170740015805,0.6898221265415095,0.7771298018470406,1063.026175365448,mobile,0.00035496229180185536,0.0005537584071384058,53.15131333876969,53.15131333876969,system,0.0,231,0.7771298018470406,0.04339211009318666,meta_train_support,4,MARGO-SPLIT-v1,20,20,80,3,232,0.0,0.2,20,10,0.0005,0.0005,mrlco_first_order_mean_pseudogradient,fixed_literature_derived_defaults,0.0019655326117142416,9.82766305857169e-05,0.016588170476462778,0.000829408523823183,0.0011395912428258173,5.697956214129052e-05,3.0,0.0,0.07291020648673867,0.6466101648707473,0.04737011652529594,,,,,,,,,,,,,,,,
0.07043857119624099,0.00625,0.99325,0.0005,-0.000669943867251277,0.03380794823169708,0.0016205006224720836,0.003916666656732559,1.0752096441884835,0.0,0.0,0.0,0.0,0.0,0.0,0.02984827367409044,1.2632139921188354,publication,0.6426894664764404,4.421040296554565,0.7546040914783559,0.8513012900461399,200,0.9989826669892163,2.9383496521040797,0.04953789434512146,0.754604091478356,0.8513013106770814,277.83680753707887,mobile,0.0007084390306661534,0.0021563697313758817,13.891841315113862,13.891841315113862,system,0.0,232,0.8513013106770814,0.05731060435834224,meta_train_support,4,MARGO-SPLIT-v1,20,20,80,3,233,0.0,0.2,20,10,0.0005,0.0005,mrlco_first_order_mean_pseudogradient,fixed_literature_derived_defaults,0.001962617724084399,9.813088620422294e-05,0.016537367868073718,0.0008268683934037346,0.0011347002932857923,5.6735014664292815e-05,3.0,0.0,0.07300833737294289,0.647437033264151,0.047426851539960235,,,,,,,,,,,,,,,,
0.0719662377738696,0.00425,0.99475,0.001,-0.0012919275322929025,0.1251097321510315,0.006137623826735468,0.003249999973922968,1.4596626232067742,0.0,0.0,0.0,0.0,0.0,0.0,0.02826569935457367,1.3334513902664185,publication,0.6647343635559082,5.085228204727173,1.0903346665831644,1.2308770532885682,200,1.10517864757679,3.421049216762185,0.046741406491491944,1.0903346665831646,1.2308770310878754,576.0859948730468,mobile,0.00017789923670114615,0.0003725901570722566,28.80430082586794,28.80430082586794,system,0.0,233,1.2308770310878754,0.052851373573022914,meta_train_support,4,MARGO-SPLIT-v1,20,20,80,3,234,0.0,0.2,20,10,0.0005,0.0005,mrlco_first_order_mean_pseudogradient,fixed_literature_derived_defaults,0.001954230468853269,9.771152344266454e-05,0.016466695355816994,0.0008233347677908398,0.001129851146733289,5.64925573366612e-05,3.0,0.0,0.07310604889638556,0.6482603680319419,0.047483344097296896,,,,,,,,,,,,,,,,
0.06225077233299664,0.008,0.99125,0.00075,-0.0025077499449253082,0.11470874398946762,0.005835448647858736,0.006000000005587936,1.4571768055359522,0.0,0.0,0.0,0.0,0.0,0.0,0.033883183815174,1.4160683155059814,publication,0.6679894924163818,5.016441106796265,1.0019288741874721,1.127547194907238,200,0.9050655804232106,2.639390083029866,0.05642301085026702,1.001928874187472,1.1275471960566938,381.6444881629944,mobile,0.0003536147970986871,0.0005144284697929726,19.082223798770155,19.082223798770155,system,0.0,234,1.1275471960566938,0.04315268678188655,meta_train_support,4,MARGO-SPLIT-v1,20,20,80,3,235,0.0,0.2,20,10,0.0005,0.0005,mrlco_first_order_mean_pseudogradient,fixed_literature_derived_defaults,0.0019459145945177232,9.729572972588807e-05,0.016396624311749687,0.0008198312155874854,0.0011250432695131473,5.6252163475656314e-05,3.0,0.0,0.07320334462611144,0.6490801992475294,0.04753959626077255,,,,,,,,,,,,,,,,
0.06525847856223671,0.00675,0.99275,0.0005,-0.00024322434910573065,0.022198904305696487,0.0044453392560029675,0.004083333304151893,1.079881642262141,0.0,0.0,0.0,0.0,0.0,0.0,0.03090580306060401,1.4877071380615234,publication,0.699418306350708,5.292593479156494,0.7022600032202496,0.7928928778207046,200,0.7586671658494597,2.0326121915131807,0.0372209817141993,0.7022600032202497,0.7928928821720183,344.51197305679324,mobile,0.0006566500954250236,0.0011313021463033744,17.22559853448428,17.22559853448428,system,0.0,235,0.7928928821720183,0.05140187548360863,meta_train_support,4,MARGO-SPLIT-v1,20,20,80,3,236,0.0,0.2,20,10,0.0005,0.0005,mrlco_first_order_mean_pseudogradient,fixed_literature_derived_defaults,0.0019376691936934956,9.688345968467127e-05,0.01632714709008973,0.0008163573545044711,0.0011202761370152103,5.6013806850760406e-05,3.0,0.0,0.07330022808579612,0.6498965566020338,0.04759561006762331,,,,,,,,,,,,,,,,
0.07461210931723761,0.00725,0.991,0.00175,-0.00179094763007015,0.05902238190174103,0.004112359150547787,0.006583333310360709,1.0431426584720611,0.0,0.0,0.0,0.0,0.0,0.0,0.038479665044063784,1.549852967262268,publication,0.6677029132843018,5.223752021789551,0.7759612796248122,0.8728953491803259,200,1.0201053925826755,3.499956887564622,0.0744653940491844,0.7759612796248124,0.8728953178599477,593.6456626319886,mobile,0.0013695422108526984,0.0022044495397380934,29.682285063431593,29.682285063431593,system,0.0,236,0.8728953178599477,0.05676045721148851,meta_train_support,4,MARGO-SPLIT-v1,20,20,80,3,237,0.0,0.2,20,10,0.0005,0.0005,mrlco_first_order_mean_pseudogradient,fixed_literature_derived_defaults,0.0019336136835524527,9.66806841776191e-05,0.016272562522364576,0.0008136281261181821,0.0011155492334835005,5.5777461674177964e-05,3.0,0.0,0.07339690876997373,0.650710184728152,0.04765138752929749,,,,,,,,,,,,,,,,
0.048065280593383,0.003,0.99575,0.00125,-0.0009068035869859159,0.019907210022211075,0.003460905314937197,0.0025833333221574628,0.7074388980865478,0.0,0.0,0.0,0.0,0.0,0.0,0.026631513963600608,1.4287383556365967,publication,0.6798765659332275,5.0540854930877686,0.41058793825473977,0.46082416987053876,200,0.41750334402561473,1.2867640407348517,0.04323350153572392,0.4105879382547399,0.46082417741417886,1133.2032107448579,mobile,0.000616141924588759,0.0014923501938076547,56.660158856454636,56.660158856454636,system,0.0,237,0.46082417741417886,0.03481526287991598,meta_train_support,4,MARGO-SPLIT-v1,20,20,80,3,238,0.0,0.2,20,10,0.0005,0.0005,mrlco_first_order_mean_pseudogradient,fixed_literature_derived_defaults,0.0019254892563106358,9.627446281552932e-05,0.01620419041092607,0.0008102095205463344,0.0011108620518302085,5.554310259150985e-05,3.0,0.0,0.07349318323278926,0.6515203942486983,0.047706930631889,,,,,,,,,,,,,,,,
0.06866917030304535,0.0125,0.9865,0.001,-0.0009673979366198182,0.10049492865800858,0.004447743308998042,0.013333333237096668,1.297497639556726,0.0,0.0,0.0,0.0,0.0,0.0,0.05647080821012089,1.456636905670166,publication,0.6749711036682129,5.206184148788452,0.9329062613102458,1.0494224914281949,200,1.099935691510059,3.16692673554644,0.04837650590343401,0.9329062613102458,1.049422463066876,221.05219511032104,mobile,0.0005820145924451242,0.002766206401048279,11.052609603668415,11.052609603668415,system,0.0,238,1.049422463066876,0.04890762655075972,meta_train_support,4,MARGO-SPLIT-v1,20,20,80,3,239,0.0,0.2,20,10,0.0005,0.0005,mrlco_first_order_mean_pseudogradient,fixed_literature_derived_defaults,0.0019174328159076623,9.587164079538635e-05,0.016139480230117003,0.0008069740115058677,0.00110621409345435,5.531070467271887e-05,3.0,0.0,0.07358905487358465,0.6523273682602042,0.04776224133656172,,,,,,,,,,,,,,,,
0.07150673027639828,0.0115,0.98725,0.00125,-0.00046391188516281545,0.028196485713124275,0.004010069176320031,0.008000000131626923,0.9430014312267303,0.0,0.0,0.0,0.0,0.0,0.0,0.05390907250095756,1.4674561023712158,publication,0.6386196613311768,5.467420816421509,0.6001365308218718,0.6739674365719475,200,0.7513648911935705,2.313863050134387,-0.05069773946888745,0.6001365308218718,0.6739674468338489,178.34812319755554,mobile,0.0018019497910538923,0.0047417325974547205,8.91740574416707,8.91740574416707,system,0.0,239,0.6739674468338489,0.05467508841247523,meta_train_support,4,MARGO-SPLIT-v1,20,20,80,3,240,0.0,0.2,20,10,0.0005,0.0005,mrlco_first_order_mean_pseudogradient,fixed_literature_derived_defaults,0.00191097122654395,9.554856132719391e-05,0.016085174097411555,0.000804258704870553,0.0011016048680649569,5.5080243403247964e-05,3.0,0.0,0.07368460343491184,0.6531316269650748,0.04781732157996497,,,,,,,,,,,,,,,,
0.07093256048150984,0.01275,0.98525,0.002,-0.002334242220968008,0.0274815633893013,0.010553340355318143,0.021416666731238366,0.8213743229707082,0.0,0.0,0.0,0.0,0.0,0.0,0.061106118884130436,1.37030029296875,publication,0.6304962635040283,4.995413780212402,0.695758078470036,0.7839774091128493,200,0.705497013557729,1.723247612011619,0.06501821349229431,0.695758078470036,0.7839773892983795,340.64339032173154,mobile,0.004772998044064201,0.028673503138720798,17.03217039897817,17.03217039897817,system,0.0,240,0.7839773892983795,0.057801628197130486,meta_train_support,4,MARGO-SPLIT-v1,20,20,80,3,241,0.0,0.2,20,10,0.0005,0.0005,mrlco_first_order_mean_pseudogradient,fixed_literature_derived_defaults,0.0019053843820123885,9.526921910062158e-05,0.01603218631366695,0.0008016093156832937,0.0010970338935086708,5.4851694675436824e-05,3.0,0.0,0.07377987265401247,0.6539332362807581,0.047872173274640405,,,,,,,,,,,,,,,,
0.050849661977457127,0.00775,0.99,0.00225,-0.0005212001851759851,0.027912290766835213,0.0019383050753882948,0.004916666665424903,0.7336319687465827,0.0,0.0,0.0,0.0,0.0,0.0,0.0449584358468606,1.3009250164031982,publication,0.5354936122894287,5.460693836212158,0.45698364721264356,0.5135859720291773,200,0.6310815379478828,1.9595495518296957,0.027181429424672388,0.4569836472126435,0.513585979854688,422.8826519393921,mobile,0.00113386529358855,0.0016663324966750615,21.144131412364136,21.144131412364136,system,0.0,241,0.513585979854688,0.04401022931554321,meta_train_support,4,MARGO-SPLIT-v1,20,20,80,3,242,0.0,0.2,20,10,0.0005,0.0005,mrlco_first_order_mean_pseudogradient,fixed_literature_derived_defaults,0.0019015525934317277,9.507762967159161e-05,0.0159968151644255,0.0007998407582212597,0.00109250069560161,5.462503478007724e-05,3.0,0.0,0.07387495028368406,0.6547330770389793,0.04792679830942048,,,,,,,,,,,,,,,,
0.05364960863651973,0.01475,0.9835,0.00175,-0.0006044671754352748,0.04639656841754913,0.0054031503180946554,0.012916666440044841,0.9644611959656079,0.0,0.0,0.0,0.0,0.0,0.0,0.06317130044023983,1.292688012123108,publication,0.6693551540374756,5.164686679840088,0.867950589906953,0.9760462002895656,200,0.8600888721125809,2.5205608118558303,0.011402787291444838,0.8679505899069528,0.9760462198592722,583.3344167518616,mobile,0.0019913047309570433,0.004248987065579655,29.166719462615415,29.166719462615415,system,0.0,242,0.9760462198592722,0.04336884214421352,meta_train_support,4,MARGO-SPLIT-v1,20,20,80,3,243,0.0,0.2,20,10,0.0005,0.0005,mrlco_first_order_mean_pseudogradient,fixed_literature_derived_defaults,0.0018937272741171938,9.46863637058537e-05,0.015936921854745437,0.0007968460927372245,0.0010880048079653895,5.440024039826685e-05,3.0,0.0,0.07396963664738991,0.6555299231317165,0.04798119854981875,,,,,,,,,,,,,,,,
0.0506430894018269,0.01375,0.984,0.00225,-0.0005705386865884066,0.07101187855005264,0.006101648234352079,0.017166666810711224,1.008284618953864,0.0,0.0,0.0,0.0,0.0,0.0,0.06317059744096032,1.3584221601486206,publication,0.6394634246826172,3.87789249420166,0.7386734415548116,0.8307482556350806,200,0.8253326915718334,2.892593772150576,0.050364624010398984,0.7386734415548115,0.8307482579536736,723.0967692565918,mobile,0.00287430246782303,0.003943833355260583,36.15483843654135,36.15483843654135,system,0.0,243,0.8307482579536736,0.040428388233959965,meta_train_support,4,MARGO-SPLIT-v1,20,20,80,3,244,0.0,0.2,20,10,0.0005,0.0005,mrlco_first_order_mean_pseudogradient,fixed_literature_derived_defaults,0.001889438888592413,9.44719444296166e-05,0.015888359353222973,0.0007944179676611096,0.0010835457718671707,5.417728859336002e-05,3.0,0.0,0.07406410859181953,0.6563243410993777,0.04803537583841211,,,,,,,,,,,,,,,,
0.05597483262003787,0.02175,0.975,0.00325,0.0007939154165796936,0.12537053227424622,0.011027130259158944,0.019416666418934858,1.2468212955941758,0.0,0.0,0.0,0.0,0.0,0.0,0.07188863725126803,1.3879040479660034,publication,0.7018849849700928,5.406503915786743,0.7720059561422427,0.8674610798037611,200,0.9699592209811311,2.991585934534669,0.04656717894249596,0.7720059561422429,0.8674610595218837,675.420434589386,mobile,0.004900537004033635,0.007817312614410628,33.771019255442056,33.771019255442056,system,0.0,244,0.8674610595218837,0.04932026120950184,meta_train_support,4,MARGO-SPLIT-v1,20,20,80,3,245,0.0,0.2,20,10,0.0005,0.0005,mrlco_first_order_mean_pseudogradient,fixed_literature_derived_defaults,0.0019026743556535186,9.513371778267776e-05,0.015910101478498768,0.0007955050739248959,0.0010791231360636313,5.395615680318239e-05,3.0,0.0,0.0741592423096022,0.6571198461733025,0.04808933199521529,,,,,,,,,,,,,,,,
0.05048607099047124,0.01725,0.97975,0.003,0.000537294487003237,0.02424234338104725,0.004222764696260128,0.013249999828015765,0.7167388896147411,0.0,0.0,0.0,0.0,0.0,0.0,0.05656611841727321,1.4761711359024048,publication,0.6642215251922607,5.226603269577026,0.4437038759579495,0.49882337691899464,200,0.7993212089271757,2.777730862610042,0.03978114738129079,0.44370387595794936,0.4988233838789165,426.27314392089846,mobile,0.001633634714494942,0.005002834632395069,21.313656764601184,21.313656764601184,system,0.0,245,0.4988233838789165,0.04515637288674625,meta_train_support,4,MARGO-SPLIT-v1,20,20,80,3,246,0.0,0.2,20,10,0.0005,0.0005,mrlco_first_order_mean_pseudogradient,fixed_literature_derived_defaults,0.0018990583098135198,9.495291549067864e-05,0.015862967130942863,0.0007931483565470909,0.0010747364566487383,5.3736822832439746e-05,3.0,0.0,0.07425419522509288,0.6579129945298496,0.04814306881804773,,,,,,,,,,,,,,,,
0.049315465552787506,0.02075,0.97775,0.0015,0.0009948372608050704,0.035556960850954056,0.005948960491878096,0.016249999807526665,0.8311270470420519,0.0,0.0,0.0,0.0,0.0,0.0,0.07189364102779972,1.6435015201568604,publication,0.6563272476196289,5.6744349002838135,0.4864125775585714,0.5496715396931541,200,1.044486158370672,3.5193520290777087,0.0017625819891691208,0.48641257755857137,0.5496715395664796,222.82601424217225,mobile,0.001965523323877416,0.005149842978828935,11.141301058700257,11.141301058700257,system,0.0,246,0.5496715395664796,0.03808152172679187,meta_train_support,4,MARGO-SPLIT-v1,20,20,80,3,247,0.0,0.2,20,10,0.0005,0.0005,mrlco_first_order_mean_pseudogradient,fixed_literature_derived_defaults,0.0018913698146320885,9.456849073161133e-05,0.015798744591951193,0.000789937229597526,0.0010703852969052212,5.351926484525871e-05,3.0,0.0,0.0743487637158245,0.6587029317594472,0.04819658808289299,,,,,,,,,,,,,,,,
0.0728205225200266,0.03375,0.95925,0.007,0.004105054773390293,0.02224530465900898,0.028226119404128745,0.0463333334463338,1.207716765999794,0.0,0.0,0.0,0.0,0.0,0.0,0.09736363831185661,1.7611348628997803,publication,0.6898496150970459,4.808748483657837,0.7197390757418001,0.8097798690146232,200,0.776137787883271,1.9571595657616854,0.04773594974540174,0.7197390757417998,0.8097798636928201,377.09601364135744,mobile,0.0019083417279237404,0.0031888673119805605,18.85480208150286,18.85480208150286,system,0.0,247,0.8097798636928201,0.05546669976591383,meta_train_support,4,MARGO-SPLIT-v1,20,20,80,3,248,0.0,0.2,20,10,0.0005,0.0005,mrlco_first_order_mean_pseudogradient,fixed_literature_derived_defaults,0.0018837433234440558,9.418716617219658e-05,0.015735039976661067,0.0007867519988330463,0.0010660692271596357,5.330346135798414e-05,3.0,0.0,0.07444295088199669,0.6594896837582802,0.048249891544250974,,,,,,,,,,,,,,,,
0.0397369835318514,0.024,0.9725,0.0035,0.0014137994730845094,0.05249587446451187,0.01413635166439538,0.031499999839191634,0.8988568544387817,0.0,0.0,0.0,0.0,0.0,0.0,0.08366779824738334,1.5335378646850586,publication,0.6906108856201172,5.2167274951934814,0.6454102880099096,0.723571175604884,200,0.7817242990896704,2.4479632538277656,0.05812165490351617,0.6454102880099098,0.7235711844265461,537.0504692459107,mobile,0.0013947084648117567,0.0023169190236344383,26.85252256217207,26.85252256217207,system,0.0,248,0.7235711844265461,0.030373958965366144,meta_train_support,4,MARGO-SPLIT-v1,20,20,80,3,249,0.0,0.2,20,10,0.0005,0.0005,mrlco_first_order_mean_pseudogradient,fixed_literature_derived_defaults,0.0018761780892133568,9.38089044606738e-05,0.01567184704502789,0.0007835923522514499,0.0010617878246409222,5.308939123204598e-05,3.0,0.0,0.07453675978645737,0.6602732761105317,0.04830298093548302,,,,,,,,,,,,,,,,
0.06441872170315965,0.03225,0.963,0.00475,0.003287078347057104,0.019320961087942123,0.02481729156279471,0.03774999985471368,1.0544159923990568,0.0,0.0,0.0,0.0,0.0,0.0,0.08840720864346789,1.8018344640731812,publication,0.6101973056793213,5.296064615249634,0.6597599588339215,0.7431737267166318,200,0.808575485351381,2.4090804075822234,0.034205387528345454,0.6597599588339216,0.7431737247481942,411.72414427757263,mobile,0.0006762196706145895,0.0009618851355751308,20.586205976570408,20.586205976570408,system,0.0,249,0.7431737247481942,0.04960904446601319,meta_train_support,4,MARGO-SPLIT-v1,20,20,80,3,250,0.0,0.2,20,10,0.0005,0.0005,mrlco_first_order_mean_pseudogradient,fixed_literature_derived_defaults,0.0018686733768565034,9.343366884281834e-05,0.015609159656847778,0.0007804579828424307,0.0010578868188149699,5.289434094074563e-05,3.0,0.0,0.07463019345530018,0.6610537340933741,0.048355875276423765,,,,,,,,,,,,,,,,
0.05821074974895184,0.018,0.97925,0.00275,-0.004049939569085836,0.07118938863277435,0.0028211726414156145,0.0255000003768752,1.108925795989732,0.0,0.0,0.0,0.0,0.0,0.0,0.06282063631394745,1.814294695854187,publication,0.7191898822784424,5.121351957321167,0.8204475991843476,0.9249716540110967,200,1.3369687689227883,4.5644606039859354,0.044476246810518205,0.8204475991843477,0.9249716749414801,653.2505946350097,mobile,0.004587492417144757,0.08333827742651391,32.6625285813862,32.6625285813862,system,0.0,250,0.9249716749414801,0.05018343078907525,meta_train_support,4,MARGO-SPLIT-v1,20,20,80,3,251,0.0,0.2,20,10,0.0005,0.0005,mrlco_first_order_mean_pseudogradient,fixed_literature_derived_defaults,0.0018612284630044854,9.306142315022858e-05,0.015546971769768703,0.0007773485884884357,0.0010536721302937947,5.268360651469045e-05,3.0,0.0,0.07472325487845041,0.6618310826818625,0.048408558882938456,-0.1528803151941706,-0.16598974472592345,0.16598974472592345,0.125,0.4,0.0,0.06,0.975,0.975,0.0,validation/automotive_lexicographic_v1,automotive_lexicographic_v1,a3bd00d5108237acdb706f561212b5d840bac151f48b5250a61c573d9c9ffb6c,658435261.0,0.16598974472592345,0.0
0.039263346605783456,0.01275,0.9855,0.00175,-0.0006869853241369128,0.04080338031053543,0.007317250516886513,0.014499999769032,0.7938710314532121,0.0,0.0,0.0,0.0,0.0,0.0,0.0537972426095466,1.6069117784500122,publication,0.6877608299255371,5.0486719608306885,0.5691249413243138,0.6407077333293478,200,0.7797319823912354,2.352340236771852,0.043488610710483044,0.569124941324314,0.6407077172584832,1251.2220629310607,mobile,0.005598587650664656,0.007533658263291468,62.56110269582453,62.56110269582453,system,0.0,251,0.6407077172584832,0.03194053961196334,meta_train_support,4,MARGO-SPLIT-v1,20,20,80,3,252,0.0,0.2,20,10,0.0005,0.0005,mrlco_first_order_mean_pseudogradient,fixed_literature_derived_defaults,0.0018538426357703407,9.269213178851599e-05,0.015485277437348986,0.0007742638718674089,0.0010494908916815176,5.247454458407602e-05,3.0,0.0,0.07481594701023893,0.6626053465537299,0.04846103342752253,,,,,,,,,,,,,,,,
0.06629209097631711,0.024,0.97125,0.00475,-5.9387337387306616e-05,0.02298472449183464,0.00792781703524573,0.0349999997454385,0.8400483644256989,0.0,0.0,0.0,0.0,0.0,0.0,0.08263928585398694,1.7833318710327148,publication,0.6929159164428711,4.87064003944397,0.7391754704037333,0.8301531298325426,200,0.9027336298471519,2.923639234388247,0.03317488054744899,0.7391754704037332,0.8301531359367073,413.20665698051454,mobile,0.009092851094526542,0.03691384402908493,20.660332468081563,20.660332468081563,system,0.0,252,0.8301531359367073,0.06706904694836084,meta_train_support,4,MARGO-SPLIT-v1,20,20,80,3,253,0.0,0.2,20,10,0.0005,0.0005,mrlco_first_order_mean_pseudogradient,fixed_literature_derived_defaults,0.0018582867580995586,9.291433790498127e-05,0.015473476457707133,0.0007736738228854012,0.001045342706338903,5.226713531694682e-05,3.0,0.0,0.07490886134814391,0.6633790203766153,0.04851330056283948,,,,,,,,,,,,,,,,
0.08285583398572352,0.03325,0.96125,0.0055,-0.0032805276568979025,0.035424504429101944,0.005537225451591136,0.035333333117887375,1.402323637654384,0.0,0.0,0.0,0.0,0.0,0.0,0.0912343941603566,1.9166958332061768,publication,0.6860342025756836,4.96964955329895,0.8396727219494966,0.9489380038410309,200,0.8186160465410747,2.204090680461377,0.04769694368587807,0.8396727219494966,0.9489379983954132,254.35592029571532,mobile,0.0014021732771266468,0.002554057306524671,12.717795518185534,12.717795518185534,system,0.0,253,0.9489379983954132,0.06747971060578063,meta_train_support,4,MARGO-SPLIT-v1,20,20,80,3,254,0.0,0.2,20,10,0.0005,0.0005,mrlco_first_order_mean_pseudogradient,fixed_literature_derived_defaults,0.001856769884973497,9.283849424868151e-05,0.015442471333160396,0.0007721235666580117,0.0010412271838730017,5.206135919365307e-05,3.0,0.0,0.07500169984239259,0.6641511439432733,0.04856536192203313,,,,,,,,,,,,,,,,
0.06359288045041352,0.02375,0.973,0.00325,0.0029902574606239796,0.19136933982372284,0.009710327035766872,0.0253333332327505,1.335141958296299,0.0,0.0,0.0,0.0,0.0,0.0,0.06707568701884636,1.6859309673309326,publication,0.6776676177978516,5.181272268295288,0.6143964020816377,0.6908928250198824,200,0.93619891708565,3.0340493973344564,0.024393284576945007,0.6143964020816377,0.6908928291127086,540.0616042900085,mobile,0.0015446161355242008,0.004302121029434334,27.003081017276312,27.003081017276312,system,0.0,254,0.6908928291127086,0.046794673600431096,meta_train_support,4,MARGO-SPLIT-v1,20,20,80,3,255,0.0,0.2,20,10,0.0005,0.0005,mrlco_first_order_mean_pseudogradient,fixed_literature_derived_defaults,0.001849488434444189,9.247442172220788e-05,0.015381912622049963,0.000769095631102501,0.0010371439400146763,5.1857197000730604e-05,3.0,0.0,0.0750941742641148,0.6649202395743758,0.04861721911903386,,,,,,,,,,,,,,,,
0.059299742220390673,0.016,0.98275,0.00125,-0.0016254711663350463,0.02211489900946617,0.0036066741071939155,0.0110833333649983,0.9743825562298298,0.0,0.0,0.0,0.0,0.0,0.0,0.05520610695328949,1.6849297285079956,publication,0.6000607013702393,5.2392823696136475,0.4474876394963928,0.5039075461608717,200,0.5576157910338038,1.5539581519551575,0.042889531527180225,0.4474876394963928,0.503907553423196,472.8407946491241,mobile,0.002980911863421182,0.0075888818039715235,23.64203989599952,23.64203989599952,system,0.0,255,0.503907553423196,0.050176859260626996,meta_train_support,4,MARGO-SPLIT-v1,20,20,80,3,256,0.0,0.2,20,10,0.0005,0.0005,mrlco_first_order_mean_pseudogradient,fixed_literature_derived_defaults,0.0018436052611801954,9.218026305901628e-05,0.015329362089955634,0.0007664681044977639,0.001033092596498994,5.165462982494734e-05,3.0,0.0,0.07518635452717382,0.6656867076788736,0.04866887374885881,,,,,,,,,,,,,,,,
0.060393367355612716,0.011,0.98525,0.00375,-0.004052641801536083,0.09236125648021698,0.0021413906251344394,0.01783333357113103,1.1327166453003883,0.0,0.0,0.0,0.0,0.0,0.0,0.05680960581487935,1.564821720123291,publication,0.6317694187164307,5.363142967224121,0.49410790044870995,0.5543288803173709,200,0.7638552447542339,2.3560490757226944,0.049119729112135246,0.4941079004487099,0.5543288411013783,325.459705286026,mobile,0.0009931831616512494,0.0017192848229564265,16.272985787631455,16.272985787631455,system,0.0,256,0.5543288411013783,0.047621405501706404,meta_train_support,4,MARGO-SPLIT-v1,20,20,80,3,257,0.0,0.2,20,10,0.0005,0.0005,mrlco_first_order_mean_pseudogradient,fixed_literature_derived_defaults,0.001836431699852646,9.18215849926296e-05,0.015269714766648413,0.0007634857383324034,0.0010290727809484142,5.1453639047419064e-05,3.0,0.0,0.07527817611216644,0.666450193417206,0.04872032738790623,,,,,,,,,,,,,,,,
0.06975655193231979,0.02725,0.969,0.00375,-0.0014716550940647721,0.02131800726056099,0.008524197581088324,0.04249999999689559,1.1585201020042102,0.0,0.0,0.0,0.0,0.0,0.0,0.08729078256525644,1.6096247434616089,publication,0.6191842555999756,5.3427019119262695,0.7430954427512957,0.8396954841659316,200,0.758300406351302,2.129494332242757,0.041860675482894294,0.7430954427512956,0.839695471599698,384.7516170024872,mobile,0.006779416582965931,0.008655642939052455,19.237582312510416,19.237582312510416,system,0.0,257,0.839695471599698,0.05157872443908998,meta_train_support,4,MARGO-SPLIT-v1,20,20,80,3,258,0.0,0.2,20,10,0.0005,0.0005,mrlco_first_order_mean_pseudogradient,fixed_literature_derived_defaults,0.0018293137475276357,9.146568737637695e-05,0.015210529825692412,0.0007605264912846632,0.0010250841267586918,5.125420633793343e-05,3.0,0.0,0.07536964179954282,0.6672107199084907,0.04877158159424416,,,,,,,,,,,,,,,,
0.05607733027072326,0.02325,0.97225,0.0045,-0.001435906975530088,0.017637217417359352,0.008438554762293885,0.03508333327869574,1.0199098219474156,0.0,0.0,0.0,0.0,0.0,0.0,0.07654592494010787,1.5581060647964478,publication,0.6683034896850586,5.065788269042969,0.5456800334365507,0.6136231092374874,200,0.695133482403473,1.7329305461171316,0.03460378605814185,0.5456800334365507,0.6136231074295938,338.16473912239076,mobile,0.002554609098061321,0.005521510500157646,16.908236848213217,16.908236848213217,system,0.0,258,0.6136231074295938,0.04530155287070675,meta_train_support,4,MARGO-SPLIT-v1,20,20,80,3,259,0.0,0.2,20,10,0.0005,0.0005,mrlco_first_order_mean_pseudogradient,fixed_literature_derived_defaults,0.001822250760085444,9.111253800427044e-05,0.015154239851518427,0.0007577119925759046,0.0010211262729874226,5.105631364937108e-05,3.0,0.0,0.07546075433754709,0.6679684319010666,0.04882263790789353,,,,,,,,,,,,,,,,
0.03301411618950049,0.02275,0.9735,0.00375,0.0008364784880541265,0.02077561430633068,0.013694249280615623,0.028666666941717274,0.7929943268497786,0.0,0.0,0.0,0.0,0.0,0.0,0.07165422686520594,1.2696020603179932,publication,0.5954718589782715,4.592532157897949,0.6050191166417889,0.680427815305884,200,0.5654302215088453,1.5218567720148712,0.0372578786482336,0.6050191166417888,0.6804277955554425,1054.8667849540711,mobile,0.0004884804555143438,0.0017236041931282613,52.74333997178851,52.74333997178851,system,0.0,259,0.6804277955554425,0.025402347361844,meta_train_support,4,MARGO-SPLIT-v1,20,20,80,3,260,0.0,0.2,20,10,0.0005,0.0005,mrlco_first_order_mean_pseudogradient,fixed_literature_derived_defaults,0.0018152421033158846,9.076210516580085e-05,0.01509595431362797,0.0007547977156814323,0.0010171988642451633,5.085994321225862e-05,3.0,0.0,0.0755515164427129,0.668723229616748,0.04887349785110579,,,,,,,,,,,,,,,,
0.0744139525875065,0.0235,0.9725,0.004,-0.007087980397045612,0.047802213579416275,0.004336230302578769,0.03308333352518578,1.2752344916264218,0.0,0.0,0.0,0.0,0.0,0.0,0.0822524777337655,1.5558900833129883,publication,0.6854019165039062,4.153425216674805,0.7858522418744981,0.8837131344072986,200,0.9281664677982513,2.4998651891946793,-0.02617940545314923,0.785852241874498,0.8837131270579994,322.43663056373595,mobile,0.0034191478875940113,0.005704579717073831,16.12183209391043,16.12183209391043,system,0.0,260,0.8837131270579994,0.05665091366851039,meta_train_support,4,MARGO-SPLIT-v1,20,20,80,3,261,0.0,0.2,20,10,0.0005,0.0005,mrlco_first_order_mean_pseudogradient,fixed_literature_derived_defaults,0.0018111664023063754,9.055832011531373e-05,0.0150496642239502,0.0007524832111974744,0.0010133015505890517,5.066507752945343e-05,3.0,0.0,0.07564207476282821,0.6694757128279455,0.048924162928635245,,,,,,,,,,,,,,,,
0.05476993736599561,0.03325,0.96225,0.0045,0.00164420111104846,0.02843359299004078,0.00953893087838272,0.03499999955917398,1.0505653972427051,0.0,0.0,0.0,0.0,0.0,0.0,0.09237141849245951,1.5427188873291016,publication,0.6636824607849121,5.158406019210815,0.8620622446970572,0.9726372077367705,200,0.9653995217105671,3.369429212063551,0.04363761516287923,0.862062244697057,0.9726371846348048,848.4814441490173,mobile,0.006814347771187863,0.007856492562802431,42.424074038246424,42.424074038246424,system,0.0,261,0.9726371846348048,0.04064819660907022,meta_train_support,4,MARGO-SPLIT-v1,20,20,80,3,262,0.0,0.2,20,10,0.0005,0.0005,mrlco_first_order_mean_pseudogradient,fixed_literature_derived_defaults,0.0018042535534426108,9.021267767213292e-05,0.014992222757446572,0.000749611137872308,0.0010094339874188645,5.047169937094642e-05,3.0,0.0,0.07573228744050034,0.6702253239658178,0.04897463462800619,,,,,,,,,,,,,,,,
0.05346572139928244,0.023,0.97425,0.00275,0.001164963934570551,0.02229902893304825,0.0194847045034597,0.035749999821806946,0.8368198306610186,0.0,0.0,0.0,0.0,0.0,0.0,0.07754417207942023,1.5994616746902466,publication,0.6500465869903564,5.431151628494263,0.5804079952897557,0.6518910711655918,200,0.8082103216188067,2.4229796240106225,0.04894134553615004,0.580407995289756,0.6518910804949701,375.4198875045776,mobile,0.0038625835264891255,0.0066977085451856815,18.770994661575834,18.770994661575834,system,0.0,262,0.6518910804949701,0.04189016298156314,meta_train_support,4,MARGO-SPLIT-v1,20,20,80,3,263,0.0,0.2,20,10,0.0005,0.0005,mrlco_first_order_mean_pseudogradient,fixed_literature_derived_defaults,0.0017984000107790852,8.99200005389511e-05,0.01494027379981786,0.0007470136899908608,0.0010055958353754465,5.02797917687689e-05,3.0,0.0,0.07582220744103929,0.6709723376558087,0.04902491441977496,,,,,,,,,,,,,,,,
0.06318943209914989,0.037,0.95775,0.00525,0.0018181133782491088,0.02741500549018383,0.017761092458385974,0.045583333602796,1.1494755066931248,0.0,0.0,0.0,0.0,0.0,0.0,0.11146708943500191,1.590808391571045,publication,0.6257765293121338,4.833218574523926,0.8581309779891113,0.9654302550462307,200,0.77536752435593,2.4516079165041447,0.03517533450212795,0.8581309779891111,0.965430256947875,529.1223790359497,mobile,0.009743889821235122,0.014514110900323207,26.456119996476204,26.456119996476204,system,0.0,263,0.965430256947875,0.04864572309720407,meta_train_support,4,MARGO-SPLIT-v1,20,20,80,3,264,0.0,0.2,20,10,0.0005,0.0005,mrlco_first_order_mean_pseudogradient,fixed_literature_derived_defaults,0.0017915878895261343,8.957939447630514e-05,0.01488368185360643,0.000744184092680289,0.0010017867602414487,5.008933801207288e-05,3.0,0.0,0.0759117868355156,0.671716521748489,0.049075003757787033,,,,,,,,,,,,,,,,
0.0535990964816284,0.019,0.97975,0.00125,-0.0027158400043845177,0.012467541731894016,0.01256057039136067,0.027083332805583872,0.5715358059853315,0.0,0.0,0.0,0.0,0.0,0.0,0.06944834344482878,1.5304234027862549,publication,0.6552765369415283,5.410138130187988,0.4119481854704094,0.46195438557859236,200,0.5374877068026854,1.6398318000137806,0.05376717256149277,0.41194818547040946,0.4619543768465519,745.1164050865174,mobile,0.0013049670615178264,0.0025575106754837395,37.25582480348058,37.25582480348058,system,0.0,264,0.4619543768465519,0.04453281164079824,meta_train_support,4,MARGO-SPLIT-v1,20,20,80,3,265,0.0,0.2,20,10,0.0005,0.0005,mrlco_first_order_mean_pseudogradient,fixed_literature_derived_defaults,0.0017848271805090544,8.924135902545205e-05,0.014827517016423009,0.0007413758508211243,0.0009980064328443112,4.990032164221836e-05,3.0,0.0,0.07600102819454105,0.6724578975993101,0.04912490407942925,,,,,,,,,,,,,,,,
0.07599275608439132,0.028,0.96825,0.00375,-0.0005814649048261344,0.0669853538274765,0.012548593312525705,0.037083333109815916,1.2697487326959769,0.0,0.0,0.0,0.0,0.0,0.0,0.08739353878508724,1.4669431447982788,publication,0.6691970825195312,4.800478219985962,0.7501955169313471,0.8431202981253773,200,0.8565056954204565,2.3194635254330933,0.021264261391479522,0.7501955169313472,0.8431202972307801,338.1527781867981,mobile,0.0021857452937914857,0.0044473636935879746,16.907637164661494,16.907637164661494,system,0.0,265,0.8431202972307801,0.05415939083817253,meta_train_support,4,MARGO-SPLIT-v1,20,20,80,3,266,0.0,0.2,20,10,0.0005,0.0005,mrlco_first_order_mean_pseudogradient,fixed_literature_derived_defaults,0.0017798642059977264,8.899321029988416e-05,0.014778372344760865,0.0007389186172380713,0.0009942545289614378,4.9712726448068734e-05,3.0,0.0,0.07609002140484093,0.6731968162165481,0.04917461680587732,,,,,,,,,,,,,,,,
0.062385243366608736,0.02,0.97575,0.00425,-0.002460567047819495,0.019701937213540077,0.0028106226311175914,0.01775000013100604,0.9786814550558727,0.0,0.0,0.0,0.0,0.0,0.0,0.07769786442196674,1.4416981935501099,publication,0.6271576881408691,5.324465751647949,0.5706137231849093,0.6417955366134993,200,0.7421233194756369,2.21204224973917,0.04823070572456345,0.5706137231849094,0.6417955247685313,275.0164430809021,mobile,0.0032664600064768318,0.00469136611433974,13.750822939350764,13.750822939350764,system,0.0,266,0.6417955247685313,0.04376338524768965,meta_train_support,4,MARGO-SPLIT-v1,20,20,80,3,267,0.0,0.2,20,10,0.0005,0.0005,mrlco_first_order_mean_pseudogradient,fixed_literature_derived_defaults,0.0017731980479228286,8.865990239613486e-05,0.014723022635604457,0.0007361511317802716,0.0009905307292274999,4.952653646137645e-05,3.0,0.0,0.07617868130723707,0.6739329673483284,0.0492241433423387,,,,,,,,,,,,,,,,
0.06687431911748547,0.03275,0.96375,0.0035,0.001174629433080554,0.017900019884109497,0.02315959017220545,0.04391666644563278,1.0662860741217928,0.0,0.0,0.0,0.0,0.0,0.0,0.09183513894130824,1.4269773960113525,publication,0.6652534008026123,5.148581504821777,0.6432280201195804,0.7245264849405066,200,0.7491645056835107,2.125287522561848,0.01470859837718308,0.6432280201195806,0.7245264921057969,319.32378582000734,mobile,0.002909142215024651,0.0070717466760510436,15.966190624252613,15.966190624252613,system,0.0,267,0.7245264921057969,0.05310230704489254,meta_train_support,4,MARGO-SPLIT-v1,20,20,80,3,268,0.0,0.2,20,10,0.0005,0.0005,mrlco_first_order_mean_pseudogradient,fixed_literature_derived_defaults,0.0017670580354723416,8.835290177361399e-05,0.01467290400025493,0.0007336452000127336,0.0009868347190438152,4.9341735952189436e-05,3.0,0.0,0.07626703420901068,0.6746666125483411,0.049273485078290886,,,,,,,,,,,,,,,,
0.058162731942293266,0.0225,0.97375,0.00375,-0.003461813321337104,0.10302451997995377,0.007576682374201482,0.025166666430110736,1.0590226913491887,0.0,0.0,0.0,0.0,0.0,0.0,0.08037754696575958,1.3924471139907837,publication,0.6212246417999268,6.087477922439575,0.6635075046349084,0.7459937720617017,200,1.3241402438667231,3.5028984490782022,0.0365881803445518,0.6635075046349084,0.7459937500581145,167.69435731887816,mobile,0.0029495146483886282,0.0053061906771166185,8.384717589544687,8.384717589544687,system,0.0,268,0.7459937500581145,0.04720579150869034,meta_train_support,4,MARGO-SPLIT-v1,20,20,80,3,269,0.0,0.2,20,10,0.0005,0.0005,mrlco_first_order_mean_pseudogradient,fixed_literature_derived_defaults,0.0017604890464928905,8.802445232464207e-05,0.014618357888729819,0.0007309178944364669,0.000983166188489749,4.915830942448657e-05,3.0,0.0,0.07635505866133532,0.6753975304427776,0.04932264338771537,,,,,,,,,,,,,,,,
0.07550320988158214,0.0445,0.9515,0.004,0.0032007198315113783,0.024501269683241844,0.013734214358070554,0.04208333372759322,1.1167059068878493,0.0,0.0,0.0,0.0,0.0,0.0,0.11252991282785516,1.4372283220291138,publication,0.5643105506896973,3.363664150238037,0.7964808535861425,0.8992825702026311,200,0.8736250791831637,2.356003450229764,0.050714534358121455,0.7964808535861426,0.8992825722880662,232.66580231666566,mobile,0.0004864684772043435,0.0009036154426592455,11.633290509855602,11.633290509855602,system,0.0,269,0.8992825722880662,0.057397261290026265,meta_train_support,4,MARGO-SPLIT-v1,20,20,80,3,270,0.0,0.2,20,10,0.0005,0.0005,mrlco_first_order_mean_pseudogradient,fixed_literature_derived_defaults,0.001753968716691065,8.769843583456005e-05,0.014564215822475263,0.000728210791123729,0.0009795248322360833,4.897624161180614e-05,3.0,0.0,0.07644275709716988,0.6761257412339013,0.04937161962932718,,,,,,,,,,,,,,,,
0.04247369970614913,0.02175,0.97525,0.003,0.0017299987375736237,0.007926206104457378,0.0074646920984378085,0.02891666659464439,0.5537273292740186,0.0,0.0,0.0,0.0,0.0,0.0,0.08226319348344703,1.2844362258911133,publication,0.6263899803161621,4.782960891723633,0.33266350382389026,0.3721820899323211,200,0.41716520156383163,1.355582035612315,0.057958930570748635,0.3326635038238903,0.3721820817887783,837.9533373069763,mobile,0.003536442651422383,0.004019169170230058,41.89766748933504,41.89766748933504,system,0.0,270,0.3721820817887783,0.0345547510877621,meta_train_support,4,MARGO-SPLIT-v1,20,20,80,3,271,0.0,0.2,20,10,0.0005,0.0005,mrlco_first_order_mean_pseudogradient,fixed_literature_derived_defaults,0.0017474965074043823,8.737482537021779e-05,0.014510473328665393,0.0007255236664333031,0.0009759103494603043,4.879551747301314e-05,3.0,0.0,0.0765301319225401,0.6768512649003346,0.04942041514680019,,,,,,,,,,,,,,,,
0.05601248065215405,0.02975,0.96625,0.004,-0.0004871883138548583,0.044738199561834335,0.011878375932428752,0.031250000108654294,0.9651432380080223,0.0,0.0,0.0,0.0,0.0,0.0,0.10151377588984203,1.4238892793655396,publication,0.6458985805511475,4.943626642227173,0.44288225041243423,0.4967829856332173,200,0.655700842704966,1.7203916888684034,0.03270071173028555,0.44288225041243423,0.49678298773244023,179.9768058013916,mobile,0.0017020123232813194,0.002715729458145433,8.998840425952785,8.998840425952785,system,0.0,271,0.49678298773244023,0.04271479032953947,meta_train_support,4,MARGO-SPLIT-v1,20,20,80,3,272,0.0,0.2,20,10,0.0005,0.0005,mrlco_first_order_mean_pseudogradient,fixed_literature_derived_defaults,0.001741071887891866,8.70535943945927e-05,0.01446475947633596,0.0007232379738167927,0.000972322443763759,4.861612218818451e-05,3.0,0.0,0.0766171855169347,0.6775745028741514,0.04946903126898838,,,,,,,,,,,,,,,,
0.06535483286191784,0.0375,0.958,0.0045,0.003363170428201556,0.013084812089800835,0.014669024350587279,0.045083332465340686,0.916332149753968,0.0,0.0,0.0,0.0,0.0,0.0,0.10708742872397471,1.3846696615219116,publication,0.6533281803131104,5.470796346664429,0.6120199856888215,0.6901287452735051,200,0.7769423812610714,2.0451946714892983,0.027209533203858882,0.6120199856888217,0.6901287546940148,274.66902362823487,mobile,0.0009401462644554469,0.0010731726136512822,13.73345058090968,13.73345058090968,system,0.0,272,0.6901287546940148,0.04856181779738345,meta_train_support,4,MARGO-SPLIT-v1,20,20,80,3,273,0.0,0.2,20,10,0.0005,0.0005,mrlco_first_order_mean_pseudogradient,fixed_literature_derived_defaults,0.0017346943351889655,8.673471675944844e-05,0.014411775009389673,0.0007205887504694308,0.0009687608230906317,4.8438041154529043e-05,3.0,0.0,0.07670392023369414,0.6782950916246209,0.049517469310142906,,,,,,,,,,,,,,,,
0.05043527480565091,0.03,0.96925,0.00075,0.00277019408531487,0.009321561083197594,0.007189324154751375,0.03324999998634061,0.7089464349051317,0.0,0.0,0.0,0.0,0.0,0.0,0.09032587110319436,1.4186400175094604,publication,0.6631557941436768,4.770625829696655,0.38660123801044416,0.4350210068538802,200,0.49306154469134966,1.3960064265411347,0.05023458049640084,0.38660123801044416,0.43502100475132466,481.9630184650421,mobile,0.0009639504525730757,0.0018641000696717398,24.098149884925665,24.098149884925665,system,0.0,273,0.43502100475132466,0.03961811783475782,meta_train_support,4,MARGO-SPLIT-v1,20,20,80,3,274,0.0,0.2,20,10,0.0005,0.0005,mrlco_first_order_mean_pseudogradient,fixed_literature_derived_defaults,0.001728363333965648,8.641816669828495e-05,0.014359177290377303,0.0007179588645188639,0.0009652251996486951,4.826125998243225e-05,3.0,0.0,0.07679033840039243,0.6790130504891397,0.04956573057012534,,,,,,,,,,,,,,,,
0.061445497236578404,0.03475,0.96175,0.0035,-0.0008814172470010817,0.020448749884963036,0.006564357907821736,0.036500000037873785,1.0289716569085916,0.0,0.0,0.0,0.0,0.0,0.0,0.09103170032278925,1.3532686233520508,publication,0.6525092124938965,4.8099095821380615,0.7470657297905626,0.84034304342822,200,0.6908465161457557,2.1539474092423916,0.05494187575823162,0.7470657297905626,0.8403430330567062,897.6563585853577,mobile,0.002443196842685941,0.006912692696895855,44.88281686429033,44.88281686429033,system,0.0,274,0.8403430330567062,0.05461276411620343,meta_train_support,4,MARGO-SPLIT-v1,20,20,80,3,275,0.0,0.2,20,10,0.0005,0.0005,mrlco_first_order_mean_pseudogradient,fixed_literature_derived_defaults,0.0017254143703129608,8.627071851564916e-05,0.014341970487569277,0.0007170985243785122,0.0009617152898317908,4.8085764491591354e-05,3.0,0.0,0.07687660911890808,0.6797301490135182,0.04961381633461693,,,,,,,,,,,,,,,,
0.05744749862366573,0.02475,0.97325,0.002,-0.001637265901081264,0.01178669836372137,0.01111627381760627,0.0521666664009293,0.8038021509846052,0.0,0.0,0.0,0.0,0.0,0.0,0.07880802828314024,1.2915356159210205,publication,0.6358025074005127,5.223841667175293,0.46053215618704046,0.5184708094239613,200,0.520928353562696,1.5567665421403944,0.020286980492528528,0.46053215618704046,0.5184707951359451,498.42685974121093,mobile,0.002490256299214654,0.003908018635126682,24.92134282834387,24.92134282834387,system,0.0,275,0.5184707951359451,0.04343699038949165,meta_train_support,4,MARGO-SPLIT-v1,20,20,80,3,276,0.0,0.2,20,10,0.0005,0.0005,mrlco_first_order_mean_pseudogradient,fixed_literature_derived_defaults,0.0017202726872233857,8.60136343611706e-05,0.014300720937442096,0.000715036046872064,0.0009582308141439944,4.791154070719894e-05,3.0,0.0,0.07696262275326925,0.6804451850603903,0.04966172787532413,,,,,,,,,,,,,,,,
0.05698283799869314,0.02375,0.973,0.00325,-0.00041853482252918184,0.05478401109576225,0.007009611548407216,0.02799999990190069,1.089643291135629,0.0,0.0,0.0,0.0,0.0,0.0,0.06909848330838204,1.2244155406951904,publication,0.6219360828399658,3.19226336479187,0.8724285356961334,0.9827883193329034,200,0.7261606893947622,1.8756483807228506,0.06455623760120943,0.8724285356961337,0.9827883195877075,878.9494033908844,mobile,0.004706453688874282,0.0048646677010336006,43.947468863523824,43.947468863523824,system,0.0,276,0.9827883195877075,0.057483153846609715,meta_train_support,4,MARGO-SPLIT-v1,20,20,80,3,277,0.0,0.2,20,10,0.0005,0.0005,mrlco_first_order_mean_pseudogradient,fixed_literature_derived_defaults,0.00172609475593452,8.630473779672188e-05,0.014308651034625511,0.0007154325517312321,0.000954771497125424,4.7738574856272253e-05,3.0,0.0,0.07704892749106597,0.6811606176121215,0.0497094664501804,,,,,,,,,,,,,,,,
0.05311105583235185,0.024,0.973,0.003,0.0016036530723795295,0.04442422837018967,0.005141291121132478,0.020416666644935806,0.9614046702782314,0.0,0.0,0.0,0.0,0.0,0.0,0.06300610978283412,1.2152577638626099,publication,0.6653854846954346,5.253343343734741,0.6564795756289231,0.7386915325881273,200,0.7878976722190519,2.3983942959457636,0.0317539219831815,0.6564795756289231,0.7386915507726372,1123.822374382019,mobile,0.0023061709212454148,0.0032980750730179985,56.19111671583199,56.19111671583199,system,0.0,277,0.7386915507726372,0.03815210265714289,meta_train_support,4,MARGO-SPLIT-v1,20,20,80,3,278,0.0,0.2,20,10,0.0005,0.0005,mrlco_first_order_mean_pseudogradient,fixed_literature_derived_defaults,0.0017198857819923094,8.599428909961127e-05,0.01425718106687506,0.0007128590533437285,0.0009513370672796491,4.756685336398253e-05,3.0,0.0,0.07713492178016558,0.6818734766654653,0.04975703330354438,,,,,,,,,,,,,,,,
0.0692802128311446,0.0275,0.97075,0.00175,-0.002675565890967846,0.31476595997810364,0.007203125509840902,0.03966666678898036,1.9164901537199817,0.0,0.0,0.0,0.0,0.0,0.0,0.08229962666448207,1.3110294342041016,publication,0.6475827693939209,4.790666341781616,0.9439009465312965,1.0606988438024565,200,0.9750882757357274,2.666964342817664,0.04116792092099786,0.9439009465312967,1.0606988492794336,215.5260154724121,mobile,0.004144478946894977,0.008701520972871898,10.776301140993226,10.776301140993226,system,0.0,278,1.0606988492794336,0.06480840361012805,meta_train_support,4,MARGO-SPLIT-v1,20,20,80,3,279,0.0,0.2,20,10,0.0005,0.0005,mrlco_first_order_mean_pseudogradient,fixed_literature_derived_defaults,0.001713780541631011,8.568902708154524e-05,0.014242663383876484,0.0007121331691938293,0.0009479272570026611,4.739636285013005e-05,3.0,0.0,0.07722061080724713,0.6825856098346591,0.04980442966639451,,,,,,,,,,,,,,,,
0.05584972421384904,0.021,0.97775,0.00125,0.0009016998810693622,0.016700364649295807,0.003963649044544581,0.016833333500350513,0.8498473393420378,0.0,0.0,0.0,0.0,0.0,0.0,0.06575361727343454,1.364088773727417,publication,0.6157231330871582,5.12175440788269,0.5981851070843986,0.672002944266278,200,0.6705559745783614,2.01813227776438,0.024273952636576723,0.5981851070843985,0.6720029423199594,720.768554391861,mobile,0.001093889104642926,0.0013070097739596549,36.038426935602885,36.038426935602885,system,0.0,279,0.6720029423199594,0.04467022216669315,meta_train_support,4,MARGO-SPLIT-v1,20,20,80,3,280,0.0,0.2,20,10,0.0005,0.0005,mrlco_first_order_mean_pseudogradient,fixed_literature_derived_defaults,0.0017087533076848972,8.543766538424147e-05,0.014201989901061739,0.0007100994950530737,0.0009445418025133659,4.7227090125667726e-05,3.0,0.0,0.07730604847263137,0.6832957093297122,0.04985165675652018,,,,,,,,,,,,,,,,
0.04617341392897071,0.01875,0.979,0.00225,0.0003953822888433933,0.09616700559854507,0.0090275506035141,0.01700000024090211,1.0763074191908042,0.0,0.0,0.0,0.0,0.0,0.0,0.06239481377826959,1.4576748609542847,publication,0.5605204105377197,5.177264451980591,0.8658106123146783,0.9755511871762065,200,1.235675622075902,3.6449316274374723,0.06597751140361652,0.8658106123146782,0.9755511865019798,821.6662460517883,mobile,0.006558379197562195,0.006581276576910388,41.083311452184816,41.083311452184816,system,0.0,280,0.9755511865019798,0.03728228964563205,meta_train_support,4,MARGO-SPLIT-v1,20,20,80,3,281,0.0,0.2,20,10,0.0005,0.0005,mrlco_first_order_mean_pseudogradient,fixed_literature_derived_defaults,0.0017026723350596841,8.513361675298314e-05,0.014151449011734117,0.0007075724505867242,0.0009411804437855604,4.7059022189280264e-05,3.0,0.0,0.07739118208938435,0.6840032817802989,0.04989871577870946,,,,,,,,,,,,,,,,
0.06720380644172275,0.02125,0.97675,0.002,-0.00020141231652814895,0.0758354514837265,0.004274797077535672,0.013083333459993204,1.1200991109013558,0.0,0.0,0.0,0.0,0.0,0.0,0.07364536261181294,1.5814359188079834,publication,0.6010799407958984,5.525935411453247,0.8146857709043962,0.9162117697611393,200,1.1369214425403096,2.946677490370348,0.033866236568428576,0.8146857709043962,0.9162117609009147,344.508815574646,mobile,0.0006557422850061608,0.0010135993622718761,17.225439476974124,17.225439476974124,system,0.0,281,0.9162117609009147,0.05144264531149391,meta_train_support,4,MARGO-SPLIT-v1,20,20,80,3,282,0.0,0.2,20,10,0.0005,0.0005,mrlco_first_order_mean_pseudogradient,fixed_literature_derived_defaults,0.001696634489899898,8.48317244949992e-05,0.014101266568430096,0.0007050633284214625,0.0009378429244813562,4.6892146224067344e-05,3.0,0.0,0.07747601381387935,0.6847083451087204,0.04994560792493353,,,,,,,,,,,,,,,,
0.06074769492019091,0.01475,0.98375,0.0015,-0.0007146858260966837,0.015261401422321796,0.013476971257599262,0.010583333376174172,0.7545615966121356,0.0,0.0,0.0,0.0,0.0,0.0,0.06166039857683065,1.7826511859893799,publication,0.6616747379302979,5.216386318206787,0.4196919239004053,0.4723081726676901,200,0.6834130463127163,2.2672485893126577,0.04659442958654836,0.41969192390040516,0.4723081533238292,597.2780644893646,mobile,0.0007943476715409581,0.0012945318621956764,29.863902694734584,29.863902694734584,system,0.0,282,0.4723081533238292,0.05111964997779208,meta_train_support,4,MARGO-SPLIT-v1,20,20,80,3,283,0.0,0.2,20,10,0.0005,0.0005,mrlco_first_order_mean_pseudogradient,fixed_literature_derived_defaults,0.0016906393150239265,8.453196575120003e-05,0.014051438771368505,0.0007025719385683749,0.0009345289918860157,4.6726449594303165e-05,3.0,0.0,0.07756054577963055,0.6854109170472887,0.04999233437452783,,,,,,,,,,,,,,,,
0.0642635096888721,0.0145,0.9845,0.001,0.000128954736283049,0.02038760297000408,0.003814211956239432,0.005749999933565656,0.817836911479632,0.0,0.0,0.0,0.0,0.0,0.0,0.05504318949785028,1.821951985359192,publication,0.6676244735717773,5.053982734680176,0.41936073169155386,0.4711953748617816,200,0.6912716869904445,2.160355383530259,0.04743516608141363,0.41936073169155386,0.4711953585222364,459.9842569732666,mobile,0.0011511907731685,0.001252445289950604,22.999212515798522,22.999212515798522,system,0.0,283,0.4711953585222364,0.054035284092394775,meta_train_support,4,MARGO-SPLIT-v1,20,20,80,3,284,0.0,0.2,20,10,0.0005,0.0005,mrlco_first_order_mean_pseudogradient,fixed_literature_derived_defaults,0.0016882303718519134,8.4411518592592e-05,0.0140182853347395,0.0007009142667370183,0.0009312383968441636,4.6561919842209865e-05,3.0,0.0,0.07764495729822314,0.6861118313140258,0.05003889629437004,,,,,,,,,,,,,,,,
0.0618659520403404,0.01175,0.9865,0.00175,-0.0010385429486632347,0.1067126989364624,0.0062491529951027285,0.006999999874581893,1.1439963201681773,0.0,0.0,0.0,0.0,0.0,0.0,0.05408014504712509,1.7414180040359497,publication,0.6624231338500977,4.897273063659668,1.0057260971398532,1.1337213473103476,200,1.0073013742870758,3.030239918269217,0.059335338533855975,1.0057260971398532,1.133721334002912,704.6392113113403,mobile,0.00025870199660298516,0.0003643359001637554,35.231959500211076,35.231959500211076,system,0.0,284,1.133721334002912,0.04740884318880633,meta_train_support,4,MARGO-SPLIT-v1,20,20,80,3,285,0.0,0.2,20,10,0.0005,0.0005,mrlco_first_order_mean_pseudogradient,fixed_literature_derived_defaults,0.001682306756512082,8.411533782561043e-05,0.013969098368652694,0.0006984549184326783,0.000927970893697342,4.63985446848697e-05,3.0,0.0,0.07772907263604875,0.6868102862324584,0.05008529483905491,,,,,,,,,,,,,,,,
0.047464889250490486,0.009,0.98925,0.00175,-5.116099418955855e-05,0.025200286880135536,0.0021453300249201375,0.00516666667535901,0.9044428050518036,0.0,0.0,0.0,0.0,0.0,0.0,0.034381104759018476,1.8019907474517822,publication,0.6606576442718506,4.842678070068359,0.6697752378087742,0.7535332194887451,200,0.6857809567755926,2.1083367941901088,0.03717482681713591,0.6697752378087741,0.7535332217812538,841.3207744979859,mobile,0.0033137359300519087,0.003344622597828031,42.06603904696128,42.06603904696128,system,0.0,285,0.7535332217812538,0.03630818058939973,meta_train_support,4,MARGO-SPLIT-v1,20,20,80,3,286,0.0,0.2,20,10,0.0005,0.0005,mrlco_first_order_mean_pseudogradient,fixed_literature_derived_defaults,0.001676424565055746,8.382122825278948e-05,0.0139202553673637,0.0006960127683681705,0.0009247262402228757,4.62363120111442e-05,3.0,0.0,0.07781289386430154,0.6875062990008266,0.050131531151066056,,,,,,,,,,,,,,,,
0.06337500948668577,0.00425,0.99475,0.001,-0.0009672836167737842,0.02825525775551796,0.001668740125091972,0.002999999948466818,0.797912671416998,0.0,0.0,0.0,0.0,0.0,0.0,0.029018647958771404,1.6779083013534546,publication,0.5985798835754395,5.11534309387207,0.7472725440372148,0.839943353185663,200,0.811283859704455,2.3954243599437177,0.07333746796939522,0.7472725440372147,0.8399433651939034,446.10678987503053,mobile,0.00040647861816420244,0.0012123826783607928,22.3053401416168,22.3053401416168,system,0.0,286,0.8399433651939034,0.04797237294609617,meta_train_support,4,MARGO-SPLIT-v1,20,20,80,3,287,0.0,0.2,20,10,0.0005,0.0005,mrlco_first_order_mean_pseudogradient,fixed_literature_derived_defaults,0.001670583364480639,8.352916822403078e-05,0.013871752735421666,0.0006935876367710758,0.0009215041975740155,4.607520987869734e-05,3.0,0.0,0.07789642303252557,0.6881998866375977,0.05017760636094475,,,,,,,,,,,,,,,,
0.056007062070022984,0.004,0.99575,0.00025,-0.000713006651494652,0.030679689720273018,0.0018092479054463428,0.0026666666536281506,0.8493716051181158,0.0,0.0,0.0,0.0,0.0,0.0,0.02504318438666503,1.6752501726150513,publication,0.6670827865600586,4.9904069900512695,0.7254151997881857,0.8152941148844548,200,0.9210950154688864,2.796381433494389,0.045441095338901505,0.7254151997881857,0.8152940987795592,444.89109413146974,mobile,0.00027745459902022145,0.0004025132550100352,22.244554998462196,22.244554998462196,system,0.0,287,0.8152940987795592,0.03798299603661898,meta_train_support,4,MARGO-SPLIT-v1,20,20,80,3,288,0.0,0.2,20,10,0.0005,0.0005,mrlco_first_order_mean_pseudogradient,fixed_literature_derived_defaults,0.0016647827277984145,8.323913638992597e-05,0.013823586927312562,0.0006911793463656446,0.000918304530221328,4.5915226511067386e-05,3.0,0.0,0.0779796621689155,0.6888910659839633,0.05022352158745582,,,,,,,,,,,,,,,,
0.06990886338245242,0.00275,0.99625,0.001,-0.00042451583431102335,0.015236441045999527,0.001576101062821067,0.002333333281179269,0.7296000596135854,0.0,0.0,0.0,0.0,0.0,0.0,0.02139668493181554,1.7202606201171875,publication,0.6447832584381104,5.371982097625732,0.5261832003331202,0.5924535716266837,200,0.7160558834549324,2.0322383418679237,0.02979674906237051,0.5261832003331202,0.5924535595625638,495.04987533569334,mobile,0.0009529605942385198,0.0013576345388813696,24.752491732111856,24.752491732111856,system,0.0,288,0.5924535595625638,0.05706665249330909,meta_train_support,4,MARGO-SPLIT-v1,20,20,80,3,289,0.0,0.2,20,10,0.0005,0.0005,mrlco_first_order_mean_pseudogradient,fixed_literature_derived_defaults,0.0016590222339306,8.29511116965248e-05,0.013775754446595219,0.0006887877223297201,0.0009151270058953026,4.575635029476638e-05,3.0,0.0,0.07806261328061202,0.689579853706293,0.05026927793775059,,,,,,,,,,,,,,,,
0.07429051174734705,0.004,0.9955,0.0005,0.00020169239724054933,0.02473561093211174,0.0022443998769925127,0.0024166666126499573,1.167064806073904,0.0,0.0,0.0,0.0,0.0,0.0,0.022592065549156395,1.6709189414978027,publication,0.6552155017852783,5.132510185241699,0.8038041010864867,0.904652961195825,200,0.9702583334906024,2.900314906379208,0.043656634115905035,0.8038041010864866,0.9046529857814312,423.67984453201296,mobile,0.0005982980607148638,0.0017419306560700631,21.183991763018504,21.183991763018504,system,0.0,289,0.9046529857814312,0.05184811169143091,meta_train_support,4,MARGO-SPLIT-v1,20,20,80,3,290,0.0,0.2,20,10,0.0005,0.0005,mrlco_first_order_mean_pseudogradient,fixed_literature_derived_defaults,0.0016533014676067014,8.266507338033913e-05,0.013728251845055234,0.000686412592252772,0.0009119713955301464,4.5598569776504616e-05,3.0,0.0,0.07814527835399236,0.6902662662985458,0.05031487650752709,,,,,,,,,,,,,,,,
0.030092628775442592,0.0015,0.99825,0.00025,-0.0004217651148792356,0.017058422788977623,0.0005422102443263095,0.0009999999776482583,0.608206448952357,0.0,0.0,0.0,0.0,0.0,0.0,0.009145166623235676,1.148044228553772,publication,0.6759355068206787,5.372878313064575,0.4773462185526141,0.5347473093415102,200,0.5431161506485794,1.5191701673902571,0.0382177709689131,0.47734621855261405,0.534747297950089,1028.716061630249,mobile,0.000146476730509988,0.000146476730509988,51.43580570955681,51.43580570955681,system,0.0,290,0.534747297950089,0.022584590782369966,meta_train_support,4,MARGO-SPLIT-v1,20,20,80,3,291,0.0,0.2,20,10,0.0005,0.0005,mrlco_first_order_mean_pseudogradient,fixed_literature_derived_defaults,0.0016476200192644104,8.238100096322198e-05,0.01368107572187635,0.000684053786093819,0.000908837473208737,4.5441873660435894e-05,3.0,0.0,0.07822765935495558,0.6909503200846396,0.05036031838118753,,,,,,,,,,,,,,,,
0.05761261434818038,0.0005,0.99925,0.00025,-0.0009690589504316449,0.027612943202257156,5.361101083642219e-05,0.00033333332588275275,0.9195344348127644,0.0,0.0,0.0,0.0,0.0,0.0,0.012872640144641512,1.6738190650939941,publication,0.699948787689209,5.329708814620972,0.7238064222608489,0.8163135430582042,200,0.8351784891256633,2.9017178448848426,0.048237105569569394,0.7238064222608489,0.8163135587051511,612.7519924163819,mobile,0.00014951784189824694,0.0003662184531828849,30.637601698843778,30.637601698843778,system,0.0,291,0.8163135587051511,0.04471331943154858,meta_train_support,4,MARGO-SPLIT-v1,20,20,80,3,292,0.0,0.2,20,10,0.0005,0.0005,mrlco_first_order_mean_pseudogradient,fixed_literature_derived_defaults,0.001641977484951861,8.209887424759366e-05,0.01363422272282883,0.0006817111361414607,0.000905725016108707,4.528625080543747e-05,3.0,0.0,0.07830975822920318,0.6916320312207811,0.050405604631992965,,,,,,,,,,,,,,,,
0.06604462880301094,0.0015,0.9985,0.0,-0.0008584923343732953,0.021358640864491463,0.0002537169857382985,0.00091666664617757,0.9643851009507973,0.0,0.0,0.0,0.0,0.0,0.0,0.015435258077811993,1.6527601480484009,publication,0.6802389621734619,4.34355092048645,0.852230641934445,0.9597879503853619,200,0.7350061726585984,2.60596881294623,0.09418386593461037,0.8522306419344451,0.9597879446297884,668.9502340030671,mobile,0.00026060420778276474,0.00045839482324132015,33.44751142804233,33.44751142804233,system,0.0,292,0.9597879446297884,0.047796972215511296,meta_train_support,4,MARGO-SPLIT-v1,20,20,80,3,293,0.0,0.2,20,10,0.0005,0.0005,mrlco_first_order_mean_pseudogradient,fixed_literature_derived_defaults,0.0016363734662318888,8.181867331159831e-05,0.013587689539474463,0.0006793844769736879,0.000902633804449633,4.51316902224802e-05,3.0,0.0,0.07839157690251478,0.6923114156977548,0.050450736322215445,,,,,,,,,,,,,,,,
0.05495548056011014,0.00225,0.99775,0.0,-0.0004276963009033352,0.012655793689191341,0.0007610655443746285,0.001416666635001699,0.6975202726821105,0.0,0.0,0.0,0.0,0.0,0.0,0.013830022072334412,1.5859659910202026,publication,0.6961376667022705,5.219818115234375,0.28215247133858107,0.3163610476985923,200,0.403419382019187,1.222046380629763,0.047092472115764394,0.2821524713385811,0.3163610494695604,423.4204329109192,mobile,0.0003624036721666869,0.0004907086556845338,21.171019793905387,21.171019793905387,system,0.0,293,0.3163610494695604,0.040581508385857924,meta_train_support,4,MARGO-SPLIT-v1,20,20,80,3,294,0.0,0.2,20,10,0.0005,0.0005,mrlco_first_order_mean_pseudogradient,fixed_literature_derived_defaults,0.0016308075700882428,8.154037850441331e-05,0.013541472908387817,0.0006770736454193571,0.0008995636214413009,4.4978181072068135e-05,3.0,0.0,0.07847311728101919,0.6929884893431741,0.05049571450328751,,,,,,,,,,,,,,,,
0.07218490318290904,0.00375,0.99625,0.0,-0.0004946421249769628,0.022419003769755363,0.00042897406161609785,0.0017499999764064948,0.8875201441347601,0.0,0.0,0.0,0.0,0.0,0.0,0.01905637352302032,1.5952919721603394,publication,0.5812079906463623,5.452864646911621,0.5734190143897532,0.648536342723637,200,0.7445989780325021,2.2957883189665154,0.0463997139595449,0.5734190143897531,0.648536353558302,149.30815719604493,mobile,0.00016866199398628352,0.0002902028175416736,7.465408245602655,7.465408245602655,system,0.0,294,0.648536353558302,0.05372672003988485,meta_train_support,4,MARGO-SPLIT-v1,20,20,80,3,295,0.0,0.2,20,10,0.0005,0.0005,mrlco_first_order_mean_pseudogradient,fixed_literature_derived_defaults,0.0016252794088337063,8.126397044168343e-05,0.013495569610393282,0.0006747784805196666,0.0008965142532330253,4.482571266165025e-05,3.0,0.0,0.07855438125146087,0.6936632678236938,0.05054054021594916,,,,,,,,,,,,,,,,
0.05883527045363662,0.0045,0.995,0.0005,-0.00012565476936288178,0.1099017783999443,0.0016038805654835287,0.0024999999596426884,1.4938215276847282,0.0,0.0,0.0,0.0,0.0,0.0,0.01857864812529765,1.5196480751037598,publication,0.6139810085296631,5.208222150802612,1.2637756449032325,1.4230601701617707,200,1.1118170637306537,3.2717392072081566,0.0549440432805568,1.2637756449032322,1.4230602206289769,736.2086862373352,mobile,6.940594146526748e-05,6.940594146526748e-05,36.81043513692534,36.81043513692534,system,0.0,295,1.4230602206289769,0.042916918823786634,meta_train_support,4,MARGO-SPLIT-v1,20,20,80,3,296,0.0,0.2,20,10,0.0005,0.0005,mrlco_first_order_mean_pseudogradient,fixed_literature_derived_defaults,0.001619788600020079,8.098943000101055e-05,0.013449976469817628,0.0006724988234908524,0.0008934854888639948,4.4674274443198825e-05,3.0,0.0,0.07863537068146188,0.6943357666471847,0.05058521449039236,,,,,,,,,,,,,,,,
0.04259639237607266,0.0015,0.9975,0.001,-0.00017732716514728963,0.031432412564754486,0.0007815800303424917,0.00091666664617757,0.7568746335804463,0.0,0.0,0.0,0.0,0.0,0.0,0.013768257301775801,1.4806467294692993,publication,0.6728847026824951,4.555503606796265,0.4061266443587855,0.4572610994646675,200,0.5856103581402639,1.821359888650477,0.04139704385306686,0.40612664435878554,0.4572611085511744,910.3064634323121,mobile,0.00018571470650141766,0.014521560875096403,45.51531973787554,45.51531973787554,system,0.0,296,0.4572611085511744,0.0338613131801739,meta_train_support,4,MARGO-SPLIT-v1,20,20,80,3,297,0.0,0.2,20,10,0.0005,0.0005,mrlco_first_order_mean_pseudogradient,fixed_literature_derived_defaults,0.0016143347663499779,8.071673831749893e-05,0.013404690353757636,0.0006702345176878843,0.0008904771202146211,4.452385601073222e-05,3.0,0.0,0.07871608741977938,0.6950060011648725,0.050629738346403094,,,,,,,,,,,,,,,,
0.038176699967297154,0.0015,0.99825,0.00025,-0.00027001459966413677,0.013114799745380878,0.0004253910114770202,0.0008333333147068819,0.6839630300179126,0.0,0.0,0.0,0.0,0.0,0.0,0.011241117192256343,1.3369858264923096,publication,0.6736102104187012,5.133077144622803,0.37764330317662703,0.42368801291340785,200,0.4781495193353724,1.6945536701241508,0.049019982339814305,0.37764330317662703,0.42368800662457945,1024.3992994403839,mobile,7.012857048727189e-05,7.012857048727189e-05,51.21996651718408,51.21996651718408,system,0.0,297,0.42368800662457945,0.031112679000284697,meta_train_support,4,MARGO-SPLIT-v1,20,20,80,3,298,0.0,0.2,20,10,0.0005,0.0005,mrlco_first_order_mean_pseudogradient,fixed_literature_derived_defaults,0.001608917535590414,8.044587677952242e-05,0.013359708171362476,0.0006679854085681614,0.0008874889419588673,4.4374447097941805e-05,3.0,0.0,0.0787965332965589,0.6956739865734407,0.050674112793501036,,,,,,,,,,,,,,,,
0.05663037277639736,0.00175,0.99825,0.0,-0.00016177147335838526,0.024950264021754265,8.040149965623891e-05,0.00041666665735344094,0.8432607089479764,0.0,0.0,0.0,0.0,0.0,0.0,0.014222837145473925,1.5375862121582031,publication,0.576927661895752,5.135104656219482,0.6729332888176198,0.7583122053011903,200,0.6368569212621765,1.6823116894811392,0.05738171935081482,0.6729332888176198,0.7583122155442834,758.5456373214722,mobile,0.0001137309090814223,0.0002554635646816115,37.92727973242755,37.92727973242755,system,0.0,298,0.7583122155442834,0.04251528364977815,meta_train_support,4,MARGO-SPLIT-v1,20,20,80,3,299,0.0,0.2,20,10,0.0005,0.0005,mrlco_first_order_mean_pseudogradient,fixed_literature_derived_defaults,0.001603536540488105,8.017682702440854e-05,0.013315026873130496,0.0006657513436565399,0.0008845207515175333,4.4226037575874344e-05,3.0,0.0,0.07887671012358331,0.6963397379170972,0.05071833883107691,,,,,,,,,,,,,,,,
0.05757365069547919,0.00175,0.9975,0.00075,-0.0003235626791138202,0.023235619068145752,0.00015600533346524044,0.000999999993170301,0.8249337388823429,0.0,0.0,0.0,0.0,0.0,0.0,0.014982095391588613,1.5204596519470215,publication,0.6229419708251953,5.277665615081787,0.5525104223321804,0.621197229474783,200,0.5836559585162409,1.5413304716348648,0.034494409075705335,0.5525104223321804,0.6211972265690565,550.559207496643,mobile,8.397227884499735e-05,8.397227884499735e-05,27.527959423526404,27.527959423526404,system,0.0,299,0.6211972265690565,0.04051951256027092,meta_train_support,4,MARGO-SPLIT-v1,20,20,80,3,300,0.0,0.2,20,10,0.0005,0.0005,mrlco_first_order_mean_pseudogradient,fixed_literature_derived_defaults,0.001598191418686478,7.99095709343306e-05,0.01327064345022006,0.0006635321725110277,0.0008815723490124749,4.407861745062136e-05,3.0,0.0,0.07895661969451764,0.6970032700896083,0.05076241744852753,,,,,,,,,,,,,,,,
0.05875691315399052,0.00175,0.99825,0.0,-0.0003226925909984857,0.015175068750977516,5.103707675289115e-05,0.0007499999832361936,0.8477833285927773,0.0,0.0,0.0,0.0,0.0,0.0,0.013032919190427105,1.5197495222091675,publication,0.6571414470672607,5.0405168533325195,0.5823607129034634,0.654855231163092,200,0.4963960871104767,1.4194407230243087,0.06209961819695309,0.5823607129034633,0.6548552567511797,382.77588861465455,mobile,9.791575215746112e-05,9.791575215746112e-05,19.138792888397322,19.138792888397322,system,0.0,300,0.6548552567511797,0.04222169560882118,meta_train_support,4,MARGO-SPLIT-v1,20,20,80,3,301,0.0,0.2,20,10,0.0005,0.0005,mrlco_first_order_mean_pseudogradient,fixed_literature_derived_defaults,0.0015928818126443303,7.964409063221378e-05,0.013226554933774146,0.0006613277466887002,0.0008786435372217358,4.3932176861084804e-05,3.0,0.0,0.07903626378514986,0.697664597836297,0.05080634962538862,-0.16249389500295816,-0.13616713844780848,0.13616713844780848,0.1,0.275,0.025,0.045,0.975,0.975,0.0,validation/automotive_lexicographic_v1,automotive_lexicographic_v1,a3bd00d5108237acdb706f561212b5d840bac151f48b5250a61c573d9c9ffb6c,999312244.0,0.13616713844780848,0.0
0.05810297036592062,0.00225,0.99775,0.0,-0.0007460747729055583,0.11533322930335999,0.00041938370232988593,0.0011666666561116774,1.2753425955151516,0.0,0.0,0.0,0.0,0.0,0.0,0.012870625987542766,1.4052788019180298,publication,0.6530680656433105,5.2970054149627686,0.904735778546306,1.0165466080766783,200,1.0961501016897608,3.386692291824147,0.061080605984898284,0.9047357785463059,1.01654660243541,449.9445735549927,mobile,0.00032229172213856205,0.0009328154130687366,22.497229935486146,22.497229935486146,system,0.0,301,1.01654660243541,0.04525259438725472,meta_train_support,4,MARGO-SPLIT-v1,20,20,80,3,302,0.0,0.2,20,10,0.0005,0.0005,mrlco_first_order_mean_pseudogradient,fixed_literature_derived_defaults,0.001587607369556104,7.938036847780772e-05,0.013182758394258337,0.0006591379197129488,0.0008757341215355711,4.3786706076777426e-05,3.0,0.0,0.07911564415362767,0.6983237357560099,0.050850136331465394,,,,,,,,,,,,,,,,
0.06078937592008014,0.002,0.99775,0.00025,-0.00032633778755553067,0.04953073710203171,0.0004126969826889019,0.0014166666350016992,0.9912884260838231,0.0,0.0,0.0,0.0,0.0,0.0,0.012369858558308296,1.3914361000061035,publication,0.596358060836792,3.319072723388672,0.7684831020165018,0.8663249917718349,200,0.8966835104876735,2.895517461700365,0.05266604109783657,0.7684831020165019,0.866324958987534,591.6918808174133,mobile,7.946681125987295e-05,0.00012052203440850045,29.584596809902383,29.584596809902383,system,0.0,302,0.866324958987534,0.0451300642748925,meta_train_support,4,MARGO-SPLIT-v1,20,20,80,3,303,0.0,0.2,20,10,0.0005,0.0005,mrlco_first_order_mean_pseudogradient,fixed_literature_derived_defaults,0.0015823677412737406,7.911838706368968e-05,0.01313925094081194,0.0006569625470406182,0.0008728439099133415,4.364219549566478e-05,3.0,0.0,0.07919476254069135,0.6989806983030505,0.05089377852696106,,,,,,,,,,,,,,,,
0.07201274248733205,0.00125,0.9985,0.00025,-0.0006997519521974027,0.10640323907136917,0.0005847062642075684,0.0007499999832361937,1.176620659666757,0.0,0.0,0.0,0.0,0.0,0.0,0.014616007050368366,1.416614055633545,publication,0.627732515335083,4.695356845855713,0.5852699477500147,0.6594887338022091,200,0.8290402610451547,2.63362583424896,0.05271637096302584,0.5852699477500146,0.6594887217134238,156.01968055725098,mobile,0.00016732433156973141,0.001679137353040364,7.800983891638391,7.800983891638391,system,0.0,303,0.6594887217134238,0.051095203843462646,meta_train_support,4,MARGO-SPLIT-v1,20,20,80,3,304,0.0,0.2,20,10,0.0005,0.0005,mrlco_first_order_mean_pseudogradient,fixed_literature_derived_defaults,0.0015771625842300769,7.88581292115037e-05,0.0130960297206119,0.0006548014860305873,0.0008699727128412581,4.3498635642062744e-05,3.0,0.0,0.07927362066990286,0.6996354997890811,0.05093727716260312,,,,,,,,,,,,,,,,
0.0685882202784931,0.00225,0.9975,0.00025,-0.0004960565129294991,0.02588847279548645,0.0007446946820564902,0.0011666666405896345,0.979824884980917,0.0,0.0,0.0,0.0,0.0,0.0,0.015166228667766991,1.4454795122146606,publication,0.5966532230377197,4.803848505020142,0.5944916404656744,0.668526796594233,200,0.7412630141580066,2.003453898243606,0.051880121704016346,0.5944916404656744,0.6685267990455032,472.7613220977783,mobile,0.00020754824814782954,0.0006315619241834828,23.638065905826593,23.638065905826593,system,0.0,304,0.6685267990455032,0.05012218970109993,meta_train_support,4,MARGO-SPLIT-v1,20,20,80,3,305,0.0,0.2,20,10,0.0005,0.0005,mrlco_first_order_mean_pseudogradient,fixed_literature_derived_defaults,0.001571991559363749,7.859957796818584e-05,0.01305309191824924,0.0006526545959124608,0.0008671203432909589,4.33560171645489e-05,3.0,0.0,0.07935222024787104,0.7002881543849936,0.05098063317976767,,,,,,,,,,,,,,,,
0.07893333817109696,0.0025,0.997,0.0005,-0.0004362938925623894,0.02895086444914341,0.0011964462546075081,0.001416666635001699,1.1515845163414875,0.0,0.0,0.0,0.0,0.0,0.0,0.017913502090535723,1.4723471403121948,publication,0.5486271381378174,5.087613821029663,0.856268588233395,0.9647993125360518,200,0.7796507652099223,2.31098950561136,0.044498833201942034,0.856268588233395,0.9647992978617549,245.17800936698913,mobile,0.00031562315018886797,0.0006594005837549005,12.25890036180901,12.25890036180901,system,0.0,305,0.9647992978617549,0.05504162851094465,meta_train_support,4,MARGO-SPLIT-v1,20,20,80,3,306,0.0,0.2,20,10,0.0005,0.0005,mrlco_first_order_mean_pseudogradient,fixed_literature_derived_defaults,0.0015668543320455667,7.834271660227266e-05,0.013010434755117706,0.0006505217377559269,0.0008642866166788969,4.3214330833943326e-05,3.0,0.0,0.07943056296447332,0.7009386761227495,0.051023847510601614,,,,,,,,,,,,,,,,
0.06153328465624356,0.00275,0.99725,0.0,-0.000752235995605588,0.021591998636722565,0.0002647842661579839,0.001333333303531011,0.8934345460186404,0.0,0.0,0.0,0.0,0.0,0.0,0.016412684655304603,1.5073505640029907,publication,0.6387777328491211,5.455162286758423,0.38134972063528233,0.4286478541453835,200,0.526830109619626,1.46799334930256,0.0280629534390755,0.3813497206352822,0.42864785498008134,471.11223079681395,mobile,0.000816150856900752,0.0021075513096857133,23.555612204044838,23.555612204044838,system,0.0,306,0.42864785498008134,0.04542976433185293,meta_train_support,4,MARGO-SPLIT-v1,20,20,80,3,307,0.0,0.2,20,10,0.0005,0.0005,mrlco_first_order_mean_pseudogradient,fixed_literature_derived_defaults,0.0015617505720063303,7.808752860032075e-05,0.012968055488814391,0.0006484027744406706,0.0008614713508265227,4.3073567541324076e-05,3.0,0.0,0.07950865049307364,0.7015870788971902,0.05106692107814294,,,,,,,,,,,,,,,,
0.06608102823482445,0.0035,0.99625,0.00025,-0.00021156125876586884,0.22556790709495544,0.0002489544228236662,0.0017499999608844518,1.5118894283970197,0.0,0.0,0.0,0.0,0.0,0.0,0.022737551967269114,1.5859071016311646,publication,0.6530349254608154,5.235206365585327,0.7823983665605054,0.8808819702600885,200,0.9743495957020235,3.343682896345854,0.03295145370793762,0.7823983665605054,0.8808819722384215,453.68487522125247,mobile,0.000328571738465828,0.0003887660336532501,22.68424517717191,22.68424517717191,system,0.0,307,0.8808819722384215,0.050064001769893916,meta_train_support,4,MARGO-SPLIT-v1,20,20,80,3,308,0.0,0.2,20,10,0.0005,0.0005,mrlco_first_order_mean_pseudogradient,fixed_literature_derived_defaults,0.0015595086831899842,7.797543415949404e-05,0.01293594108839676,0.0006467970544198343,0.0008586743659212418,4.293371829606346e-05,3.0,0.0,0.07958662592723313,0.70223387595161,0.051109854796439,,,,,,,,,,,,,,,,
0.059095842027009585,0.0025,0.99725,0.00025,-0.0006908420473337173,0.009319160133600235,0.00047438003119317786,0.001249999972060323,0.5614773837228617,0.0,0.0,0.0,0.0,0.0,0.0,0.014164285162983441,1.0679596662521362,publication,0.6891279220581055,4.645542621612549,0.25151925511969575,0.2813864512949658,200,0.30694333664129936,0.9901049921172671,0.042843899835133925,0.25151925511969575,0.2813864552229643,807.6513070392608,mobile,6.0439632761836494e-05,0.00035772267180145213,40.382563305584924,40.382563305584924,system,0.0,308,0.2813864552229643,0.04678578379106543,meta_train_support,4,MARGO-SPLIT-v1,20,20,80,3,309,0.0,0.2,20,10,0.0005,0.0005,mrlco_first_order_mean_pseudogradient,fixed_literature_derived_defaults,0.0015544617295227027,7.772308647613357e-05,0.012894077201379295,0.0006447038600689847,0.000855895484478131,4.2794774223905985e-05,3.0,0.0,0.07966434901370927,0.702878579811679,0.05115264957066291,,,,,,,,,,,,,,,,
0.05978925249409707,0.00425,0.99525,0.0005,-0.0002474264183547348,0.06695541739463806,0.003933429241178595,0.002333333312223355,1.0905056389669576,0.0,0.0,0.0,0.0,0.0,0.0,0.02523143224353123,1.4585118293762207,publication,0.6654489040374756,4.751099109649658,0.7265322604882829,0.8181133871755446,200,0.7406330488908196,2.5463543292135,0.03536205884302035,0.7265322604882831,0.818113402929157,1001.644021911621,mobile,0.004295836504518607,0.005468317900583177,50.0821982918069,50.0821982918069,system,0.0,309,0.818113402929157,0.04210455001584711,meta_train_support,4,MARGO-SPLIT-v1,20,20,80,3,310,0.0,0.2,20,10,0.0005,0.0005,mrlco_first_order_mean_pseudogradient,fixed_literature_derived_defaults,0.001550646174874528,7.753230874373018e-05,0.012857358155926387,0.0006428679077963295,0.0008531345313023951,4.2656726565122594e-05,3.0,0.0,0.079741881322453,0.7035214477194753,0.05119530629722803,,,,,,,,,,,,,,,,
0.07129524467446369,0.00575,0.99275,0.0015,-0.0002173859829781577,0.0616367906332016,0.005206991144899575,0.0035833332842836775,1.372636657456557,0.0,0.0,0.0,0.0,0.0,0.0,0.03425526806083605,1.4065033197402954,publication,0.6646020412445068,4.331370830535889,0.9340214151770898,1.0517170295192773,200,1.0166072186983102,3.156940528191626,0.08093812173319748,0.9340214151770899,1.051717028953135,495.58018827438354,mobile,0.0004800672865707673,0.04222130780640057,24.77900892011069,24.77900892011069,system,0.0,310,1.051717028953135,0.051535707920886756,meta_train_support,4,MARGO-SPLIT-v1,20,20,80,3,311,0.0,0.2,20,10,0.0005,0.0005,mrlco_first_order_mean_pseudogradient,fixed_literature_derived_defaults,0.0015456601743122304,7.7283008715609e-05,0.012816016168286752,0.0006408008084143324,0.0008503913334525481,4.251956667263024e-05,3.0,0.0,0.0798191643311686,0.7041622485278897,0.05123782586390066,,,,,,,,,,,,,,,,
0.07895785074870644,0.0085,0.99025,0.00125,-0.0007789767114445567,0.02628043107688427,0.003796067317544309,0.005583333317190409,1.2402800949911277,0.0,0.0,0.0,0.0,0.0,0.0,0.0396855184442836,1.3814735412597656,publication,0.6500594615936279,5.190572023391724,0.8939545217139223,1.0081031349761906,200,0.7031915457493594,2.1696543814614415,0.05854530967917526,0.8939545217139221,1.008103141784668,387.61097606658933,mobile,0.00041915449794597095,0.0007860653189205944,19.380548565191333,19.380548565191333,system,0.0,311,1.008103141784668,0.056277552635310056,meta_train_support,4,MARGO-SPLIT-v1,20,20,80,3,312,0.0,0.2,20,10,0.0005,0.0005,mrlco_first_order_mean_pseudogradient,fixed_literature_derived_defaults,0.001540706135291999,7.70353067646029e-05,0.012774939193388396,0.0006387469596693673,0.0008476657202043027,4.2383286010215515e-05,3.0,0.0,0.07989619963793321,0.704800995487559,0.051280209149910876,,,,,,,,,,,,,,,,
0.07297033450759657,0.00575,0.993,0.00125,-0.0019706871826201677,0.010557828471064568,0.0031964536151159947,0.004249999905005098,0.7330236041918397,0.0,0.0,0.0,0.0,0.0,0.0,0.03369604033945436,1.366828203201294,publication,0.6795580387115479,5.07255482673645,0.31900262976730437,0.35841601409134455,200,0.5328307255900083,1.4354484979994595,0.04771959054050967,0.3190026297673044,0.35841601345688107,118.14413605690002,mobile,0.0014103045941413427,0.0028030625015743704,5.907206780918142,5.907206780918142,system,0.0,312,0.35841601345688107,0.05907842148281292,meta_train_support,4,MARGO-SPLIT-v1,20,20,80,3,313,0.0,0.2,20,10,0.0005,0.0005,mrlco_first_order_mean_pseudogradient,fixed_literature_derived_defaults,0.0015357837514731747,7.678918757365871e-05,0.012734124691173099,0.0006367062345586927,0.0008449575230151516,4.224787615075831e-05,3.0,0.0,0.07997298882550687,0.7054377017221177,0.051322457026061634,,,,,,,,,,,,,,,,
0.049730127450566694,0.0065,0.992,0.0015,-0.0023522963747382164,0.03480760008096695,0.003271315372303437,0.01000000008692344,0.9975419764717419,0.0,0.0,0.0,0.0,0.0,0.0,0.03883619674592203,1.3742284774780273,publication,0.5617115497589111,3.3999433517456055,0.7798284118947976,0.8778140042375889,200,0.5993539633167405,2.126816926524043,0.0370981739833951,0.7798284118947976,0.8778140161186456,1120.9543270874024,mobile,0.0004744049939682088,0.004315732367564492,56.04771604746627,56.04771604746627,system,0.0,313,0.8778140161186456,0.03169061374590793,meta_train_support,4,MARGO-SPLIT-v1,20,20,80,3,314,0.0,0.2,20,10,0.0005,0.0005,mrlco_first_order_mean_pseudogradient,fixed_literature_derived_defaults,0.0015308927204175276,7.654463602087269e-05,0.012694732608413712,0.0006347366304206847,0.0008422665754896257,4.2113328774483205e-05,3.0,0.0,0.08004953346152774,0.7060724383525384,0.05136457035483612,,,,,,,,,,,,,,,,
0.06303535418718254,0.00975,0.98825,0.002,-0.003149903379380703,0.160325825214386,0.0018142816977372966,0.006499999994412064,1.5342721971372764,0.0,0.0,0.0,0.0,0.0,0.0,0.05397123975395314,1.3740112781524658,publication,0.6431558132171631,5.176448822021484,0.960251462112836,1.0798313082608546,200,1.2690967648003646,3.4850104181095958,0.03119480951954756,0.9602514621128359,1.0798313322942703,443.59644700050353,mobile,0.0008519553767065024,0.001830926142017118,22.17982169001102,22.17982169001102,system,0.0,314,1.0798313322942703,0.052446723556082764,meta_train_support,4,MARGO-SPLIT-v1,20,20,80,3,315,0.0,0.2,20,10,0.0005,0.0005,mrlco_first_order_mean_pseudogradient,fixed_literature_derived_defaults,0.0015260327435273132,7.630163717636806e-05,0.012654431869974303,0.0006327215934986974,0.0008395927133452142,4.197963566725943e-05,3.0,0.0,0.0801258350987041,0.7067051599460371,0.05140654999050338,,,,,,,,,,,,,,,,
0.042991329018864675,0.00625,0.99225,0.0015,-0.002616030629724264,0.014392206445336342,0.002748224378062029,0.01225000003663202,0.6479473071793715,0.0,0.0,0.0,0.0,0.0,0.0,0.03690304392547241,1.4474002122879028,publication,0.6536924839019775,5.342356204986572,0.5661305573198635,0.6366940705210618,200,0.5937087958733556,1.6013461640104651,0.03643052497136523,0.5661305573198635,0.6366940800100565,591.603451051712,mobile,0.0015240345512948365,0.0025113602245515655,29.580172877246582,29.580172877246582,system,0.0,315,0.6366940800100565,0.03531181361710273,meta_train_support,4,MARGO-SPLIT-v1,20,20,80,3,316,0.0,0.2,20,10,0.0005,0.0005,mrlco_first_order_mean_pseudogradient,fixed_literature_derived_defaults,0.0015212035259845051,7.606017629922801e-05,0.012614407371284957,0.0006307203685642637,0.0008369357743789319,4.1846788718949424e-05,3.0,0.0,0.08020189527500333,0.7073358803146014,0.051448396779222326,,,,,,,,,,,,,,,,
0.046801551989833705,0.00875,0.98975,0.0015,-0.0033608165103942156,0.04039354249835014,0.00280585412401706,0.006999999859059851,0.8020373649895192,0.0,0.0,0.0,0.0,0.0,0.0,0.04188527900630845,1.5041016340255737,publication,0.6709649562835693,5.230640172958374,0.6471726172811691,0.7262545370729276,200,0.698676778118178,2.2435667966492474,0.06438632926438004,0.6471726172811693,0.7262545342743397,673.0585089302062,mobile,0.0036908434506196285,0.014083974823208294,33.65292641848067,33.65292641848067,system,0.0,316,0.7262545342743397,0.04794141105382665,meta_train_support,4,MARGO-SPLIT-v1,20,20,80,3,317,0.0,0.2,20,10,0.0005,0.0005,mrlco_first_order_mean_pseudogradient,fixed_literature_derived_defaults,0.001529819937620257,7.64909968810068e-05,0.012637143990925446,0.0006318571995462818,0.0008342955984345188,4.171477992172268e-05,3.0,0.0,0.08027838627188434,0.7079677375141477,0.05149011155914405,,,,,,,,,,,,,,,,
0.06653663969565163,0.01525,0.9815,0.00325,-0.008726317435503006,0.019159894436597824,0.003582303976387872,0.032333333433295294,0.9594720117747786,0.0,0.0,0.0,0.0,0.0,0.0,0.0690331992398171,1.5424855947494507,publication,0.6399614810943604,5.242356777191162,0.6465856251783731,0.7259120455348103,200,0.5899574316635008,1.603320219554007,0.028387757833115757,0.646585625178373,0.7259120447002352,461.8581511306763,mobile,0.009071857447262204,0.03323468649245968,23.092907561290225,23.092907561290225,system,0.0,317,0.7259120447002352,0.06040678166796448,meta_train_support,4,MARGO-SPLIT-v1,20,20,80,3,318,0.0,0.2,20,10,0.0005,0.0005,mrlco_first_order_mean_pseudogradient,fixed_literature_derived_defaults,0.001526765405760732,7.633827028803719e-05,0.012620746685099507,0.000631037334254958,0.0008316720273702593,4.15836013685153e-05,3.0,0.0,0.08035472454217238,0.7085987748484026,0.051531695160512564,,,,,,,,,,,,,,,,
0.05818761819604218,0.01975,0.9765,0.00375,-0.004610565025359392,0.029649483039975166,0.001966887516512846,0.015666666626930236,0.878528820971648,0.0,0.0,0.0,0.0,0.0,0.0,0.06928451249285705,1.5551503896713257,publication,0.6569864749908447,5.101786136627197,0.5171011227301756,0.5809176770470367,200,0.7836865760725686,2.5545271383598447,0.04117500255233608,0.5171011227301754,0.5809176987968385,607.5411525249481,mobile,0.0022277910402345165,0.008168316579176386,30.377056339013,30.377056339013,system,0.0,318,0.5809176987968385,0.05054410250528888,meta_train_support,4,MARGO-SPLIT-v1,20,20,80,3,319,0.0,0.2,20,10,0.0005,0.0005,mrlco_first_order_mean_pseudogradient,fixed_literature_derived_defaults,0.001522815545863944,7.614077729319046e-05,0.01260073404303895,0.0006300367021518927,0.0008290649050274058,4.145324525137162e-05,3.0,0.0,0.08043086531946557,0.7092288115505545,0.051573148405763936,,,,,,,,,,,,,,,,
0.06800052709675607,0.03125,0.96425,0.0045,-0.006239196751266718,0.06324558705091476,0.004814417863235576,0.03391666677780449,1.4860217566291491,0.0,0.0,0.0,0.0,0.0,0.0,0.10033123732507332,1.5969295501708984,publication,0.628455638885498,4.8317108154296875,0.9084731586098735,1.0213029578549686,200,0.7253220735978726,2.460129825398326,0.04525165805534925,0.9084731586098735,1.0213029685989021,673.6254287528992,mobile,0.0028517359980319065,0.008353259486362228,33.681273350175545,33.681273350175545,system,0.0,319,1.0213029685989021,0.054993919516719586,meta_train_support,4,MARGO-SPLIT-v1,20,20,80,3,320,0.0,0.2,20,10,0.0005,0.0005,mrlco_first_order_mean_pseudogradient,fixed_literature_derived_defaults,0.0015246164167557854,7.623082083778321e-05,0.012596004597117686,0.0006298002298559258,0.0008264740771991952,4.132370385995926e-05,3.0,0.0,0.08050709614030335,0.7098586117804104,0.051614472109623895,,,,,,,,,,,,,,,,
0.06674432886227882,0.029,0.9665,0.0045,-0.004034857731312513,0.014310372993350029,0.004565358015588572,0.033000000054016716,0.8274201000730196,0.0,0.0,0.0,0.0,0.0,0.0,0.09976436948822856,1.5986841917037964,publication,0.5561504364013672,3.850379705429077,0.5671421014348187,0.6387352135206357,200,0.7321412274508217,2.195960516575724,0.024412045546341687,0.5671421014348187,0.6387352096103132,296.2307551383972,mobile,0.00441684696993479,0.00749450291688457,14.81153828959402,14.81153828959402,system,0.0,320,0.6387352096103132,0.05954226860323557,meta_train_support,4,MARGO-SPLIT-v1,20,20,80,3,321,0.0,0.2,20,10,0.0005,0.0005,mrlco_first_order_mean_pseudogradient,fixed_literature_derived_defaults,0.0015273467674970446,7.636733837484977e-05,0.0125814143486465,0.0006290707174323451,0.0008238993916004438,4.119496958002178e-05,3.0,0.0,0.0805834634786782,0.7104876824978428,0.05165566707920392,,,,,,,,,,,,,,,,
0.04899339335324695,0.02375,0.971,0.00525,-0.00041173858335241675,0.0100017748773098,0.004904286508099176,0.02716666661823789,0.7044013828039171,0.0,0.0,0.0,0.0,0.0,0.0,0.09568425585487282,1.637834906578064,publication,0.6684653759002686,5.155609130859375,0.47224321309095246,0.5314361384478252,200,0.5010934348578062,1.5646154461428523,0.029131964925909415,0.4722432130909525,0.5314361370448023,953.9080586242676,mobile,0.0015136131238598952,0.08377606163824967,47.69540487853192,47.69540487853192,system,0.0,321,0.5314361370448023,0.035931564792362675,meta_train_support,4,MARGO-SPLIT-v1,20,20,80,3,322,0.0,0.2,20,10,0.0005,0.0005,mrlco_first_order_mean_pseudogradient,fixed_literature_derived_defaults,0.0015226034545545073,7.61301727277286e-05,0.012542341633278033,0.0006271170816638527,0.0008213406978377095,4.106703489188679e-05,3.0,0.0,0.08065959365140593,0.7111147995795066,0.0516967341140958,,,,,,,,,,,,,,,,
0.06015905211501245,0.04575,0.946,0.00825,-0.002921824110671878,0.01659412868320942,0.015346521364214522,0.05841666727016369,0.8926115757475296,0.0,0.0,0.0,0.0,0.0,0.0,0.13963826882781435,1.5338176488876343,publication,0.6211798191070557,5.125965595245361,0.5415361850289756,0.6079422608848108,200,0.5842819916359276,1.628595260437578,0.03399184750742279,0.5415361850289756,0.6079422533884644,543.5058354759217,mobile,0.0028038074831481553,0.01195314975784064,27.175293575648958,27.175293575648958,system,0.0,322,0.6079422533884644,0.04897877737946651,meta_train_support,4,MARGO-SPLIT-v1,20,20,80,3,323,0.0,0.2,20,10,0.0005,0.0005,mrlco_first_order_mean_pseudogradient,fixed_literature_derived_defaults,0.0015178895119707472,7.589447559853968e-05,0.012515729170610102,0.0006257864585305084,0.0008187978473800076,4.093989236900186e-05,3.0,0.0,0.08073548812700447,0.7117405860380371,0.051737674006464805,,,,,,,,,,,,,,,,
0.06528381289422486,0.04625,0.9415,0.01225,0.0007282599690370262,0.010523076169192791,0.029517467777865625,0.051249999956538284,0.8496992364525795,0.0,0.0,0.0,0.0,0.0,0.0,0.14530729431361522,1.4869747161865234,publication,0.6520869731903076,5.4127724170684814,0.5734122592075832,0.6449160342352116,200,0.6498247052424703,1.8186979135498405,0.03414937818888575,0.5734122592075833,0.6449160313606263,365.47345406532287,mobile,0.0019692342213009396,0.009179164818002997,18.27367091317436,18.27367091317436,system,0.0,323,0.6449160313606263,0.05094497720451128,meta_train_support,4,MARGO-SPLIT-v1,20,20,80,3,324,0.0,0.2,20,10,0.0005,0.0005,mrlco_first_order_mean_pseudogradient,fixed_literature_derived_defaults,0.0015132046677979979,7.566023338989591e-05,0.012477100376873652,0.0006238550188436554,0.0008162706935300693,4.0813534676505114e-05,3.0,0.0,0.08081114836039437,0.7123644410568808,0.05177848754114131,,,,,,,,,,,,,,,,
0.05429003799748973,0.052,0.9385,0.0095,0.008489121682941914,0.01991216093301773,0.054621026671763204,0.04750000030423204,1.0391585613290468,0.0,0.0,0.0,0.0,0.0,0.0,0.1381414931848826,1.4013649225234985,publication,0.6493666172027588,5.26536226272583,0.7647900931409365,0.8609898443817656,200,0.5989095296451858,1.7903736780863255,0.042578726570354775,0.7647900931409364,0.8609898494184017,1074.310060968399,mobile,0.002416742901424788,0.004381797073974775,53.715498194744626,53.715498194744626,system,0.0,324,0.8609898494184017,0.04072227374844381,meta_train_support,4,MARGO-SPLIT-v1,20,20,80,3,325,0.0,0.2,20,10,0.0005,0.0005,mrlco_first_order_mean_pseudogradient,fixed_literature_derived_defaults,0.0015085486534355426,7.542743267177632e-05,0.012438709298790963,0.0006219354649394937,0.0008137590913961306,4.068795456980967e-05,3.0,0.0,0.08088657579306614,0.7129863765218203,0.05181917549571112,,,,,,,,,,,,,,,,
0.083955838709354,0.06625,0.91925,0.0145,-0.0016011681873351336,0.0870780423283577,0.014111183040464919,0.07041666725029547,1.7484085341294608,0.0,0.0,0.0,0.0,0.0,0.0,0.1692307878492762,1.3442816734313965,publication,0.5873260498046875,4.957699298858643,1.0057112355569209,1.1321417043120527,200,1.0479986248714457,3.1932955998927355,0.037753533804789186,1.0057112355569209,1.1321417431160807,266.10061846733095,mobile,0.00211239264937999,0.003538863901653005,13.305031017183058,13.305031017183058,system,0.0,325,1.1321417431160807,0.05805668208192083,meta_train_support,4,MARGO-SPLIT-v1,20,20,80,3,326,0.0,0.2,20,10,0.0005,0.0005,mrlco_first_order_mean_pseudogradient,fixed_literature_derived_defaults,0.0015039212035783782,7.5196060178917e-05,0.012400553748794672,0.0006200276874397392,0.0008112628978642406,4.056314489320895e-05,3.0,0.0,0.08096177185324506,0.71360640420926,0.05185973864060433,,,,,,,,,,,,,,,,
0.0691240305560571,0.06025,0.9305,0.00925,0.0029439800418913364,0.013187456876039505,0.04077126321693261,0.05949999964796008,0.9649511781831583,0.0,0.0,0.0,0.0,0.0,0.0,0.1482418539683449,1.3623628616333008,publication,0.6476414203643799,4.640386581420898,0.5079155111483451,0.5717778355959308,200,0.5981698674480082,1.782837437465787,0.03523130837129429,0.5079155111483452,0.5717778325453401,204.77416480064392,mobile,0.004187260745555001,0.009297874672620297,10.238708367873999,10.238708367873999,system,0.0,326,0.5717778325453401,0.05503731249681827,meta_train_support,4,MARGO-SPLIT-v1,20,20,80,3,327,0.0,0.2,20,10,0.0005,0.0005,mrlco_first_order_mean_pseudogradient,fixed_literature_derived_defaults,0.0014993220561668236,7.496610280834093e-05,0.012362631566076645,0.0006181315783038155,0.0008087819715710779,4.0439098578551325e-05,3.0,0.0,0.0810367379560534,0.7142245357875638,0.05190017773918288,,,,,,,,,,,,,,,,
0.05196489796601424,0.04825,0.94325,0.0085,-0.004355082754045725,0.09470155835151672,0.0063121773952540625,0.055416666638726984,1.2778141602873805,0.0,0.0,0.0,0.0,0.0,0.0,0.12044128869393986,1.4840508699417114,publication,0.6103899478912354,5.270251989364624,0.7125462618666334,0.7993335253465921,200,0.6998232369290948,2.3933770395815372,0.055806447548093274,0.7125462618666335,0.799333520475775,869.7380148506164,mobile,0.00891101007883504,0.05581883092731979,43.486901214739234,43.486901214739234,system,0.0,327,0.799333520475775,0.06813586400302911,meta_train_support,4,MARGO-SPLIT-v1,20,20,80,3,328,0.0,0.2,20,10,0.0005,0.0005,mrlco_first_order_mean_pseudogradient,fixed_literature_derived_defaults,0.0015322868894040687,7.661434447020499e-05,0.012488130317015154,0.0006244065158507173,0.0008063161728772636,4.031580864386625e-05,3.0,0.0,0.0811133523005236,0.7148489423034146,0.05194049354782675,,,,,,,,,,,,,,,,
0.04996507651470566,0.04025,0.95275,0.007,-0.0026219605933874846,0.01523097325116396,0.012716266838591159,0.05641666686472794,0.8896672760446867,0.0,0.0,0.0,0.0,0.0,0.0,0.11656539962365428,1.5829085111618042,publication,0.6746175289154053,5.132890701293945,0.6732330938259554,0.7574431451530836,200,0.6471982108142406,2.168229604139924,0.021059715130832046,0.6732330938259554,0.757443155515939,1006.5179110336304,mobile,0.011132528599284404,0.023951871856676122,50.32589575012307,50.32589575012307,system,0.0,328,0.757443155515939,0.06243502737852502,meta_train_support,4,MARGO-SPLIT-v1,20,20,80,3,329,0.0,0.2,20,10,0.0005,0.0005,mrlco_first_order_mean_pseudogradient,fixed_literature_derived_defaults,0.001559754466758909,7.798772333794668e-05,0.0125724902995134,0.0006286245149756953,0.0008038653638411625,4.0193268192059706e-05,3.0,0.0,0.08119134002386155,0.7154775668183903,0.051980686816018806,,,,,,,,,,,,,,,,
0.054451491288828924,0.03725,0.9565,0.00625,0.0026027425192296505,0.015668069943785667,0.007529522199183703,0.03291666635001699,0.7031848229467869,0.0,0.0,0.0,0.0,0.0,0.0,0.11275672451349578,1.5765368938446045,publication,0.667532205581665,4.694096326828003,0.3982603814340868,0.4483806528133209,200,0.6902684426663457,2.271945472806692,0.008310300996527076,0.39826038143408693,0.4483806604705751,441.18150753974913,mobile,0.0021746766609062372,0.004590664397075197,22.059074344806476,22.059074344806476,system,0.0,329,0.4483806604705751,0.03689838560801645,meta_train_support,4,MARGO-SPLIT-v1,20,20,80,3,330,0.0,0.2,20,10,0.0005,0.0005,mrlco_first_order_mean_pseudogradient,fixed_literature_derived_defaults,0.0015550279380717607,7.775139690359423e-05,0.01253439184406033,0.0006267195922030622,0.000801429408193159,4.0071470409658305e-05,3.0,0.0,0.08126909142076515,0.7161042864105933,0.052020758286428465,,,,,,,,,,,,,,,,
0.0634886218122118,0.06325,0.927,0.00975,-0.002540737856179476,0.02736174687743187,0.03323787362702812,0.05899999989196658,1.1671116940677166,0.0,0.0,0.0,0.0,0.0,0.0,0.13027573393157876,1.696376085281372,publication,0.6524865627288818,5.278336524963379,0.8569337837595188,0.961976483768085,200,0.8281179093738086,2.3667047591879964,0.007685274467803538,0.8569337837595189,0.9619764903374016,371.52055274009706,mobile,0.014752789142217315,0.01732527820561103,18.576027773650882,18.576027773650882,system,0.0,330,0.9619764903374016,0.06499542124244619,meta_train_support,4,MARGO-SPLIT-v1,20,20,80,3,331,0.0,0.2,20,10,0.0005,0.0005,mrlco_first_order_mean_pseudogradient,fixed_literature_derived_defaults,0.0015697241159820627,7.848620579910259e-05,0.012585604671393828,0.0006292802335696734,0.0007990081713104001,3.9950408565518625e-05,3.0,0.0,0.08134757762656425,0.716733566644163,0.05206070869499398,,,,,,,,,,,,,,,,
0.046780060474643934,0.0445,0.949,0.0065,0.002225765259936452,0.014084002003073692,0.012052809683761248,0.03691666706775625,0.790208264067769,0.0,0.0,0.0,0.0,0.0,0.0,0.10150997440297369,1.6835471391677856,publication,0.6829249858856201,5.301527738571167,0.44981589465246,0.5050698528088379,200,0.6501240386758649,1.7123920413141605,0.03233001349144615,0.44981589465246,0.5050698636472225,587.9338507080079,mobile,0.003434094506907088,0.020843676854317924,29.396691183977126,29.396691183977126,system,0.0,331,0.5050698636472225,0.038396751124078594,meta_train_support,4,MARGO-SPLIT-v1,20,20,80,3,332,0.0,0.2,20,10,0.0005,0.0005,mrlco_first_order_mean_pseudogradient,fixed_literature_derived_defaults,0.0015649960312953696,7.824980156477535e-05,0.01254819494872925,0.0006274097474364693,0.0007966015201919954,3.9830076009599036e-05,3.0,0.0,0.08142582742812902,0.7173609763915995,0.05210053877100358,,,,,,,,,,,,,,,,
0.06784531897415476,0.044,0.95025,0.00575,-0.002058554207906127,0.05314592272043228,0.010372008292082076,0.047583333868533376,1.2016188919544217,0.0,0.0,0.0,0.0,0.0,0.0,0.11620824877774653,1.690676212310791,publication,0.654895544052124,4.567098617553711,0.6948059519589143,0.7835611350281397,200,0.9934721058126299,3.071059138746932,0.03435834473930299,0.6948059519589143,0.7835611253604293,227.65854488372804,mobile,0.0020366395671843588,0.004028601229473294,11.382927261979845,11.382927261979845,system,0.0,332,0.7835611253604293,0.05283445677722954,meta_train_support,4,MARGO-SPLIT-v1,20,20,80,3,333,0.0,0.2,20,10,0.0005,0.0005,mrlco_first_order_mean_pseudogradient,fixed_literature_derived_defaults,0.001560296343513702,7.801481717568948e-05,0.012510512681615949,0.0006255256340808035,0.000794209323434662,3.971046617173152e-05,3.0,0.0,0.08150384224530471,0.7179865020256803,0.052140249237175314,,,,,,,,,,,,,,,,
0.057271361661401024,0.03,0.96625,0.00375,0.0006158628966659307,0.015357857570052147,0.010557323232933414,0.029249999625608324,0.7637178984781106,0.0,0.0,0.0,0.0,0.0,0.0,0.08518279975923386,1.5585098266601562,publication,0.6528432369232178,4.833972454071045,0.5473057928879597,0.6164456465969488,200,0.6901661397174771,2.269438193179667,-0.027232087857555598,0.5473057928879597,0.6164456224255264,742.3679669380188,mobile,0.015995976779228295,0.021906317543357093,37.11840020238731,37.11840020238731,system,0.0,333,0.6164456224255264,0.050814598966249395,meta_train_support,4,MARGO-SPLIT-v1,20,20,80,3,334,0.0,0.2,20,10,0.0005,0.0005,mrlco_first_order_mean_pseudogradient,fixed_literature_derived_defaults,0.0015556247975750382,7.778123987875474e-05,0.012473056056820692,0.000623652802841046,0.0007918314512088098,3.9591572560442045e-05,3.0,0.0,0.08158162348518347,0.7186101548285213,0.052179840809735756,,,,,,,,,,,,,,,,
0.06222447143379724,0.04875,0.949,0.00225,-0.0016375676495954394,0.09017586708068848,0.025423562404466794,0.05958333356926839,1.3751038913925488,0.0,0.0,0.0,0.0,0.0,0.0,0.10989589731943859,1.4732283353805542,publication,0.6027817726135254,5.156098127365112,0.6643582117492635,0.7458966767772529,200,0.9921315559615561,2.727840196341276,0.028072133994157866,0.6643582117492633,0.7458966859523207,187.6749491405487,mobile,0.005039287751172027,0.022324528938602886,9.383747164930954,9.383747164930954,system,0.0,334,0.7458966859523207,0.05793471721584657,meta_train_support,4,MARGO-SPLIT-v1,20,20,80,3,335,0.0,0.2,20,10,0.0005,0.0005,mrlco_first_order_mean_pseudogradient,fixed_literature_derived_defaults,0.001556005818837092,7.780029094185681e-05,0.012461100831207442,0.0006230550415603497,0.0007894677752350521,3.947338876175016e-05,3.0,0.0,0.08165942377612533,0.7192332098700817,0.052219314198497506,,,,,,,,,,,,,,,,
0.06193296245714273,0.04325,0.9525,0.00425,0.0012212214060127735,0.2221578061580658,0.01386183324890832,0.04391666647667686,1.6506889349470537,0.0,0.0,0.0,0.0,0.0,0.0,0.09697369522991585,1.4428291320800781,publication,0.5941810607910156,4.924704551696777,1.0031814879248993,1.1304223708618337,200,1.1523538276948282,3.5030602887272835,0.016200818121433258,1.0031814879248993,1.13042238811031,480.3702021408081,mobile,0.0012624254149356997,0.0027367054269514723,24.018510057296524,24.018510057296524,system,0.0,335,1.13042238811031,0.04315414235494222,meta_train_support,4,MARGO-SPLIT-v1,20,20,80,3,336,0.0,0.2,20,10,0.0005,0.0005,mrlco_first_order_mean_pseudogradient,fixed_literature_derived_defaults,0.0015513748491381722,7.756874245691547e-05,0.012424014221590753,0.000621200711079517,0.0007871181687611383,3.935590843805875e-05,3.0,0.0,0.08173699251858224,0.7198544105811612,0.052258670106935565,,,,,,,,,,,,,,,,
0.052115405889368915,0.015,0.98325,0.00175,0.003073162166401744,0.010426581837236881,0.006893758194928523,0.01458333358168602,0.531784466157357,0.0,0.0,0.0,0.0,0.0,0.0,0.05948515867597613,0.9309177398681641,publication,0.6480715274810791,5.129490613937378,0.34368923051896066,0.38552423064000324,200,0.5052811696662655,1.741328900679946,0.06517791087389924,0.3436892305189608,0.3855242235213518,586.7808602619172,mobile,0.0012928778995960272,0.0029371650468972693,29.33904496961186,29.33904496961186,system,0.0,336,0.3855242235213518,0.04064447941615633,meta_train_support,4,MARGO-SPLIT-v1,20,20,80,3,337,0.0,0.2,20,10,0.0005,0.0005,mrlco_first_order_mean_pseudogradient,fixed_literature_derived_defaults,0.001546771362938949,7.73385681469424e-05,0.012387147710547457,0.0006193573855273193,0.0007847825065392951,3.9239125326967494e-05,3.0,0.0,0.08181433108672918,0.7204737679666885,0.05229790923226253,,,,,,,,,,,,,,,,
0.06125356435358738,0.02825,0.9655,0.00625,-0.003318470437079668,0.01720857433974743,0.021350999402056918,0.04800000021544596,0.9612560331821441,0.0,0.0,0.0,0.0,0.0,0.0,0.0849829679464513,1.4891502857208252,publication,0.61006760597229,5.056940793991089,0.6950905167837695,0.7846122802278842,200,0.501274908647707,1.6357219533529133,0.04505276307463646,0.6950905167837694,0.7846122693829238,782.4296276855468,mobile,0.008579409353523835,0.014749210057139528,39.12148228947573,39.12148228947573,system,0.0,337,0.7846122693829238,0.049260296518240064,meta_train_support,4,MARGO-SPLIT-v1,20,20,80,3,338,0.0,0.2,20,10,0.0005,0.0005,mrlco_first_order_mean_pseudogradient,fixed_literature_derived_defaults,0.0015424059807263699,7.712029903632345e-05,0.012356920557987297,0.0006178460278993825,0.0007824606648039718,3.9123033240197336e-05,3.0,0.0,0.0818914513857655,0.7210916139945879,0.05233703226550273,,,,,,,,,,,,,,,,
0.07208063272603489,0.04225,0.952,0.00575,-0.001434776233509183,0.13287687301635742,0.029463149359738833,0.03558333284842472,1.6807253236571948,0.0,0.0,0.0,0.0,0.0,0.0,0.09603549519898182,1.4846583604812622,publication,0.6592035293579102,5.004451751708984,1.1080539972749084,1.2479817223971985,200,0.9846461378187636,3.1184900496155024,0.035476530181767885,1.1080539972749084,1.2479816784709692,578.5859496116639,mobile,0.0012762568104896066,0.006898254174560537,28.929296393431105,28.929296393431105,system,0.0,338,1.2479816784709692,0.05957434157608616,meta_train_support,4,MARGO-SPLIT-v1,20,20,80,3,339,0.0,0.2,20,10,0.0005,0.0005,mrlco_first_order_mean_pseudogradient,fixed_literature_derived_defaults,0.001542351687242324,7.71175843621158e-05,0.012349994285751538,0.0006174997142875949,0.0007801525212499777,3.900762606250108e-05,3.0,0.0,0.08196856897012762,0.7217091137088755,0.05237603989156523,,,,,,,,,,,,,,,,
0.06592574519662478,0.0255,0.96825,0.00625,0.0010767175117507577,0.11918546259403229,0.008723704865648566,0.03208333328366279,1.3912641343971093,0.0,0.0,0.0,0.0,0.0,0.0,0.08562394545828494,1.5177584886550903,publication,0.635573148727417,4.812600135803223,0.9056980247279176,1.0181822239935172,200,1.194459682171461,3.6361266577150673,0.09324304506299086,0.9056980247279178,1.018182225227356,374.2697904205322,mobile,0.00034223250842605477,0.0005743971590357979,18.713489567040106,18.713489567040106,system,0.0,339,1.018182225227356,0.04465333660303319,meta_train_support,4,MARGO-SPLIT-v1,20,20,80,3,340,0.0,0.2,20,10,0.0005,0.0005,mrlco_first_order_mean_pseudogradient,fixed_literature_derived_defaults,0.0015378153587504348,7.689076793751526e-05,0.012313670773146386,0.0006156835386573745,0.0007778579550110072,3.889289775055316e-05,3.0,0.0,0.08204545973806514,0.7223247972475328,0.052414932789315784,,,,,,,,,,,,,,,,
0.0491782298708693,0.01725,0.97975,0.003,-0.0029464466497302055,0.022222666069865227,0.0029383355967051252,0.020250000028560557,0.7080604866147041,0.0,0.0,0.0,0.0,0.0,0.0,0.058447477855049584,1.5181033611297607,publication,0.6657710075378418,4.962346315383911,0.5865606360593597,0.6619847346031748,200,0.8633573347416497,2.3883198492694646,0.04963994075660594,0.5865606360593596,0.6619847213290632,588.671197052002,mobile,0.0008229480574072297,0.009079898919564622,29.433557759808483,29.433557759808483,system,0.0,340,0.6619847213290632,0.03794300831067374,meta_train_support,4,MARGO-SPLIT-v1,20,20,80,3,341,0.0,0.2,20,10,0.0005,0.0005,mrlco_first_order_mean_pseudogradient,fixed_literature_derived_defaults,0.0015345030354278635,7.672515177138683e-05,0.012282416026425024,0.0006141208013212829,0.0007755768466385409,3.877884233192963e-05,3.0,0.0,0.08212218488983652,0.7229389180488541,0.05245371163164771,,,,,,,,,,,,,,,,
0.054968621967396505,0.01175,0.9865,0.00175,-0.0028449881356209517,0.030848059803247452,0.004777771534766846,0.014666666913156703,0.8679120063781738,0.0,0.0,0.0,0.0,0.0,0.0,0.04918211764001746,1.499635934829712,publication,0.6395275592803955,5.2920708656311035,0.44956514152587423,0.5034753077034838,200,0.8701505069203587,2.6998332454822958,0.03285430517280474,0.4495651415258742,0.50347532434389,193.93736647605897,mobile,0.0007617135949997774,0.00111082293223564,9.69686858158591,9.69686858158591,system,0.0,341,0.50347532434389,0.04963823019955085,meta_train_support,4,MARGO-SPLIT-v1,20,20,80,3,342,0.0,0.2,20,10,0.0005,0.0005,mrlco_first_order_mean_pseudogradient,fixed_literature_derived_defaults,0.0015314352420271048,7.657176210135175e-05,0.012252130779626887,0.0006126065389813196,0.0007733090780811183,3.866545390405346e-05,3.0,0.0,0.08219875665193788,0.7235515245878354,0.05249237708555177,,,,,,,,,,,,,,,,
0.06294436625829761,0.0135,0.98475,0.00175,0.0005609168438240886,0.014899978414177895,0.003807989258496036,0.012416666590919096,1.002921291689078,0.0,0.0,0.0,0.0,0.0,0.0,0.04812105576960717,1.6352165937423706,publication,0.6137561798095703,5.303915500640869,0.2816020617176022,0.31676308826317834,200,0.4378025743822913,1.3718889532610774,0.03764144849264994,0.2816020617176022,0.3167630940489471,139.63702735900878,mobile,0.0007339542973604451,0.002411969325545951,6.981851439979132,6.981851439979132,system,0.0,342,0.3167630940489471,0.051312844426004485,meta_train_support,4,MARGO-SPLIT-v1,20,20,80,3,343,0.0,0.2,20,10,0.0005,0.0005,mrlco_first_order_mean_pseudogradient,fixed_literature_derived_defaults,0.0015269704162486,7.634852081242482e-05,0.0122164102817271,0.000610820514086341,0.0007710545326639721,3.855272663319531e-05,3.0,0.0,0.0822751051727503,0.7241623451019218,0.05253092981218496,,,,,,,,,,,,,,,,
0.07857212116448856,0.01125,0.98625,0.0025,-0.003661415772512555,0.015401593409478664,0.0024976509013249883,0.011666666359330216,1.0123109310865401,0.0,0.0,0.0,0.0,0.0,0.0,0.04805302766910739,1.5259963274002075,publication,0.6544322967529297,5.242187023162842,0.5537094837486404,0.6243845261041133,200,0.7141690102833319,1.898821440525353,0.04852366499835625,0.5537094837486405,0.6243845351971686,357.8890231227875,mobile,0.004776886317222444,0.012939424319951287,17.894453481215574,17.894453481215574,system,0.0,343,0.6243845351971686,0.0716357938013152,meta_train_support,4,MARGO-SPLIT-v1,20,20,80,3,344,0.0,0.2,20,10,0.0005,0.0005,mrlco_first_order_mean_pseudogradient,fixed_literature_derived_defaults,0.00152494252221434,7.62471261107206e-05,0.012208012783943664,0.0006104006391971506,0.0007688130950690188,3.844065475345354e-05,3.0,0.0,0.08235135229886102,0.7247727457411189,0.052569370466938416,,,,,,,,,,,,,,,,
0.06283557020591535,0.0115,0.98525,0.00325,-0.0006683443789370358,0.017567487433552742,0.002161203617729187,0.008833333368723589,0.9316737423340479,0.0,0.0,0.0,0.0,0.0,0.0,0.04237851117122808,1.4115806818008423,publication,0.6527009010314941,4.961174011230469,0.5037195280096204,0.5676758688401605,200,0.6544257370979762,2.284398067742586,0.06580476381350309,0.5037195280096203,0.5676758708804845,661.3418173122406,mobile,0.0006214455106519359,0.0013983812097461707,33.06708995604195,33.06708995604195,system,0.0,344,0.5676758708804845,0.04519859091856304,meta_train_support,4,MARGO-SPLIT-v1,20,20,80,3,345,0.0,0.2,20,10,0.0005,0.0005,mrlco_first_order_mean_pseudogradient,fixed_literature_derived_defaults,0.0015238784029524958,7.619392014762694e-05,0.012188561832661,0.0006094280916330019,0.0007665846513151955,3.832923256576193e-05,3.0,0.0,0.08242754621900865,0.7253821738327519,0.05260769969950418,,,,,,,,,,,,,,,,
0.05853576122687446,0.00725,0.9915,0.00125,-0.005251907277852297,0.08283783495426178,0.000843650848943393,0.00583333329608043,1.131402927885453,0.0,0.0,0.0,0.0,0.0,0.0,0.038184924292248124,1.3535351753234863,publication,0.6599104404449463,5.159132719039917,0.5749939446167477,0.6465749776010489,200,0.7591859888456126,2.2151775592938066,0.03490203127148561,0.5749939446167477,0.6465749876759946,465.2578712463379,mobile,0.0010931808853551364,0.0059050098885692305,23.262894310260393,23.262894310260393,system,0.0,345,0.6465749876759946,0.04047488567732473,meta_train_support,4,MARGO-SPLIT-v1,20,20,80,3,346,0.0,0.2,20,10,0.0005,0.0005,mrlco_first_order_mean_pseudogradient,fixed_literature_derived_defaults,0.0015194741301115925,7.597370650558322e-05,0.012156084710372876,0.0006078042355186497,0.00076436908873914,3.821845443695987e-05,3.0,0.0,0.08250351992551423,0.7259899780682706,0.05264591815394114,,,,,,,,,,,,,,,,
0.07277062293340292,0.00425,0.99375,0.002,-0.001320378272794187,0.012233676388859749,0.0014288582288524293,0.003999999972681204,0.7140092482169469,0.0,0.0,0.0,0.0,0.0,0.0,0.025456516601532878,1.2459439039230347,publication,0.6319534778594971,5.39900279045105,0.40853061401740054,0.4590492549276678,200,0.5648771394393399,1.4838949132245034,0.06359192618401721,0.4085306140174006,0.45904925718903544,355.56887360572813,mobile,0.0006632939970965501,0.0012095200664862529,17.77844327770611,17.77844327770611,system,0.0,346,0.45904925718903544,0.05617115409946652,meta_train_support,4,MARGO-SPLIT-v1,20,20,80,3,347,0.0,0.2,20,10,0.0005,0.0005,mrlco_first_order_mean_pseudogradient,fixed_literature_derived_defaults,0.001515095242128562,7.575476210643084e-05,0.01212105276596258,0.0006060526382981601,0.0007621662959762031,3.810831479880705e-05,3.0,0.0,0.08257927468762066,0.7265960307065688,0.052684026468739945,,,,,,,,,,,,,,,,
0.0727858285033918,0.0105,0.9885,0.001,-0.0013120659859851003,0.019428865984082222,0.005056443096543717,0.005416666654249032,1.0072971645121773,0.0,0.0,0.0,0.0,0.0,0.0,0.047486913610794455,1.2742815017700195,publication,0.6495747566223145,4.760600328445435,0.6234801241434008,0.7020069766828692,200,0.5575848919932723,1.4985591629520059,0.05627966589236166,0.6234801241434009,0.7020069573447109,500.45441301345824,mobile,0.0006336411797259537,0.003152242640532942,25.022720168764085,25.022720168764085,system,0.0,347,0.7020069573447109,0.05489505943853724,meta_train_support,4,MARGO-SPLIT-v1,20,20,80,3,348,0.0,0.2,20,10,0.0005,0.0005,mrlco_first_order_mean_pseudogradient,fixed_literature_derived_defaults,0.0015107499444064647,7.553749722032099e-05,0.01208883469665589,0.0006044417348327613,0.0007599761629417886,3.7998808147088337e-05,3.0,0.0,0.08265481218484098,0.7272004724414015,0.05272202527688703,,,,,,,,,,,,,,,,
0.0722977418555022,0.0075,0.99125,0.00125,-0.0011148204794153571,0.010698240250349045,0.0034113099811899396,0.0038333332631736985,0.6602590557187795,0.0,0.0,0.0,0.0,0.0,0.0,0.038000496388322084,1.2664390802383423,publication,0.613051176071167,5.545970439910889,0.3480465660644847,0.39138686953927393,200,0.46355394943268907,1.2892389288172126,0.03083494765451178,0.3480465660644847,0.39138687239959835,157.5167960357666,mobile,0.0010469684775045484,0.0020244646606034067,7.875839574840217,7.875839574840217,system,0.0,348,0.39138687239959835,0.05279184739648407,meta_train_support,4,MARGO-SPLIT-v1,20,20,80,3,349,0.0,0.2,20,10,0.0005,0.0005,mrlco_first_order_mean_pseudogradient,fixed_literature_derived_defaults,0.0015064211480041538,7.532105740021278e-05,0.012054196201823067,0.0006027098100911399,0.0007577985808130157,3.788992904064925e-05,3.0,0.0,0.0827301332422412,0.7278031822514927,0.05275991520592768,,,,,,,,,,,,,,,,
0.06121527013907938,0.01,0.9885,0.0015,-0.0006579622277058661,0.012125442735850811,0.004507365714761137,0.0063333333469927314,0.6824060942356784,0.0,0.0,0.0,0.0,0.0,0.0,0.04441118779801817,1.2492260932922363,publication,0.6223533153533936,4.887789011001587,0.5575635515282162,0.6270954603627809,200,0.6931805799442229,1.8198681715875864,0.029610294848680496,0.5575635515282161,0.6270954601559788,252.2129708480835,mobile,0.0014112201877705857,0.0018332266068633082,12.610648395336579,12.610648395336579,system,0.0,349,0.6270954601559788,0.04761910049119138,meta_train_support,4,MARGO-SPLIT-v1,20,20,80,3,350,0.0,0.2,20,10,0.0005,0.0005,mrlco_first_order_mean_pseudogradient,fixed_literature_derived_defaults,0.0015021170875812848,7.510585437905948e-05,0.012019923987662646,0.0006009961993831414,0.0007556334420106927,3.778167210053557e-05,3.0,0.0,0.08280523909662026,0.7284041784508758,0.05279769687802822,,,,,,,,,,,,,,,,
0.055579288534812074,0.0075,0.99025,0.00225,-0.0012446726905182004,0.050849318504333496,0.005241538851502506,0.005750000026697915,0.841888664662838,0.0,0.0,0.0,0.0,0.0,0.0,0.04687833962507071,1.3004672527313232,publication,0.6365413665771484,5.260895252227783,0.6796065707579139,0.7647961357850727,200,0.7849428361298826,2.746824822796043,-0.0177942190784961,0.6796065707579138,0.7647961409110576,1057.5010929012299,mobile,0.0011513792934122193,0.0028956061006149324,52.87505463470419,52.87505463470419,system,0.0,350,0.7647961409110576,0.046222595546233196,meta_train_support,4,MARGO-SPLIT-v1,20,20,80,3,351,0.0,0.2,20,10,0.0005,0.0005,mrlco_first_order_mean_pseudogradient,fixed_literature_derived_defaults,0.0014978375517192299,7.489187758595583e-05,0.011985679189976997,0.0005992839594988197,0.0007534806401816024,3.7674032009077374e-05,3.0,0.0,0.08288013097420621,0.7290034624103746,0.052835370910037295,-0.16366994656721232,-0.14220591758849355,0.14220591758849355,0.1,0.375,0.025,0.0675,0.975,0.975,0.0,validation/automotive_lexicographic_v1,automotive_lexicographic_v1,a3bd00d5108237acdb706f561212b5d840bac151f48b5250a61c573d9c9ffb6c,78284049.0,0.14220591758849355,0.0
0.05320699840916089,0.00775,0.99075,0.0015,-0.0008815199253149331,0.03452759608626366,0.0016036438814912423,0.0040833333196739355,0.6797540932893753,0.0,0.0,0.0,0.0,0.0,0.0,0.045696502239906685,1.3756247758865356,publication,0.6011104583740234,5.3033599853515625,0.5260546993499182,0.5914340213560354,200,0.7004043583805913,2.0734383203089237,0.0323881256263121,0.5260546993499181,0.5914340081997216,603.6737005615234,mobile,0.0030837701156995263,0.003642694564933555,30.18368460089714,30.18368460089714,system,0.0,351,0.5914340081997216,0.04079530440627627,meta_train_support,4,MARGO-SPLIT-v1,20,20,80,3,352,0.0,0.2,20,10,0.0005,0.0005,mrlco_first_order_mean_pseudogradient,fixed_literature_derived_defaults,0.0014935823314018457,7.467911657009496e-05,0.011951628965005472,0.0005975814482502839,0.0007513400701810865,3.7567003509056396e-05,3.0,0.0,0.08295481009077631,0.7296010438586249,0.05287293791354635,,,,,,,,,,,,,,,,
0.06432714056266695,0.01875,0.977,0.00425,-0.0035110199823975563,0.09115814417600632,0.010448797622908994,0.01391666657291353,1.1688420135527848,0.0,0.0,0.0,0.0,0.0,0.0,0.0880701699875634,1.5021916627883911,publication,0.6404469013214111,5.228938579559326,1.0539162534960804,1.1861209759451776,200,0.9946454106853938,2.922046585008502,0.034947665608342504,1.0539162534960802,1.1861209485121071,499.50767734527585,mobile,0.0003293663701721402,0.0006067831489925412,24.975383232801956,24.975383232801956,system,0.0,352,1.1861209485121071,0.04543159328663775,meta_train_support,4,MARGO-SPLIT-v1,20,20,80,3,353,0.0,0.2,20,10,0.0005,0.0005,mrlco_first_order_mean_pseudogradient,fixed_literature_derived_defaults,0.001489351219981444,7.446756099907526e-05,0.011917771659155597,0.000595888582957782,0.0007492116280559276,3.746058140279701e-05,3.0,0.0,0.08302927765177538,0.7301969324415827,0.05291039849494915,,,,,,,,,,,,,,,,
0.05655859416781952,0.00525,0.99425,0.0005,-0.0023463682737201452,0.02756195142865181,0.0013466601577950617,0.0031666665958861515,0.6284768854578335,0.0,0.0,0.0,0.0,0.0,0.0,0.04125453826602077,1.1567068099975586,publication,0.6712255477905273,5.164218425750732,0.326034572810572,0.3647658093707514,200,0.6931940194287766,2.4632647102698684,0.0330315733444877,0.32603457281057213,0.36476578781381247,350.2246601676941,mobile,0.0014291379271601729,0.0029366347562029,17.5112337513748,17.5112337513748,system,0.0,353,0.36476578781381247,0.048358395062560906,meta_train_support,4,MARGO-SPLIT-v1,20,20,80,3,354,0.0,0.2,20,10,0.0005,0.0005,mrlco_first_order_mean_pseudogradient,fixed_literature_derived_defaults,0.001486419922057435,7.432099610286957e-05,0.011889247602055696,0.0005944623801027449,0.0007470952110275211,3.735476055137521e-05,3.0,0.0,0.08310359864787825,0.7307913948216854,0.052947753255500524,,,,,,,,,,,,,,,,
0.05361344715413082,0.01075,0.986,0.00325,-0.0016287262551486492,0.03160815313458443,0.006252561395528271,0.0069166666362434626,0.972579293201367,0.0,0.0,0.0,0.0,0.0,0.0,0.06514624895011656,1.5218935012817383,publication,0.5909435749053955,5.099661827087402,1.012121973612224,1.1379995015714304,200,0.8290145932723887,2.212143146665767,0.06581949288374744,1.012121973612224,1.1379994787275791,734.9542823791504,mobile,0.00018581637053235686,0.0008410925473966098,36.747712381928736,36.747712381928736,system,0.0,354,1.1379994787275791,0.03716791999390695,meta_train_support,4,MARGO-SPLIT-v1,20,20,80,3,355,0.0,0.2,20,10,0.0005,0.0005,mrlco_first_order_mean_pseudogradient,fixed_literature_derived_defaults,0.0014822328236854423,7.411164118427405e-05,0.011855756763740045,0.0005927878381869478,0.0007449907174753308,3.7249535873765116e-05,3.0,0.0,0.08317771028906253,0.7313841826598724,0.05298500279137429,,,,,,,,,,,,,,,,
0.04714749312904558,0.0095,0.98825,0.00225,-0.000546288734767586,0.018652306869626045,0.001143211445538898,0.005333333338300388,0.6852816348274549,0.0,0.0,0.0,0.0,0.0,0.0,0.04581890205445923,1.5707119703292847,publication,0.5986170768737793,4.817992687225342,0.35897642251678863,0.403120261675358,200,0.5136884202809243,1.618254167959094,0.02822777390247211,0.3589764225167887,0.403120250236243,672.0798210525513,mobile,0.0016846294915150541,0.0021140745555495877,33.60398795630353,33.60398795630353,system,0.0,355,0.403120250236243,0.03592837063897313,meta_train_support,4,MARGO-SPLIT-v1,20,20,80,3,356,0.0,0.2,20,10,0.0005,0.0005,mrlco_first_order_mean_pseudogradient,fixed_literature_derived_defaults,0.0014780692483380112,7.39034624168966e-05,0.011823231473819154,0.0005911615736909903,0.0007428980469206249,3.714490234603407e-05,3.0,0.0,0.08325161375147942,0.7319753442335634,0.05302214769372032,,,,,,,,,,,,,,,,
0.06964078602085277,0.019,0.9775,0.0035,0.0001572163455421105,0.16278131306171417,0.003198949159231764,0.011083333256344,1.5662470931808155,0.0,0.0,0.0,0.0,0.0,0.0,0.07080323444091276,1.525103211402893,publication,0.653261661529541,4.538855791091919,0.9396051539821718,1.0589660902880131,200,0.8899141294784667,2.590568358078599,0.03375739278271795,0.9396051539821718,1.0589660958573222,441.98829246520995,mobile,0.000617665647113571,0.0006363541847060255,22.09941450010636,22.09941450010636,system,0.0,356,1.0589660958573222,0.04682307698953125,meta_train_support,4,MARGO-SPLIT-v1,20,20,80,3,357,0.0,0.2,20,10,0.0005,0.0005,mrlco_first_order_mean_pseudogradient,fixed_literature_derived_defaults,0.0014739289983426668,7.369644991712943e-05,0.011790113178374284,0.0005895056589186876,0.0007408171000104831,3.704085500052384e-05,3.0,0.0,0.08332531020139655,0.732564849892482,0.05305918854872085,,,,,,,,,,,,,,,,
0.06245913091550813,0.0145,0.98325,0.00225,-2.3721519028185867e-05,0.018204236403107643,0.0026763860594049525,0.008916666467363636,0.7281405958036581,0.0,0.0,0.0,0.0,0.0,0.0,0.053659837636676234,1.488248586654663,publication,0.6377665996551514,4.924671411514282,0.5205577496540947,0.5861526422947282,200,0.5191339266302065,1.4963086082134396,0.06477260123938322,0.5205577496540947,0.5861526545882225,368.8006293487549,mobile,0.000807780037310263,0.0013945160893277353,18.440032715364097,18.440032715364097,system,0.0,357,0.5861526545882225,0.042228476609550133,meta_train_support,4,MARGO-SPLIT-v1,20,20,80,3,358,0.0,0.2,20,10,0.0005,0.0005,mrlco_first_order_mean_pseudogradient,fixed_literature_derived_defaults,0.0014698118782355643,7.349059391177637e-05,0.011757179901339718,0.0005878589950669699,0.0007387477785020739,3.693738892510123e-05,3.0,0.0,0.08339880079530833,0.733152708887549,0.05309612593764595,,,,,,,,,,,,,,,,
0.060987154738402286,0.00675,0.99175,0.0015,-0.003140822285786271,0.007433077786117792,0.004508831401456821,0.005000000058983763,0.4580650391678015,0.0,0.0,0.0,0.0,0.0,0.0,0.04358223731227022,1.3612664937973022,publication,0.6618759632110596,5.056549787521362,0.3197057463882561,0.3600836442941295,200,0.7320962264131512,2.5453836685046554,0.026177490188274533,0.3197057463882561,0.3600836423784494,297.7640060710907,mobile,0.003225738215204834,0.006187875188808735,14.888201814582295,14.888201814582295,system,0.0,358,0.3600836423784494,0.04921183547377032,meta_train_support,4,MARGO-SPLIT-v1,20,20,80,3,359,0.0,0.2,20,10,0.0005,0.0005,mrlco_first_order_mean_pseudogradient,fixed_literature_derived_defaults,0.0014657176947307298,7.32858847365403e-05,0.01172443009660061,0.000586221504830009,0.0007366899852471935,3.68344992623601e-05,3.0,0.0,0.08347208668004487,0.733738930392379,0.05313296043690831,,,,,,,,,,,,,,,,
0.08182723945661752,0.0215,0.9755,0.003,-0.0005351269501261413,0.01967969909310341,0.005441368460499992,0.011583333152035873,0.9009342916309834,0.0,0.0,0.0,0.0,0.0,0.0,0.07407480401570678,1.3972283601760864,publication,0.6622645854949951,5.294936180114746,0.8310097380329833,0.9348953604845156,200,0.7596442199301877,2.0452699564630166,0.029755418247077614,0.8310097380329834,0.9348953934013844,311.2535432624817,mobile,0.001409519135342934,0.0049066778538610625,15.562678691661405,15.562678691661405,system,0.0,359,0.9348953934013844,0.05728229670506339,meta_train_support,4,MARGO-SPLIT-v1,20,20,80,3,360,0.0,0.2,20,10,0.0005,0.0005,mrlco_first_order_mean_pseudogradient,fixed_literature_derived_defaults,0.0014616462566898112,7.308231283449651e-05,0.011691862235221165,0.000584593111761067,0.0007346436241770624,3.6732181208851133e-05,3.0,0.0,0.08354516899287937,0.7343235235041401,0.05316969261811716,,,,,,,,,,,,,,,,
0.06528832390473614,0.02125,0.97575,0.003,-0.000727349310182035,0.06706847250461578,0.004326058912556619,0.01541666694295903,1.1979559456308684,0.0,0.0,0.0,0.0,0.0,0.0,0.0734282887377645,1.395268440246582,publication,0.6653101444244385,5.310579299926758,0.7807216940377838,0.879458122146425,200,0.838788559601768,2.2158924834802747,0.03354690361084067,0.7807216940377839,0.8794581471942365,281.4458121871948,mobile,0.001039604581285977,0.01318009279067216,14.072290049364083,14.072290049364083,system,0.0,360,0.8794581471942365,0.04825965252580151,meta_train_support,4,MARGO-SPLIT-v1,20,20,80,3,361,0.0,0.2,20,10,0.0005,0.0005,mrlco_first_order_mean_pseudogradient,fixed_literature_derived_defaults,0.0014581861371210187,7.290930685605046e-05,0.011664188650948008,0.0005832094325474158,0.0007326086002873752,3.6630430014367166e-05,3.0,0.0,0.08361807829973542,0.7349067329366875,0.053206323048131526,,,,,,,,,,,,,,,,
0.05361412337816175,0.0215,0.97525,0.00325,-0.0015624999068677425,0.07265952974557877,0.009358767324132107,0.016166666724408668,1.1225282318890095,0.0,0.0,0.0,0.0,0.0,0.0,0.07675154460471226,1.382816195487976,publication,0.558748722076416,5.0092408657073975,0.7694390604389014,0.8647245872734857,200,0.8309840013525965,2.9609722094610333,0.05969312260094739,0.7694390604389013,0.8647246112860739,881.7047901725768,mobile,0.0008325694170075601,0.005453996421251059,44.08524016036855,44.08524016036855,system,0.0,361,0.8647246112860739,0.03924039584581826,meta_train_support,4,MARGO-SPLIT-v1,20,20,80,3,362,0.0,0.2,20,10,0.0005,0.0005,mrlco_first_order_mean_pseudogradient,fixed_literature_derived_defaults,0.0014541579986206844,7.270789993103766e-05,0.011631967135337654,0.0005815983567668548,0.000730584819623598,3.652924098117988e-05,3.0,0.0,0.08369078619966645,0.7354883312934544,0.053242852289112706,,,,,,,,,,,,,,,,
0.07648723392602962,0.03375,0.96125,0.005,-0.0013551089214161038,0.09342195838689804,0.007970056902559008,0.02424999938036005,1.438531884799401,0.0,0.0,0.0,0.0,0.0,0.0,0.09285488407916748,1.4084620475769043,publication,0.6667571067810059,4.96566915512085,0.9918573483490786,1.115593470136737,200,1.1228609701798635,3.2253554661292583,0.035565387923270464,0.9918573483490786,1.1155934408865869,581.1606487083435,mobile,0.0012385981883395588,0.001908275197226927,29.05803356299883,29.05803356299883,system,0.0,362,1.1155934408865869,0.05502013363681994,meta_train_support,4,MARGO-SPLIT-v1,20,20,80,3,363,0.0,0.2,20,10,0.0005,0.0005,mrlco_first_order_mean_pseudogradient,fixed_literature_derived_defaults,0.0014501520537209029,7.25076026860394e-05,0.011599923148738929,0.0005799961574369794,0.0007285721892665082,3.64286094633251e-05,3.0,0.0,0.08376329380235249,0.7360683274508913,0.05327928089857603,,,,,,,,,,,,,,,,
0.043433102703398375,0.01875,0.97825,0.003,-0.001690202159807086,0.025900615379214287,0.003095157526058756,0.013000000035390258,0.8053026884794235,0.0,0.0,0.0,0.0,0.0,0.0,0.06837504755838185,1.417614459991455,publication,0.6762142181396484,5.281674146652222,0.7613928822760893,0.8573962859899621,200,0.9800649882148541,3.470111104194075,0.062483745481586084,0.7613928822760893,0.8573962751962244,923.9394652748108,mobile,0.0006663212446858743,0.0027481208322615693,46.19696966572949,46.19696966572949,system,0.0,363,0.8573962751962244,0.03620314869442958,meta_train_support,4,MARGO-SPLIT-v1,20,20,80,3,364,0.0,0.2,20,10,0.0005,0.0005,mrlco_first_order_mean_pseudogradient,fixed_literature_derived_defaults,0.0014461681195073839,7.230840597537147e-05,0.011568055228000635,0.0005784027613999765,0.0007265706173179738,3.632853086590199e-05,3.0,0.0,0.08383560220832786,0.7366467302122913,0.05331560942944193,,,,,,,,,,,,,,,,
0.05810836550924894,0.022,0.97425,0.00375,-0.0006172140710987151,0.010543016716837883,0.004956181161590696,0.02058333333892127,0.7041845977306365,0.0,0.0,0.0,0.0,0.0,0.0,0.07838326932579068,1.5634186267852783,publication,0.6485495567321777,5.4969871044158936,0.37472327654578536,0.42027029736833355,200,0.5201269070353666,1.5295849391259253,-0.010713559109717607,0.3747232765457853,0.4202702988684177,215.47830459594726,mobile,0.0018968971333175302,0.005197621828189502,10.773915381187772,10.773915381187772,system,0.0,364,0.4202702988684177,0.051076993592441326,meta_train_support,4,MARGO-SPLIT-v1,20,20,80,3,365,0.0,0.2,20,10,0.0005,0.0005,mrlco_first_order_mean_pseudogradient,fixed_literature_derived_defaults,0.0014422060150703774,7.211030075351954e-05,0.011541925673177834,0.0005770962836588733,0.0007245800128869656,3.622900064435136e-05,3.0,0.0,0.08390771250908138,0.7372238264959502,0.053351838430086285,,,,,,,,,,,,,,,,
0.06616283197277534,0.02425,0.972,0.00375,-0.0008050259784795344,0.06855940818786621,0.005083042417633503,0.01833333334264656,1.0304881989955903,0.0,0.0,0.0,0.0,0.0,0.0,0.07681567079638078,1.4986227750778198,publication,0.6572153568267822,5.272541046142578,0.7477514169109755,0.8398816966245067,200,1.0086993512144042,3.4721807427704334,0.08847682201303542,0.7477514169109756,0.8398816707730293,278.54639921188357,mobile,0.0013065306520600676,0.0037895215015808794,13.927319503223412,13.927319503223412,system,0.0,365,0.8398816707730293,0.05630393379950541,meta_train_support,4,MARGO-SPLIT-v1,20,20,80,3,366,0.0,0.2,20,10,0.0005,0.0005,mrlco_first_order_mean_pseudogradient,fixed_literature_derived_defaults,0.001439440569469574,7.197202847347706e-05,0.011523537471550134,0.0005761768735774719,0.0007226002860757991,3.613001430378959e-05,3.0,0.0,0.08397968453755486,0.7378000033695277,0.053387968444390074,,,,,,,,,,,,,,,,
0.053952414272861446,0.016,0.98225,0.00175,-0.0016868450911715627,0.08335671573877335,0.0035802131826737117,0.013000000097478431,0.9754503606508178,0.0,0.0,0.0,0.0,0.0,0.0,0.06442317007756138,1.500004768371582,publication,0.651787281036377,5.3299970626831055,0.6543489526616436,0.7337096990755526,200,1.018717410377049,3.2067423120024614,0.03652883211907465,0.6543489526616435,0.733709679916501,529.57378074646,mobile,0.0005111228862194777,0.001362174393206702,26.478689102478306,26.478689102478306,system,0.0,366,0.733709679916501,0.04332129616386718,meta_train_support,4,MARGO-SPLIT-v1,20,20,80,3,367,0.0,0.2,20,10,0.0005,0.0005,mrlco_first_order_mean_pseudogradient,fixed_literature_derived_defaults,0.0014355183880813737,7.177591940406292e-05,0.011492138186886509,0.0005746069093442996,0.0007206313479666007,3.603156739832858e-05,3.0,0.0,0.08405146045695892,0.738374610278872,0.0534240000117884,,,,,,,,,,,,,,,,
0.04797796672425483,0.0095,0.9885,0.002,-0.0004937000921927392,0.005026562139391899,0.0057452304929029195,0.009999999962747096,0.3639215470602115,0.0,0.0,0.0,0.0,0.0,0.0,0.044129739161125045,1.097754716873169,publication,0.6345467567443848,5.5061516761779785,0.2893818451682087,0.32367949462015533,200,0.39948757984578515,1.3120810519903898,0.04543517658021301,0.28938184516820875,0.32367950689047575,469.9660729408264,mobile,0.006468095575020087,0.013815273762047681,23.49830359375164,23.49830359375164,system,0.0,367,0.32367950689047575,0.04238871887231566,meta_train_support,4,MARGO-SPLIT-v1,20,20,80,3,368,0.0,0.2,20,10,0.0005,0.0005,mrlco_first_order_mean_pseudogradient,fixed_literature_derived_defaults,0.00143161752289637,7.1580876144825e-05,0.011463646770319235,0.0005731823385159984,0.0007186731106079958,3.5933655530402675e-05,3.0,0.0,0.08412304133310375,0.738947792617388,0.053459933667318806,,,,,,,,,,,,,,,,
0.08484425363820368,0.028,0.96925,0.00275,-0.005726918112486601,0.021643098443746567,0.005121828454745505,0.0354999996876965,1.0286342341452839,0.0,0.0,0.0,0.0,0.0,0.0,0.0676173965693995,1.6236650943756104,publication,0.6171178817749023,5.11620306968689,0.7285442687152606,0.8202618869757862,200,0.6229860479433342,1.6050084247253835,0.03468755190260708,0.7285442687152608,0.82026187710464,215.23379613876344,mobile,0.0028713335923492315,0.013740954491707655,10.76169031522386,10.76169031522386,system,0.0,368,0.82026187710464,0.06532088572266968,meta_train_support,4,MARGO-SPLIT-v1,20,20,80,3,369,0.0,0.2,20,10,0.0005,0.0005,mrlco_first_order_mean_pseudogradient,fixed_literature_derived_defaults,0.0014282037700647627,7.141018850323477e-05,0.011442084618243413,0.0005721042309121405,0.000716725487002012,3.583627435010256e-05,3.0,0.0,0.08419445152160698,0.7395198968483001,0.05349576994166891,,,,,,,,,,,,,,,,
0.07454774237827132,0.018,0.9795,0.0025,-0.0032356949523091316,0.23840805888175964,0.00583195963796849,0.020416666955376663,1.4721357253690561,0.0,0.0,0.0,0.0,0.0,0.0,0.05604878519774537,1.5956329107284546,publication,0.6480011940002441,5.327934265136719,0.7024596486120168,0.7883112317731866,200,1.0022159960708195,3.1135491505265236,0.058316187118180096,0.7024596486120169,0.7883112369477749,398.29934833526613,mobile,0.000996582498353449,0.0025251823699710494,19.91496509577363,19.91496509577363,system,0.0,369,0.7883112369477749,0.052269190744282684,meta_train_support,4,MARGO-SPLIT-v1,20,20,80,3,370,0.0,0.2,20,10,0.0005,0.0005,mrlco_first_order_mean_pseudogradient,fixed_literature_derived_defaults,0.0014243437598753985,7.121718799377175e-05,0.011411160065221134,0.0005705580032610014,0.0007147883910911958,3.573941955455767e-05,3.0,0.0,0.08426566870960076,0.7400904548515611,0.053531509361223466,,,,,,,,,,,,,,,,
0.05499021794813872,0.01175,0.98625,0.002,-0.00208468409255147,0.016177769750356674,0.0022303725110447204,0.016333333185563483,0.6726405666520199,0.0,0.0,0.0,0.0,0.0,0.0,0.04374794791489678,1.6700748205184937,publication,0.6193082332611084,5.211158752441406,0.5537924509519057,0.6240117896068841,200,0.7460570273334048,2.627122468315065,0.04802040118374862,0.5537924509519057,0.6240117794461548,1055.7429489135743,mobile,0.0032754632539445747,0.009178311171011016,52.78714907437126,52.78714907437126,system,0.0,370,0.6240117794461548,0.04274364872917371,meta_train_support,4,MARGO-SPLIT-v1,20,20,80,3,371,0.0,0.2,20,10,0.0005,0.0005,mrlco_first_order_mean_pseudogradient,fixed_literature_derived_defaults,0.0014235581087027314,7.117790543513525e-05,0.011393775483790523,0.0005696887741895029,0.0007128617377459366,3.564308688729784e-05,3.0,0.0,0.08433684661503589,0.7406601436257506,0.053567152448110764,,,,,,,,,,,,,,,,
0.06881367410131715,0.022,0.97525,0.00275,-0.00020326282538007945,0.016631631180644035,0.00377309179156479,0.015250000109275182,0.8116715139398973,0.0,0.0,0.0,0.0,0.0,0.0,0.05911857801053287,1.6948999166488647,publication,0.6220912933349609,5.393090486526489,0.5239142043050774,0.5880610795177199,200,0.5927186798736885,1.68374761967425,0.03415363360545598,0.5239142043050775,0.5880610727518797,359.7473518371582,mobile,0.00038354662346458277,0.0007534023832282658,17.987368868766133,17.987368868766133,system,0.0,371,0.5880610727518797,0.047986569174071556,meta_train_support,4,MARGO-SPLIT-v1,20,20,80,3,372,0.0,0.2,20,10,0.0005,0.0005,mrlco_first_order_mean_pseudogradient,fixed_literature_derived_defaults,0.0014197313395933155,7.098656697966665e-05,0.011363147055070657,0.0005681573527535067,0.0007109454427519958,3.5547272137601005e-05,3.0,0.0,0.08440783318201556,0.7412283009785041,0.053602699720248365,,,,,,,,,,,,,,,,
0.07547011651819696,0.02,0.97825,0.00175,-0.0013034403091296554,0.017855873331427574,0.004794685579933382,0.012083333296080431,0.8963099802533787,0.0,0.0,0.0,0.0,0.0,0.0,0.058625794113643236,1.6957337856292725,publication,0.6394655704498291,5.179445505142212,0.5585329971230034,0.62917429137,200,0.6687688504449981,1.7317993100732565,0.04637201479636133,0.5585329971230033,0.6291743214055896,161.40875493049623,mobile,0.0015304495964364926,0.0042076661918708505,8.070437884427967,8.070437884427967,system,0.0,372,0.6291743214055896,0.061313983445173637,meta_train_support,4,MARGO-SPLIT-v1,20,20,80,3,373,0.0,0.2,20,10,0.0005,0.0005,mrlco_first_order_mean_pseudogradient,fixed_literature_derived_defaults,0.0014178849982329812,7.089424991164883e-05,0.011345662530673244,0.0005672831265336464,0.0007090394227982371,3.545197113991039e-05,3.0,0.0,0.0844787274319272,0.7417955841050378,0.053638151691388275,,,,,,,,,,,,,,,,
0.07328384991638193,0.02925,0.967,0.00375,-0.0016100970096886158,0.013121484778821468,0.004686106677399948,0.022583333449438213,0.8365392751991749,0.0,0.0,0.0,0.0,0.0,0.0,0.06941725190932656,1.5603264570236206,publication,0.5692346096038818,4.932024002075195,0.6432906989267796,0.7243280601290826,200,0.7769647863592891,1.9583693444728851,0.05676368472632021,0.6432906989267796,0.7243280526064336,129.08957504272462,mobile,0.001166590520304034,0.0017745788708322962,6.454478699501903,6.454478699501903,system,0.0,373,0.7243280526064336,0.05721199933138195,meta_train_support,4,MARGO-SPLIT-v1,20,20,80,3,374,0.0,0.2,20,10,0.0005,0.0005,mrlco_first_order_mean_pseudogradient,fixed_literature_derived_defaults,0.0014144045865691914,7.072022932845534e-05,0.011327918364021682,0.000566395918201068,0.000707143595464552,3.5357179773230774e-05,3.0,0.0,0.08454944766125566,0.7423619800232388,0.053673508871161506,,,,,,,,,,,,,,,,
0.05576158204351298,0.01875,0.97775,0.0035,-0.0014597593108192086,0.012972096912562847,0.0049930608753735815,0.011833333363756538,0.6832719646394253,0.0,0.0,0.0,0.0,0.0,0.0,0.058817226707827144,1.53408944606781,publication,0.6508495807647705,5.198257684707642,0.6628363680588499,0.7459850797673516,200,0.7374410389527805,2.1631046761758626,0.035082234331639484,0.66283636805885,0.7459850864112377,307.6765138816834,mobile,0.001563292567588161,0.002845444778097417,15.383825257064252,15.383825257064252,system,0.0,374,0.7459850864112377,0.043746043448448846,meta_train_support,4,MARGO-SPLIT-v1,20,20,80,3,375,0.0,0.2,20,10,0.0005,0.0005,mrlco_first_order_mean_pseudogradient,fixed_literature_derived_defaults,0.001410632841005007,7.053164205024498e-05,0.011297710581717624,0.0005648855290858457,0.0007052578792099799,3.526289396049709e-05,3.0,0.0,0.0846199793033059,0.7429268655523247,0.053708771765122,,,,,,,,,,,,,,,,
0.06319103474696564,0.0245,0.973,0.0025,-0.0010699286358430982,0.052936848253011703,0.008261689007122186,0.01749999999689559,1.0862582564353942,0.0,0.0,0.0,0.0,0.0,0.0,0.058737179765026584,1.51445472240448,publication,0.6470451354980469,4.943031311035156,0.751218448495749,0.844896328614559,200,0.7903696819901584,2.286897028796375,0.0456919142161496,0.751218448495749,0.8448963334225118,496.29023007392885,mobile,0.0006546188459629704,0.0008339651190207392,24.814509864006965,24.814509864006965,system,0.0,375,0.8448963334225118,0.04748625528291101,meta_train_support,4,MARGO-SPLIT-v1,20,20,80,3,376,0.0,0.2,20,10,0.0005,0.0005,mrlco_first_order_mean_pseudogradient,fixed_literature_derived_defaults,0.0014068811579172277,7.034405789585474e-05,0.011267663479106673,0.000563383173955323,0.0007033821933610172,3.516910966805398e-05,3.0,0.0,0.08469032336120176,0.74349024872628,0.05374394087479006,,,,,,,,,,,,,,,,
0.060753633410119676,0.012,0.98725,0.00075,-0.00048465572763234377,0.0586974136531353,0.002280030691923966,0.005833333373690646,0.7310589525848626,0.0,0.0,0.0,0.0,0.0,0.0,0.045920067419189754,1.415637731552124,publication,0.6003425121307373,5.090550184249878,0.546604946641222,0.6163943877627753,200,1.2018082771832936,4.2652049120515585,0.03507624789199326,0.5466049466412218,0.6163943911530078,540.4878555583954,mobile,0.00107211930728832,0.002147564517091276,27.02439265779462,27.02439265779462,system,0.0,376,0.6163943911530078,0.05450486579276191,meta_train_support,4,MARGO-SPLIT-v1,20,20,80,3,377,0.0,0.2,20,10,0.0005,0.0005,mrlco_first_order_mean_pseudogradient,fixed_literature_derived_defaults,0.0014083222200508535,7.041611100254419e-05,0.01125360499088009,0.0005626802495439787,0.0007015164581001126,3.507582290500355e-05,3.0,0.0,0.0847607394722043,0.744052928975824,0.05377901669769506,,,,,,,,,,,,,,,,
0.04736730184845667,0.01225,0.9865,0.00125,-0.0022152576129883528,0.013254290446639061,0.004607566609047353,0.010750000008071463,0.43510349914431573,0.0,0.0,0.0,0.0,0.0,0.0,0.04400161730770911,1.1149907112121582,publication,0.6502463817596436,4.876621723175049,0.42633045205565795,0.4793327720634261,200,0.5546311158916389,1.431481646373868,0.028590141053427942,0.4263304520556579,0.47933277041651307,727.9465209579467,mobile,0.001982980412542195,0.003798891758155139,36.39732717763099,36.39732717763099,system,0.0,377,0.47933277041651307,0.039114122787709114,meta_train_support,4,MARGO-SPLIT-v1,20,20,80,3,378,0.0,0.2,20,10,0.0005,0.0005,mrlco_first_order_mean_pseudogradient,fixed_literature_derived_defaults,0.0014045964998919886,7.02298249946054e-05,0.011223833549105274,0.000561191677455275,0.0006996605944543452,3.498302972271966e-05,3.0,0.0,0.08483096929719891,0.7446141206532793,0.05381399972741778,,,,,,,,,,,,,,,,
0.07896007505477973,0.02975,0.969,0.00125,-0.0010161033133044839,0.07892981916666031,0.005932080321023629,0.01366666650089125,0.9625699131439129,0.0,0.0,0.0,0.0,0.0,0.0,0.06846040872792719,1.4872190952301025,publication,0.6216721534729004,5.439162015914917,0.7934177317953754,0.8957128967882454,200,1.049287100856006,3.0524017605930567,0.03152580332243815,0.7934177317953753,0.8957128721103073,305.8175485897064,mobile,0.0006149719837550313,0.0008527736012493122,15.290877749497325,15.290877749497325,system,0.0,378,0.8957128721103073,0.06218942253775591,meta_train_support,4,MARGO-SPLIT-v1,20,20,80,3,379,0.0,0.2,20,10,0.0005,0.0005,mrlco_first_order_mean_pseudogradient,fixed_literature_derived_defaults,0.0014008904405255192,7.004452202627465e-05,0.0111942192125641,0.0005597109606282347,0.0006978145242842809,3.489072621421646e-05,3.0,0.0,0.08490101381922519,0.7451738316139075,0.053848890453631996,,,,,,,,,,,,,,,,
0.05353333618273,0.0195,0.9785,0.002,-0.001485568704083562,0.0211781058460474,0.003580176644027233,0.009833333222195506,0.45312116481363773,0.0,0.0,0.0,0.0,0.0,0.0,0.05811545835924257,1.5133463144302368,publication,0.6342549324035645,5.338024854660034,0.3688878007531493,0.4141189896787546,200,0.654728929788285,2.150209031999111,0.03638184281589929,0.3688878007531494,0.4141190069541335,465.58957958221436,mobile,0.0004045577473053598,0.0005443404458239932,23.279480973909504,23.279480973909504,system,0.0,379,0.4141190069541335,0.040342659277209744,meta_train_support,4,MARGO-SPLIT-v1,20,20,80,3,380,0.0,0.2,20,10,0.0005,0.0005,mrlco_first_order_mean_pseudogradient,fixed_literature_derived_defaults,0.0013972038867346626,6.986019433673218e-05,0.011164760740952089,0.0005582380370475759,0.0006959781702730065,3.479890851364881e-05,3.0,0.0,0.08497087401356192,0.7457320696509551,0.053883689362145645,,,,,,,,,,,,,,,,
0.0643002229156818,0.027,0.97075,0.00225,-0.0017925992142409086,0.020765269175171852,0.007615475662373683,0.015166666607062021,0.7787562609960637,0.0,0.0,0.0,0.0,0.0,0.0,0.07446726021198763,1.6741054058074951,publication,0.5714807510375977,5.073810577392578,0.8277021089895095,0.9306524007823463,200,0.8225693515767417,2.3642037843819708,0.0594393413484795,0.8277021089895097,0.9306524089165031,409.3190824508667,mobile,0.0004354206997927138,0.0005425806492540097,20.46595425782083,20.46595425782083,system,0.0,380,0.9306524089165031,0.05149281593476782,meta_train_support,4,MARGO-SPLIT-v1,20,20,80,3,381,0.0,0.2,20,10,0.0005,0.0005,mrlco_first_order_mean_pseudogradient,fixed_literature_derived_defaults,0.0013961907815673862,6.980953907836929e-05,0.01114913794511249,0.0005574568972556149,0.0006941514559153345,3.4707572795764086e-05,3.0,0.0,0.08504068355264029,0.7462895265482107,0.05391839693494141,,,,,,,,,,,,,,,,
0.05802546882294468,0.019,0.9785,0.0025,-0.0009193293517455459,0.018857482820749283,0.0028089934455541275,0.00949999992735684,0.6632009216894705,0.0,0.0,0.0,0.0,0.0,0.0,0.05599114673089023,1.7583669424057007,publication,0.6681680679321289,4.9095845222473145,0.3441956898502099,0.3879140551008732,200,0.41650067006666525,1.279636062681675,0.04578897592728026,0.34419568985020976,0.3879140389151871,807.2646635818481,mobile,0.0008293003235524542,0.0008293003235524542,40.363233068221945,40.363233068221945,system,0.0,381,0.3879140389151871,0.04000274669547076,meta_train_support,4,MARGO-SPLIT-v1,20,20,80,3,382,0.0,0.2,20,10,0.0005,0.0005,mrlco_first_order_mean_pseudogradient,fixed_literature_derived_defaults,0.001392535831877419,6.962679159387697e-05,0.011119951720125285,0.0005559975860062183,0.0006923343055071792,3.4616715275360976e-05,3.0,0.0,0.08511031034423416,0.7468455241342169,0.05395301365021677,,,,,,,,,,,,,,,,
0.09097606891469986,0.0445,0.9525,0.003,-0.0009238963830284774,0.1018395721912384,0.008434273545087004,0.021583333378657695,1.3275594664116699,0.0,0.0,0.0,0.0,0.0,0.0,0.09310850066704592,1.7324457168579102,publication,0.6459569931030273,5.089965343475342,1.4538990823337719,1.639728944892995,200,1.0689896042276132,3.4902040529996157,0.094124139577616,1.4538990823337719,1.6397289715707302,432.2183237838745,mobile,0.00015114369357185795,0.00024467625407379785,21.610916892134792,21.610916892134792,system,0.0,382,1.6397289715707302,0.06605534881981667,meta_train_support,4,MARGO-SPLIT-v1,20,20,80,3,383,0.0,0.2,20,10,0.0005,0.0005,mrlco_first_order_mean_pseudogradient,fixed_literature_derived_defaults,0.0013888999680866164,6.944499840433327e-05,0.011090917903623652,0.0005545458951812243,0.0006905266441350978,3.452633220675516e-05,3.0,0.0,0.0851797553426385,0.7474000700293981,0.053987539982423526,,,,,,,,,,,,,,,,
0.06138112782838971,0.03,0.96875,0.00125,0.0005167184281162918,0.019253473728895187,0.007169254667436083,0.016000000139077503,0.8299421889086565,0.0,0.0,0.0,0.0,0.0,0.0,0.06227246596658395,1.7204275131225586,publication,0.5854547023773193,3.1826019287109375,0.9460847517979305,1.06567450015762,200,0.6096647952748858,1.823084019124508,0.07859721779823303,0.9460847517979305,1.0656744924932717,714.5621217536926,mobile,0.00014769045985583648,0.0003557294451900996,35.72810620210265,35.72810620210265,system,0.0,383,1.0656744924932717,0.0436050365972312,meta_train_support,4,MARGO-SPLIT-v1,20,20,80,3,384,0.0,0.2,20,10,0.0005,0.0005,mrlco_first_order_mean_pseudogradient,fixed_literature_derived_defaults,0.001385283041086391,6.926415205431302e-05,0.011062035304916298,0.0005531017652458114,0.0006887283976659959,3.443641988330054e-05,3.0,0.0,0.08524901949469281,0.7479531717946439,0.054021976402306826,,,,,,,,,,,,,,,,
0.06270410552304934,0.0075,0.991,0.0015,-0.0014874886255711317,0.09074955433607101,0.0029628771822899575,0.006166666590919097,1.0397363414367038,0.0,0.0,0.0,0.0,0.0,0.0,0.041333872044694873,1.7044459581375122,publication,0.5841560363769531,3.406649351119995,0.7597679381244836,0.8536834136660036,200,0.9432148273191818,2.481860774802044,0.06184178323019296,0.7597679381244837,0.8536834287829698,220.80940558433534,mobile,0.0006163707456184567,0.0012519579439948172,11.040470076200265,11.040470076200265,system,0.0,384,0.8536834287829698,0.05081122355962698,meta_train_support,4,MARGO-SPLIT-v1,20,20,80,3,385,0.0,0.2,20,10,0.0005,0.0005,mrlco_first_order_mean_pseudogradient,fixed_literature_derived_defaults,0.0013816849033173354,6.908424516587075e-05,0.01103330274568275,0.0005516651372841075,0.0006869394927369934,3.434697463684799e-05,3.0,0.0,0.08531810373985868,0.748504836931928,0.054056323376943674,,,,,,,,,,,,,,,,
0.043143847268862466,0.004,0.99525,0.00075,-0.000500667083542794,0.0068702069111168385,0.0008278442017778312,0.002249999949708581,0.5288647830486298,0.0,0.0,0.0,0.0,0.0,0.0,0.020793210773853703,0.6148869395256042,publication,0.6358299255371094,5.068953990936279,0.1798875633267269,0.20120787296138587,200,0.19446056685131485,0.6010410383460112,0.04189272882649675,0.1798875633267269,0.20120787490159273,1129.8531324768066,mobile,0.0003620606105801745,0.001222109597092963,56.492657601695974,56.492657601695974,system,0.0,385,0.20120787490159273,0.03419704932338778,meta_train_support,4,MARGO-SPLIT-v1,20,20,80,3,386,0.0,0.2,20,10,0.0005,0.0005,mrlco_first_order_mean_pseudogradient,fixed_literature_derived_defaults,0.0013781054087491557,6.89052704374582e-05,0.011004719059813105,0.0005502359529906409,0.0006851598567454468,3.425799283727354e-05,3.0,0.0,0.08538700901029614,0.7490550728849187,0.05409058136978095,,,,,,,,,,,,,,,,
0.06571623251658379,0.00675,0.99275,0.0005,-0.0021495509427040815,0.02432091161608696,0.0018801059719559515,0.01024999991059303,0.9046841577937206,0.0,0.0,0.0,0.0,0.0,0.0,0.034482667755697076,1.599988579750061,publication,0.5123121738433838,4.824970483779907,0.7439614290873735,0.8379278026828615,200,0.9131516279006358,2.320039491984062,0.024515692493878305,0.7439614290873736,0.8379277937393635,493.2047165489197,mobile,0.0005287640119467738,0.001253962266386567,24.660237456721823,24.660237456721823,system,0.0,386,0.8379277937393635,0.04819974692559036,meta_train_support,4,MARGO-SPLIT-v1,20,20,80,3,387,0.0,0.2,20,10,0.0005,0.0005,mrlco_first_order_mean_pseudogradient,fixed_literature_derived_defaults,0.001374544412860915,6.872722064305004e-05,0.01097628309325028,0.0005488141546625691,0.0006833894178391278,3.416947089195793e-05,3.0,0.0,0.08545573623093919,0.7496038870395813,0.054124750840672906,,,,,,,,,,,,,,,,
0.052600765455522336,0.0045,0.99475,0.00075,-0.0019179615192115307,0.07870263606309891,0.0004055462653448657,0.001333333303531011,1.0323635039230186,0.0,0.0,0.0,0.0,0.0,0.0,0.022297320626172373,1.558653712272644,publication,0.6373403072357178,4.833351135253906,0.5890621011405909,0.6617737057960039,200,0.8825718351757874,2.39619651902467,0.03547526634065434,0.589062101140591,0.6617737060040235,620.0449568939209,mobile,0.000762756840410063,0.00597209673055981,31.002247467994767,31.002247467994767,system,0.0,387,0.6617737060040235,0.04012108298421764,meta_train_support,4,MARGO-SPLIT-v1,20,20,80,3,388,0.0,0.2,20,10,0.0005,0.0005,mrlco_first_order_mean_pseudogradient,fixed_literature_derived_defaults,0.0013710017726215828,6.855008863107526e-05,0.010947993703834688,0.0005473996851916851,0.0006816281049065527,3.4081405245328655e-05,3.0,0.0,0.08552428631957026,0.7501512867247729,0.054158832245918234,,,,,,,,,,,,,,,,
0.06060813786254334,0.0065,0.9935,0.0,0.0003800639242399484,0.008744815364480019,0.0009722358085767268,0.0053333333693444725,0.707113203778863,0.0,0.0,0.0,0.0,0.0,0.0,0.025343491561218345,1.62798273563385,publication,0.6470024585723877,5.506976842880249,0.43733235488653244,0.4930771160951008,200,0.5764433652650143,1.7885326640680432,0.0572698985633906,0.4373323548865323,0.49307711407542226,669.0507563972474,mobile,0.0001367826334200397,0.00020050912559092652,33.45253570822963,33.45253570822963,system,0.0,388,0.49307711407542226,0.04870050721283947,meta_train_support,4,MARGO-SPLIT-v1,20,20,80,3,389,0.0,0.2,20,10,0.0005,0.0005,mrlco_first_order_mean_pseudogradient,fixed_literature_derived_defaults,0.0013674773464708845,6.837386732354289e-05,0.010919849761151307,0.000545992488057534,0.0006798758475674613,3.3993792378374244e-05,3.0,0.0,0.08559266018689381,0.7506972792128305,0.05419282603829661,,,,,,,,,,,,,,,,
0.06177576987642861,0.00125,0.99875,0.0,-0.0027769282460212708,0.011091427877545357,0.0011793416739801425,0.004500000054637591,0.5194283242026966,0.0,0.0,0.0,0.0,0.0,0.0,0.01571494972532762,1.4748923778533936,publication,0.661862850189209,5.146350383758545,0.4925992371893815,0.5536069017156114,200,0.6036786346990265,1.7111926402430981,0.058340670188044896,0.4925992371893817,0.5536069104075432,794.9329303741455,mobile,0.0002683674929142867,0.0003028395647561344,39.74664626584858,39.74664626584858,system,0.0,389,0.5536069104075432,0.05111471939981312,meta_train_support,4,MARGO-SPLIT-v1,20,20,80,3,390,0.0,0.2,20,10,0.0005,0.0005,mrlco_first_order_mean_pseudogradient,fixed_literature_derived_defaults,0.0013639709943004464,6.819854971502892e-05,0.010891850146379124,0.000544592507318975,0.0006781325761634422,3.390662880817241e-05,3.0,0.0,0.08566085873660884,0.7512418717201494,0.05422673266710478,,,,,,,,,,,,,,,,
0.055388010168561,0.0055,0.99375,0.00075,-6.219813076313585e-05,0.08229725807905197,0.001519218964703365,0.003916666625688473,0.9555784535904724,0.0,0.0,0.0,0.0,0.0,0.0,0.02071035306133534,1.4425029754638672,publication,0.6298782825469971,5.160679578781128,0.6635990906462029,0.745451877300111,200,0.986298732111715,2.9098968086764216,0.045847894361941144,0.6635990906462028,0.7454518986493349,481.63592750549316,mobile,0.0005287567062860454,0.0010425757001318097,24.08179484153066,24.08179484153066,system,0.0,390,0.7454518986493349,0.040549538550969384,meta_train_support,4,MARGO-SPLIT-v1,20,20,80,3,391,0.0,0.2,20,10,0.0005,0.0005,mrlco_first_order_mean_pseudogradient,fixed_literature_derived_defaults,0.001360482577435228,6.802412887176035e-05,0.01086399375214286,0.0005431996876071876,0.0006763982217487019,3.38199110874321e-05,3.0,0.0,0.0857288828654806,0.7517850714077566,0.05426055257819221,,,,,,,,,,,,,,,,
0.07542951049619846,0.0045,0.995,0.0005,0.00012623664224520326,0.015660488978028297,0.0010482562422902276,0.002749999969576796,0.8460127869620919,0.0,0.0,0.0,0.0,0.0,0.0,0.01689212128843318,1.5501296520233154,publication,0.6520049571990967,4.9705657958984375,0.466120249191447,0.5255488685675664,200,0.41704722370133784,1.0903769069118425,0.04591438795614522,0.46612024919144696,0.5255488604679703,437.2978663063049,mobile,6.0289845150774924e-05,0.0018604778766967828,21.864892319373766,21.864892319373766,system,0.0,391,0.5255488604679703,0.05213284976521432,meta_train_support,4,MARGO-SPLIT-v1,20,20,80,3,392,0.0,0.2,20,10,0.0005,0.0005,mrlco_first_order_mean_pseudogradient,fixed_literature_derived_defaults,0.0013570119586152401,6.785059793076864e-05,0.010836279482366986,0.0005418139741183436,0.0006746727160809756,3.373363580404937e-05,3.0,0.0,0.08579673346341136,0.752326885381875,0.05429428621399626,,,,,,,,,,,,,,,,
0.08042938781319517,0.0035,0.996,0.0005,-0.00040702344267629087,0.09957000613212585,0.0007182023662854438,0.0019999999708185594,1.244799846007178,0.0,0.0,0.0,0.0,0.0,0.0,0.015354328587130582,1.4726934432983398,publication,0.6200926303863525,5.410443544387817,0.9207456266134882,1.0383692249993328,200,1.1194716066645833,3.247236128896475,0.06596028929925524,0.920745626613488,1.038369225859642,155.7623907852173,mobile,0.0003697598220750194,0.001051176974298336,7.788119743092923,7.788119743092923,system,0.0,392,1.038369225859642,0.06215910161703711,meta_train_support,4,MARGO-SPLIT-v1,20,20,80,3,393,0.0,0.2,20,10,0.0005,0.0005,mrlco_first_order_mean_pseudogradient,fixed_literature_derived_defaults,0.0013535590019775423,6.767795009887667e-05,0.010808706252131955,0.000540435312606613,0.0006729559916125763,3.3647799580628635e-05,3.0,0.0,0.08586441141351024,0.7528673206944816,0.05432793401357689,,,,,,,,,,,,,,,,
0.044977579850472384,0.001,0.99875,0.00025,-0.0006899989093653858,0.013705038465559483,0.0004911933003675983,0.0008333333147068819,0.5148167077451944,0.0,0.0,0.0,0.0,0.0,0.0,0.008993793680264019,0.9685016870498657,publication,0.6721444129943848,5.307126522064209,0.33959252562656106,0.3802495103745605,200,0.4673268197205295,1.351876548025757,0.04571216247859411,0.33959252562656095,0.38024952379986643,351.68628826141355,mobile,0.0008262191638594842,0.0008262191638594842,17.58431467796844,17.58431467796844,system,0.0,393,0.38024952379986643,0.03839124610832922,meta_train_support,4,MARGO-SPLIT-v1,20,20,80,3,394,0.0,0.2,20,10,0.0005,0.0005,mrlco_first_order_mean_pseudogradient,fixed_literature_derived_defaults,0.0013501235730385129,6.750617865192154e-05,0.010781272987532637,0.0005390636493766143,0.0006712479814815799,3.356239907408021e-05,3.0,0.0,0.08593191759216216,0.7534063843438582,0.05436149641265097,,,,,,,,,,,,,,,,
0.07381498861815468,0.00175,0.99825,0.0,-0.002227839082479477,0.09617508202791214,0.00047612971061260125,0.0011666666405896347,1.32703785362343,0.0,0.0,0.0,0.0,0.0,0.0,0.011383733915176086,1.374163031578064,publication,0.6652519702911377,5.05910325050354,1.0771219416655442,1.2165410343330587,200,0.8976324632900164,3.176451575360261,0.04978869672049768,1.0771219416655442,1.2165410479158163,402.50681537628174,mobile,0.00015008369697432297,0.00017655072431176856,20.12534175687586,20.12534175687586,system,0.0,394,1.2165410479158163,0.05915422175862168,meta_train_support,4,MARGO-SPLIT-v1,20,20,80,3,395,0.0,0.2,20,10,0.0005,0.0005,mrlco_first_order_mean_pseudogradient,fixed_literature_derived_defaults,0.00134670553867639,6.73352769338248e-05,0.010753978625538882,0.0005376989312769753,0.0006695486195031455,3.3477430975155376e-05,3.0,0.0,0.08599925286909599,0.7539440832751352,0.05439497384362613,,,,,,,,,,,,,,,,
0.0753504560988757,0.00175,0.998,0.00025,-0.0017121765995398164,0.12439463287591934,0.0002619430436662166,0.00091666664617757,1.584008270253738,0.0,0.0,0.0,0.0,0.0,0.0,0.012255190484473218,1.4360747337341309,publication,0.6521804332733154,4.868661403656006,1.34232999774843,1.513720661700936,200,1.0987705248122064,3.25822239741683,0.09085157723166049,1.3423299977484298,1.5137207021191716,512.1479963684083,mobile,8.933162549827639e-05,0.00023276486401366367,25.607399059886774,25.607399059886774,system,0.0,395,1.5137207021191716,0.05547755418922733,meta_train_support,4,MARGO-SPLIT-v1,20,20,80,3,396,0.0,0.2,20,10,0.0005,0.0005,mrlco_first_order_mean_pseudogradient,fixed_literature_derived_defaults,0.001343304767114076,6.71652383557042e-05,0.010726822113858229,0.0005363411056928946,0.0006678578401609659,3.33928920080509e-05,3.0,0.0,0.08606641810745169,0.7544804243808281,0.05442836673563418,,,,,,,,,,,,,,,,
0.06905108014996154,0.00125,0.99875,0.0,-0.0006412438233383,0.00969280768185854,0.00034944526528855787,0.0006666666517655055,0.6412907213593523,0.0,0.0,0.0,0.0,0.0,0.0,0.008381550904973886,1.5294175148010254,publication,0.6844935417175293,5.215386152267456,0.20008406846143076,0.22351007685268998,200,0.378725243188257,1.3485904019325972,0.0328006355848629,0.20008406846143073,0.22351008778437972,110.15974506378174,mobile,0.0002240458815769058,0.0007308045658231368,5.507987334354182,5.507987334354182,system,0.0,396,0.22351008778437972,0.05125142078020137,meta_train_support,4,MARGO-SPLIT-v1,20,20,80,3,397,0.0,0.2,20,10,0.0005,0.0005,mrlco_first_order_mean_pseudogradient,fixed_literature_derived_defaults,0.0013399211279022018,6.699605639511053e-05,0.010699802410800652,0.0005349901205400354,0.0006661755785988475,3.3308778929944105e-05,3.0,0.0,0.0861334141638468,0.7550154145013681,0.05446167551456412,,,,,,,,,,,,,,,,
0.054126886544371554,0.00225,0.99775,0.0,-8.816657646093518e-05,0.1386072337627411,0.00035263279383952463,0.0014166666505237419,1.1291766126950584,0.0,0.0,0.0,0.0,0.0,0.0,0.009669799244446662,1.5325902700424194,publication,0.6746420860290527,5.020387887954712,0.40945215842709215,0.4601995868769882,200,0.9822826003274266,3.3600901579484344,0.036335073062218726,0.40945215842709237,0.4601996194012463,451.58766212463377,mobile,0.0003551428665821394,0.0003551428665821394,22.57938324551112,22.57938324551112,system,0.0,397,0.4601996194012463,0.044037658658073194,meta_train_support,4,MARGO-SPLIT-v1,20,20,80,3,398,0.0,0.2,20,10,0.0005,0.0005,mrlco_first_order_mean_pseudogradient,fixed_literature_derived_defaults,0.0013365544919024476,6.682772459512543e-05,0.010672918485145374,0.0005336459242573088,0.0006645017706124182,3.3225088530618174e-05,3.0,0.0,0.08620024188844193,0.7555490604256254,0.05449490060309474,,,,,,,,,,,,,,,,
0.0832348484381977,0.00425,0.99575,0.0,-0.00034370305365882814,0.017641635611653328,0.001479800409357305,0.0025833332755913338,1.0132655205825964,0.0,0.0,0.0,0.0,0.0,0.0,0.01778377761676589,1.8025532960891724,publication,0.676964282989502,5.04413914680481,0.6762022315425029,0.7585966207606544,200,0.6505153813443983,1.6789952917024493,0.075594084803015,0.676202231542503,0.7585966234654188,151.68237518310548,mobile,0.00016201586227722074,0.0003826958523483076,7.584119038871136,7.584119038871136,system,0.0,398,0.7585966234654188,0.05609953682013922,meta_train_support,4,MARGO-SPLIT-v1,20,20,80,3,399,0.0,0.2,20,10,0.0005,0.0005,mrlco_first_order_mean_pseudogradient,fixed_literature_derived_defaults,0.001333204731271113,6.666023656355657e-05,0.01064616931600967,0.0005323084658004351,0.0006628363526409585,3.314181763204582e-05,3.0,0.0,0.08626690212500548,0.7560813688914259,0.054528042420726786,,,,,,,,,,,,,,,,
0.07064180698466581,0.0035,0.99625,0.00025,-0.00102380127646029,0.05402015894651413,0.0015248564345768044,0.0024999999751647312,1.177706858019034,0.0,0.0,0.0,0.0,0.0,0.0,0.019060988936066732,1.8200916051864624,publication,0.6386666297912598,5.086420297622681,0.7961470427418831,0.8958730422401276,200,1.0041209472543098,2.5548716702032834,0.03253843935090117,0.7961470427418831,0.895873059798032,192.04817432403564,mobile,0.00011767435309588441,0.00011767435309588441,9.602409048714827,9.602409048714827,system,0.0,399,0.895873059798032,0.05386488211384902,meta_train_support,4,MARGO-SPLIT-v1,20,20,80,3,400,0.0,0.2,20,10,0.0005,0.0005,mrlco_first_order_mean_pseudogradient,fixed_literature_derived_defaults,0.0013298717194429352,6.649358597214661e-05,0.010619553892719647,0.0005309776946359479,0.0006611792617593562,3.305896308796602e-05,3.0,0.0,0.08633339571097763,0.7566123465860618,0.05456110138381475,,,,,,,,,,,,,,,,
0.06449926912029116,0.00375,0.996,0.00025,-0.0010896555613726377,0.07475035637617111,0.00035820859294399083,0.002333333327745398,1.1763325223699213,0.0,0.0,0.0,0.0,0.0,0.0,0.023813651740196434,1.873530387878418,publication,0.6565864086151123,4.743417501449585,0.8421481325763005,0.9475014379712957,200,0.9532139343381087,2.417526517994702,0.033537111012265086,0.8421481325763006,0.9475014050677418,240.72877361297608,mobile,0.0001838660912150182,0.0001838660912150182,12.036438915622714,12.036438915622714,system,0.0,400,0.9475014050677418,0.046487116413533806,meta_train_support,4,MARGO-SPLIT-v1,20,20,80,3,401,0.0,0.2,20,10,0.0005,0.0005,mrlco_first_order_mean_pseudogradient,fixed_literature_derived_defaults,0.0013265553311151473,6.632776655575434e-05,0.010593071214682939,0.0005296535607342001,0.0006595304356701807,3.2976521783509294e-05,3.0,0.0,0.08639972347753339,0.757142000146796,0.05459407790559826,-0.11094707359583589,-0.131884288644322,0.131884288644322,0.05,0.3,0.025,0.05,0.975,0.975,0.0,validation/automotive_lexicographic_v1,automotive_lexicographic_v1,a3bd00d5108237acdb706f561212b5d840bac151f48b5250a61c573d9c9ffb6c,778647064.0,0.131884288644322,0.0
0.0729467408293841,0.009,0.99025,0.00075,-0.0005767863476648927,0.03780772536993027,0.002152025591656563,0.004666666593402624,1.0129736684262753,0.0,0.0,0.0,0.0,0.0,0.0,0.02726722897497344,1.927201509475708,publication,0.6157617568969727,5.356717824935913,0.6734993083332005,0.7575653785004761,200,0.5681884135643419,1.4286413174122572,0.03254253276827512,0.6734993083332004,0.7575654046982527,350.83669445037845,mobile,0.00011126664266276173,0.00011126664266276173,17.54183484781962,17.54183484781962,system,0.0,401,0.7575654046982527,0.053524494893893576,meta_train_support,4,MARGO-SPLIT-v1,20,20,80,3,402,0.0,0.2,20,10,0.0005,0.0005,mrlco_first_order_mean_pseudogradient,fixed_literature_derived_defaults,0.0013232554422317763,6.61627721115915e-05,0.01056672029126333,0.0005283360145631466,0.0006578898126958768,3.289449063479527e-05,3.0,0.0,0.08646588624964498,0.7576703361613591,0.054626972396233056,,,,,,,,,,,,,,,,
0.06143009539315677,0.0045,0.99475,0.00075,-0.0008016641950234771,0.023143697530031204,0.003242507947431742,0.0034166666523863867,0.8160658406714598,0.0,0.0,0.0,0.0,0.0,0.0,0.02163856744312797,1.867031216621399,publication,0.589630126953125,5.0487799644470215,0.560088507530772,0.6307666242675622,200,0.7801220659018795,2.052176480181515,0.03051216971653048,0.560088507530772,0.6307666219584643,657.869418182373,mobile,3.008744690239552e-05,3.008744690239552e-05,32.893472748741026,32.893472748741026,system,0.0,402,0.6307666219584643,0.04610887839677793,meta_train_support,4,MARGO-SPLIT-v1,20,20,80,3,403,0.0,0.2,20,10,0.0005,0.0005,mrlco_first_order_mean_pseudogradient,fixed_literature_derived_defaults,0.001319971929968174,6.59985964984039e-05,0.010540500141657217,0.0005270250070829041,0.0006562573317710731,3.281286658855104e-05,3.0,0.0,0.08653188484614338,0.758197361168442,0.05465978526282161,,,,,,,,,,,,,,,,
0.06990405521796733,0.003,0.99625,0.00075,-0.000869271345436573,0.07852379232645035,0.0011983608239567382,0.0025833333066354195,1.2279873454322416,0.0,0.0,0.0,0.0,0.0,0.0,0.0253188748496811,1.759169578552246,publication,0.6059367656707764,4.886270523071289,0.8859194037554693,0.9961594183041598,200,0.9167889331153317,3.1788461273536086,0.05763939904863946,0.8859194037554694,0.9961594045720994,778.2802669715882,mobile,0.0003343458744418852,0.0020081344541205345,38.914013738618856,38.914013738618856,system,0.0,403,0.9961594045720994,0.05121756588238629,meta_train_support,4,MARGO-SPLIT-v1,20,20,80,3,404,0.0,0.2,20,10,0.0005,0.0005,mrlco_first_order_mean_pseudogradient,fixed_literature_derived_defaults,0.0013167046727157775,6.583523363579147e-05,0.010514409794771928,0.0005257204897386458,0.0006546329324350061,3.273164662175032e-05,3.0,0.0,0.08659772007977917,0.7587230816581807,0.05469251690944336,,,,,,,,,,,,,,,,
0.044883573259007284,0.00375,0.996,0.00025,-0.0006072853575460613,0.03160751983523369,0.0008532479721736763,0.0023333332811792695,0.7680549912154675,0.0,0.0,0.0,0.0,0.0,0.0,0.020822682076795992,1.576987385749817,publication,0.6032323837280273,5.095533132553101,0.8649549231773347,0.9742921587112505,200,1.001290804304895,3.190911947749555,0.048032066672021756,0.8649549231773346,0.9742921661771834,894.7830085754395,mobile,0.00025150058115875425,0.00025150058115875425,44.7391486063652,44.7391486063652,system,0.0,404,0.9742921661771834,0.03503076670957381,meta_train_support,4,MARGO-SPLIT-v1,20,20,80,3,405,0.0,0.2,20,10,0.0005,0.0005,mrlco_first_order_mean_pseudogradient,fixed_literature_derived_defaults,0.0013134535500670965,6.56726775033617e-05,0.010488448289105824,0.0005244224144552723,0.0006530165548240555,3.265082774120409e-05,3.0,0.0,0.08666339275728253,0.759247504072636,0.05472516773718456,,,,,,,,,,,,,,,,
0.07061488249900144,0.003,0.9965,0.0005,-0.0007198185194283724,0.010076886042952538,0.0009099564797698651,0.0024166666281720006,0.6692326883474986,0.0,0.0,0.0,0.0,0.0,0.0,0.019903119730953413,1.536909818649292,publication,0.591200590133667,5.367459058761597,0.604629075517637,0.6811637622808484,200,0.7163426543195834,2.1754023283720016,0.04106722852156963,0.6046290755176369,0.6811637616157532,400.1753728103638,mobile,0.00048488693901662804,0.000934746055090305,20.00876989448154,20.00876989448154,system,0.0,405,0.6811637616157532,0.05421306069423117,meta_train_support,4,MARGO-SPLIT-v1,20,20,80,3,406,0.0,0.2,20,10,0.0005,0.0005,mrlco_first_order_mean_pseudogradient,fixed_literature_derived_defaults,0.0013102184428009215,6.551092214004961e-05,0.010462614672630193,0.0005231307336315272,0.0006514081396643903,3.257040698322056e-05,3.0,0.0,0.08672890367942258,0.7597706348062675,0.05475773814416778,,,,,,,,,,,,,,,,
0.05794126789736043,0.0075,0.992,0.0005,-0.0009501698659732938,0.031769584864377975,0.002936333318473316,0.0045833332774539775,0.9564827157805362,0.0,0.0,0.0,0.0,0.0,0.0,0.03145813785886944,1.4627258777618408,publication,0.5753755569458008,4.926824569702148,0.8273175233893869,0.9329848330921595,200,0.9125978196143438,2.544762064004317,0.03676724430988543,0.827317523389387,0.9329848049581051,281.04259725570677,mobile,0.0008143851997850962,0.0013329520729093846,14.052129841762499,14.052129841762499,system,0.0,406,0.9329848049581051,0.04652520648004353,meta_train_support,4,MARGO-SPLIT-v1,20,20,80,3,407,0.0,0.2,20,10,0.0005,0.0005,mrlco_first_order_mean_pseudogradient,fixed_literature_derived_defaults,0.0013069992328677497,6.534996164338225e-05,0.01043690800267287,0.0005218454001336692,0.0006498076282647235,3.24903814132374e-05,3.0,0.0,0.08679425364106597,0.7602924802064012,0.05479022852558102,,,,,,,,,,,,,,,,
0.07966445686320021,0.01125,0.987,0.00175,-0.0026407751720398664,0.08754076063632965,0.005230512166425191,0.006916666558633248,1.360605228319764,0.0,0.0,0.0,0.0,0.0,0.0,0.03964521953184107,1.4504201412200928,publication,0.6377725601196289,4.619180202484131,1.118669642163682,1.260548125602827,200,0.9680931959227469,3.3076840341091156,0.03148312223083849,1.1186696421636817,1.2605481768399478,260.19550941467287,mobile,0.00033071827947674353,0.0006027171549880911,13.009775634437881,13.009775634437881,system,0.0,407,1.2605481768399478,0.05329748154763255,meta_train_support,4,MARGO-SPLIT-v1,20,20,80,3,408,0.0,0.2,20,10,0.0005,0.0005,mrlco_first_order_mean_pseudogradient,fixed_literature_derived_defaults,0.0013037958033754267,6.518979016877091e-05,0.010411327345803575,0.0005205663672901428,0.0006482149625091727,3.2410748125460964e-05,3.0,0.0,0.08685944343123474,0.7608130465736913,0.05482263927370648,,,,,,,,,,,,,,,,
0.06406169498676695,0.00425,0.995,0.00075,-0.0012835081433877349,0.020938336849212646,0.00041005937550788005,0.0030833333420256775,0.8262329064309597,0.0,0.0,0.0,0.0,0.0,0.0,0.022182972880947803,1.4481405019760132,publication,0.6501085758209229,5.3639514446258545,0.6913062244402469,0.778901832534757,200,0.6668668548874457,1.7853146735578775,0.04829466203227639,0.691306224440247,0.7789018217101693,774.658959236145,mobile,0.0008264506766906876,0.0010063969911021308,38.73294823832884,38.73294823832884,system,0.0,408,0.7789018217101693,0.05255107867313329,meta_train_support,4,MARGO-SPLIT-v1,20,20,80,3,409,0.0,0.2,20,10,0.0005,0.0005,mrlco_first_order_mean_pseudogradient,fixed_literature_derived_defaults,0.0013006080385749978,6.503040192874787e-05,0.010385871777720925,0.0005192935888860273,0.0006466300848502261,3.2331504242512354e-05,3.0,0.0,0.08692447383316348,0.7613323401625773,0.05485497077794899,,,,,,,,,,,,,,,,
0.06411817559663471,0.00825,0.9905,0.00125,-0.0009646527469158173,0.05065617337822914,0.0016453797378112255,0.005499999923631549,1.026734583079815,0.0,0.0,0.0,0.0,0.0,0.0,0.02780256764162528,1.529079794883728,publication,0.5749156475067139,4.631988286972046,0.7683425156651918,0.8668958415734233,200,0.977178614512548,2.728755669668317,0.04345276331878267,0.768342515665192,0.8668958300910891,661.175936088562,mobile,0.0002636350537726515,0.00042172886065297945,33.058798374027525,33.058798374027525,system,0.0,409,0.8668958300910891,0.04584687804821372,meta_train_support,4,MARGO-SPLIT-v1,20,20,80,3,410,0.0,0.2,20,10,0.0005,0.0005,mrlco_first_order_mean_pseudogradient,fixed_literature_derived_defaults,0.0012974358238467662,6.487179119234188e-05,0.01036054038314112,0.0005180270191570413,0.0006450529383018108,3.2252646915087446e-05,3.0,0.0,0.08698934562435583,0.7618503671817344,0.05488722342486408,,,,,,,,,,,,,,,,
0.061112719006376534,0.00525,0.99475,0.0,-0.001490225549787283,0.00857267901301384,0.0008618885949170856,0.004250000044703483,0.522711238761743,0.0,0.0,0.0,0.0,0.0,0.0,0.023723403225163194,1.5114272832870483,publication,0.6358816623687744,5.170536279678345,0.46162205667708234,0.5185710304331224,200,0.6468049443673823,1.862279150635004,0.03903501875902293,0.46162205667708245,0.5185710385814309,800.8411634540557,mobile,0.00025249724098084646,0.0054594680095197525,40.042057065609086,40.042057065609086,system,0.0,410,0.5185710385814309,0.04601484559629579,meta_train_support,4,MARGO-SPLIT-v1,20,20,80,3,411,0.0,0.2,20,10,0.0005,0.0005,mrlco_first_order_mean_pseudogradient,fixed_literature_derived_defaults,0.001294279045686555,6.471395228432875e-05,0.01033533225568822,0.0005167666127844361,0.0006434834664324634,3.217417332162381e-05,3.0,0.0,0.08705405957664016,0.7623671337945188,0.054919397598185704,,,,,,,,,,,,,,,,
0.07614458875927652,0.01425,0.9845,0.00125,-0.000892678159289062,0.2364618331193924,0.001212346018542121,0.00550000003228585,1.6999428180356824,0.0,0.0,0.0,0.0,0.0,0.0,0.03931372048645295,1.5610215663909912,publication,0.6065676212310791,5.131421089172363,0.9496032303399314,1.0682500935062853,200,1.073498356935189,2.9454283518716693,0.04721026465995237,0.9496032303399314,1.0682501193881035,292.8457707977295,mobile,0.0004971271936488241,0.0018898806004056731,14.64228821244708,14.64228821244708,system,0.0,411,1.0682501193881035,0.052131004243789116,meta_train_support,4,MARGO-SPLIT-v1,20,20,80,3,412,0.0,0.2,20,10,0.0005,0.0005,mrlco_first_order_mean_pseudogradient,fixed_literature_derived_defaults,0.0012911375916921702,6.455687958460687e-05,0.010310246497786064,0.0005155123248893334,0.0006419216133585982,3.209608066793296e-05,3.0,0.0,0.08711861645622476,0.7628826461194081,0.05495149367885364,,,,,,,,,,,,,,,,
0.05245353049438613,0.0055,0.9935,0.001,-0.0022163609974086285,0.024743730202317238,0.0011604277568816694,0.0034999999683350325,0.7312545549124481,0.0,0.0,0.0,0.0,0.0,0.0,0.026482261785925634,1.6402517557144165,publication,0.6135175228118896,4.490141153335571,0.7809026271001065,0.8792965032757274,200,1.0470466088527013,3.544698804966174,0.0437272298586322,0.7809026271001064,0.8792964946851134,1017.3902437400818,mobile,0.0006132215095324391,0.002037315241128095,50.86951385649533,50.86951385649533,system,0.0,412,0.8792964946851134,0.04697949731589366,meta_train_support,4,MARGO-SPLIT-v1,20,20,80,3,413,0.0,0.2,20,10,0.0005,0.0005,mrlco_first_order_mean_pseudogradient,fixed_literature_derived_defaults,0.0012887259020424064,6.443629510212434e-05,0.010296050525446838,0.0005148025262723399,0.0006403673237378752,3.201836618689502e-05,3.0,0.0,0.08718305275132689,0.7633974486456805,0.05498351204504053,,,,,,,,,,,,,,,,
0.0731544631468433,0.01425,0.98425,0.0015,-0.0026808991096913815,0.11053388565778732,0.0020752936589512197,0.007166666537523269,1.3139272558192412,0.0,0.0,0.0,0.0,0.0,0.0,0.04205261094509102,1.680848479270935,publication,0.606175422668457,4.9978837966918945,0.8275832423868874,0.932997033790598,200,0.9589354563399621,3.116999952122569,0.05932780211151112,0.8275832423868872,0.9329970731772482,175.35661619186402,mobile,0.002949266593610524,0.005738988008665434,8.76783051466533,8.76783051466533,system,0.0,413,0.9329970731772482,0.060036970184488954,meta_train_support,4,MARGO-SPLIT-v1,20,20,80,3,414,0.0,0.2,20,10,0.0005,0.0005,mrlco_first_order_mean_pseudogradient,fixed_literature_derived_defaults,0.001286522398532966,6.43261199266415e-05,0.010287853604441986,0.000514392680222131,0.000638820542762663,3.194102713813263e-05,3.0,0.0,0.08724737887125353,0.7639118413259026,0.055015453072178665,,,,,,,,,,,,,,,,
0.061777241921493406,0.009,0.99025,0.00075,-0.0012392536737024784,0.009768513031303883,0.0013226851917958508,0.004833333256344,0.550493746995926,0.0,0.0,0.0,0.0,0.0,0.0,0.032212553845915134,1.545650839805603,publication,0.5319702625274658,3.432095766067505,0.39756966586788123,0.4478620788725675,200,0.5343965907378628,1.5763499503955245,0.03418544234773435,0.39756966586788123,0.4478620820865035,608.4345428085327,mobile,0.0007617053947820925,0.0011708352067667759,30.421726765043772,30.421726765043772,system,0.0,414,0.4478620820865035,0.04770347049225999,meta_train_support,4,MARGO-SPLIT-v1,20,20,80,3,415,0.0,0.2,20,10,0.0005,0.0005,mrlco_first_order_mean_pseudogradient,fixed_literature_derived_defaults,0.0012836627611960355,6.418313805979514e-05,0.010266820183327766,0.0005133410091663348,0.0006372812161535963,3.186406080767784e-05,3.0,0.0,0.08731156200931332,0.764425182335069,0.05504731713298634,,,,,,,,,,,,,,,,
0.043193283101807534,0.011,0.98775,0.00125,-0.0014693592675030231,0.014799699187278748,0.00196205009256758,0.0065833333258827524,0.6210684942702454,0.0,0.0,0.0,0.0,0.0,0.0,0.03861384008301451,1.5655711889266968,publication,0.6248211860656738,5.128553867340088,0.9414138598702166,1.06329083389297,200,0.932468460358091,3.000908666290343,0.04260051512392238,0.9414138598702166,1.0632908629626037,1094.8549645137787,mobile,0.0011676354832385637,0.002736829410897683,54.742747665627384,54.742747665627384,system,0.0,415,1.0632908629626037,0.039391434797436606,meta_train_support,4,MARGO-SPLIT-v1,20,20,80,3,416,0.0,0.2,20,10,0.0005,0.0005,mrlco_first_order_mean_pseudogradient,fixed_literature_derived_defaults,0.001281335765910421,6.406678829552759e-05,0.010249346949084233,0.0005124673474542485,0.0006357492901532271,3.17874645076599e-05,3.0,0.0,0.08737562879760885,0.7649376496825232,0.055079104597494,,,,,,,,,,,,,,,,
0.06789568343270616,0.01,0.98825,0.00175,-0.0037872467655688524,0.027625400573015213,0.0018764623198270175,0.006666666595265271,0.7261947082976501,0.0,0.0,0.0,0.0,0.0,0.0,0.044880021865398134,1.481633186340332,publication,0.5735635757446289,5.2551469802856445,0.5785959631535996,0.6506424229095864,200,0.7862082850411533,2.243791955523193,0.0483897200319916,0.5785959631535997,0.6506424122303724,231.66414136886596,mobile,0.0008677855354554949,0.0019012145067523298,11.583207551034448,11.583207551034448,system,0.0,416,0.6506424122303724,0.049187364049662126,meta_train_support,4,MARGO-SPLIT-v1,20,20,80,3,417,0.0,0.2,20,10,0.0005,0.0005,mrlco_first_order_mean_pseudogradient,fixed_literature_derived_defaults,0.0012789777262452405,6.39488863122678e-05,0.010231761382201025,0.0005115880691100028,0.0006342247115197661,3.171123557598604e-05,3.0,0.0,0.08743957768392112,0.7654492377516332,0.05511081583306999,,,,,,,,,,,,,,,,
0.048809899351271224,0.011,0.98775,0.00125,-0.0012629328994080424,0.024914585053920746,0.002001136552583678,0.006916666667287549,0.5413334686309099,0.0,0.0,0.0,0.0,0.0,0.0,0.04119624216144874,1.4819203615188599,publication,0.6637663841247559,5.480628490447998,0.4992687415765781,0.5602946278016315,200,0.7637284187962087,2.5582213760353625,0.04602844931650907,0.49926874157657786,0.5602946418710053,478.2413697052002,mobile,0.0003422387801938653,0.0004352644241585306,23.912067144009615,23.912067144009615,system,0.0,417,0.5602946418710053,0.039212759372314575,meta_train_support,4,MARGO-SPLIT-v1,20,20,80,3,418,0.0,0.2,20,10,0.0005,0.0005,mrlco_first_order_mean_pseudogradient,fixed_literature_derived_defaults,0.001275917970919295,6.379589854596524e-05,0.010207283484157482,0.0005103641742079112,0.000632707427520915,3.163537137604311e-05,3.0,0.0,0.08750337358246708,0.7659596019258411,0.05514245120444603,,,,,,,,,,,,,,,,
0.08925814663660746,0.0235,0.97425,0.00225,-0.0025673811323940754,0.029476385563611984,0.003926151882376416,0.012499999906867742,0.8711085096001625,0.0,0.0,0.0,0.0,0.0,0.0,0.06212806509509703,1.468597173690796,publication,0.6083710193634033,4.588756322860718,0.8852298009104657,0.9986400025476905,200,0.7863722900055206,2.8565355138853192,0.0601639427623013,0.8852298009104655,0.9986399867199361,619.5343548393249,mobile,0.0007861114734844792,0.0019679672360208814,30.976717106071632,30.976717106071632,system,0.0,418,0.9986399867199361,0.057867376562470735,meta_train_support,4,MARGO-SPLIT-v1,20,20,80,3,419,0.0,0.2,20,10,0.0005,0.0005,mrlco_first_order_mean_pseudogradient,fixed_literature_derived_defaults,0.0012728728206307049,6.364364103153552e-05,0.010182922425722739,0.0005091461212861637,0.0006311973859277863,3.155986929639226e-05,3.0,0.0,0.08756701722349862,0.7664687480471273,0.055174011073742424,,,,,,,,,,,,,,,,
0.048728107237286246,0.0125,0.986,0.0015,-0.001683217822574079,0.09858787804841995,0.0018802846797977206,0.005666666555528839,0.6659122340381145,0.0,0.0,0.0,0.0,0.0,0.0,0.04342339968093817,1.356498122215271,publication,0.6283576488494873,5.5690953731536865,0.4868740059523451,0.5460782820763416,200,1.019254284219116,3.526186943054199,0.050603726180270314,0.4868740059523452,0.5460782544314862,650.4437020015716,mobile,0.00047278058887745576,0.001175833888385192,32.52218510943042,32.52218510943042,system,0.0,419,0.5460782544314862,0.03730989887316755,meta_train_support,4,MARGO-SPLIT-v1,20,20,80,3,420,0.0,0.2,20,10,0.0005,0.0005,mrlco_first_order_mean_pseudogradient,fixed_literature_derived_defaults,0.0012698421710577745,6.349210855288723e-05,0.010158677372328161,0.0005079338686163615,0.0006296945350089106,3.148472675044284e-05,3.0,0.0,0.0876305093320515,0.7669766819157436,0.05520549580049287,,,,,,,,,,,,,,,,
0.06260662064581805,0.0305,0.967,0.0025,-0.001941033871844411,0.014886915683746338,0.007065372083161492,0.016249999900658927,0.6784568060189484,0.0,0.0,0.0,0.0,0.0,0.0,0.07022221632215414,1.478893518447876,publication,0.6515004634857178,4.895269870758057,0.7001295208677408,0.7874686167924665,200,0.5871766224947588,1.7064185910858214,0.032625707564875484,0.7001295208677407,0.787468604464084,489.66486280441285,mobile,0.0010621218687215297,0.0018533024805554904,24.483244861514024,24.483244861514024,system,0.0,420,0.787468604464084,0.046997841404659096,meta_train_support,4,MARGO-SPLIT-v1,20,20,80,3,421,0.0,0.2,20,10,0.0005,0.0005,mrlco_first_order_mean_pseudogradient,fixed_literature_derived_defaults,0.0012668259188699888,6.334129594350035e-05,0.010134547497334508,0.0005067273748666778,0.0006281988235243289,3.140994117621643e-05,3.0,0.0,0.08769385062799501,0.7674834092906103,0.05523690574166908,,,,,,,,,,,,,,,,
0.0701153511000884,0.02875,0.97,0.00125,-0.0017755272565409541,0.007889448665082455,0.01069678550053747,0.01616666664679845,0.42654839766522246,0.0,0.0,0.0,0.0,0.0,0.0,0.06209306445172768,1.4373109340667725,publication,0.6604030132293701,5.126003265380859,0.44428995496600876,0.4992124772272837,200,0.488120502661413,1.3951407866552472,0.04940002004150301,0.44428995496600887,0.4992124593257904,446.09194978713987,mobile,0.0008522063228598869,0.0009375305692333905,22.30459941574053,22.30459941574053,system,0.0,421,0.4992124593257904,0.052127267466395164,meta_train_support,4,MARGO-SPLIT-v1,20,20,80,3,422,0.0,0.2,20,10,0.0005,0.0005,mrlco_first_order_mean_pseudogradient,fixed_literature_derived_defaults,0.0012638239617162685,6.319119808581575e-05,0.01011053198193798,0.0005055265990968616,0.0006267102007197689,3.133551003598606e-05,3.0,0.0,0.08775704182608082,0.7679889358897072,0.05526824125170507,,,,,,,,,,,,,,,,
0.07441086415487669,0.03875,0.9595,0.00175,-0.0029014095198363066,0.033425815403461456,0.01333466128320045,0.01708333313775559,0.583379103243351,0.0,0.0,0.0,0.0,0.0,0.0,0.06879671923447636,1.3733185529708862,publication,0.6315503120422363,5.589006423950195,0.48691993236219844,0.5470609573374532,200,0.6205389580541738,1.6977797113358974,0.0297493004691205,0.48691993236219844,0.5470609712041914,405.5584806632996,mobile,0.0016405409751371516,0.0021493858176108134,20.277922290779117,20.277922290779117,system,0.0,422,0.5470609712041914,0.05465259984160238,meta_train_support,4,MARGO-SPLIT-v1,20,20,80,3,423,0.0,0.2,20,10,0.0005,0.0005,mrlco_first_order_mean_pseudogradient,fixed_literature_derived_defaults,0.0012608361982133932,6.30418099106661e-05,0.010086630015077607,0.0005043315007539073,0.0006252286163209042,3.126143081604721e-05,3.0,0.0,0.08782008363599149,0.7684932673904611,0.055299502682521116,,,,,,,,,,,,,,,,
0.06363734954317767,0.0295,0.97,0.0005,-0.001944032614119351,0.031669627875089645,0.004121108197917541,0.01124999977958699,0.5567922532558441,0.0,0.0,0.0,0.0,0.0,0.0,0.06808851949086925,1.3604435920715332,publication,0.5932188034057617,3.426037311553955,0.4821424665717111,0.5415421652919485,200,0.6597861959000842,2.251741068204865,0.02201213873922825,0.4821424665717111,0.5415421749092638,490.81316351890564,mobile,0.003126455654596104,0.003979848237440679,24.540657025295626,24.540657025295626,system,0.0,423,0.5415421749092638,0.05407975127421384,meta_train_support,4,MARGO-SPLIT-v1,20,20,80,3,424,0.0,0.2,20,10,0.0005,0.0005,mrlco_first_order_mean_pseudogradient,fixed_literature_derived_defaults,0.001264679116793108,6.32339558396533e-05,0.010087028914620039,0.0005043514457310216,0.0006237540205276945,3.118770102638474e-05,3.0,0.0,0.08788331759183114,0.7689976188361921,0.0553306903835475,,,,,,,,,,,,,,,,
0.04267094987710829,0.0315,0.967,0.0015,-0.00010948044655378908,0.021500153467059135,0.002284707723803573,0.009500000020489096,0.569235947728157,0.0,0.0,0.0,0.0,0.0,0.0,0.06073462959699144,1.353455901145935,publication,0.6599764823913574,4.919062614440918,0.6284447014759088,0.7075915532978252,200,0.7447270038531606,2.289029266219586,0.020320460374932736,0.6284447014759088,0.707591555416584,1886.6966068649292,mobile,0.0028764768387213517,0.004947095078137387,94.33482554227633,94.33482554227633,system,0.0,424,0.707591555416584,0.0434464245939801,meta_train_support,4,MARGO-SPLIT-v1,20,20,80,3,425,0.0,0.2,20,10,0.0005,0.0005,mrlco_first_order_mean_pseudogradient,fixed_literature_derived_defaults,0.0012702077620210268,6.351038810105403e-05,0.010101409881553254,0.000505070494077664,0.0006222863640088058,3.1114318200436974e-05,3.0,0.0,0.0879468279799322,0.7695026893302698,0.05536180470174794,,,,,,,,,,,,,,,,
0.07420350310747528,0.06875,0.92625,0.005,0.0012796279042959213,0.07131677120923996,0.0175325003976468,0.03483333317562938,0.9717913309733074,0.0,0.0,0.0,0.0,0.0,0.0,0.08724509886233377,1.3287376165390015,publication,0.6416234970092773,5.146934270858765,1.0246424150728068,1.1564133549993858,200,0.9675218286636584,3.160128661431372,0.02672159904614091,1.0246424150728068,1.1564133697468788,593.1687697982788,mobile,0.001155307579135444,0.002705528328446905,29.658438754993266,29.658438754993266,system,0.0,425,1.1564133697468788,0.05338453121824283,meta_train_support,4,MARGO-SPLIT-v1,20,20,80,3,426,0.0,0.2,20,10,0.0005,0.0005,mrlco_first_order_mean_pseudogradient,fixed_literature_derived_defaults,0.001267226053659475,6.33613026829738e-05,0.01007769765178435,0.0005038848825892339,0.000620825597896109,3.1041279894804263e-05,3.0,0.0,0.08801018928261517,0.770006574212859,0.05539284598164274,,,,,,,,,,,,,,,,
0.05368371628818626,0.03025,0.9685,0.00125,-0.0005685756332240999,0.013303147628903389,0.007794928703879121,0.022499999512607855,0.4689448432375987,0.0,0.0,0.0,0.0,0.0,0.0,0.06919224909673954,1.275504231452942,publication,0.6223235130310059,4.924890995025635,0.5079084629077738,0.5700494039181649,200,0.5310686721156825,1.4181966034229845,0.02644548901298549,0.5079084629077737,0.5700494072772563,430.9073582839966,mobile,0.0010614174318780481,0.0038607750733537123,21.545367301486227,21.545367301486227,system,0.0,426,0.5700494072772563,0.03580352557614226,meta_train_support,4,MARGO-SPLIT-v1,20,20,80,3,427,0.0,0.2,20,10,0.0005,0.0005,mrlco_first_order_mean_pseudogradient,fixed_literature_derived_defaults,0.00126425831114505,6.321291555724806e-05,0.010054096486323496,0.0005027048243161358,0.0006193716737792563,3.096858368896449e-05,3.0,0.0,0.08807340219817242,0.7705092790371751,0.05542381456533171,,,,,,,,,,,,,,,,
0.07381245492104183,0.0535,0.94475,0.00175,-0.002759370021522045,0.04048949107527733,0.00434867320000194,0.027916666616996128,0.8616514399647712,0.0,0.0,0.0,0.0,0.0,0.0,0.08781089713740027,1.3950389623641968,publication,0.5914177894592285,4.4485108852386475,0.7605049094569538,0.8555677511679142,200,0.9537865052162219,2.3895539604127407,0.04053146779187955,0.760504909456954,0.8555677488818765,116.08555632591248,mobile,0.002042121754081947,0.004091929983969334,5.804277972205295,5.804277972205295,system,0.0,427,0.8555677488818765,0.05359974496580865,meta_train_support,4,MARGO-SPLIT-v1,20,20,80,3,428,0.0,0.2,20,10,0.0005,0.0005,mrlco_first_order_mean_pseudogradient,fixed_literature_derived_defaults,0.0012613044365862999,6.306522182931984e-05,0.010030605606682553,0.0005015302803341726,0.0006179245437003329,3.0896227185016334e-05,3.0,0.0,0.08813646742000174,0.7710108093175093,0.05545471079251672,,,,,,,,,,,,,,,,
0.042408338183562225,0.026,0.9715,0.0025,-0.0010458880569785833,0.02899877354502678,0.004788009003580859,0.015083333399767676,0.5803178966045379,0.0,0.0,0.0,0.0,0.0,0.0,0.06594976617261265,1.1971238851547241,publication,0.6448285579681396,4.727817058563232,0.4375453780974571,0.48990771926983373,200,0.632122842634559,2.1283418271923438,0.02372659742832184,0.43754537809745697,0.4899077239446342,595.594521408081,mobile,0.0028331522897993232,0.00299836811490977,29.77972583367411,29.77972583367411,system,0.0,428,0.4899077239446342,0.03685718139682134,meta_train_support,4,MARGO-SPLIT-v1,20,20,80,3,429,0.0,0.2,20,10,0.0005,0.0005,mrlco_first_order_mean_pseudogradient,fixed_literature_derived_defaults,0.0012583643330045136,6.291821665022068e-05,0.010007224241632012,0.0005003612120816348,0.0006164841601485838,3.0824208007429466e-05,3.0,0.0,0.08819938563665196,0.771511170529591,0.05548553500052415,,,,,,,,,,,,,,,,
0.06943062498879235,0.0475,0.94875,0.00375,-0.0014802473597228527,0.02677755244076252,0.005156253487803042,0.029416666630034644,0.7827939982215563,0.0,0.0,0.0,0.0,0.0,0.0,0.08303540939009743,1.562009572982788,publication,0.6499478816986084,4.408604383468628,0.7067198632413484,0.7936164750151329,200,0.8374758442193887,3.1428056941367686,0.09882690210361034,0.7067198632413482,0.7936165052652359,311.8568282318115,mobile,0.005166691792737435,0.0206857670997551,15.592840613166368,15.592840613166368,system,0.0,429,0.7936165052652359,0.06600878774434088,meta_train_support,4,MARGO-SPLIT-v1,20,20,80,3,430,0.0,0.2,20,10,0.0005,0.0005,mrlco_first_order_mean_pseudogradient,fixed_literature_derived_defaults,0.0012726528077243943,6.363264038622418e-05,0.010039354705817764,0.0005019677352908758,0.000615050476055215,3.075252380276006e-05,3.0,0.0,0.08826301827703818,0.7720131382648818,0.05551628752432691,,,,,,,,,,,,,,,,
0.055935162161570254,0.04825,0.948,0.00375,-0.0029106808360666037,0.13679616153240204,0.003689849970396608,0.024666666891425847,1.4723532152672607,0.0,0.0,0.0,0.0,0.0,0.0,0.0779432331684356,1.6066293716430664,publication,0.6072585582733154,5.124189138412476,1.0759187325608028,1.2114875600056256,200,0.942850762656782,2.884742783382535,0.04309334891149774,1.0759187325608026,1.2114875687286257,1174.0802686882018,mobile,0.006541194054328911,0.006817203062364311,58.70401168115804,58.70401168115804,system,0.0,430,1.2114875687286257,0.041363616396079994,meta_train_support,4,MARGO-SPLIT-v1,20,20,80,3,431,0.0,0.2,20,10,0.0005,0.0005,mrlco_first_order_mean_pseudogradient,fixed_literature_derived_defaults,0.001269700016987215,6.348500084936426e-05,0.010016171463898936,0.0005008085731948997,0.0006136234447882656,3.0681172239414856e-05,3.0,0.0,0.08832650327788755,0.7725139468380767,0.05554696869656633,,,,,,,,,,,,,,,,
0.06850939753757104,0.059,0.9385,0.0025,-0.002099778736010194,0.06853630393743515,0.005808107523868481,0.029000000096857548,1.0094159228106343,0.0,0.0,0.0,0.0,0.0,0.0,0.08387336957084698,1.7669713497161865,publication,0.5541365146636963,4.101907014846802,0.8357846784534451,0.9433115965372781,200,1.4408733407173706,4.4458586105611175,0.029210539505584165,0.8357846784534451,0.9433115847036242,150.6397029876709,mobile,0.003497477651423858,0.01026172862902192,7.531985040543809,7.531985040543809,system,0.0,431,0.9433115847036242,0.07227971312294965,meta_train_support,4,MARGO-SPLIT-v1,20,20,80,3,432,0.0,0.2,20,10,0.0005,0.0005,mrlco_first_order_mean_pseudogradient,fixed_literature_derived_defaults,0.0012954641634518296,6.477320817259435e-05,0.010087165167664867,0.0005043582583832418,0.000612203020147552,3.061015100738057e-05,3.0,0.0,0.08839127648606014,0.77301830509646,0.05557757884757371,,,,,,,,,,,,,,,,
0.07313360699176145,0.074,0.92075,0.00525,-0.004436959512531757,0.07502631098031998,0.004629878408741206,0.031583333682889736,1.2155525376399356,0.0,0.0,0.0,0.0,0.0,0.0,0.08806490866150202,1.9224423170089722,publication,0.6619517803192139,4.8667824268341064,0.8543599323575809,0.9633647872872825,200,1.1869312446831557,4.070299070328474,0.044579982408322394,0.8543599323575812,0.9633647830039263,212.5964923477173,mobile,0.0036824867196064382,0.007196936251810846,10.629824486322693,10.629824486322693,system,0.0,432,0.9633647830039263,0.06893590514933803,meta_train_support,4,MARGO-SPLIT-v1,20,20,80,3,433,0.0,0.2,20,10,0.0005,0.0005,mrlco_first_order_mean_pseudogradient,fixed_literature_derived_defaults,0.0012989179519457357,6.494589759728497e-05,0.010106435775294704,0.0005053217887647232,0.0006107891563596824,3.053945781798101e-05,3.0,0.0,0.08845622238365743,0.7735236268852247,0.05560811830539169,,,,,,,,,,,,,,,,
0.05112747840182695,0.051,0.9475,0.0015,-0.0019988531712442636,0.019946472719311714,0.0048403320193756375,0.021083333188047015,0.7164444999148449,0.0,0.0,0.0,0.0,0.0,0.0,0.0762407510069336,1.9549139738082886,publication,0.5731902122497559,4.497276782989502,0.4495235643623518,0.5039002697379419,200,0.5665851059010892,1.8004355616867542,0.030582549115933944,0.4495235643623518,0.5039002828113734,497.62684138298033,mobile,0.006471464395666343,0.010376537178608264,24.881341417514168,24.881341417514168,system,0.0,433,0.5039002828113734,0.04880858900206698,meta_train_support,4,MARGO-SPLIT-v1,20,20,80,3,434,0.0,0.2,20,10,0.0005,0.0005,mrlco_first_order_mean_pseudogradient,fixed_literature_derived_defaults,0.0012991519251112128,6.495759625556319e-05,0.010106160126925431,0.0005053080063462945,0.0006093818080731393,3.046909040365503e-05,3.0,0.0,0.08852117997991299,0.774028934891571,0.055638587395795344,,,,,,,,,,,,,,,,
0.047952721737067314,0.0595,0.93825,0.00225,-0.0006268622819334269,0.019425667822360992,0.008015883059124462,0.02666666641210516,0.8153403994937738,0.0,0.0,0.0,0.0,0.0,0.0,0.07901320039163717,1.908337116241455,publication,0.6255161762237549,5.162308931350708,0.687803938542009,0.7729197316085424,200,0.5909944968431734,1.641419671010226,0.050572068706401296,0.6878039385420093,0.7729197213053703,1035.366836824417,mobile,0.0010565895190839906,0.0024060180435806163,51.76834154628722,51.76834154628722,system,0.0,434,0.7729197213053703,0.035598052254030614,meta_train_support,4,MARGO-SPLIT-v1,20,20,80,3,435,0.0,0.2,20,10,0.0005,0.0005,mrlco_first_order_mean_pseudogradient,fixed_literature_derived_defaults,0.0012961653689615318,6.480826844808274e-05,0.01008292757490951,0.000504146378745518,0.000607980930353431,3.0399046517672057e-05,3.0,0.0,0.08858598824836107,0.7745330812703165,0.055668986442313016,,,,,,,,,,,,,,,,
0.047413212973195985,0.04,0.95875,0.00125,-0.00142524647526443,0.012233281508088112,0.005575141788964781,0.01633333317004144,0.5560782629996537,0.0,0.0,0.0,0.0,0.0,0.0,0.07109586292935398,1.803585410118103,publication,0.593956708908081,3.4783546924591064,0.3695600536243307,0.41554887820983366,200,0.847797920848552,2.9445338589139283,0.04625431937165558,0.36956005362433053,0.4155488523282111,534.5421441745758,mobile,0.0014607285716915289,0.0018645162980280025,26.727106347237353,26.727106347237353,system,0.0,435,0.4155488523282111,0.03709029749322842,meta_train_support,4,MARGO-SPLIT-v1,20,20,80,3,436,0.0,0.2,20,10,0.0005,0.0005,mrlco_first_order_mean_pseudogradient,fixed_literature_derived_defaults,0.0012931925126107027,6.465962563054206e-05,0.010059801594233113,0.0005029900797116627,0.0006065864786783084,3.0329323933916963e-05,3.0,0.0,0.08865064787399161,0.7750360713500282,0.05569931576624693,,,,,,,,,,,,,,,,
0.06453405656791251,0.05725,0.9415,0.00125,-0.0006217873306013644,0.024334419518709183,0.009233024021765839,0.027666666389753413,0.7085982106626033,0.0,0.0,0.0,0.0,0.0,0.0,0.07395019491635216,1.6463273763656616,publication,0.6464521884918213,5.365869760513306,0.39735073352315586,0.44815404938708525,200,0.4623184750114483,1.3705470566637814,0.03924781858222559,0.3973507335231559,0.4481540642306209,421.9638571548462,mobile,0.000699870444250906,0.0008809070180820466,21.09819250993288,21.09819250993288,system,0.0,436,0.4481540642306209,0.04773450986588299,meta_train_support,4,MARGO-SPLIT-v1,20,20,80,3,437,0.0,0.2,20,10,0.0005,0.0005,mrlco_first_order_mean_pseudogradient,fixed_literature_derived_defaults,0.0012902332620097628,6.451166310049439e-05,0.010036781453285211,0.0005018390726642119,0.0006051984089330491,3.0259920446654154e-05,3.0,0.0,0.08871515953709211,0.7755379104226924,0.05572957568669359,,,,,,,,,,,,,,,,
0.05132044202125703,0.03,0.96925,0.00075,-5.735341983381659e-05,0.008560664020478725,0.0047067648653561864,0.011666666669771076,0.47756974945465724,0.0,0.0,0.0,0.0,0.0,0.0,0.05563875214386547,1.034062147140503,publication,0.5576770305633545,5.295783281326294,0.14368948714783797,0.1602540083044187,200,0.16120020369469043,0.5268669939250685,0.040782302730804076,0.14368948714783797,0.16025401016697288,379.9731226539612,mobile,0.0014395201429148147,0.001968268510429652,18.998655584763593,18.998655584763593,system,0.0,437,0.16025401016697288,0.043794293065371706,meta_train_support,4,MARGO-SPLIT-v1,20,20,80,3,438,0.0,0.2,20,10,0.0005,0.0005,mrlco_first_order_mean_pseudogradient,fixed_literature_derived_defaults,0.0012872875239686448,6.436437619843083e-05,0.010013866427136158,0.0005006933213568265,0.0006038166774058047,3.0190833870291645e-05,3.0,0.0,0.08877952391329054,0.7760386037440492,0.05575976652056388,,,,,,,,,,,,,,,,
0.06984032444169994,0.04525,0.953,0.00175,-0.002571488032117486,0.05930129066109657,0.005332950157511126,0.02666666631897291,1.0193843911091487,0.0,0.0,0.0,0.0,0.0,0.0,0.058037830097628154,1.4841326475143433,publication,0.6138432025909424,5.11969518661499,0.6497373080424856,0.7311771508370293,200,0.7669214846592503,2.2518978090956807,0.056543340906500816,0.6497373080424855,0.7311771294102073,518.9569326210022,mobile,0.002256497853639837,0.004232530044849399,25.94784961930049,25.94784961930049,system,0.0,438,0.7311771294102073,0.053616017709143336,meta_train_support,4,MARGO-SPLIT-v1,20,20,80,3,439,0.0,0.2,20,10,0.0005,0.0005,mrlco_first_order_mean_pseudogradient,fixed_literature_derived_defaults,0.0012852128694465592,6.426064347232752e-05,0.010003098754968057,0.0005001549377483538,0.0006024412407830125,3.0122062039152075e-05,3.0,0.0,0.08884378455676287,0.7765387586817976,0.05578988858260303,,,,,,,,,,,,,,,,
0.046200749120465595,0.01725,0.9825,0.00025,-0.003965187352150679,0.026195324957370758,0.0025845793500290405,0.01066666681629916,0.7420021926363309,0.0,0.0,0.0,0.0,0.0,0.0,0.039780058822374446,1.4357398748397827,publication,0.6280868053436279,5.420089483261108,0.565254229930661,0.637546830958745,200,0.9240938066291533,3.1164538213051856,0.033680919324979186,0.5652542299306612,0.6375468233600259,599.9700991249084,mobile,0.0007545667213512359,0.0007545667213512359,29.99850545646298,29.99850545646298,system,0.0,439,0.6375468233600259,0.03955101363998012,meta_train_support,4,MARGO-SPLIT-v1,20,20,80,3,440,0.0,0.2,20,10,0.0005,0.0005,mrlco_first_order_mean_pseudogradient,fixed_literature_derived_defaults,0.001282291931106908,6.411459655535079e-05,0.009980364439615858,0.0004990182219808403,0.0006010720561448693,3.005360280724373e-05,3.0,0.0,0.08890789915331822,0.7770377769037784,0.055819942185410275,,,,,,,,,,,,,,,,
0.0464657038779613,0.02525,0.97325,0.0015,-0.004454310052096844,0.09129106253385544,0.005998478681431152,0.023666666696468986,1.0164242781698702,0.0,0.0,0.0,0.0,0.0,0.0,0.03856935170913271,1.510085105895996,publication,0.6063172817230225,4.595452547073364,0.602650613962799,0.6765099816365546,200,0.7500975208036985,2.4510771594941616,0.06451253665727563,0.602650613962799,0.6765099738165736,880.6684344291687,mobile,0.001580327743166748,0.014832685625125401,44.03342308286008,44.03342308286008,system,0.0,440,0.6765099738165736,0.03928802976518929,meta_train_support,4,MARGO-SPLIT-v1,20,20,80,3,441,0.0,0.2,20,10,0.0005,0.0005,mrlco_first_order_mean_pseudogradient,fixed_literature_derived_defaults,0.0012793842396531508,6.396921198265071e-05,0.009958574466774719,0.0004979287233387586,0.0005997090809608673,2.9985454048045423e-05,3.0,0.0,0.08897186836530087,0.7775357056271172,0.05584992763945832,,,,,,,,,,,,,,,,
0.0524097460488485,0.01375,0.98525,0.001,-0.004096966236829758,0.016721684485673904,0.008020173027034618,0.0166666668218871,0.600470242400964,0.0,0.0,0.0,0.0,0.0,0.0,0.032455345523051626,1.4802571535110474,publication,0.5917339324951172,3.218252658843994,0.631397314328306,0.7084111364713863,200,0.5060209275530779,1.5327748181298375,0.050613999424967915,0.631397314328306,0.7084111382625997,1143.2076760482787,mobile,0.005210762803161664,0.008928900825303848,57.16038635815426,57.16038635815426,system,0.0,441,0.7084111382625997,0.04189740896435353,meta_train_support,4,MARGO-SPLIT-v1,20,20,80,3,442,0.0,0.2,20,10,0.0005,0.0005,mrlco_first_order_mean_pseudogradient,fixed_literature_derived_defaults,0.001276855248906681,6.384276244533749e-05,0.00995422373542715,0.0004977111867713324,0.0005983522730853902,2.9917613654270592e-05,3.0,0.0,0.0890357111277462,0.7780334168138885,0.05587984525311259,,,,,,,,,,,,,,,,
0.06159885502916847,0.02,0.9795,0.0005,-0.001959676155820489,0.08721421658992767,0.002985732006557858,0.01000000002483527,1.061389500523607,0.0,0.0,0.0,0.0,0.0,0.0,0.04042865901641201,1.6671547889709473,publication,0.6336698532104492,5.139784812927246,0.8372157888017078,0.9431762791689107,200,0.7600754800339474,2.214561803266406,0.04768862473429181,0.837215788801708,0.9431762744113803,935.7291387367248,mobile,0.003434323878550244,0.004234383584031192,46.78645783871743,46.78645783871743,system,0.0,442,0.9431762744113803,0.0478830617852298,meta_train_support,4,MARGO-SPLIT-v1,20,20,80,3,443,0.0,0.2,20,10,0.0005,0.0005,mrlco_first_order_mean_pseudogradient,fixed_literature_derived_defaults,0.0012760880306237018,6.380440153118394e-05,0.00994029421140451,0.0004970147105701761,0.000597001590753369,2.9850079537666052e-05,3.0,0.0,0.08909951552927739,0.7785304315244587,0.05590969533265026,,,,,,,,,,,,,,,,
0.05111243031084559,0.015,0.9845,0.0005,8.263618656201288e-05,0.02152845822274685,0.0033857310243623345,0.006250000015522043,0.821218534062306,0.0,0.0,0.0,0.0,0.0,0.0,0.03610516352540221,1.693045973777771,publication,0.6475045680999756,4.931684494018555,0.6993526156186292,0.7874629580863984,200,0.7076938241302847,2.3591387551277876,0.09141668688971549,0.6993526156186289,0.7874629458412528,1276.3885381698608,mobile,7.139551813431223e-05,7.139551813431223e-05,63.819425077048635,63.819425077048635,system,0.0,443,0.7874629458412528,0.03934457080823784,meta_train_support,4,MARGO-SPLIT-v1,20,20,80,3,444,0.0,0.2,20,10,0.0005,0.0005,mrlco_first_order_mean_pseudogradient,fixed_literature_derived_defaults,0.0012732139584826574,6.366069792412832e-05,0.009917906161378824,0.0004958953080689277,0.0005956569925759965,2.9782849628796904e-05,3.0,0.0,0.08916317622720152,0.7790263268325276,0.055939478182279054,,,,,,,,,,,,,,,,
0.047542429732082406,0.0195,0.98,0.0005,0.0009968315716832876,0.014873569831252098,0.007517814269992111,0.013666666640589636,0.6853484379748502,0.0,0.0,0.0,0.0,0.0,0.0,0.03636000774413505,1.838045358657837,publication,0.6216013431549072,5.274198770523071,0.5554706710253556,0.6265398444705533,200,0.5964805537283483,1.7539395587518811,0.04457775270566344,0.5554706710253556,0.626539853848517,1496.1047819519042,mobile,0.00023669422298338148,0.00035631882419870256,74.8052443986025,74.8052443986025,system,0.0,444,0.626539853848517,0.035913693340055855,meta_train_support,4,MARGO-SPLIT-v1,20,20,80,3,445,0.0,0.2,20,10,0.0005,0.0005,mrlco_first_order_mean_pseudogradient,fixed_literature_derived_defaults,0.001270352803519775,6.35176401759946e-05,0.009895618731802691,0.0004947809365901668,0.0005943184375364999,2.971592187682448e-05,3.0,0.0,0.08922669386737751,0.7795211077691178,0.05596919410415588,,,,,,,,,,,,,,,,
0.0761815688090264,0.0175,0.9825,0.0,-0.0013499633641913533,0.10500525683164597,0.003266553030873827,0.01041666652696828,1.2751108954350154,0.0,0.0,0.0,0.0,0.0,0.0,0.04209124041587556,1.7074135541915894,publication,0.6913964748382568,4.944863319396973,0.8569248915998792,0.9665711736993399,200,0.7709854816252661,2.607915848493576,0.11678422437398694,0.8569248915998792,0.9665711410716176,727.6434288597106,mobile,0.005700176378037459,0.005700176378037459,36.382169246921194,36.382169246921194,system,0.0,445,0.9665711410716176,0.05617210999722754,meta_train_support,4,MARGO-SPLIT-v1,20,20,80,3,446,0.0,0.2,20,10,0.0005,0.0005,mrlco_first_order_mean_pseudogradient,fixed_literature_derived_defaults,0.001267504478848206,6.337522394241069e-05,0.009873431245856946,0.0004936715622928523,0.0005929858849859697,2.9649294249298186e-05,3.0,0.0,0.08929006909131992,0.7800147793314106,0.055998843398405176,,,,,,,,,,,,,,,,
0.0413777635697367,0.005,0.99425,0.00075,-0.00092077418230474,0.01414010114967823,0.0007547133857353098,0.0027499999385327102,0.6221169573565324,0.0,0.0,0.0,0.0,0.0,0.0,0.023816732494019912,1.3508307933807373,publication,0.5814058780670166,4.872393369674683,0.4954574068963328,0.5574529051000718,200,0.634896042054512,1.8375350320711732,0.03707092598051531,0.49545740689633266,0.5574529091827571,1053.942957391739,mobile,0.00016116208230239294,0.00016116208230239294,52.6971491152785,52.6971491152785,system,0.0,446,0.5574529091827571,0.02859208770532251,meta_train_support,4,MARGO-SPLIT-v1,20,20,80,3,447,0.0,0.2,20,10,0.0005,0.0005,mrlco_first_order_mean_pseudogradient,fixed_literature_derived_defaults,0.0012646688983586126,6.32334449179317e-05,0.009851343032778966,0.000492567151638923,0.0005916592946392449,2.9582964731961203e-05,3.0,0.0,0.08935330253623786,0.7805073464830495,0.05602842636313714,,,,,,,,,,,,,,,,
0.05599667004962515,0.01075,0.989,0.00025,-0.001110668876208365,0.02770739421248436,0.003652919402470426,0.009249999979510903,0.6549418553709984,0.0,0.0,0.0,0.0,0.0,0.0,0.02459855656411912,1.5932884216308594,publication,0.6544461250305176,5.252937078475952,0.6489420388226071,0.7324761903934995,200,0.670865316136133,1.7474813153967261,0.056679268658626825,0.648942038822607,0.732476155012846,915.1738636398316,mobile,8.16556436933708e-05,0.004459277171517711,45.758696221077635,45.758696221077635,system,0.0,447,0.732476155012846,0.04064552949678602,meta_train_support,4,MARGO-SPLIT-v1,20,20,80,3,448,0.0,0.2,20,10,0.0005,0.0005,mrlco_first_order_mean_pseudogradient,fixed_literature_derived_defaults,0.0012618459767104909,6.309229883552647e-05,0.009829353427795085,0.0004914676713897448,0.0005903386265708537,2.951693132854233e-05,3.0,0.0,0.08941639483507338,0.7809988141544393,0.05605794329446568,,,,,,,,,,,,,,,,
0.0725041373959576,0.008,0.992,0.0,-0.000847837480250746,0.03848736360669136,0.0010694988649296042,0.003583333330849807,1.0736921695371469,0.0,0.0,0.0,0.0,0.0,0.0,0.025860586549214276,1.464233636856079,publication,0.6646389961242676,5.278649091720581,0.8673782449157986,0.9773495166640714,200,0.8005530236660229,2.2300120948348194,0.03732959853914508,0.8673782449157986,0.9773495108634234,383.59813377380374,mobile,6.121173487314428e-05,7.01558035435566e-05,19.17990554967495,19.17990554967495,system,0.0,448,0.9773495108634234,0.05093372554749935,meta_train_support,4,MARGO-SPLIT-v1,20,20,80,3,449,0.0,0.2,20,10,0.0005,0.0005,mrlco_first_order_mean_pseudogradient,fixed_literature_derived_defaults,0.0012590356293236077,6.295178146617508e-05,0.009807461772053893,0.0004903730886026691,0.0005890238412110077,2.9451192060547804e-05,3.0,0.0,0.08947934661653956,0.781489187243042,0.05608739448652623,,,,,,,,,,,,,,,,
0.04756333680067257,0.00375,0.99575,0.0005,-0.0011471903417259455,0.008771155960857868,0.000819983049139239,0.0019999999552965165,0.5219936149815718,0.0,0.0,0.0,0.0,0.0,0.0,0.01575878181460931,1.325608730316162,publication,0.6474268436431885,5.369763374328613,0.44811385518769653,0.5046046199970078,200,0.6973171962844276,1.9495780793949962,0.04559436073759571,0.4481138551876963,0.5046046300977468,443.5897482872009,mobile,0.00043024011912081724,0.00091341615401016,22.17948502224759,22.17948502224759,system,0.0,449,0.5046046300977468,0.03367006616407252,meta_train_support,4,MARGO-SPLIT-v1,20,20,80,3,450,0.0,0.2,20,10,0.0005,0.0005,mrlco_first_order_mean_pseudogradient,fixed_literature_derived_defaults,0.0012562377723695551,6.28118886184803e-05,0.00978566741256044,0.0004892833706280353,0.0005877148993416499,2.9385744967080907e-05,3.0,0.0,0.08954215850515804,0.78197847061367,0.05611678023149331,,,,,,,,,,,,,,,,
0.08710889320562919,0.004,0.99575,0.00025,-0.0008641512249596417,0.17177234590053558,0.0012074299027100702,0.0017499999608844518,1.434718304996689,0.0,0.0,0.0,0.0,0.0,0.0,0.016313459189124895,1.3186274766921997,publication,0.6195206642150879,5.10891580581665,1.0129895972141603,1.145153422151925,200,1.2484826940804963,3.5708608822897077,0.05351590958889574,1.0129895972141605,1.1451534255221487,173.69765621185303,mobile,0.0004136690778032457,0.0006167976804975773,8.684883056911978,8.684883056911978,system,0.0,450,1.1451534255221487,0.06402671465327986,meta_train_support,4,MARGO-SPLIT-v1,20,20,80,3,451,0.0,0.2,20,10,0.0005,0.0005,mrlco_first_order_mean_pseudogradient,fixed_literature_derived_defaults,0.0012534523227634143,6.267261613816799e-05,0.009763969702111304,0.0004881984851056176,0.0005864117620925553,2.9320588104626844e-05,3.0,0.0,0.0896048311212962,0.7824666690987756,0.056146100819597936,-0.12766347495455008,-0.1264404533752727,0.1264404533752727,0.125,0.2,0.025,0.04625,0.975,0.975,0.0,validation/automotive_lexicographic_v1,automotive_lexicographic_v1,a3bd00d5108237acdb706f561212b5d840bac151f48b5250a61c573d9c9ffb6c,328182805.0,0.1264404533752727,0.0
0.05745469121672121,0.00125,0.99875,0.0,-0.0017898206133395433,0.03507789596915245,0.00025792800456988135,0.0006666666517655055,0.8124610076347987,0.0,0.0,0.0,0.0,0.0,0.0,0.012891501894524425,1.2954468727111816,publication,0.6268711090087891,4.632303237915039,0.6507157318117155,0.7324748579853622,200,0.8891032323667194,2.5165515933185816,0.058256980089936405,0.6507157318117154,0.7324748279154301,416.82974725723267,mobile,0.00022731418928775932,0.0003239171984121813,20.841487294169102,20.841487294169102,system,0.0,451,0.7324748279154301,0.04418009272585251,meta_train_support,4,MARGO-SPLIT-v1,20,20,80,3,452,0.0,0.2,20,10,0.0005,0.0005,mrlco_first_order_mean_pseudogradient,fixed_literature_derived_defaults,0.0012506791981555306,6.253395990778177e-05,0.009742367999230526,0.00048711839996151696,0.0005851143909374833,2.925571954687234e-05,3.0,0.0,0.08966736508120399,0.7829537874987371,0.05617535653914481,,,,,,,,,,,,,,,,
0.05966101009830986,0.00025,0.99925,0.0005,-0.0007240291452035308,0.09055089205503464,0.00035628486194225943,0.0005833333202948174,1.129790056683123,0.0,0.0,0.0,0.0,0.0,0.0,0.009495755638237686,1.3708224296569824,publication,0.6850662231445312,4.02929162979126,0.8402240604412211,0.9440154012909625,200,0.9142345215281852,2.4655501891393214,0.048342004796722904,0.8402240604412212,0.9440154082328082,447.5641018676758,mobile,0.00018532504311865973,0.00045416759094098766,22.378205885654275,22.378205885654275,system,0.0,452,0.9440154082328082,0.04453929628413952,meta_train_support,4,MARGO-SPLIT-v1,20,20,80,3,453,0.0,0.2,20,10,0.0005,0.0005,mrlco_first_order_mean_pseudogradient,fixed_literature_derived_defaults,0.0012479183169233992,6.239591584616955e-05,0.009720861668106397,0.00048604308340527425,0.0005838227476903808,2.9191137384518284e-05,3.0,0.0,0.08972976099705016,0.7834398305821424,0.056204547676529326,,,,,,,,,,,,,,,,
0.05384751754274394,0.002,0.998,0.0,-0.0008783443481661379,0.036631159484386444,0.000561310152497126,0.0012499999720603228,0.8645530189077059,0.0,0.0,0.0,0.0,0.0,0.0,0.010257153365385104,1.3728387355804443,publication,0.6606764793395996,5.8972203731536865,0.5351736094092622,0.6013971550943097,200,0.8717226053127549,2.7903766445815563,0.05148547573480755,0.5351736094092623,0.6013971673324704,282.3231796264648,mobile,0.00014242948139729325,0.00018521621689905393,14.116158506581412,14.116158506581412,system,0.0,453,0.6013971673324704,0.03772805153163157,meta_train_support,4,MARGO-SPLIT-v1,20,20,80,3,454,0.0,0.2,20,10,0.0005,0.0005,mrlco_first_order_mean_pseudogradient,fixed_literature_derived_defaults,0.0012451695981636562,6.225847990817823e-05,0.00969945007852907,0.00048497250392642854,0.0005825367945016354,2.9126839725078513e-05,3.0,0.0,0.08979201947695833,0.7839248030860688,0.056233674516254405,,,,,,,,,,,,,,,,
0.05685651449195469,0.00225,0.9975,0.00025,-0.000602471234742552,0.009452853351831436,0.0005251693179251567,0.0019999999552965165,0.6082622718065976,0.0,0.0,0.0,0.0,0.0,0.0,0.010164268423579818,1.535703420639038,publication,0.6586942672729492,5.207662582397461,0.2950729824928466,0.3322681380894483,200,0.6491312560294854,2.2439644291298464,0.029991440707817674,0.29507298249284664,0.3322681387886405,194.54763299942016,mobile,0.00017534472307171862,0.00017534472307171862,9.727381975550712,9.727381975550712,system,0.0,454,0.3322681387886405,0.04733336967229761,meta_train_support,4,MARGO-SPLIT-v1,20,20,80,3,455,0.0,0.2,20,10,0.0005,0.0005,mrlco_first_order_mean_pseudogradient,fixed_literature_derived_defaults,0.0012424329616841756,6.212164808420961e-05,0.009678132605829006,0.00048390663029140857,0.000581256493854379,2.90628246927202e-05,3.0,0.0,0.08985414112504254,0.7844087097163602,0.056262737340947125,,,,,,,,,,,,,,,,
0.07583427806422993,0.00275,0.99725,0.0,0.00012943650654051453,0.017111707478761673,0.0024002385398927814,0.002083333317811291,0.7080564716209967,0.0,0.0,0.0,0.0,0.0,0.0,0.011448367503158148,1.5211960077285767,publication,0.5768723487854004,5.03349494934082,0.6863775351565867,0.7723466539243237,200,0.6126073552184816,1.6766475541517138,0.06244691205210984,0.6863775351565866,0.7723466603085398,235.73584854125977,mobile,2.4474519594481905e-05,2.4474519594481905e-05,11.786792505080568,11.786792505080568,system,0.0,455,0.7723466603085398,0.05818324339842446,meta_train_support,4,MARGO-SPLIT-v1,20,20,80,3,456,0.0,0.2,20,10,0.0005,0.0005,mrlco_first_order_mean_pseudogradient,fixed_literature_derived_defaults,0.0012397083279962716,6.198541639981792e-05,0.009656908630816224,0.0004828454315407571,0.0005799818085608388,2.899909042804183e-05,3.0,0.0,0.08991612654144236,0.784891555147901,0.05629173643137517,,,,,,,,,,,,,,,,
0.06606050915851032,0.00175,0.99825,0.0,-0.00020869039872195572,0.01831432245671749,0.0019354888383222263,0.0009999999776482583,0.6676217377185821,0.0,0.0,0.0,0.0,0.0,0.0,0.009751097137216624,1.5018759965896606,publication,0.5982260704040527,4.264807939529419,0.5275197492679675,0.5929835845046909,200,0.5428247178957497,1.3959078155457973,0.029162305043428205,0.5275197492679675,0.5929835843667388,336.6492733001709,mobile,1.3043679998896501e-05,0.00034571417498052384,16.832463494471867,16.832463494471867,system,0.0,456,0.5929835843667388,0.037557210148921855,meta_train_support,4,MARGO-SPLIT-v1,20,20,80,3,457,0.0,0.2,20,10,0.0005,0.0005,mrlco_first_order_mean_pseudogradient,fixed_literature_derived_defaults,0.0012369956183070018,6.184978091534898e-05,0.009635777539720346,0.00048178887698602235,0.0005787127017587362,2.8935635087934397e-05,3.0,0.0,0.08997797632235771,0.785373344024887,0.0563206720664631,,,,,,,,,,,,,,,,
0.039251234492083564,0.00075,0.999,0.00025,-0.0003897441492881626,0.0664777085185051,0.00024056276771094271,0.0004999999888241291,0.9029009706030289,0.0,0.0,0.0,0.0,0.0,0.0,0.006391235434689493,1.3981596231460571,publication,0.6937026977539062,4.422802925109863,0.7763161529443091,0.8745725624245825,200,0.9760274982056755,3.165025480207987,0.0801842397195287,0.7763161529443094,0.8745725894719363,1182.446809463501,mobile,3.009112471812058e-05,3.009112471812058e-05,59.12234335597015,59.12234335597015,system,0.0,457,0.8745725894719363,0.02947477617881062,meta_train_support,4,MARGO-SPLIT-v1,20,20,80,3,458,0.0,0.2,20,10,0.0005,0.0005,mrlco_first_order_mean_pseudogradient,fixed_literature_derived_defaults,0.0012342947545115716,6.171473772557945e-05,0.009614738724131437,0.00048073693620653835,0.0005774491369077347,2.887245684538714e-05,3.0,0.0,0.09003969106008329,0.7858540809610935,0.05634954452330849,,,,,,,,,,,,,,,,
0.05146368505041064,0.00175,0.998,0.00025,-0.0002793885360006243,0.13090163469314575,0.0004290938831849278,0.0012499999720603228,1.1192408128331104,0.0,0.0,0.0,0.0,0.0,0.0,0.007381182835715192,1.4798930883407593,publication,0.6470589637756348,5.095092058181763,0.9962387663109898,1.1237166616597096,200,1.0685551523609103,3.210316140204668,0.07571565289981663,0.9962387663109901,1.123716676943004,943.3452643203735,mobile,3.652886518356469e-05,3.652886518356469e-05,47.16726407779492,47.16726407779492,system,0.0,458,1.123716676943004,0.038954853795911216,meta_train_support,4,MARGO-SPLIT-v1,20,20,80,3,459,0.0,0.2,20,10,0.0005,0.0005,mrlco_first_order_mean_pseudogradient,fixed_literature_derived_defaults,0.0012316056591858385,6.158028295928653e-05,0.009593791580941608,0.0004796895790470934,0.0005761910777859313,2.8809553889293238e-05,3.0,0.0,0.09010127134304258,0.7863337705401406,0.05637835407719778,,,,,,,,,,,,,,,,
0.05948405813641457,0.0005,0.9995,0.0,-0.00025947936228476465,0.030969122424721718,0.00014728669411660973,0.00024999999441206456,0.7847087599337101,0.0,0.0,0.0,0.0,0.0,0.0,0.006331044665308282,1.4640605449676514,publication,0.6668591499328613,4.435234308242798,0.5509183774369625,0.6192059208157298,200,0.6667342102857562,1.9175801598466933,0.07408835866954178,0.5509183774369626,0.6192059008032084,377.96008017539975,mobile,0.00018962881006376136,0.0003474903904191645,18.898005470483998,18.898005470483998,system,0.0,459,0.6192059008032084,0.04196554805104447,meta_train_support,4,MARGO-SPLIT-v1,20,20,80,3,460,0.0,0.2,20,10,0.0005,0.0005,mrlco_first_order_mean_pseudogradient,fixed_literature_derived_defaults,0.0012289282555789126,6.14464127789427e-05,0.009572935512287387,0.0004786467756143775,0.0005749384884863966,2.8746924424317977e-05,3.0,0.0,0.09016271775582152,0.786812417315755,0.0564071010016221,,,,,,,,,,,,,,,,
0.05457791279497547,0.00075,0.99925,0.0,-0.0002314633602509275,0.01816759631037712,0.000199992929962578,0.00041666665735344094,0.741134680683414,0.0,0.0,0.0,0.0,0.0,0.0,0.005027970854139382,1.5553078651428223,publication,0.6226863861083984,5.281489133834839,0.5499781551353946,0.6181499468338734,200,0.6577686109375761,1.8362012347206473,0.0455028184587718,0.5499781551353946,0.6181499348580837,547.1099362945556,mobile,4.345178286996366e-05,5.599419550952168e-05,27.35549503957818,27.35549503957818,system,0.0,460,0.6181499348580837,0.041335995232804394,meta_train_support,4,MARGO-SPLIT-v1,20,20,80,3,461,0.0,0.2,20,10,0.0005,0.0005,mrlco_first_order_mean_pseudogradient,fixed_literature_derived_defaults,0.0012262624676058565,6.131312338029937e-05,0.009552169925492838,0.00047760849627465074,0.0005736913334137581,2.868456667069058e-05,3.0,0.0,0.09022403087920182,0.7872900258120297,0.05643578556829279,,,,,,,,,,,,,,,,
0.051680015414600454,0.00025,0.99975,0.0,-0.00012974199489690363,0.2132260501384735,7.637526386949923e-06,0.00016666666294137638,1.6593050564328826,0.0,0.0,0.0,0.0,0.0,0.0,0.004697530888420716,1.5110527276992798,publication,0.6532762050628662,5.238032102584839,1.116276756825846,1.2580383618223276,200,1.2438114840158174,3.559730194043368,0.07474974368233234,1.1162767568258463,1.2580383447557688,410.6101387023926,mobile,3.703936020064176e-05,3.703936020064176e-05,20.530507162682326,20.530507162682326,system,0.0,461,1.2580383447557688,0.03682469332204004,meta_train_support,4,MARGO-SPLIT-v1,20,20,80,3,462,0.0,0.2,20,10,0.0005,0.0005,mrlco_first_order_mean_pseudogradient,fixed_literature_derived_defaults,0.0012236082198404758,6.118041099202609e-05,0.009531494233013416,0.0004765747116506347,0.0005724495772808278,2.862247886404462e-05,3.0,0.0,0.09028521129019385,0.7877666005236803,0.056464408047156835,,,,,,,,,,,,,,,,
0.049133298053865494,0.00025,0.99975,0.0,-7.718560664216056e-05,0.009259101003408432,2.073921483624434e-05,8.333333147068819e-05,0.6138053429002562,0.0,0.0,0.0,0.0,0.0,0.0,0.003737972064091764,1.583328366279602,publication,0.6020712852478027,5.574524879455566,0.2731865691493769,0.30674967814148885,200,0.5240624193617882,1.799074773909524,0.03044721197511535,0.27318656914937683,0.3067496746778488,514.5541851043702,mobile,0.0,0.0,25.727708892209957,25.727708892209957,system,0.0,462,0.3067496746778488,0.036999349190492484,meta_train_support,4,MARGO-SPLIT-v1,20,20,80,3,463,0.0,0.2,20,10,0.0005,0.0005,mrlco_first_order_mean_pseudogradient,fixed_literature_derived_defaults,0.001220965437508207,6.104827187540518e-05,0.009510907852380557,0.00047554539261907003,0.0005712131851052753,2.8560659255265353e-05,3.0,0.0,0.09034625956206925,0.7882421459162994,0.0564929687064121,,,,,,,,,,,,,,,,
0.04892421303058858,0.00025,0.99975,0.0,-5.555089228437282e-05,0.021916178986430168,9.463629010341978e-05,0.00016666666294137638,0.7110296927392483,0.0,0.0,0.0,0.0,0.0,0.0,0.0023533116678026394,1.3168013095855713,publication,0.6870970726013184,4.635873079299927,0.3326776779595215,0.37347160008042013,200,0.3893045583409346,1.0899570371257141,0.03570477923494764,0.3326776779595215,0.3734716062992811,370.36153938293455,mobile,8.183431986124273e-06,8.183431986124273e-06,18.518075707043906,18.518075707043906,system,0.0,463,0.3734716062992811,0.03749580199200577,meta_train_support,4,MARGO-SPLIT-v1,20,20,80,3,464,0.0,0.2,20,10,0.0005,0.0005,mrlco_first_order_mean_pseudogradient,fixed_literature_derived_defaults,0.0012183340464790946,6.091670232395707e-05,0.00949041020614698,0.00047452051030738573,0.0005699821222063415,2.8499106110316252e-05,3.0,0.0,0.09040717626439321,0.7887166664266068,0.056521467812522416,,,,,,,,,,,,,,,,
0.06263310147943246,0.0005,0.9995,0.0,-7.003860810073093e-05,0.0270292516797781,7.688883067479466e-06,0.00016666666294137638,0.9573319837450981,0.0,0.0,0.0,0.0,0.0,0.0,0.003452305122675858,1.6713248491287231,publication,0.6388490200042725,5.1792685985565186,0.646310433119735,0.7276570436964539,200,0.8831800423226568,2.4531335164792836,0.032000577102735406,0.646310433119735,0.7276570556685329,305.25539516448976,mobile,8.820729087148071e-05,0.00027253155527760516,15.262770200796153,15.262770200796153,system,0.0,464,0.7276570556685329,0.0438009874754224,meta_train_support,4,MARGO-SPLIT-v1,20,20,80,3,465,0.0,0.2,20,10,0.0005,0.0005,mrlco_first_order_mean_pseudogradient,fixed_literature_derived_defaults,0.00121571397326086,6.0785698663037846e-05,0.009470000721832683,0.00047350003609158975,0.0005687563542015967,2.8437817710079416e-05,3.0,0.0,0.09046796196305625,0.7891901664626984,0.056549905630232496,,,,,,,,,,,,,,,,
0.07625369548755367,0.0,1.0,0.0,-6.226931145647541e-05,0.028382282704114914,3.083373973922221e-08,0.0,1.0659868439038591,0.0,0.0,0.0,0.0,0.0,0.0,0.003689390053801752,1.7259800434112549,publication,0.5707366466522217,4.999258995056152,0.7007438277782154,0.7894719047028047,200,0.7716712926823226,1.8859352925792336,0.03355162691877922,0.7007438277782156,0.7894719248637557,208.3265370464325,mobile,4.06728644893659e-05,4.06728644893659e-05,10.416327244343472,10.416327244343472,system,0.0,465,0.7894719248637557,0.04860642917942716,meta_train_support,4,MARGO-SPLIT-v1,20,20,80,3,466,0.0,0.2,20,10,0.0005,0.0005,mrlco_first_order_mean_pseudogradient,fixed_literature_derived_defaults,0.0012131051449920597,6.06552572496033e-05,0.00944967883187167,0.0004724839415936044,0.0005675358470037392,2.837679235018903e-05,3.0,0.0,0.09052861722030585,0.789662650404292,0.056578282422582685,,,,,,,,,,,,,,,,
0.06387944989211361,0.0,1.0,0.0,-4.531693411991e-05,0.023728255182504654,7.459955400634932e-09,0.0,0.7504334836577377,0.0,0.0,0.0,0.0,0.0,0.0,0.0021760991251566497,1.586534023284912,publication,0.5950186252593994,5.050455808639526,0.45959984661624714,0.5182788463775069,200,0.5215057358950137,1.6047844137065113,0.04094045958481729,0.45959984661624737,0.5182788383215666,624.326944732666,mobile,0.0,0.0,31.216347967210314,31.216347967210314,system,0.0,466,0.5182788383215666,0.04801083929213565,meta_train_support,4,MARGO-SPLIT-v1,20,20,80,3,467,0.0,0.2,20,10,0.0005,0.0005,mrlco_first_order_mean_pseudogradient,fixed_literature_derived_defaults,0.0012105074894353317,6.052537447176487e-05,0.00942944397355931,0.00047147219867793577,0.0005663205668174357,2.831602834087177e-05,3.0,0.0,0.09058914259477761,0.7901341226029699,0.056606598450923556,,,,,,,,,,,,,,,,
0.05909963117523315,0.0005,0.9995,0.0,-6.296367064351216e-05,0.014397962018847466,0.0001907742465610133,0.00033333332588275275,0.6929304232199985,0.0,0.0,0.0,0.0,0.0,0.0,0.0024645736886287476,1.5236057043075562,publication,0.5496799945831299,5.304624319076538,0.411272185150273,0.4613291750886128,200,0.4806207067524148,1.3200824363157153,0.05682658078148961,0.4112721851502729,0.46132916245609523,355.0781535720825,mobile,3.4043616141184676e-05,3.4043616141184676e-05,17.753907713550653,17.753907713550653,system,0.0,467,0.46132916245609523,0.045759283635772245,meta_train_support,4,MARGO-SPLIT-v1,20,20,80,3,468,0.0,0.2,20,10,0.0005,0.0005,mrlco_first_order_mean_pseudogradient,fixed_literature_derived_defaults,0.0012079209349707262,6.039604674853982e-05,0.009409295589000423,0.0004704647794500083,0.0005651104801362018,2.825552400680803e-05,3.0,0.0,0.09064953864152615,0.7906045873824199,0.056634853974930364,,,,,,,,,,,,,,,,
0.0590985487759146,0.0,1.0,0.0,-6.84036931488663e-05,0.01524322759360075,2.9318328816548467e-08,0.0,0.8577421814203262,0.0,0.0,0.0,0.0,0.0,0.0,0.0026271270335213362,1.5617443323135376,publication,0.561147928237915,3.356997489929199,0.611738300847711,0.6891036016919315,200,0.6731305436658359,1.7947038048878312,0.030639990814961493,0.611738300847711,0.6891036059707403,325.46569103240967,mobile,1.8861884377902243e-06,1.8861884377902243e-06,16.27328533878933,16.27328533878933,system,0.0,468,0.6891036059707403,0.043895782367705645,meta_train_support,4,MARGO-SPLIT-v1,20,20,80,3,469,0.0,0.2,20,10,0.0005,0.0005,mrlco_first_order_mean_pseudogradient,fixed_literature_derived_defaults,0.0012053454105891254,6.026727052946268e-05,0.009389233125057992,0.0004694616562529452,0.0005639055537393229,2.8195277686965392e-05,3.0,0.0,0.09070980591205562,0.7910740490386728,0.05666304925261733,,,,,,,,,,,,,,,,
0.06247546212052498,0.0005,0.99925,0.00025,-0.00011604971223277971,0.10741929709911346,0.000205395478069866,0.00041666665735344094,1.1298818562179807,0.0,0.0,0.0,0.0,0.0,0.0,0.0030210562297928534,1.3898321390151978,publication,0.6616678237915039,5.209573745727539,0.6065638922924059,0.683359257880511,200,0.9081088533849772,2.5024071419611573,0.05450280622608261,0.6065638922924059,0.6833592589944602,292.4441822052002,mobile,0.0,0.0,14.622208684508477,14.622208684508477,system,0.0,469,0.6833592589944602,0.04815653711831274,meta_train_support,4,MARGO-SPLIT-v1,20,20,80,3,470,0.0,0.2,20,10,0.0005,0.0005,mrlco_first_order_mean_pseudogradient,fixed_literature_derived_defaults,0.0012027808458857443,6.013904229429379e-05,0.00936925603330255,0.000468462801665126,0.0005627057546888138,2.813528773443902e-05,3.0,0.0,0.09076994495434991,0.791542511840338,0.05669118454035177,,,,,,,,,,,,,,,,
0.05367416137067611,0.0,1.0,0.0,-4.278427513781935e-05,0.01158897951245308,1.3115433178852626e-08,0.0,0.7326929678519567,0.0,0.0,0.0,0.0,0.0,0.0,0.0031430073510736118,1.3832197189331055,publication,0.6584451198577881,4.600056409835815,0.5654150116874228,0.6360438066982897,200,0.6950482013064924,1.8205344812013209,0.07048486213898286,0.5654150116874229,0.6360437986254692,309.8652335357666,mobile,1.1533153280810485e-06,1.1533153280810485e-06,15.493262058959964,15.493262058959964,system,0.0,470,0.6360437986254692,0.03984899255434877,meta_train_support,4,MARGO-SPLIT-v1,20,20,80,3,471,0.0,0.2,20,10,0.0005,0.0005,mrlco_first_order_mean_pseudogradient,fixed_literature_derived_defaults,0.0012002271710537151,6.0011358552686245e-05,0.009349363769962205,0.0004674681884980769,0.0005615110503264171,2.8075552516319824e-05,3.0,0.0,0.0908299563129026,0.792009980028836,0.05671926009286809,,,,,,,,,,,,,,,,
0.06615203343492466,0.00025,0.99975,0.0,-3.810226189671084e-05,0.02305823378264904,6.476373442136178e-06,8.333333147068819e-05,0.8031334684540827,0.0,0.0,0.0,0.0,0.0,0.0,0.0033072282058040016,1.3239578008651733,publication,0.6307966709136963,5.147898435592651,0.5757154123425091,0.6475811414071359,200,0.6917049317454237,1.8061408195644617,0.040143119636923075,0.5757154123425092,0.6475811369717122,664.0637622833252,mobile,0.0,0.0,33.20318930704926,33.20318930704926,system,0.0,471,0.6475811369717122,0.051055576955395365,meta_train_support,4,MARGO-SPLIT-v1,20,20,80,3,472,0.0,0.2,20,10,0.0005,0.0005,mrlco_first_order_mean_pseudogradient,fixed_literature_derived_defaults,0.001197684316877754,5.988421584389447e-05,0.009329555795873301,0.0004664777897936956,0.0005603214082706408,2.8016070413534877e-05,3.0,0.0,0.09088984052874649,0.7924764578186297,0.056747276163281624,,,,,,,,,,,,,,,,
0.07544352790192149,0.0,1.0,0.0,-4.959486977895722e-05,0.0240690466016531,4.093273150799586e-08,0.0,0.8487764387081066,0.0,0.0,0.0,0.0,0.0,0.0,0.003619453946668357,1.337382197380066,publication,0.6684441566467285,5.300900459289551,0.7313636662093991,0.8242093146429397,200,0.5808305001634342,1.6888472698628902,0.07177107618190348,0.7313636662093992,0.8242092987895012,653.9638822937012,mobile,1.0105704595219705e-05,1.0105704595219705e-05,32.69819191253946,32.69819191253946,system,0.0,472,0.8242092987895012,0.05179652152039868,meta_train_support,4,MARGO-SPLIT-v1,20,20,80,3,473,0.0,0.2,20,10,0.0005,0.0005,mrlco_first_order_mean_pseudogradient,fixed_literature_derived_defaults,0.0011951522147279066,5.9757610736399513e-05,0.009309831576431709,0.0004654915788215863,0.0005591367964138318,2.7956839820694745e-05,3.0,0.0,0.09094959813948289,0.7929419493974513,0.05677523300310232,,,,,,,,,,,,,,,,
0.07031974813229858,0.0015,0.9985,0.0,-0.0002099618868669495,0.035137735307216644,0.00019928983153514858,0.0007499999832361937,0.7524032701427739,0.0,0.0,0.0,0.0,0.0,0.0,0.004210616197374199,1.3650150299072266,publication,0.6515984535217285,5.1424241065979,0.572165074101644,0.64267208675039,200,0.749525976957834,2.2792823030613363,0.06448069680482149,0.5721650741016441,0.6426720897108317,528.4518335723877,mobile,7.212862241184996e-05,0.0001570655419783491,26.422590555725492,26.422590555725492,system,0.0,473,0.6426720897108317,0.05150545095433211,meta_train_support,4,MARGO-SPLIT-v1,20,20,80,3,474,0.0,0.2,20,10,0.0005,0.0005,mrlco_first_order_mean_pseudogradient,fixed_literature_derived_defaults,0.0011926307965533752,5.963153982767311e-05,0.009290190581544722,0.0004645095290772838,0.0005579571829192879,2.7897859145961657e-05,3.0,0.0,0.09100922967931056,0.7934064589265286,0.05680313086224828,,,,,,,,,,,,,,,,
0.06597370320926725,0.00075,0.99925,0.0,-0.00012836862879339606,0.011008167639374733,0.0005784895954968209,0.0004999999888241291,0.6061417081703742,0.0,0.0,0.0,0.0,0.0,0.0,0.004202544810725654,1.4342262744903564,publication,0.6547825336456299,5.292994976043701,0.47032409041707157,0.5290462492797815,200,0.5166156765267689,1.5427581635303795,0.045244525535963476,0.4703240904170715,0.5290462400764226,517.7780845642089,mobile,0.0,0.0,25.888907485013387,25.888907485013387,system,0.0,474,0.5290462400764226,0.050855728961675124,meta_train_support,4,MARGO-SPLIT-v1,20,20,80,3,475,0.0,0.2,20,10,0.0005,0.0005,mrlco_first_order_mean_pseudogradient,fixed_literature_derived_defaults,0.0011901199948764207,5.950599974381687e-05,0.009270632285583575,0.0004635316142791446,0.0005567825362184052,2.7839126810917658e-05,3.0,0.0,0.09106873567905438,0.7938699905408078,0.0568309699890592,,,,,,,,,,,,,,,,
0.05199878345740609,0.00025,0.9995,0.00025,-9.696245251689106e-05,0.010861704126000404,0.00010559985275297075,0.00024999999441206456,0.5253022514283656,0.0,0.0,0.0,0.0,0.0,0.0,0.004415684041139461,1.4212301969528198,publication,0.6492090225219727,5.592211723327637,0.4458969982752501,0.5020785734592209,200,0.7073463697211253,2.1650636410340667,0.04316057395772077,0.44589699827525014,0.5020785642974078,270.8237925720215,mobile,1.4541146571195682e-05,0.00028895840767369186,13.541189332193614,13.541189332193614,system,0.0,475,0.5020785642974078,0.0359085537459022,meta_train_support,4,MARGO-SPLIT-v1,20,20,80,3,476,0.0,0.2,20,10,0.0005,0.0005,mrlco_first_order_mean_pseudogradient,fixed_literature_derived_defaults,0.0011876197427863442,5.93809871393125e-05,0.00925115616733655,0.0004625578083667925,0.0005556128250078623,2.7780641250391147e-05,3.0,0.0,0.09112811666619369,0.7943325483491745,0.05685875063030959,,,,,,,,,,,,,,,,
0.058425436104212095,0.0005,0.9995,0.0,-9.824553126236424e-05,0.10211680829524994,9.802934072909626e-05,0.00024999999441206456,0.9334186196948091,0.0,0.0,0.0,0.0,0.0,0.0,0.004220951363308382,1.3741798400878906,publication,0.6748747825622559,5.493342638015747,0.6957253061112411,0.784549926953332,200,0.9009642755696052,3.1685533532872796,0.035180009799660183,0.6957253061112416,0.7845499102026224,421.1496292114258,mobile,0.0,0.0,21.057480823932988,21.057480823932988,system,0.0,476,0.7845499102026224,0.043544479183650064,meta_train_support,4,MARGO-SPLIT-v1,20,20,80,3,477,0.0,0.2,20,10,0.0005,0.0005,mrlco_first_order_mean_pseudogradient,fixed_literature_derived_defaults,0.0011851299739335426,5.925649869667482e-05,0.009231761709962679,0.00046158808549812136,0.0005544480182468395,2.7722400912338907e-05,3.0,0.0,0.09118737316489037,0.7947941364346727,0.05688647303122193,,,,,,,,,,,,,,,,
0.06886541484477157,0.0005,0.99925,0.00025,-0.0001762670581229031,0.018306974321603775,0.00014691018721409063,0.0004999999888241291,0.7561466023325921,0.0,0.0,0.0,0.0,0.0,0.0,0.005504262036936892,1.4141199588775635,publication,0.6712231636047363,5.202709674835205,0.5587373173119338,0.6280691696860594,200,0.7332933970136174,2.12766119139269,0.06237884674919769,0.558737317311934,0.6280691726878286,280.8430267524719,mobile,4.2428158164571495e-05,4.2428158164571495e-05,14.042151955078195,14.042151955078195,system,0.0,477,0.6280691726878286,0.050401177523384834,meta_train_support,4,MARGO-SPLIT-v1,20,20,80,3,478,0.0,0.2,20,10,0.0005,0.0005,mrlco_first_order_mean_pseudogradient,fixed_literature_derived_defaults,0.0011826506225236398,5.9132531126188104e-05,0.009212448400946021,0.00046062242004729637,0.0005532880851542729,2.766440425771427e-05,3.0,0.0,0.09124650569601656,0.79525475885472,0.05691413743547964,,,,,,,,,,,,,,,,
0.05847754214651766,0.0005,0.9995,0.0,-0.00011617530253715813,0.01290866732597351,4.612643740957712e-05,0.00033333332588275275,0.5992445254077514,0.0,0.0,0.0,0.0,0.0,0.0,0.005014383994352169,1.433225154876709,publication,0.5737555027008057,3.330799102783203,0.45960640708904565,0.5164471450478232,200,0.3799105539870692,1.0559871960431337,0.04748513922095299,0.45960640708904554,0.5164471477270126,1079.3846509933471,mobile,0.0,0.0,53.96922893650669,53.96922893650669,system,0.0,478,0.5164471477270126,0.043575950043162975,meta_train_support,4,MARGO-SPLIT-v1,20,20,80,3,479,0.0,0.2,20,10,0.0005,0.0005,mrlco_first_order_mean_pseudogradient,fixed_literature_derived_defaults,0.0011801816233116907,5.9009081165586896e-05,0.009193215732050519,0.00045966078660253373,0.000552132995206143,2.7606649760307522e-05,3.0,0.0,0.09130551477718214,0.7957144196413225,0.05694174408523995,,,,,,,,,,,,,,,,
0.06287795853282298,0.00025,0.99975,0.0,-7.967273995745927e-05,0.008129293099045753,1.2624855928790312e-05,0.00016666666294137638,0.6649687647819519,0.0,0.0,0.0,0.0,0.0,0.0,0.005061165679726731,1.4236127138137817,publication,0.6617398262023926,5.443532705307007,0.47943767423987005,0.5396863366421895,200,0.7243899814412049,1.8285377658903599,0.04508241784060374,0.47943767423987016,0.5396863252297044,260.1991463470459,mobile,1.066551345710686e-05,1.066551345710686e-05,13.009957557397941,13.009957557397941,system,0.0,479,0.5396863252297044,0.04572782427557007,meta_train_support,4,MARGO-SPLIT-v1,20,20,80,3,480,0.0,0.2,20,10,0.0005,0.0005,mrlco_first_order_mean_pseudogradient,fixed_literature_derived_defaults,0.001177722911596458,5.888614557982008e-05,0.009174063199275412,0.0004587031599637692,0.0005509827181327968,2.754913590664182e-05,3.0,0.0,0.09136440092276196,0.7961731228012863,0.05696929322114659,,,,,,,,,,,,,,,,
0.06645106769555001,0.00075,0.99875,0.0005,-0.00012388761388137937,0.01872941292822361,5.886678436160715e-05,0.00041666665735344094,0.7087875522673129,0.0,0.0,0.0,0.0,0.0,0.0,0.005096494229170681,1.3836418390274048,publication,0.6551132202148438,4.820341110229492,0.8426870978910833,0.9496658623107942,200,0.8936604849292432,2.7335692695342004,0.04733978080912493,0.8426870978910834,0.9496658459305763,533.8930228805542,mobile,9.897621051618739e-05,9.897621051618739e-05,26.69465072002132,26.69465072002132,system,0.0,480,0.9496658459305763,0.046299462249811005,meta_train_support,4,MARGO-SPLIT-v1,20,20,80,3,481,0.0,0.2,20,10,0.0005,0.0005,mrlco_first_order_mean_pseudogradient,fixed_literature_derived_defaults,0.0011752744232147606,5.87637211607317e-05,0.009154990302811222,0.0004577495151405486,0.0005498372239163045,2.7491861195813594e-05,3.0,0.0,0.0914231646439227,0.7966308723164268,0.056996785082342405,,,,,,,,,,,,,,,,
0.07514691150044114,0.00025,0.99975,0.0,-7.150627061491832e-05,0.02414318546652794,1.438949367077447e-05,8.333333147068819e-05,0.6816909063607454,0.0,0.0,0.0,0.0,0.0,0.0,0.005877867928845066,1.3933945894241333,publication,0.5938525199890137,5.121029853820801,0.7231600551303993,0.8171085986826756,200,1.0087077996783889,3.284344151150435,0.04860439425101504,0.7231600551303992,0.8171085970848799,698.0530794906616,mobile,3.6331042425027584e-05,0.00015723354207712893,34.90265200053643,34.90265200053643,system,0.0,481,0.8171085970848799,0.055831167462137045,meta_train_support,4,MARGO-SPLIT-v1,20,20,80,3,482,0.0,0.2,20,10,0.0005,0.0005,mrlco_first_order_mean_pseudogradient,fixed_literature_derived_defaults,0.0011728360945358917,5.864180472679725e-05,0.009135996546996261,0.0004567998273498075,0.0005486964827878475,2.743482413939541e-05,3.0,0.0,0.09148180644864949,0.7970876721437766,0.0570242199064818,,,,,,,,,,,,,,,,
0.06128466965937648,0.00025,0.99925,0.0005,-0.00017068625311367214,0.01090276800096035,0.00020150546514553135,0.0004999999888241291,0.6111925954620043,0.0,0.0,0.0,0.0,0.0,0.0,0.005815363712103873,1.3878265619277954,publication,0.5418081283569336,5.1130454540252686,0.5354189952873345,0.6015313066521776,200,0.5438375407567582,1.5930409552529454,0.06901607330655679,0.5354189952873346,0.6015313068404794,530.8856549072266,mobile,9.039092135258172e-05,0.0003531246516861067,26.54428248148006,26.54428248148006,system,0.0,482,0.6015313068404794,0.04325432178134911,meta_train_support,4,MARGO-SPLIT-v1,20,20,80,3,483,0.0,0.2,20,10,0.0005,0.0005,mrlco_first_order_mean_pseudogradient,fixed_literature_derived_defaults,0.0011704078624561074,5.852039312280455e-05,0.009117081440273702,0.0004558540720136506,0.0005475604652251397,2.7378023261255546e-05,3.0,0.0,0.0915403268417723,0.7975435262157903,0.057051597929743056,,,,,,,,,,,,,,,,
0.07097209753416989,0.00075,0.99925,0.0,-0.00013355498958844692,0.04763752967119217,0.00019847327632975718,0.00033333332588275275,1.002456494793296,0.0,0.0,0.0,0.0,0.0,0.0,0.00582424232148311,1.4266971349716187,publication,0.6377394199371338,4.632034778594971,1.027066684625274,1.158579532392323,200,0.9515522213236092,3.0105660730041564,0.09756050098803826,1.027066684625274,1.1585795345902443,549.1295686340331,mobile,0.00010981348049817029,0.00010981348049817029,27.45648121108193,27.45648121108193,system,0.0,483,1.1585795345902443,0.05034951143531487,meta_train_support,4,MARGO-SPLIT-v1,20,20,80,3,484,0.0,0.2,20,10,0.0005,0.0005,mrlco_first_order_mean_pseudogradient,fixed_literature_derived_defaults,0.0011679896643931814,5.8399483219659376e-05,0.00909824449514917,0.0004549122247574644,0.0005464291419498811,2.732145709749556e-05,3.0,0.0,0.09159872632499196,0.7979984384405477,0.05707891938684055,,,,,,,,,,,,,,,,
0.05255073364646181,0.00025,0.9995,0.00025,-0.00014432701573241502,0.009629831649363041,0.00014809592693440328,0.00033333332588275275,0.6648244339972734,0.0,0.0,0.0,0.0,0.0,0.0,0.005692441609108116,1.4747320413589478,publication,0.5391058921813965,5.266362190246582,0.6129627643025367,0.6885763742393465,200,0.6874701835262539,1.757290480658412,0.05888169968966395,0.6129627643025368,0.6885763457044959,636.1261484527588,mobile,0.0003306322234197577,0.0005385663282492466,31.80630989563751,31.80630989563751,system,0.0,484,0.6885763457044959,0.03947900859133211,meta_train_support,4,MARGO-SPLIT-v1,20,20,80,3,485,0.0,0.2,20,10,0.0005,0.0005,mrlco_first_order_mean_pseudogradient,fixed_literature_derived_defaults,0.0011655814382810306,5.827907191405246e-05,0.009079485228148863,0.0004539742614074749,0.0005453024839252422,2.7265124196262924e-05,3.0,0.0,0.09165700539690601,0.7984524127019552,0.057106184511036814,,,,,,,,,,,,,,,,
0.053184009494689946,0.0005,0.9995,0.0,-0.0001063370582414791,0.3163847327232361,9.462601955069575e-05,0.00033333332588275275,1.4119082673142356,0.0,0.0,0.0,0.0,0.0,0.0,0.005302689941150023,1.4432642459869385,publication,0.6654207706451416,4.797261953353882,1.0179109283502725,1.1458885478753655,200,1.1375674182077438,3.4179205135442317,0.0822502628507209,1.0179109283502725,1.1458885462582111,889.840705947876,mobile,2.2755364507582787e-05,2.2755364507582787e-05,44.49203453164494,44.49203453164494,system,0.0,485,1.1458885462582111,0.03717647249981927,meta_train_support,4,MARGO-SPLIT-v1,20,20,80,3,486,0.0,0.2,20,10,0.0005,0.0005,mrlco_first_order_mean_pseudogradient,fixed_literature_derived_defaults,0.001163183122564403,5.815915612822353e-05,0.009060803159778185,0.0004530401579888599,0.0005441804623533796,2.7209023117667763e-05,3.0,0.0,0.09171516455303423,0.7989054528599441,0.05713339353415448,,,,,,,,,,,,,,,,
0.05396006251432184,0.0005,0.9995,0.0,-0.00015862351574469358,0.0930364653468132,0.0001217246430312661,0.00033333332588275275,0.8617040872573855,0.0,0.0,0.0,0.0,0.0,0.0,0.005294771623227773,1.5192735195159912,publication,0.6616184711456299,5.0020623207092285,0.8006074817923919,0.9033392266726878,200,0.752229833342042,2.0063300617039204,0.03021656029159203,0.800607481792392,0.9033392235264182,1017.869878540039,mobile,3.757835620910075e-05,3.757835620910075e-05,50.89349069091042,50.89349069091042,system,0.0,486,0.9033392235264182,0.035335034582003176,meta_train_support,4,MARGO-SPLIT-v1,20,20,80,3,487,0.0,0.2,20,10,0.0005,0.0005,mrlco_first_order_mean_pseudogradient,fixed_literature_derived_defaults,0.0011607946561936343,5.8039732809683775e-05,0.0090421978144809,0.0004521098907240839,0.0005430630486729825,2.7153152433651018e-05,3.0,0.0,0.09177320428584392,0.7993575627506682,0.05716054668658813,,,,,,,,,,,,,,,,
0.058013070221551985,0.0,1.0,0.0,-4.1356539441039786e-05,0.06597418338060379,1.9860066497826937e-08,0.0,0.8655651148408652,0.0,0.0,0.0,0.0,0.0,0.0,0.005307720171181831,1.5183018445968628,publication,0.6073124408721924,3.310703754425049,0.8666190839116433,0.9761984772657161,200,1.1536320470834145,3.6943736067041755,0.060527044275659136,0.8666190839116436,0.9761984717845916,945.4733959960937,mobile,7.110757485650387e-07,7.110757485650387e-07,47.27366893065619,47.27366893065619,system,0.0,487,0.9761984717845916,0.043717840264596505,meta_train_support,4,MARGO-SPLIT-v1,20,20,80,3,488,0.0,0.2,20,10,0.0005,0.0005,mrlco_first_order_mean_pseudogradient,fixed_literature_derived_defaults,0.001158415978619467,5.79207989309799e-05,0.009023668720598767,0.0004511834360299005,0.0005419502145568493,2.7097510727845664e-05,3.0,0.0,0.0918311250847749,0.7998087461866981,0.05718764419731598,,,,,,,,,,,,,,,,
0.0604190791768105,0.001,0.999,0.0,-0.00011151796206831932,0.020711282268166542,2.8680697729159076e-05,0.0004999999888241291,0.7833906468003987,0.0,0.0,0.0,0.0,0.0,0.0,0.005501576999376621,1.6472002267837524,publication,0.6124191284179688,4.793581247329712,0.8433268281502166,0.9519563096118508,200,0.6051307002468662,1.9098018826916814,0.07545234332792461,0.8433268281502168,0.9519563266634941,790.4984622192383,mobile,7.312849243158734e-05,0.0019201317293712993,39.52492263776226,39.52492263776226,system,0.0,488,0.9519563266634941,0.03831333497393302,meta_train_support,4,MARGO-SPLIT-v1,20,20,80,3,489,0.0,0.2,20,10,0.0005,0.0005,mrlco_first_order_mean_pseudogradient,fixed_literature_derived_defaults,0.0011560470297879342,5.7802351489402715e-05,0.009005215410331693,0.0004502607705165751,0.0005408419319094938,2.704209659547263e-05,3.0,0.0,0.0918889274362643,0.8002590069572146,0.05721468629391145,,,,,,,,,,,,,,,,
0.06897036911260304,0.0005,0.9995,0.0,-0.00012448817142285407,0.08483895659446716,3.60916637681045e-05,0.00033333332588275275,1.0586469784379005,0.0,0.0,0.0,0.0,0.0,0.0,0.005402819968320299,1.6039388179779053,publication,0.6654825210571289,4.97042441368103,1.3449743467931257,1.5180904129058035,200,1.1846578214361028,3.7260235166177154,0.07946042648109142,1.3449743467931257,1.5180903828144074,584.8341056251526,mobile,1.541793441673971e-05,1.541793441673971e-05,29.24170664124883,29.24170664124883,system,0.0,489,1.5180903828144074,0.05069860951619564,meta_train_support,4,MARGO-SPLIT-v1,20,20,80,3,490,0.0,0.2,20,10,0.0005,0.0005,mrlco_first_order_mean_pseudogradient,fixed_literature_derived_defaults,0.001153687750135306,5.768438750676508e-05,0.008986837419698364,0.0004493418709848873,0.0005397381728647805,2.6986908643236718e-05,3.0,0.0,0.09194661182377106,0.8007083488281995,0.05724167320255469,,,,,,,,,,,,,,,,
0.05203156274314026,0.0,0.99975,0.00025,-6.20955615886487e-05,0.027151159942150116,2.3929583203030625e-05,0.00016666666294137638,0.6240279674840471,0.0,0.0,0.0,0.0,0.0,0.0,0.0052372457411263675,1.4748297929763794,publication,0.5936844348907471,3.2459027767181396,0.7478768394269776,0.8420433389313985,200,0.8389688570698564,2.965229087974876,0.05095414735842496,0.7478768394269777,0.8420433693751693,823.5058542442322,mobile,0.00021560434063054207,0.0003448719778275237,41.17529411412566,41.17529411412566,system,0.0,490,0.8420433693751693,0.036534400179073126,meta_train_support,4,MARGO-SPLIT-v1,20,20,80,3,491,0.0,0.2,20,10,0.0005,0.0005,mrlco_first_order_mean_pseudogradient,fixed_literature_derived_defaults,0.0011513380805830953,5.75669040291521e-05,0.008968534288497348,0.0004484267144249099,0.0005386389097835895,2.6931945489180875e-05,3.0,0.0,0.09200417872780021,0.8011567755426244,0.05726860514804387,,,,,,,,,,,,,,,,
0.05540313982464127,0.00075,0.999,0.00025,-0.00014402698434423655,0.009324939921498299,0.00044768066280525734,0.0005833333202948174,0.534726695654293,0.0,0.0,0.0,0.0,0.0,0.0,0.005916912503185699,1.5290495157241821,publication,0.6460018157958984,5.1505796909332275,0.5277837756242145,0.5931982532510301,200,0.48600107108293256,1.4860532623715699,0.045571381226181984,0.5277837756242145,0.5931982568278908,1085.5350382232666,mobile,0.0005464894581398882,0.0057677922928204,54.27675292078803,54.27675292078803,system,0.0,491,0.5931982568278908,0.047992194933612724,meta_train_support,4,MARGO-SPLIT-v1,20,20,80,3,492,0.0,0.2,20,10,0.0005,0.0005,mrlco_first_order_mean_pseudogradient,fixed_literature_derived_defaults,0.0011489979625331297,5.744989812665746e-05,0.008950305560268695,0.00044751527801345503,0.0005375441152515091,2.6877205762575185e-05,3.0,0.0,0.09206162862592687,0.8016042908206379,0.057295482353806444,,,,,,,,,,,,,,,,
0.038880126950596276,0.0015,0.998,0.0005,-0.00020847869745921344,0.006932700518518686,0.0009514040483282868,0.0009999999776482583,0.42925724281618993,0.0,0.0,0.0,0.0,0.0,0.0,0.006417075961408177,1.4357519149780273,publication,0.6437544822692871,5.0600574016571045,0.5008322560010039,0.5626569384228788,200,0.5394475004692229,1.7109941635280848,0.07790964760351926,0.500832256001004,0.5626569422706962,1431.6517525482177,mobile,8.160115785408892e-06,8.160115785408892e-06,71.58258683065962,71.58258683065962,system,0.0,492,0.5626569422706962,0.029174437427414556,meta_train_support,4,MARGO-SPLIT-v1,20,20,80,3,493,0.0,0.2,20,10,0.0005,0.0005,mrlco_first_order_mean_pseudogradient,fixed_literature_derived_defaults,0.0011466673378626772,5.733336689313362e-05,0.00893215078225598,0.0004466075391128532,0.0005364537620765567,2.6822688103826653e-05,3.0,0.0,0.09211896199282,0.8020508983597507,0.05732230504191027,,,,,,,,,,,,,,,,
0.06273454158840411,0.00075,0.999,0.00025,-0.00017617827688809484,0.1086886078119278,0.000131022820826839,0.0005833333202948174,0.836415634304285,0.0,0.0,0.0,0.0,0.0,0.0,0.007361970411177115,1.3744064569473267,publication,0.5790655612945557,4.536862373352051,0.6437607681603983,0.7240337364343578,200,0.9768108840269698,3.2791550727561116,0.04215660065528937,0.6437607681603982,0.7240337447077035,566.6503608322143,mobile,8.195540744484297e-05,0.0004097990407832998,28.33251825015077,28.33251825015077,system,0.0,493,0.7240337447077035,0.04722398942989937,meta_train_support,4,MARGO-SPLIT-v1,20,20,80,3,494,0.0,0.2,20,10,0.0005,0.0005,mrlco_first_order_mean_pseudogradient,fixed_literature_derived_defaults,0.0011443461489196354,5.7217307445983634e-05,0.008914069505368822,0.0004457034752683997,0.000535367823286928,2.676839116434737e-05,3.0,0.0,0.09217617930026599,0.8024966018350191,0.05734907343307462,,,,,,,,,,,,,,,,
0.0583339787037646,0.0015,0.99825,0.00025,-0.00031925184885039926,0.02480492740869522,0.0005871978551367008,0.0010833333091189465,0.6324155965199072,0.0,0.0,0.0,0.0,0.0,0.0,0.007292308297975745,1.3647452592849731,publication,0.6452457904815674,5.099004745483398,0.9637346428968192,1.086072674137249,200,0.9348159661795055,2.573025953490287,0.06524588952743215,0.9637346428968193,1.0860726949572563,889.9013802337646,mobile,1.409686444357399e-06,0.00028540271440010936,44.49506741538065,44.49506741538065,system,0.0,494,1.0860726949572563,0.045864547938906396,meta_train_support,4,MARGO-SPLIT-v1,20,20,80,3,495,0.0,0.2,20,10,0.0005,0.0005,mrlco_first_order_mean_pseudogradient,fixed_literature_derived_defaults,0.0011420343385177775,5.7101716925883617e-05,0.008896061284145855,0.00044480306420724425,0.0005342862721287727,2.6714313606436557e-05,3.0,0.0,0.09223328101719187,0.8029414048992264,0.057375787746681055,,,,,,,,,,,,,,,,
0.06636073979042553,0.00075,0.99925,0.0,-0.0003840909921564162,0.02336200699210167,0.0003272888835973949,0.00033333332588275275,0.5537415855874619,0.0,0.0,0.0,0.0,0.0,0.0,0.00781333503907576,1.3845319747924805,publication,0.6109869480133057,4.539347410202026,0.6860681884250104,0.7732254162048775,200,0.957325276709095,3.0109555078670382,0.03360977896954865,0.6860681884250103,0.7732254196330905,219.11732772827148,mobile,0.000142973273084748,0.000142973273084748,10.955865971941646,10.955865971941646,system,0.0,495,0.7732254196330905,0.051589120119099885,meta_train_support,4,MARGO-SPLIT-v1,20,20,80,3,496,0.0,0.2,20,10,0.0005,0.0005,mrlco_first_order_mean_pseudogradient,fixed_literature_derived_defaults,0.001139731849932056,5.698659249660232e-05,0.00887812567671814,0.00044390628383594866,0.0005332090820639969,2.6660454103197284e-05,3.0,0.0,0.09229026760968848,0.8033853111830623,0.05740244820078425,,,,,,,,,,,,,,,,
0.05973336439308543,0.00075,0.99875,0.0005,-0.0002931017952505499,0.08081556856632233,6.613562527454005e-05,0.0006666666517655055,0.7541429717714587,0.0,0.0,0.0,0.0,0.0,0.0,0.008455782525729023,1.3800103664398193,publication,0.5599830150604248,5.0069355964660645,0.7187965759026826,0.8097948283962615,200,0.8605504983942421,2.4494208563119173,0.03384118920803303,0.7187965759026828,0.8097948458045721,653.294467086792,mobile,0.00016583538149960217,0.0058848010629969985,32.66472377675558,32.66472377675558,system,0.0,496,0.8097948458045721,0.046769502711735605,meta_train_support,4,MARGO-SPLIT-v1,20,20,80,3,497,0.0,0.2,20,10,0.0005,0.0005,mrlco_first_order_mean_pseudogradient,fixed_literature_derived_defaults,0.0011374386268939636,5.6871931344695814e-05,0.008860262244773034,0.0004430131122385994,0.0005321362267680935,2.6606811338404646e-05,3.0,0.0,0.09234713954103317,0.8038283242953009,0.05742905501212266,,,,,,,,,,,,,,,,
0.06200211493327966,0.0005,0.999,0.0005,-0.0001534850598545745,0.02917957305908203,0.00028824389478256937,0.0005833333202948174,0.6259160310029983,0.0,0.0,0.0,0.0,0.0,0.0,0.009180419049669222,1.4891693592071533,publication,0.6496891975402832,5.265166759490967,0.6219808023382943,0.7010763526562368,200,0.7330098127945376,2.5829512951895595,0.06644426810089499,0.6219808023382941,0.701076356433332,912.5225303936005,mobile,8.724644720022196e-05,0.00028937696288881105,45.62612598459166,45.62612598459166,system,0.0,497,0.701076356433332,0.04373035074167772,meta_train_support,4,MARGO-SPLIT-v1,20,20,80,3,498,0.0,0.2,20,10,0.0005,0.0005,mrlco_first_order_mean_pseudogradient,fixed_literature_derived_defaults,0.0011351546135869475,5.675773067934098e-05,0.00884247055351847,0.00044212352767591945,0.0005310676801279969,2.655338400640167e-05,3.0,0.0,0.09240389727171251,0.8042704478229769,0.05745560839612906,,,,,,,,,,,,,,,,
0.05163586133801068,0.001,0.99875,0.00025,-0.00038982415571808815,0.016525033861398697,0.0007428241154158854,0.0006666666517655054,0.4686521425222357,0.0,0.0,0.0,0.0,0.0,0.0,0.010757706009985853,1.460713505744934,publication,0.6099886894226074,4.4411256313323975,0.6402361251139065,0.7208885376685976,200,0.824097763502935,2.092440480366349,0.018152896489482373,0.6402361251139067,0.7208885384723545,687.7921259689331,mobile,0.0008267305981344605,0.0013952198560020406,34.38960526856065,34.38960526856065,system,0.0,498,0.7208885384723545,0.04188242115420571,meta_train_support,4,MARGO-SPLIT-v1,20,20,80,3,499,0.0,0.2,20,10,0.0005,0.0005,mrlco_first_order_mean_pseudogradient,fixed_literature_derived_defaults,0.0011328797546418835,5.6643987732099554e-05,0.008824750171647692,0.00044123750858238164,0.0005300034162399648,2.650017081199524e-05,3.0,0.0,0.09246054125944461,0.8047116853315592,0.057482108566941054,,,,,,,,,,,,,,,,
0.07973528208305838,0.003,0.997,0.0,-0.0003293073968961835,0.1650373786687851,0.000467480421690188,0.0017499999608844522,1.0372673522680997,0.0,0.0,0.0,0.0,0.0,0.0,0.011374331461753642,1.4871488809585571,publication,0.6090750694274902,5.250048398971558,0.7662817554472744,0.8619467515673023,200,1.1443945450364506,3.6086794240400195,0.05150084919296205,0.7662817554472745,0.8619467622041702,153.96011445999144,mobile,0.0001094039320207813,0.00024687137146002795,7.698005956932135,7.698005956932135,system,0.0,499,0.8619467622041702,0.06294796198132101,meta_train_support,4,MARGO-SPLIT-v1,20,20,80,3,500,0.0,0.2,20,10,0.0005,0.0005,mrlco_first_order_mean_pseudogradient,fixed_literature_derived_defaults,0.0011306139951325997,5.653069975662672e-05,0.008807100671304396,0.00044035503356520955,0.0005289434094074849,2.6447170470372816e-05,3.0,0.0,0.09251707195920124,0.8051520403651244,0.057508555737411426,,,,,,,,,,,,,,,,
