"Average greedy latency,",mask/active_rate,mask/forced_rate,mask/all_invalid_rate,policy/invalid_action_rate,policy/argmax_masked_rate,policy/entropy_valid,critic/value_abs_max,inner_update_mode,PolicyExecTime,EnvExecTime,AverageDiscountedReturn,AverageReturn,NumTrajs,StdReturn,MaxReturn,MinReturn,"Average energy,",Itr,"Average reward, ","Average latency,",split_role,seed,split_version,support_graphs_per_meta_task,support_trajectories_per_meta_task,query_graph_count,k_steps,outer_update_count,entropy_coefficient,value_clip_epsilon,ppo_batch_size_trajectories,meta_batch_size_distributions,inner_learning_rate,outer_learning_rate,outer_update_method,hyperparameter_provenance.policy,validation_query_composite_objective_k0,validation_query_composite_objective,validation_query_mean_latency_k0,validation_query_mean_latency_k3,checkpoint_selection_metric,checkpoint_is_best_val
623.5231310930933,0.0,0.0,0.0,0.0,0.0,1.0961478823802395,0.31908559799194336,publication,33.50901484489441,69.28822112083435,0.5110793375614959,0.5536364566813025,10000,0.12274094083392827,0.918984405467651,-0.16038711618931756,849.4175062976626,0,0.5536364566813025,955.9195745996011,meta_train_support,0,MARGO-SPLIT-v1,20,20,80,3,1,0.0,0.2,20,10,0.0005,0.0005,mrlco_first_order_mean_pseudogradient,fixed_literature_derived_defaults,0.5407967731964866,0.5582044943433105,981.6643158906606,931.9226018677912,validation_query_composite_objective,1
617.191951992389,0.0,0.0,0.0,0.0,0.0,1.0721190395525577,0.21487726271152496,publication,34.05468559265137,68.97762537002563,0.5293224805147659,0.5771567525343436,10000,0.10331060861146071,0.897501045997118,-0.06700481247690393,887.9577008584878,1,0.5771567525343436,903.8534107252326,meta_train_support,0,MARGO-SPLIT-v1,20,20,80,3,2,0.0,0.2,20,10,0.0005,0.0005,mrlco_first_order_mean_pseudogradient,fixed_literature_derived_defaults,,,,,,
585.2707312858854,0.0,0.0,0.0,0.0,0.0,0.9974090445633635,0.28450554609298706,publication,35.06218934059143,67.92626023292542,0.539645565960822,0.5895808589224436,10000,0.10624976020268154,0.9479213435305481,-0.007008929650355045,855.6557127231893,2,0.5895808589224436,907.618752507301,meta_train_support,0,MARGO-SPLIT-v1,20,20,80,3,3,0.0,0.2,20,10,0.0005,0.0005,mrlco_first_order_mean_pseudogradient,fixed_literature_derived_defaults,,,,,,
605.7362087066786,0.0,0.0,0.0,0.0,0.0,0.9448739175667504,0.3581189811229706,publication,34.76532196998596,68.41397452354431,0.5891205917473074,0.6431562663133354,10000,0.10771286821077765,0.9909245576384482,0.05589175422972348,746.6920597193101,3,0.6431562663133354,834.0745357232435,meta_train_support,0,MARGO-SPLIT-v1,20,20,80,3,4,0.0,0.2,20,10,0.0005,0.0005,mrlco_first_order_mean_pseudogradient,fixed_literature_derived_defaults,,,,,,
605.3485033679281,0.0,0.0,0.0,0.0,0.0,0.9219756855887911,0.37632912397384644,publication,34.63655424118042,69.02350115776062,0.6184191452583438,0.6741979598883868,10000,0.10237524610275602,1.008936504086164,0.09807190092248508,690.6702402782196,4,0.6741979598883868,801.9668798387704,meta_train_support,0,MARGO-SPLIT-v1,20,20,80,3,5,0.0,0.2,20,10,0.0005,0.0005,mrlco_first_order_mean_pseudogradient,fixed_literature_derived_defaults,,,,,,
600.1799012578556,0.0,0.0,0.0,0.0,0.0,0.9057583850197328,0.34303683042526245,publication,35.61929130554199,68.88563537597656,0.6572165477880744,0.7183666866289328,10000,0.10106452009207596,1.056165309417889,0.23852176634362365,617.1113727948244,5,0.7183666866289328,782.6896560044139,meta_train_support,0,MARGO-SPLIT-v1,20,20,80,3,6,0.0,0.2,20,10,0.0005,0.0005,mrlco_first_order_mean_pseudogradient,fixed_literature_derived_defaults,,,,,,
615.2842793975285,0.0,0.0,0.0,0.0,0.0,0.8945550551238991,0.27376216650009155,publication,34.946964502334595,68.98220086097717,0.6824924318252399,0.7427337309823517,10000,0.09885568828077898,1.070067812406595,0.22719876567698805,556.3289574989412,6,0.7427337309823517,777.2511573102787,meta_train_support,0,MARGO-SPLIT-v1,20,20,80,3,7,0.0,0.2,20,10,0.0005,0.0005,mrlco_first_order_mean_pseudogradient,fixed_literature_derived_defaults,,,,,,
603.9421731752532,0.0,0.0,0.0,0.0,0.0,0.8646601341635034,0.20057155191898346,publication,35.40372610092163,69.23923397064209,0.6966222762019099,0.7590446122638312,10000,0.10462185084000043,1.0663822466925266,0.23699345833569252,513.6626304560373,7,0.7590446122638312,759.4429242849922,meta_train_support,0,MARGO-SPLIT-v1,20,20,80,3,8,0.0,0.2,20,10,0.0005,0.0005,mrlco_first_order_mean_pseudogradient,fixed_literature_derived_defaults,,,,,,
600.3885777622087,0.0,0.0,0.0,0.0,0.0,0.8219197685451519,0.10273780673742294,publication,33.956886768341064,68.48554801940918,0.69661259495609,0.760046141300219,10000,0.10617237970437314,1.0896288467631268,0.0804267209315479,478.2651774273807,8,0.760046141300219,732.3115243475696,meta_train_support,0,MARGO-SPLIT-v1,20,20,80,3,9,0.0,0.2,20,10,0.0005,0.0005,mrlco_first_order_mean_pseudogradient,fixed_literature_derived_defaults,,,,,,
618.6568553879873,0.0,0.0,0.0,0.0,0.0,0.7788182987157363,0.3743160367012024,publication,33.82080030441284,68.19406509399414,0.6999670524961517,0.7615119950851348,10000,0.10029935273853942,1.0507159986508086,0.20752138351371263,494.9887481385138,9,0.7615119950851348,756.0060328151062,meta_train_support,0,MARGO-SPLIT-v1,20,20,80,3,10,0.0,0.2,20,10,0.0005,0.0005,mrlco_first_order_mean_pseudogradient,fixed_literature_derived_defaults,,,,,,
607.9600599910328,0.0,0.0,0.0,0.0,0.0,0.7144042784502938,0.5876115560531616,publication,32.664963483810425,68.6433675289154,0.7217753772822432,0.7854378060050232,10000,0.10283993283475153,1.0859245074445334,0.3309581850169745,453.30990604637134,10,0.7854378060050232,721.0819560334044,meta_train_support,0,MARGO-SPLIT-v1,20,20,80,3,11,0.0,0.2,20,10,0.0005,0.0005,mrlco_first_order_mean_pseudogradient,fixed_literature_derived_defaults,,,,,,
636.6356672997747,0.0,0.0,0.0,0.0,0.0,0.6665431489148032,0.8739655613899231,publication,33.28865385055542,70.1760675907135,0.7145801875237708,0.7779373956537563,10000,0.10142150030308156,1.0688817512371553,0.23260320348244246,443.1321643366597,11,0.7779373956537564,745.1869669969409,meta_train_support,0,MARGO-SPLIT-v1,20,20,80,3,12,0.0,0.2,20,10,0.0005,0.0005,mrlco_first_order_mean_pseudogradient,fixed_literature_derived_defaults,,,,,,
618.5834658982822,0.0,0.0,0.0,0.0,0.0,0.6044788276259654,1.0593183040618896,publication,33.55626654624939,70.25915694236755,0.7431435453106933,0.808083185957582,10000,0.11052815861242954,1.0950461265537736,0.14530108269672903,361.15625391532785,12,0.8080831859575821,726.1719336932372,meta_train_support,0,MARGO-SPLIT-v1,20,20,80,3,13,0.0,0.2,20,10,0.0005,0.0005,mrlco_first_order_mean_pseudogradient,fixed_literature_derived_defaults,,,,,,
601.6598208622523,0.0,0.0,0.0,0.0,0.0,0.531083347323682,1.3713442087173462,publication,34.461843729019165,69.22381138801575,0.783719706100181,0.8549093911213,10000,0.09833906383600823,1.086579404115751,0.44377665170142644,276.04090203566216,13,0.8549093911213,665.3155131861699,meta_train_support,0,MARGO-SPLIT-v1,20,20,80,3,14,0.0,0.2,20,10,0.0005,0.0005,mrlco_first_order_mean_pseudogradient,fixed_literature_derived_defaults,,,,,,
618.0801111005919,0.0,0.0,0.0,0.0,0.0,0.47271335488709343,1.4053698778152466,publication,33.26556134223938,70.35556817054749,0.779207686220016,0.8494795924978186,10000,0.10040653442619063,1.0777463278934072,0.38664786246161065,262.589895223239,14,0.8494795924978186,707.4295144926875,meta_train_support,0,MARGO-SPLIT-v1,20,20,80,3,15,0.0,0.2,20,10,0.0005,0.0005,mrlco_first_order_mean_pseudogradient,fixed_literature_derived_defaults,,,,,,
604.2377499540057,0.0,0.0,0.0,0.0,0.0,0.41468514006687174,1.5913047790527344,publication,33.793784379959106,69.07328867912292,0.8018546999399395,0.8729859496176621,10000,0.09098911334272737,1.0822258512803418,0.34670506213842645,239.7879523911246,15,0.8729859496176621,653.294800965294,meta_train_support,0,MARGO-SPLIT-v1,20,20,80,3,16,0.0,0.2,20,10,0.0005,0.0005,mrlco_first_order_mean_pseudogradient,fixed_literature_derived_defaults,,,,,,
590.6252554307529,0.0,0.0,0.0,0.0,0.0,0.351825811717648,1.6428090333938599,publication,35.12488412857056,70.45686411857605,0.8364230427828195,0.9122028374492376,10000,0.08944309373658098,1.0717410814012962,0.3499690817867296,177.0961833211466,16,0.9122028374492376,605.660963593983,meta_train_support,0,MARGO-SPLIT-v1,20,20,80,3,17,0.0,0.2,20,10,0.0005,0.0005,mrlco_first_order_mean_pseudogradient,fixed_literature_derived_defaults,,,,,,
616.8687825999941,0.0,0.0,0.0,0.0,0.0,0.3324811469555467,1.6137878894805908,publication,34.45385026931763,69.26963567733765,0.8138641088356048,0.8853386204562241,10000,0.09661063893933584,1.086579404115751,0.4745918009869764,192.4029921394461,17,0.8853386204562241,704.4523363367639,meta_train_support,0,MARGO-SPLIT-v1,20,20,80,3,18,0.0,0.2,20,10,0.0005,0.0005,mrlco_first_order_mean_pseudogradient,fixed_literature_derived_defaults,,,,,,
614.8845741648538,0.0,0.0,0.0,0.0,0.0,0.29124424394649656,1.2349294424057007,publication,33.48010230064392,70.03142142295837,0.8191013759038517,0.891722207363418,10000,0.0925255808724673,1.1035767700017376,0.4857791366441324,183.1497882099546,18,0.891722207363418,662.4312084200709,meta_train_support,0,MARGO-SPLIT-v1,20,20,80,3,19,0.0,0.2,20,10,0.0005,0.0005,mrlco_first_order_mean_pseudogradient,fixed_literature_derived_defaults,,,,,,
612.1934151780673,0.0,0.0,0.0,0.0,0.0,0.271269433298613,1.0529582500457764,publication,33.10479116439819,68.82667350769043,0.8288702802773729,0.902149907191698,10000,0.0850626291425464,1.0787125489450702,0.4909806788205533,150.94119368589452,19,0.902149907191698,671.2348448693874,meta_train_support,0,MARGO-SPLIT-v1,20,20,80,3,20,0.0,0.2,20,10,0.0005,0.0005,mrlco_first_order_mean_pseudogradient,fixed_literature_derived_defaults,,,,,,
613.8712567111834,0.0,0.0,0.0,0.0,0.0,0.24437968680956562,0.9431095123291016,publication,33.79958367347717,71.09560060501099,0.84175728837356,0.9174966255939924,10000,0.09248729759407606,1.0827167404143352,0.4820800473526631,131.9554235814074,20,0.9174966255939924,650.448958553802,meta_train_support,0,MARGO-SPLIT-v1,20,20,80,3,21,0.0,0.2,20,10,0.0005,0.0005,mrlco_first_order_mean_pseudogradient,fixed_literature_derived_defaults,,,,,,
594.7118542181423,0.0,0.0,0.0,0.0,0.0,0.22640274507915514,0.8297675251960754,publication,34.04104137420654,68.50676393508911,0.8600300993932553,0.9370801341854347,10000,0.08177950143962903,1.0827167404143352,0.6245816712677185,114.67581694061502,21,0.9370801341854347,618.8169284173706,meta_train_support,0,MARGO-SPLIT-v1,20,20,80,3,22,0.0,0.2,20,10,0.0005,0.0005,mrlco_first_order_mean_pseudogradient,fixed_literature_derived_defaults,,,,,,
606.2404059611729,0.0,0.0,0.0,0.0,0.0,0.21849694241066323,0.7677631378173828,publication,35.496493101119995,69.11838698387146,0.848458770643198,0.9243331140197913,10000,0.07653023171121319,1.083719008968831,0.6175891463961793,137.9130668925155,22,0.9243331140197913,636.0269365316581,meta_train_support,0,MARGO-SPLIT-v1,20,20,80,3,23,0.0,0.2,20,10,0.0005,0.0005,mrlco_first_order_mean_pseudogradient,fixed_literature_derived_defaults,,,,,,
600.7430363286563,0.0,0.0,0.0,0.0,0.0,0.19815835047794314,0.8125817775726318,publication,35.19224262237549,69.63758063316345,0.8470127439747451,0.9247674285749988,10000,0.0958270311822679,1.0787125489450702,0.4939678261216418,137.53473884039974,23,0.9247674285749988,593.4542766502109,meta_train_support,0,MARGO-SPLIT-v1,20,20,80,3,24,0.0,0.2,20,10,0.0005,0.0005,mrlco_first_order_mean_pseudogradient,fixed_literature_derived_defaults,,,,,,
630.4947095779964,0.0,0.0,0.0,0.0,0.0,0.19362008241219333,0.8891453146934509,publication,34.486464977264404,70.16472434997559,0.8447081906982512,0.9213570813140645,10000,0.08679535455801486,1.0896422730966202,0.5633747988977109,105.65643331324573,24,0.9213570813140645,670.2494033285536,meta_train_support,0,MARGO-SPLIT-v1,20,20,80,3,25,0.0,0.2,20,10,0.0005,0.0005,mrlco_first_order_mean_pseudogradient,fixed_literature_derived_defaults,,,,,,
627.9743966818945,0.0,0.0,0.0,0.0,0.0,0.17155984313051523,0.949531614780426,publication,30.750569820404053,67.83606743812561,0.84806682096619,0.9236229967388323,10000,0.09483427625086376,1.0896422730966202,0.5649013319920101,109.00749206162311,25,0.9236229967388323,654.7816673975332,meta_train_support,0,MARGO-SPLIT-v1,20,20,80,3,26,0.0,0.2,20,10,0.0005,0.0005,mrlco_first_order_mean_pseudogradient,fixed_literature_derived_defaults,,,,,,
611.791700007929,0.0,0.0,0.0,0.0,0.0,0.14191509919440773,1.0001893043518066,publication,35.714940547943115,68.58147597312927,0.8514317001668769,0.927469734336564,10000,0.08771448663412881,1.0811467714495175,0.5331250299381584,102.29923933828032,26,0.927469734336564,634.2639172358798,meta_train_support,0,MARGO-SPLIT-v1,20,20,80,3,27,0.0,0.2,20,10,0.0005,0.0005,mrlco_first_order_mean_pseudogradient,fixed_literature_derived_defaults,,,,,,
600.3270218562943,0.0,0.0,0.0,0.0,0.0,0.12068973835357288,0.9818867444992065,publication,32.84178590774536,67.27945590019226,0.8726437849644075,0.9500366140650717,10000,0.08441219468676935,1.0859245074445334,0.6420230429897855,76.65681895664643,27,0.9500366140650717,604.6727283413941,meta_train_support,0,MARGO-SPLIT-v1,20,20,80,3,28,0.0,0.2,20,10,0.0005,0.0005,mrlco_first_order_mean_pseudogradient,fixed_literature_derived_defaults,,,,,,
610.0995547912734,0.0,0.0,0.0,0.0,0.0,0.09892969167269501,0.9135197997093201,publication,30.680551290512085,68.48971652984619,0.8585223588508816,0.9346882926801787,10000,0.08099957117788929,1.078007433305869,0.6522931686242655,90.1168043507443,28,0.9346882926801787,634.2123006617287,meta_train_support,0,MARGO-SPLIT-v1,20,20,80,3,29,0.0,0.2,20,10,0.0005,0.0005,mrlco_first_order_mean_pseudogradient,fixed_literature_derived_defaults,,,,,,
615.9092620884622,0.0,0.0,0.0,0.0,0.0,0.08024639743348005,0.9077563881874084,publication,31.360243320465088,67.7898576259613,0.8621823027458244,0.9376141064170166,10000,0.09530319882015033,1.1035767700017376,0.5452486613049509,79.90667843120156,29,0.9376141064170166,640.223038261449,meta_train_support,0,MARGO-SPLIT-v1,20,20,80,3,30,0.0,0.2,20,10,0.0005,0.0005,mrlco_first_order_mean_pseudogradient,fixed_literature_derived_defaults,,,,,,
614.7970093904768,0.0,0.0,0.0,0.0,0.0,0.060730232982378736,0.8669724464416504,publication,33.89798879623413,68.67932176589966,0.8653608366858722,0.9440691753776685,10000,0.07615771450346961,1.0700036746145594,0.6213677835614678,78.02964836658903,30,0.9440691753776685,630.7923491268839,meta_train_support,0,MARGO-SPLIT-v1,20,20,80,3,31,0.0,0.2,20,10,0.0005,0.0005,mrlco_first_order_mean_pseudogradient,fixed_literature_derived_defaults,,,,,,
606.6516427646773,0.0,0.0,0.0,0.0,0.0,0.05026517856624606,0.8797683119773865,publication,31.68541121482849,68.6270272731781,0.8584836278467152,0.9369326919966025,10000,0.08535341344781597,1.0941469446163417,0.5804707582798421,77.39205117150613,31,0.9369326919966025,670.5067487563856,meta_train_support,0,MARGO-SPLIT-v1,20,20,80,3,32,0.0,0.2,20,10,0.0005,0.0005,mrlco_first_order_mean_pseudogradient,fixed_literature_derived_defaults,,,,,,
625.5801611309461,0.0,0.0,0.0,0.0,0.0,0.04503222371802054,0.9159795641899109,publication,34.04415273666382,70.45669198036194,0.8509240553697035,0.9276273904408042,10000,0.09004199529967329,1.086579404115751,0.5999044913439069,78.14119466884827,32,0.9276273904408042,670.19865138937,meta_train_support,0,MARGO-SPLIT-v1,20,20,80,3,33,0.0,0.2,20,10,0.0005,0.0005,mrlco_first_order_mean_pseudogradient,fixed_literature_derived_defaults,,,,,,
596.079923252024,0.0,0.0,0.0,0.0,0.0,0.03819612783503895,0.965657114982605,publication,34.11655354499817,69.40101385116577,0.8809842543377671,0.9624336214143261,10000,0.07761520833129407,1.1035767700017376,0.6351798235908834,64.47791691357214,33,0.9624336214143261,577.7925265518487,meta_train_support,0,MARGO-SPLIT-v1,20,20,80,3,34,0.0,0.2,20,10,0.0005,0.0005,mrlco_first_order_mean_pseudogradient,fixed_literature_derived_defaults,,,,,,
614.5558066424096,0.0,0.0,0.0,0.0,0.0,0.03759023597075513,1.0596665143966675,publication,32.394702196121216,69.35582232475281,0.8634117080197266,0.9416616733331957,10000,0.08777514547457621,1.1035767700017376,0.6296840594897752,69.01708838504176,34,0.9416616733331957,630.0596041259139,meta_train_support,0,MARGO-SPLIT-v1,20,20,80,3,35,0.0,0.2,20,10,0.0005,0.0005,mrlco_first_order_mean_pseudogradient,fixed_literature_derived_defaults,,,,,,
632.4944574965477,0.0,0.0,0.0,0.0,0.0,0.03712169507707184,1.0804260969161987,publication,35.33930826187134,70.54365801811218,0.8435559648187547,0.9198888925415748,10000,0.09202638310394931,1.0941469446163417,0.6211957181144663,78.74268536080841,35,0.9198888925415748,715.8824717803888,meta_train_support,0,MARGO-SPLIT-v1,20,20,80,3,36,0.0,0.2,20,10,0.0005,0.0005,mrlco_first_order_mean_pseudogradient,fixed_literature_derived_defaults,,,,,,
606.1623766417367,0.0,0.0,0.0,0.0,0.0,0.034023669807215905,1.0177937746047974,publication,30.47430396080017,68.96889591217041,0.8764273931253153,0.9574670150766277,10000,0.0702924341343799,1.0896422730966202,0.6599827310888133,63.80538679707631,36,0.9574670150766275,598.3551243589524,meta_train_support,0,MARGO-SPLIT-v1,20,20,80,3,37,0.0,0.2,20,10,0.0005,0.0005,mrlco_first_order_mean_pseudogradient,fixed_literature_derived_defaults,,,,,,
615.858250404426,0.0,0.0,0.0,0.0,0.0,0.03419414403617679,0.950801432132721,publication,30.1894748210907,69.00435185432434,0.8567336907907674,0.9338385358240028,10000,0.0942678954772347,1.083719008968831,0.6246441045747327,69.82456861914014,37,0.9338385358240028,641.0473209311308,meta_train_support,0,MARGO-SPLIT-v1,20,20,80,3,38,0.0,0.2,20,10,0.0005,0.0005,mrlco_first_order_mean_pseudogradient,fixed_literature_derived_defaults,,,,,,
591.5657512817111,0.0,0.0,0.0,0.0,0.0,0.03312668566074891,0.869324266910553,publication,34.49272656440735,67.62321829795837,0.8750757764131336,0.9533835583185141,10000,0.08378630604347959,1.070076978048335,0.6581777436468196,66.83573710999129,38,0.9533835583185141,601.5692955640603,meta_train_support,0,MARGO-SPLIT-v1,20,20,80,3,39,0.0,0.2,20,10,0.0005,0.0005,mrlco_first_order_mean_pseudogradient,fixed_literature_derived_defaults,,,,,,
612.1918864139693,0.0,0.0,0.0,0.0,0.0,0.03411470144187329,0.8674309849739075,publication,35.32968354225159,68.82481098175049,0.8695866090438691,0.9490120434555712,10000,0.07768079134809795,1.083719008968831,0.6560002441632402,70.40677266709912,39,0.9490120434555712,628.2943284699753,meta_train_support,0,MARGO-SPLIT-v1,20,20,80,3,40,0.0,0.2,20,10,0.0005,0.0005,mrlco_first_order_mean_pseudogradient,fixed_literature_derived_defaults,,,,,,
613.0369287118094,0.0,0.0,0.0,0.0,0.0,0.03827375949854568,0.9145334362983704,publication,33.5117073059082,69.71358799934387,0.8717063118425916,0.9500129993149723,10000,0.07842048737023714,1.0941469446163417,0.6817791250461632,71.42454179861609,40,0.9500129993149723,623.0311906783539,meta_train_support,0,MARGO-SPLIT-v1,20,20,80,3,41,0.0,0.2,20,10,0.0005,0.0005,mrlco_first_order_mean_pseudogradient,fixed_literature_derived_defaults,,,,,,
633.8413040394373,0.0,0.0,0.0,0.0,0.0,0.044349805947331476,0.9842100739479065,publication,31.680151224136353,71.38787746429443,0.8545228681364883,0.9326483408623666,10000,0.08598769772044809,1.083719008968831,0.5927341929857837,78.6873649878843,41,0.9326483408623666,675.5507793737943,meta_train_support,0,MARGO-SPLIT-v1,20,20,80,3,42,0.0,0.2,20,10,0.0005,0.0005,mrlco_first_order_mean_pseudogradient,fixed_literature_derived_defaults,,,,,,
615.7100737602506,0.0,0.0,0.0,0.0,0.0,0.05142462859188763,1.0175172090530396,publication,32.591514110565186,69.74996829032898,0.8615770795528491,0.9385769775550401,10000,0.08124384341159806,1.070076978048335,0.6540123020019223,75.58647149471724,42,0.9385769775550401,667.3825425600855,meta_train_support,0,MARGO-SPLIT-v1,20,20,80,3,43,0.0,0.2,20,10,0.0005,0.0005,mrlco_first_order_mean_pseudogradient,fixed_literature_derived_defaults,,,,,,
602.414665985162,0.0,0.0,0.0,0.0,0.0,0.05451973592530273,1.0640755891799927,publication,34.707510471343994,69.67879557609558,0.8742156467876212,0.9534533465963565,10000,0.077837505012607,1.083719008968831,0.6859345789414265,65.46557348565669,43,0.9534533465963565,612.2740501766694,meta_train_support,0,MARGO-SPLIT-v1,20,20,80,3,44,0.0,0.2,20,10,0.0005,0.0005,mrlco_first_order_mean_pseudogradient,fixed_literature_derived_defaults,,,,,,
617.1734483917509,0.0,0.0,0.0,0.0,0.0,0.05652722405564337,1.0473847389221191,publication,34.07871747016907,69.11644220352173,0.8673360472429187,0.9449576780714056,10000,0.08738665689176436,1.0822258512803418,0.624694662899217,73.32415245074425,44,0.9449576780714056,634.240116661388,meta_train_support,0,MARGO-SPLIT-v1,20,20,80,3,45,0.0,0.2,20,10,0.0005,0.0005,mrlco_first_order_mean_pseudogradient,fixed_literature_derived_defaults,,,,,,
604.4580522734778,0.0,0.0,0.0,0.0,0.0,0.05536905395170629,0.987095832824707,publication,36.57494902610779,68.546630859375,0.8752567071284387,0.9557934616581611,10000,0.08317747266182053,1.1035767700017376,0.6022751844602552,65.74036369288025,45,0.9557934616581611,599.2832353100367,meta_train_support,0,MARGO-SPLIT-v1,20,20,80,3,46,0.0,0.2,20,10,0.0005,0.0005,mrlco_first_order_mean_pseudogradient,fixed_literature_derived_defaults,,,,,,
623.1591523203986,0.0,0.0,0.0,0.0,0.0,0.0558147093145076,0.9192110300064087,publication,34.39607238769531,71.12543678283691,0.8660888730236591,0.9460681822986413,10000,0.08222637967900714,1.0805611666359314,0.5999044913439069,65.79799843375734,46,0.9460681822986413,639.5321858444948,meta_train_support,0,MARGO-SPLIT-v1,20,20,80,3,47,0.0,0.2,20,10,0.0005,0.0005,mrlco_first_order_mean_pseudogradient,fixed_literature_derived_defaults,,,,,,
596.800839249352,0.0,0.0,0.0,0.0,0.0,0.04887668568485425,0.8876487612724304,publication,33.60216426849365,69.6063277721405,0.8809481958729788,0.9608747712940838,10000,0.07912303533152393,1.0827167404143352,0.6481991728016839,61.07939925175461,47,0.9608747712940838,565.6943475676333,meta_train_support,0,MARGO-SPLIT-v1,20,20,80,3,48,0.0,0.2,20,10,0.0005,0.0005,mrlco_first_order_mean_pseudogradient,fixed_literature_derived_defaults,,,,,,
614.2428395537513,0.0,0.0,0.0,0.0,0.0,0.04432795968557184,0.8871414065361023,publication,35.20003056526184,70.48277258872986,0.870864940099767,0.9501916973112137,10000,0.08571561705678396,1.0812783929932934,0.6402901095498925,65.48823367121331,48,0.9501916973112134,618.0268080778627,meta_train_support,0,MARGO-SPLIT-v1,20,20,80,3,49,0.0,0.2,20,10,0.0005,0.0005,mrlco_first_order_mean_pseudogradient,fixed_literature_derived_defaults,,,,,,
614.0744193396569,0.0,0.0,0.0,0.0,0.0,0.042653587809557594,0.9107543230056763,publication,34.64691472053528,68.89105010032654,0.8651068441872795,0.9420250911858029,10000,0.09077556026820688,1.0941469446163417,0.6387511416667657,70.91850835036081,49,0.9420250911858029,641.8855490067264,meta_train_support,0,MARGO-SPLIT-v1,20,20,80,3,50,0.0,0.2,20,10,0.0005,0.0005,mrlco_first_order_mean_pseudogradient,fixed_literature_derived_defaults,,,,,,
578.9905638692175,0.0,0.0,0.0,0.0,0.0,0.03769497925051793,0.9554443955421448,publication,34.92029023170471,67.35010981559753,0.892295965240166,0.9723985000066739,10000,0.07128926361193742,1.1035767700017376,0.6726214016483407,57.44283080276566,50,0.9723985000066739,540.636340754603,meta_train_support,0,MARGO-SPLIT-v1,20,20,80,3,51,0.0,0.2,20,10,0.0005,0.0005,mrlco_first_order_mean_pseudogradient,fixed_literature_derived_defaults,0.9514786147618001,0.9519407654332952,631.9734062934446,631.0524759300148,validation_query_composite_objective,1
606.9201489113534,0.0,0.0,0.0,0.0,0.0,0.03718961187217049,1.0444843769073486,publication,29.875990629196167,68.46844124794006,0.8634233090229539,0.9419946502342466,10000,0.09081062132368896,1.086579404115751,0.6027318061450867,66.46473764752072,51,0.9419946502342468,647.1560090070288,meta_train_support,0,MARGO-SPLIT-v1,20,20,80,3,52,0.0,0.2,20,10,0.0005,0.0005,mrlco_first_order_mean_pseudogradient,fixed_literature_derived_defaults,,,,,,
588.0664738707405,0.0,0.0,0.0,0.0,0.0,0.031091857892445864,1.0785040855407715,publication,34.41010522842407,68.81397867202759,0.8909840046474037,0.9728088356391948,10000,0.059861444090408465,1.1035767700017376,0.6656846556936762,56.42402061112927,52,0.9728088356391948,560.5618446638243,meta_train_support,0,MARGO-SPLIT-v1,20,20,80,3,53,0.0,0.2,20,10,0.0005,0.0005,mrlco_first_order_mean_pseudogradient,fixed_literature_derived_defaults,,,,,,
615.4883110512187,0.0,0.0,0.0,0.0,0.0,0.029601148503897116,1.040456771850586,publication,33.50477695465088,69.11124396324158,0.8647876557919515,0.9432735255150685,10000,0.08123826750281922,1.0870716329564,0.6466162653081104,62.865988500324576,53,0.9432735255150685,634.6547427028684,meta_train_support,0,MARGO-SPLIT-v1,20,20,80,3,54,0.0,0.2,20,10,0.0005,0.0005,mrlco_first_order_mean_pseudogradient,fixed_literature_derived_defaults,,,,,,
602.3632318244116,0.0,0.0,0.0,0.0,0.0,0.022954971052274495,1.0118039846420288,publication,31.96549415588379,69.29601740837097,0.8813974925793052,0.9619137704688937,10000,0.07384824713402996,1.0812783929932934,0.6300882531927536,58.47416547201326,54,0.9619137704688937,586.1328455105754,meta_train_support,0,MARGO-SPLIT-v1,20,20,80,3,55,0.0,0.2,20,10,0.0005,0.0005,mrlco_first_order_mean_pseudogradient,fixed_literature_derived_defaults,,,,,,
601.718321890899,0.0,0.0,0.0,0.0,0.0,0.020201309808115755,0.9652145504951477,publication,35.8739709854126,69.34491658210754,0.8749379368891806,0.9542168383478896,10000,0.08240717206144182,1.0859245074445334,0.6346815258967177,57.94238028680229,55,0.9542168383478896,602.1861661053263,meta_train_support,0,MARGO-SPLIT-v1,20,20,80,3,56,0.0,0.2,20,10,0.0005,0.0005,mrlco_first_order_mean_pseudogradient,fixed_literature_derived_defaults,,,,,,
587.772540581349,0.0,0.0,0.0,0.0,0.0,0.016775903681086852,0.9427131414413452,publication,33.91243124008179,66.63208365440369,0.8789789314394271,0.9581949098302591,10000,0.0805280320572353,1.070076978048335,0.6238247287082165,57.34992243214225,56,0.9581949098302591,587.3779382894407,meta_train_support,0,MARGO-SPLIT-v1,20,20,80,3,57,0.0,0.2,20,10,0.0005,0.0005,mrlco_first_order_mean_pseudogradient,fixed_literature_derived_defaults,,,,,,
625.3546523347446,0.0,0.0,0.0,0.0,0.0,0.01552260382398989,0.9323316216468811,publication,35.39808487892151,69.37428021430969,0.8559201458740454,0.9335984576200453,10000,0.08986283817095435,1.0811467714495175,0.6416629780139997,66.89611274585533,57,0.9335984576200453,671.9093054274191,meta_train_support,0,MARGO-SPLIT-v1,20,20,80,3,58,0.0,0.2,20,10,0.0005,0.0005,mrlco_first_order_mean_pseudogradient,fixed_literature_derived_defaults,,,,,,
622.7172370677403,0.0,0.0,0.0,0.0,0.0,0.01362062574711504,0.9443877935409546,publication,33.54666447639465,68.6314308643341,0.8560016072654943,0.9338604183800453,10000,0.08745604733086443,1.1035767700017376,0.6258309863463717,64.89527705533344,58,0.9338604183800453,665.5486702891336,meta_train_support,0,MARGO-SPLIT-v1,20,20,80,3,59,0.0,0.2,20,10,0.0005,0.0005,mrlco_first_order_mean_pseudogradient,fixed_literature_derived_defaults,,,,,,
611.6840579937389,0.0,0.0,0.0,0.0,0.0,0.012430708505066628,0.935538113117218,publication,35.622554540634155,68.98198652267456,0.8686178716673089,0.9482621136921354,10000,0.07643765037577264,1.0870716329564,0.6368643707561585,60.99085537764886,59,0.9482621136921354,635.8633754275241,meta_train_support,0,MARGO-SPLIT-v1,20,20,80,3,60,0.0,0.2,20,10,0.0005,0.0005,mrlco_first_order_mean_pseudogradient,fixed_literature_derived_defaults,,,,,,
634.4437710087776,0.0,0.0,0.0,0.0,0.0,0.012539073926266433,0.9719330072402954,publication,34.6806423664093,70.09791731834412,0.8550054293326195,0.9339479207658876,10000,0.08793589648382023,1.07067119447014,0.6475375499539537,64.93280490302071,60,0.9339479207658876,673.4211710398279,meta_train_support,0,MARGO-SPLIT-v1,20,20,80,3,61,0.0,0.2,20,10,0.0005,0.0005,mrlco_first_order_mean_pseudogradient,fixed_literature_derived_defaults,,,,,,
636.8590734981673,0.0,0.0,0.0,0.0,0.0,0.012782560735052587,0.9595409631729126,publication,33.79628252983093,70.03378701210022,0.8447624026265701,0.9210989284226984,10000,0.09080804006291116,1.0812783929932934,0.6212811848750749,73.09428710876324,61,0.9210989284226984,715.1417487616282,meta_train_support,0,MARGO-SPLIT-v1,20,20,80,3,62,0.0,0.2,20,10,0.0005,0.0005,mrlco_first_order_mean_pseudogradient,fixed_literature_derived_defaults,,,,,,
605.380458361285,0.0,0.0,0.0,0.0,0.0,0.011807172786229898,0.9696415066719055,publication,34.83737874031067,68.30473494529724,0.8731717212609962,0.9512671467617196,10000,0.07697765436788402,1.0616356726640896,0.647538858442533,58.91820242502878,62,0.9512671467617196,619.386520413249,meta_train_support,0,MARGO-SPLIT-v1,20,20,80,3,63,0.0,0.2,20,10,0.0005,0.0005,mrlco_first_order_mean_pseudogradient,fixed_literature_derived_defaults,,,,,,
600.6528391537257,0.0,0.0,0.0,0.0,0.0,0.011197725313532275,1.0431360006332397,publication,34.65957283973694,68.81717133522034,0.8794257223030773,0.9608549017639598,10000,0.06965456564116906,1.083719008968831,0.6850711628305859,55.294489172934895,63,0.9608549017639598,597.8560640886035,meta_train_support,0,MARGO-SPLIT-v1,20,20,80,3,64,0.0,0.2,20,10,0.0005,0.0005,mrlco_first_order_mean_pseudogradient,fixed_literature_derived_defaults,,,,,,
608.7531465687207,0.0,0.0,0.0,0.0,0.0,0.01152667314188857,1.0922280550003052,publication,35.40348505973816,70.42631697654724,0.8799657377509055,0.9599781409631573,10000,0.08073395077600695,1.0941469446163417,0.6932731026872345,58.60339794824703,64,0.9599781409631573,613.6556481222725,meta_train_support,0,MARGO-SPLIT-v1,20,20,80,3,65,0.0,0.2,20,10,0.0005,0.0005,mrlco_first_order_mean_pseudogradient,fixed_literature_derived_defaults,,,,,,
597.4506245384489,0.0,0.0,0.0,0.0,0.0,0.011964870805750157,1.0993541479110718,publication,33.79138517379761,68.91665506362915,0.8852787380215518,0.9674678662025384,10000,0.0726669962315125,1.1035767700017376,0.65726628446531,54.46561309373065,65,0.9674678662025384,585.1356706359182,meta_train_support,0,MARGO-SPLIT-v1,20,20,80,3,66,0.0,0.2,20,10,0.0005,0.0005,mrlco_first_order_mean_pseudogradient,fixed_literature_derived_defaults,,,,,,
621.1488922433581,0.0,0.0,0.0,0.0,0.0,0.013700199640168878,1.0475444793701172,publication,33.43228602409363,67.55834579467773,0.8575987405328364,0.9348838572610563,10000,0.08640835922592771,1.0787125489450702,0.6440801345700761,65.25575601839746,66,0.9348838572610563,666.2887407812855,meta_train_support,0,MARGO-SPLIT-v1,20,20,80,3,67,0.0,0.2,20,10,0.0005,0.0005,mrlco_first_order_mean_pseudogradient,fixed_literature_derived_defaults,,,,,,
611.1647586892536,0.0,0.0,0.0,0.0,0.0,0.013684878735955091,1.017195224761963,publication,33.187984466552734,69.33781218528748,0.8653178770221033,0.9435180450439282,10000,0.08871315372801142,1.0715482848323281,0.6557292035258174,63.141264667078175,67,0.9435180450439282,645.8436529556982,meta_train_support,0,MARGO-SPLIT-v1,20,20,80,3,68,0.0,0.2,20,10,0.0005,0.0005,mrlco_first_order_mean_pseudogradient,fixed_literature_derived_defaults,,,,,,
604.6489307288986,0.0,0.0,0.0,0.0,0.0,0.013602673459263772,1.002598762512207,publication,35.24823307991028,69.0617892742157,0.8717078976758433,0.9502474806750725,10000,0.08324129648595814,1.078007433305869,0.5292535782511136,58.62293807321336,68,0.9502474806750723,616.3062404374341,meta_train_support,0,MARGO-SPLIT-v1,20,20,80,3,69,0.0,0.2,20,10,0.0005,0.0005,mrlco_first_order_mean_pseudogradient,fixed_literature_derived_defaults,,,,,,
592.31691161623,0.0,0.0,0.0,0.0,0.0,0.012730322132085614,1.0005488395690918,publication,30.66101312637329,66.74427366256714,0.8914203043678044,0.9722694587321646,10000,0.07481725077184917,1.1035767700017376,0.6993930958538068,50.04680596031494,69,0.9722694587321646,546.4461742657867,meta_train_support,0,MARGO-SPLIT-v1,20,20,80,3,70,0.0,0.2,20,10,0.0005,0.0005,mrlco_first_order_mean_pseudogradient,fixed_literature_derived_defaults,,,,,,
624.4945266425268,0.0,0.0,0.0,0.0,0.0,0.01416450808872873,0.9754381775856018,publication,33.894161224365234,69.6227068901062,0.8627972479336516,0.9419722436344122,10000,0.08390172602536931,1.0870716329564,0.5934882558833897,64.7010387201379,70,0.9419722436344122,646.1831137475749,meta_train_support,0,MARGO-SPLIT-v1,20,20,80,3,71,0.0,0.2,20,10,0.0005,0.0005,mrlco_first_order_mean_pseudogradient,fixed_literature_derived_defaults,,,,,,
615.8582504044261,0.0,0.0,0.0,0.0,0.0,0.01347462945855726,0.9951205253601074,publication,33.811453342437744,70.60679721832275,0.8701099095718878,0.9500458013168427,10000,0.07684764867633742,1.1035767700017376,0.6526476499084202,58.9212941500842,71,0.9500458013168427,614.9479972135707,meta_train_support,0,MARGO-SPLIT-v1,20,20,80,3,72,0.0,0.2,20,10,0.0005,0.0005,mrlco_first_order_mean_pseudogradient,fixed_literature_derived_defaults,,,,,,
625.589933571039,0.0,0.0,0.0,0.0,0.0,0.014729640656163645,1.0569016933441162,publication,35.087926626205444,70.35457158088684,0.8555439281787436,0.9332810480668841,10000,0.08797380218207933,1.083719008968831,0.6388821365146412,67.85441034659817,72,0.9332810480668838,665.4903594436156,meta_train_support,0,MARGO-SPLIT-v1,20,20,80,3,73,0.0,0.2,20,10,0.0005,0.0005,mrlco_first_order_mean_pseudogradient,fixed_literature_derived_defaults,,,,,,
636.2397971283913,0.0,0.0,0.0,0.0,0.0,0.016151290144563665,1.0775666236877441,publication,31.718395709991455,69.66218519210815,0.841556537887391,0.9160347396000934,10000,0.09518383103227761,1.0733134940515847,0.6245757038391653,74.14380349545664,73,0.9160347396000934,724.360272214113,meta_train_support,0,MARGO-SPLIT-v1,20,20,80,3,74,0.0,0.2,20,10,0.0005,0.0005,mrlco_first_order_mean_pseudogradient,fixed_literature_derived_defaults,,,,,,
596.2147895051684,0.0,0.0,0.0,0.0,0.0,0.014398677939264469,1.0700621604919434,publication,34.25417971611023,67.25927352905273,0.8779114699636484,0.9561247590115883,10000,0.08218114978287884,1.0812783929932934,0.6203836528974016,57.89659519543403,74,0.9561247590115883,590.2647763150228,meta_train_support,0,MARGO-SPLIT-v1,20,20,80,3,75,0.0,0.2,20,10,0.0005,0.0005,mrlco_first_order_mean_pseudogradient,fixed_literature_derived_defaults,,,,,,
609.4599041223662,0.0,0.0,0.0,0.0,0.0,0.014562553643291391,1.0337344408035278,publication,34.49338889122009,68.3449912071228,0.8787960166411378,0.9588368305176891,10000,0.08617391446331545,1.0941469446163417,0.6423576043818772,57.71758705225318,75,0.9588368305176891,603.9247453852025,meta_train_support,0,MARGO-SPLIT-v1,20,20,80,3,76,0.0,0.2,20,10,0.0005,0.0005,mrlco_first_order_mean_pseudogradient,fixed_literature_derived_defaults,,,,,,
597.2187635084153,0.0,0.0,0.0,0.0,0.0,0.015506518905817815,1.0439977645874023,publication,30.934093952178955,68.42560577392578,0.8749816073651558,0.954799918594764,10000,0.06998701400618289,1.070076978048335,0.660061202369089,57.64508101996879,76,0.954799918594764,606.9313306293092,meta_train_support,0,MARGO-SPLIT-v1,20,20,80,3,77,0.0,0.2,20,10,0.0005,0.0005,mrlco_first_order_mean_pseudogradient,fixed_literature_derived_defaults,,,,,,
601.777182080228,0.0,0.0,0.0,0.0,0.0,0.01627509153316714,1.003036379814148,publication,33.8956196308136,66.98516130447388,0.8807841589698241,0.9600331641124561,10000,0.07691077528126193,1.0827167404143352,0.6571140331715603,58.77371969689648,77,0.9600331641124561,586.4954537239444,meta_train_support,0,MARGO-SPLIT-v1,20,20,80,3,78,0.0,0.2,20,10,0.0005,0.0005,mrlco_first_order_mean_pseudogradient,fixed_literature_derived_defaults,,,,,,
621.5954992255482,0.0,0.0,0.0,0.0,0.0,0.01868902372690008,0.9771397113800049,publication,33.18010902404785,71.31380581855774,0.8593589462423941,0.9383131963648622,10000,0.0896378972003865,1.083719008968831,0.5999044913439069,67.3882999502472,78,0.9383131963648622,661.8835000227969,meta_train_support,0,MARGO-SPLIT-v1,20,20,80,3,79,0.0,0.2,20,10,0.0005,0.0005,mrlco_first_order_mean_pseudogradient,fixed_literature_derived_defaults,,,,,,
602.1073304264477,0.0,0.0,0.0,0.0,0.0,0.019226734318332807,0.9516550898551941,publication,34.61284780502319,69.5417788028717,0.8760923925102563,0.9548277688118358,10000,0.07767303432308564,1.0896422730966202,0.7050808342270591,59.90389435581823,79,0.9548277688118358,618.1762306588839,meta_train_support,0,MARGO-SPLIT-v1,20,20,80,3,80,0.0,0.2,20,10,0.0005,0.0005,mrlco_first_order_mean_pseudogradient,fixed_literature_derived_defaults,,,,,,
606.8869240009717,0.0,0.0,0.0,0.0,0.0,0.02199420337108887,0.9853192567825317,publication,33.279178619384766,70.61143398284912,0.8657645239138179,0.9439203964346532,10000,0.08206668632515912,1.086579404115751,0.6416629780139997,63.30995949326139,80,0.9439203964346532,631.3263886964457,meta_train_support,0,MARGO-SPLIT-v1,20,20,80,3,81,0.0,0.2,20,10,0.0005,0.0005,mrlco_first_order_mean_pseudogradient,fixed_literature_derived_defaults,,,,,,
610.4457467903137,0.0,0.0,0.0,0.0,0.0,0.02400608347924353,0.9646756649017334,publication,33.428375482559204,68.29328632354736,0.8614901838812575,0.9383965487745929,10000,0.08905500663417067,1.0694930158525962,0.6189806907042761,68.71940580596711,81,0.9383965487745929,656.0259463057354,meta_train_support,0,MARGO-SPLIT-v1,20,20,80,3,82,0.0,0.2,20,10,0.0005,0.0005,mrlco_first_order_mean_pseudogradient,fixed_literature_derived_defaults,,,,,,
596.079923252024,0.0,0.0,0.0,0.0,0.0,0.022293731984146303,0.9694902300834656,publication,33.92825388908386,68.78666472434998,0.8866065965833408,0.9670919233216646,10000,0.07146671797285314,1.0896422730966202,0.6667395805797545,57.37713576459079,82,0.9670919233216644,552.4465160145282,meta_train_support,0,MARGO-SPLIT-v1,20,20,80,3,83,0.0,0.2,20,10,0.0005,0.0005,mrlco_first_order_mean_pseudogradient,fixed_literature_derived_defaults,,,,,,
595.809980037008,0.0,0.0,0.0,0.0,0.0,0.024502660116434677,0.9498871564865112,publication,31.809898376464844,70.04992294311523,0.8851027916293469,0.9652318591879725,10000,0.08097195501152861,1.0812783929932934,0.6349965517580184,57.65401098480634,83,0.9652318591879725,569.2402888273375,meta_train_support,0,MARGO-SPLIT-v1,20,20,80,3,84,0.0,0.2,20,10,0.0005,0.0005,mrlco_first_order_mean_pseudogradient,fixed_literature_derived_defaults,,,,,,
603.2889845037051,0.0,0.0,0.0,0.0,0.0,0.026101484815070942,0.9623565673828125,publication,30.534335613250732,68.06578660011292,0.8818929053479918,0.9625638333030223,10000,0.062373306345701825,1.078007433305869,0.6965523054817958,60.24724689887603,84,0.9625638333030223,593.207793830012,meta_train_support,0,MARGO-SPLIT-v1,20,20,80,3,85,0.0,0.2,20,10,0.0005,0.0005,mrlco_first_order_mean_pseudogradient,fixed_literature_derived_defaults,,,,,,
618.3384064868382,0.0,0.0,0.0,0.0,0.0,0.03104882504095933,0.9550382494926453,publication,31.182466983795166,68.91749978065491,0.8625592315694792,0.9406836415751817,10000,0.08853000753040516,1.0816942762118964,0.49004356137058325,70.67428390414308,85,0.9406836415751817,637.3609500262343,meta_train_support,0,MARGO-SPLIT-v1,20,20,80,3,86,0.0,0.2,20,10,0.0005,0.0005,mrlco_first_order_mean_pseudogradient,fixed_literature_derived_defaults,,,,,,
601.5610699740411,0.0,0.0,0.0,0.0,0.0,0.03290726553668642,0.9767066836357117,publication,35.29179859161377,68.51379823684692,0.8787993786827526,0.9570388142986094,10000,0.0884744565870933,1.0812783929932934,0.6462077198334645,60.32066561315094,86,0.9570388142986094,603.1940010299097,meta_train_support,0,MARGO-SPLIT-v1,20,20,80,3,87,0.0,0.2,20,10,0.0005,0.0005,mrlco_first_order_mean_pseudogradient,fixed_literature_derived_defaults,,,,,,
616.3354300235204,0.0,0.0,0.0,0.0,0.0,0.03360223641409485,0.9818775057792664,publication,31.979220867156982,69.28730392456055,0.8659579431572669,0.9444614850617814,10000,0.07928249796542708,1.083719008968831,0.6527819162069048,67.4575519689081,87,0.9444614850617814,649.4800131959207,meta_train_support,0,MARGO-SPLIT-v1,20,20,80,3,88,0.0,0.2,20,10,0.0005,0.0005,mrlco_first_order_mean_pseudogradient,fixed_literature_derived_defaults,,,,,,
612.407882079683,0.0,0.0,0.0,0.0,0.0,0.031020542344469642,0.9722973704338074,publication,34.91404175758362,70.10204935073853,0.8663074154851685,0.9448367605103336,10000,0.0834171783675885,1.0870716329564,0.5884720147541143,71.18768614093524,88,0.9448367605103336,635.4758539024298,meta_train_support,0,MARGO-SPLIT-v1,20,20,80,3,89,0.0,0.2,20,10,0.0005,0.0005,mrlco_first_order_mean_pseudogradient,fixed_literature_derived_defaults,,,,,,
614.7233676073074,0.0,0.0,0.0,0.0,0.0,0.028231163937900046,0.9631474614143372,publication,31.698788166046143,70.38347959518433,0.8640946354709508,0.943477380901487,10000,0.08607196413113759,1.0777463278934072,0.6368643707561585,64.1143247336671,89,0.943477380901487,637.3921370455661,meta_train_support,0,MARGO-SPLIT-v1,20,20,80,3,90,0.0,0.2,20,10,0.0005,0.0005,mrlco_first_order_mean_pseudogradient,fixed_literature_derived_defaults,,,,,,
618.097124396583,0.0,0.0,0.0,0.0,0.0,0.0270749587161615,0.9719253182411194,publication,31.826145887374878,69.76741552352905,0.8632145339770927,0.9414836759607446,10000,0.08937815634499478,1.0787125489450702,0.6282417843713521,69.11165679619981,90,0.9414836759607448,654.507683734278,meta_train_support,0,MARGO-SPLIT-v1,20,20,80,3,91,0.0,0.2,20,10,0.0005,0.0005,mrlco_first_order_mean_pseudogradient,fixed_literature_derived_defaults,,,,,,
628.581154278837,0.0,0.0,0.0,0.0,0.0,0.02493694127391598,0.9558629989624023,publication,33.19360017776489,69.22887372970581,0.8531370313671951,0.9312020080894748,10000,0.08273674125963253,1.0630719426953146,0.6275522028906547,69.62607118112787,91,0.9312020080894748,684.9124138279956,meta_train_support,0,MARGO-SPLIT-v1,20,20,80,3,92,0.0,0.2,20,10,0.0005,0.0005,mrlco_first_order_mean_pseudogradient,fixed_literature_derived_defaults,,,,,,
609.6987890820094,0.0,0.0,0.0,0.0,0.0,0.02093702514286188,0.9935709834098816,publication,32.881717681884766,70.15910196304321,0.8780782379832631,0.9574494362413921,10000,0.08080637508246954,1.1035767700017376,0.6501370183602336,59.07536825426462,92,0.9574494362413921,597.4798050709262,meta_train_support,0,MARGO-SPLIT-v1,20,20,80,3,93,0.0,0.2,20,10,0.0005,0.0005,mrlco_first_order_mean_pseudogradient,fixed_literature_derived_defaults,,,,,,
609.6030642221451,0.0,0.0,0.0,0.0,0.0,0.019817966855768508,0.9932402968406677,publication,35.17756414413452,69.0489490032196,0.8590176792635013,0.9360709309066686,10000,0.09082407512651276,1.086579404115751,0.6304058776107664,66.79405320809816,93,0.9360709309066686,645.2673026932907,meta_train_support,0,MARGO-SPLIT-v1,20,20,80,3,94,0.0,0.2,20,10,0.0005,0.0005,mrlco_first_order_mean_pseudogradient,fixed_literature_derived_defaults,,,,,,
608.3862279260907,0.0,0.0,0.0,0.0,0.0,0.016899320846422688,1.008237361907959,publication,35.153279542922974,69.08769750595093,0.8751968378816624,0.9543130558752538,10000,0.07273214004667002,1.0941469446163417,0.6466697759685867,60.71504238792284,94,0.9543130558752538,614.0845862806402,meta_train_support,0,MARGO-SPLIT-v1,20,20,80,3,95,0.0,0.2,20,10,0.0005,0.0005,mrlco_first_order_mean_pseudogradient,fixed_literature_derived_defaults,,,,,,
614.3393724738257,0.0,0.0,0.0,0.0,0.0,0.016651643198840133,0.982173502445221,publication,34.13914895057678,69.63091564178467,0.866598455617131,0.943859272564818,10000,0.08523904912548533,1.086579404115751,0.6387511416667657,63.7131491759347,95,0.943859272564818,634.8729147006075,meta_train_support,0,MARGO-SPLIT-v1,20,20,80,3,96,0.0,0.2,20,10,0.0005,0.0005,mrlco_first_order_mean_pseudogradient,fixed_literature_derived_defaults,,,,,,
635.663311688069,0.0,0.0,0.0,0.0,0.0,0.017206702941313812,0.9445348381996155,publication,33.228209495544434,69.89973044395447,0.8514702016536776,0.929354377661866,10000,0.0815129630422775,1.0524041281083911,0.6416411344315394,71.92557462776185,96,0.929354377661866,706.1943809897082,meta_train_support,0,MARGO-SPLIT-v1,20,20,80,3,97,0.0,0.2,20,10,0.0005,0.0005,mrlco_first_order_mean_pseudogradient,fixed_literature_derived_defaults,,,,,,
603.7171097471783,0.0,0.0,0.0,0.0,0.0,0.014768259013418735,0.9622409343719482,publication,33.35934543609619,70.7951090335846,0.8746554481372197,0.9536061309650739,10000,0.07108152481824882,1.070076978048335,0.6505371966985257,63.36085063167316,97,0.9536061309650739,617.0907565231445,meta_train_support,0,MARGO-SPLIT-v1,20,20,80,3,98,0.0,0.2,20,10,0.0005,0.0005,mrlco_first_order_mean_pseudogradient,fixed_literature_derived_defaults,,,,,,
613.843956344509,0.0,0.0,0.0,0.0,0.0,0.01513212408439304,0.9926690459251404,publication,33.20382881164551,70.07622838020325,0.8628399817383746,0.9412178372812415,10000,0.08098962943339508,1.0787125489450702,0.6720827363288214,63.48378952247237,98,0.9412178372812415,649.8905703630951,meta_train_support,0,MARGO-SPLIT-v1,20,20,80,3,99,0.0,0.2,20,10,0.0005,0.0005,mrlco_first_order_mean_pseudogradient,fixed_literature_derived_defaults,,,,,,
602.4160068875041,0.0,0.0,0.0,0.0,0.0,0.014527751750309178,1.010029911994934,publication,34.23244023323059,69.31371212005615,0.8760394627655366,0.9538852143946851,10000,0.08749916632340103,1.0777463278934072,0.6081234011194071,60.78091497976995,99,0.9538852143946851,622.3042744455242,meta_train_support,0,MARGO-SPLIT-v1,20,20,80,3,100,0.0,0.2,20,10,0.0005,0.0005,mrlco_first_order_mean_pseudogradient,fixed_literature_derived_defaults,,,,,,
604.6792284925733,0.0,0.0,0.0,0.0,0.0,0.014695744301900607,0.9954272508621216,publication,33.41420316696167,70.74506759643555,0.86975523727613,0.9480448899969378,10000,0.08869211666123647,1.083719008968831,0.6123214798474735,62.38936781098873,100,0.9480448899969378,612.8735595269571,meta_train_support,0,MARGO-SPLIT-v1,20,20,80,3,101,0.0,0.2,20,10,0.0005,0.0005,mrlco_first_order_mean_pseudogradient,fixed_literature_derived_defaults,0.9536143160974818,0.9521020155912476,630.422219843723,630.2503714926585,validation_query_composite_objective,1
610.0874743387767,0.0,0.0,0.0,0.0,0.0,0.014389630965157139,0.987086296081543,publication,35.005271911621094,70.93132758140564,0.8748082909486647,0.9558510273429379,10000,0.08225817176724311,1.0870716329564,0.6532918535326196,59.01283192892675,101,0.9558510273429379,621.010340889075,meta_train_support,0,MARGO-SPLIT-v1,20,20,80,3,102,0.0,0.2,20,10,0.0005,0.0005,mrlco_first_order_mean_pseudogradient,fixed_literature_derived_defaults,,,,,,
609.7279719487054,0.0,0.0,0.0,0.0,0.0,0.01513700455839779,0.988116979598999,publication,32.906713008880615,69.46793627738953,0.8730908661642574,0.950749954947387,10000,0.08427895225619585,1.0941469446163417,0.5927341929857837,61.66655666574712,102,0.950749954947387,629.9707833559977,meta_train_support,0,MARGO-SPLIT-v1,20,20,80,3,103,0.0,0.2,20,10,0.0005,0.0005,mrlco_first_order_mean_pseudogradient,fixed_literature_derived_defaults,,,,,,
612.0716486072267,0.0,0.0,0.0,0.0,0.0,0.015665172538086653,0.9785480499267578,publication,33.69624924659729,68.212229013443,0.8568255963471891,0.9329644921308009,10000,0.09182756879440246,1.0870716329564,0.5572655609720543,66.62025699800417,103,0.9329644921308009,653.0653733407033,meta_train_support,0,MARGO-SPLIT-v1,20,20,80,3,104,0.0,0.2,20,10,0.0005,0.0005,mrlco_first_order_mean_pseudogradient,fixed_literature_derived_defaults,,,,,,
606.9201489113535,0.0,0.0,0.0,0.0,0.0,0.014614424214295454,0.971467912197113,publication,33.69635534286499,68.55635404586792,0.8702438671294375,0.9483627926979078,10000,0.09225191616583037,1.0870716329564,0.6489874565566759,60.073865833934455,104,0.9483627926979078,621.4823402206503,meta_train_support,0,MARGO-SPLIT-v1,20,20,80,3,105,0.0,0.2,20,10,0.0005,0.0005,mrlco_first_order_mean_pseudogradient,fixed_literature_derived_defaults,,,,,,
592.2432698330607,0.0,0.0,0.0,0.0,0.0,0.01281180000413284,0.9849418997764587,publication,32.10112738609314,69.99589848518372,0.8851111845155554,0.9656723823557412,10000,0.07988646896603617,1.0733201117294189,0.6372342819683194,55.392783033426724,105,0.9656723823557412,589.4103251180404,meta_train_support,0,MARGO-SPLIT-v1,20,20,80,3,106,0.0,0.2,20,10,0.0005,0.0005,mrlco_first_order_mean_pseudogradient,fixed_literature_derived_defaults,,,,,,
629.7362235133307,0.0,0.0,0.0,0.0,0.0,0.01549954807457507,1.0303750038146973,publication,35.6714563369751,69.71250224113464,0.8483039637280861,0.9236490611486271,10000,0.08976574131875883,1.086579404115751,0.39072073313158906,76.19464595086758,106,0.9236490611486273,712.6939985096808,meta_train_support,0,MARGO-SPLIT-v1,20,20,80,3,107,0.0,0.2,20,10,0.0005,0.0005,mrlco_first_order_mean_pseudogradient,fixed_literature_derived_defaults,,,,,,
608.265731272275,0.0,0.0,0.0,0.0,0.0,0.014176192048968158,1.027916431427002,publication,35.017738580703735,70.46132493019104,0.8678211007160624,0.9481268932726762,10000,0.09241809513601078,1.0812783929932934,0.6116593275794642,59.7930197122387,107,0.9481268932726762,616.2023009073434,meta_train_support,0,MARGO-SPLIT-v1,20,20,80,3,108,0.0,0.2,20,10,0.0005,0.0005,mrlco_first_order_mean_pseudogradient,fixed_literature_derived_defaults,,,,,,
637.3500925179618,0.0,0.0,0.0,0.0,0.0,0.016392829373174038,1.0143554210662842,publication,35.70526123046875,69.59861755371094,0.8385109130786761,0.9131904389870044,10000,0.10198617909264783,1.0647155336633405,0.5508722094980557,78.29736862417408,108,0.9131904389870044,724.4482125727232,meta_train_support,0,MARGO-SPLIT-v1,20,20,80,3,109,0.0,0.2,20,10,0.0005,0.0005,mrlco_first_order_mean_pseudogradient,fixed_literature_derived_defaults,,,,,,
599.1756628270695,0.0,0.0,0.0,0.0,0.0,0.013582897256641616,0.9971951246261597,publication,33.40659832954407,67.70638251304626,0.8761000070427055,0.9556859274339953,10000,0.08237224126447518,1.1035767700017376,0.6015686803316422,64.42103169516972,109,0.9556859274339953,601.1718228826101,meta_train_support,0,MARGO-SPLIT-v1,20,20,80,3,110,0.0,0.2,20,10,0.0005,0.0005,mrlco_first_order_mean_pseudogradient,fixed_literature_derived_defaults,,,,,,
611.075514126328,0.0,0.0,0.0,0.0,0.0,0.015192698990673293,0.9829192757606506,publication,32.86390519142151,69.58321237564087,0.8686931885758135,0.9458603755071117,10000,0.09265297544777454,1.0870716329564,0.6491211672470657,64.93944446148414,110,0.9458603755071117,636.162313438951,meta_train_support,0,MARGO-SPLIT-v1,20,20,80,3,111,0.0,0.2,20,10,0.0005,0.0005,mrlco_first_order_mean_pseudogradient,fixed_literature_derived_defaults,,,,,,
611.8361027888026,0.0,0.0,0.0,0.0,0.0,0.01624675651437548,0.9777106046676636,publication,35.13145613670349,69.13275837898254,0.871060067089017,0.9511488610227145,10000,0.08240098212599774,1.0870716329564,0.6343008296672216,61.94587681766821,111,0.9511488610227147,614.7163702370194,meta_train_support,0,MARGO-SPLIT-v1,20,20,80,3,112,0.0,0.2,20,10,0.0005,0.0005,mrlco_first_order_mean_pseudogradient,fixed_literature_derived_defaults,,,,,,
613.8801960079602,0.0,0.0,0.0,0.0,0.0,0.018474351401747795,1.0165165662765503,publication,34.21733808517456,67.96601939201355,0.8661955744448775,0.9417667332365478,10000,0.08509890332690768,1.0870716329564,0.5628064896284267,71.47886879008848,112,0.9417667332365478,642.6426824641146,meta_train_support,0,MARGO-SPLIT-v1,20,20,80,3,113,0.0,0.2,20,10,0.0005,0.0005,mrlco_first_order_mean_pseudogradient,fixed_literature_derived_defaults,,,,,,
592.1691951543127,0.0,0.0,0.0,0.0,0.0,0.017352551214231595,1.0177314281463623,publication,33.84771704673767,67.94980478286743,0.8813888687163213,0.9613136780927954,10000,0.09059687761629596,1.0870716329564,0.5293295376076887,63.57476326370491,113,0.9613136780927954,577.4208467268876,meta_train_support,0,MARGO-SPLIT-v1,20,20,80,3,114,0.0,0.2,20,10,0.0005,0.0005,mrlco_first_order_mean_pseudogradient,fixed_literature_derived_defaults,,,,,,
597.8222073810168,0.0,0.0,0.0,0.0,0.0,0.01972959880963747,1.0306851863861084,publication,33.16535806655884,70.62774896621704,0.874613513107862,0.9557893782490035,10000,0.07425546551540761,1.0715482848323281,0.5644761965510162,65.25290328938223,114,0.9557893782490035,590.1947861375141,meta_train_support,0,MARGO-SPLIT-v1,20,20,80,3,115,0.0,0.2,20,10,0.0005,0.0005,mrlco_first_order_mean_pseudogradient,fixed_literature_derived_defaults,,,,,,
611.8795002347811,0.0,0.0,0.0,0.0,0.0,0.02503340968747651,1.0184251070022583,publication,33.850300788879395,68.75398182868958,0.8652492942109414,0.9424404464821069,10000,0.08994971456444767,1.0896422730966202,0.5946784853898041,65.82116914273938,115,0.9424404464821069,636.2940360190745,meta_train_support,0,MARGO-SPLIT-v1,20,20,80,3,116,0.0,0.2,20,10,0.0005,0.0005,mrlco_first_order_mean_pseudogradient,fixed_literature_derived_defaults,,,,,,
609.8696032843862,0.0,0.0,0.0,0.0,0.0,0.025731356881860408,0.99134761095047,publication,34.52947926521301,68.89078664779663,0.866567017689358,0.9427310623979219,10000,0.09419922292121333,1.0812783929932934,0.541252235528389,74.25727586572255,116,0.9427310623979219,619.4339836151995,meta_train_support,0,MARGO-SPLIT-v1,20,20,80,3,117,0.0,0.2,20,10,0.0005,0.0005,mrlco_first_order_mean_pseudogradient,fixed_literature_derived_defaults,,,,,,
636.2397971283913,0.0,0.0,0.0,0.0,0.0,0.029840225353870983,0.9840660095214844,publication,33.74550986289978,70.47587156295776,0.8342756859835928,0.9089856553467014,10000,0.09694061873554148,1.086579404115751,0.05507303533938057,85.97625079840535,117,0.9089856553467014,714.5717035142272,meta_train_support,0,MARGO-SPLIT-v1,20,20,80,3,118,0.0,0.2,20,10,0.0005,0.0005,mrlco_first_order_mean_pseudogradient,fixed_literature_derived_defaults,,,,,,
611.2388333680018,0.0,0.0,0.0,0.0,0.0,0.024773108719946545,1.0459874868392944,publication,33.26508140563965,69.02666473388672,0.8659229458564424,0.9448945339891408,10000,0.08565846963535674,1.0827167404143352,0.4485606565469549,77.96681287836462,118,0.9448945339891408,619.7922053404385,meta_train_support,0,MARGO-SPLIT-v1,20,20,80,3,119,0.0,0.2,20,10,0.0005,0.0005,mrlco_first_order_mean_pseudogradient,fixed_literature_derived_defaults,,,,,,
587.3677328283991,0.0,0.0,0.0,0.0,0.0,0.022529097254605508,1.043639898300171,publication,32.333807706832886,66.78161454200745,0.873206557106402,0.951202968632513,10000,0.08571379257395685,1.0941469446163417,0.5777985089199417,70.6175594448337,119,0.951202968632513,595.2884022562475,meta_train_support,0,MARGO-SPLIT-v1,20,20,80,3,120,0.0,0.2,20,10,0.0005,0.0005,mrlco_first_order_mean_pseudogradient,fixed_literature_derived_defaults,,,,,,
613.8012203665733,0.0,0.0,0.0,0.0,0.0,0.022522348538304537,1.051315426826477,publication,34.990787982940674,69.18454933166504,0.8534294345033177,0.9292780824592228,10000,0.09603626098793151,1.0700036746145594,0.5081543244932837,80.9692392433851,120,0.9292780824592229,655.2774508743028,meta_train_support,0,MARGO-SPLIT-v1,20,20,80,3,121,0.0,0.2,20,10,0.0005,0.0005,mrlco_first_order_mean_pseudogradient,fixed_literature_derived_defaults,,,,,,
608.3542729327339,0.0,0.0,0.0,0.0,0.0,0.018625102797641895,1.0244754552841187,publication,34.1445415019989,68.8270947933197,0.8750691660403894,0.9547155701413034,10000,0.07138228525991588,1.0694930158525962,0.6632854016671743,67.0633747515254,121,0.9547155701413034,613.5877427746651,meta_train_support,0,MARGO-SPLIT-v1,20,20,80,3,122,0.0,0.2,20,10,0.0005,0.0005,mrlco_first_order_mean_pseudogradient,fixed_literature_derived_defaults,,,,,,
615.8743729006086,0.0,0.0,0.0,0.0,0.0,0.017665268912249336,1.0379104614257812,publication,34.85168528556824,71.26798820495605,0.8659295856619765,0.9448840663071464,10000,0.09093607062661412,1.0827167404143352,0.5507462781950156,67.26225651834068,122,0.9448840663071464,644.0360525471237,meta_train_support,0,MARGO-SPLIT-v1,20,20,80,3,123,0.0,0.2,20,10,0.0005,0.0005,mrlco_first_order_mean_pseudogradient,fixed_literature_derived_defaults,,,,,,
613.5091021965707,0.0,0.0,0.0,0.0,0.0,0.017118873204752857,1.0252920389175415,publication,35.59461450576782,69.69625973701477,0.8632108007603001,0.941552083373041,10000,0.0904390650849847,1.0827167404143352,0.49815443693988093,74.11095624720981,123,0.941552083373041,641.3008945240429,meta_train_support,0,MARGO-SPLIT-v1,20,20,80,3,124,0.0,0.2,20,10,0.0005,0.0005,mrlco_first_order_mean_pseudogradient,fixed_literature_derived_defaults,,,,,,
609.3268856763023,0.0,0.0,0.0,0.0,0.0,0.01788882555366442,1.0376787185668945,publication,34.470627784729004,69.34045720100403,0.8684897125193369,0.9456005988763322,10000,0.08964412243332619,1.0941469446163417,0.6326717765638866,62.454657529366195,124,0.9456005988763322,633.8599771472577,meta_train_support,0,MARGO-SPLIT-v1,20,20,80,3,125,0.0,0.2,20,10,0.0005,0.0005,mrlco_first_order_mean_pseudogradient,fixed_literature_derived_defaults,,,,,,
605.0793720455852,0.0,0.0,0.0,0.0,0.0,0.01624940592511911,1.0577718019485474,publication,31.113925218582153,69.02419304847717,0.882600418626686,0.9622177694742293,10000,0.08220498635900071,1.0941469446163417,0.6476521349526871,55.88649698343108,125,0.9622177694742293,588.5623168985123,meta_train_support,0,MARGO-SPLIT-v1,20,20,80,3,126,0.0,0.2,20,10,0.0005,0.0005,mrlco_first_order_mean_pseudogradient,fixed_literature_derived_defaults,,,,,,
590.4636995681354,0.0,0.0,0.0,0.0,0.0,0.013835191141821844,1.030887484550476,publication,34.383158922195435,69.74487829208374,0.8829277638881109,0.9631709951064791,10000,0.08224665454338684,1.0941469446163417,0.49157690796480336,59.189426951609974,126,0.9631709951064791,554.6976080985123,meta_train_support,0,MARGO-SPLIT-v1,20,20,80,3,127,0.0,0.2,20,10,0.0005,0.0005,mrlco_first_order_mean_pseudogradient,fixed_literature_derived_defaults,,,,,,
610.1292321139064,0.0,0.0,0.0,0.0,0.0,0.013794287003543118,1.0445064306259155,publication,33.83510684967041,70.71611142158508,0.874041901923717,0.9539153174860965,10000,0.07298604442337826,1.0859245074445334,0.700429046293053,62.140897258841164,127,0.9539153174860965,618.6952945434216,meta_train_support,0,MARGO-SPLIT-v1,20,20,80,3,128,0.0,0.2,20,10,0.0005,0.0005,mrlco_first_order_mean_pseudogradient,fixed_literature_derived_defaults,,,,,,
605.9836378063475,0.0,0.0,0.0,0.0,0.0,0.013329287440704291,0.9724656939506531,publication,34.65224266052246,70.14418840408325,0.8619182013571042,0.9406962273373385,10000,0.08822808608098984,1.0703377335940178,0.5607115375507594,66.52012795028975,128,0.9406962273373385,664.3874705178138,meta_train_support,0,MARGO-SPLIT-v1,20,20,80,3,129,0.0,0.2,20,10,0.0005,0.0005,mrlco_first_order_mean_pseudogradient,fixed_literature_derived_defaults,,,,,,
600.3576359473092,0.0,0.0,0.0,0.0,0.0,0.012459903440467681,0.9772055149078369,publication,30.99112057685852,67.69450879096985,0.8704854271169288,0.9476470956816611,10000,0.08353317311204257,1.0777463278934072,0.36332850900679037,61.59733939347873,129,0.947647095681661,616.515019184806,meta_train_support,0,MARGO-SPLIT-v1,20,20,80,3,130,0.0,0.2,20,10,0.0005,0.0005,mrlco_first_order_mean_pseudogradient,fixed_literature_derived_defaults,,,,,,
602.9950512143134,0.0,0.0,0.0,0.0,0.0,0.011418235101786852,0.9986042380332947,publication,33.153156042099,68.25505876541138,0.8801660629254675,0.9589163278442405,10000,0.07658718801543718,1.0811467714495175,0.6472078771042221,56.17144671846925,130,0.9589163278442405,600.2039845922252,meta_train_support,0,MARGO-SPLIT-v1,20,20,80,3,131,0.0,0.2,20,10,0.0005,0.0005,mrlco_first_order_mean_pseudogradient,fixed_literature_derived_defaults,,,,,,
616.5712744361742,0.0,0.0,0.0,0.0,0.0,0.011250042326098537,1.0557266473770142,publication,35.2871572971344,68.98347425460815,0.8691516690499573,0.9486034605887388,10000,0.0794704991536843,1.0715482848323281,0.6254638580422996,62.221395971064595,131,0.9486034605887388,641.6344697416074,meta_train_support,0,MARGO-SPLIT-v1,20,20,80,3,132,0.0,0.2,20,10,0.0005,0.0005,mrlco_first_order_mean_pseudogradient,fixed_literature_derived_defaults,,,,,,
643.865541170924,0.0,0.0,0.0,0.0,0.0,0.012549616119751436,1.086471438407898,publication,33.041197538375854,70.4338731765747,0.842031439192333,0.9178964282833002,10000,0.08641886518796825,1.0870716329564,0.6350703682763716,74.33927855487975,132,0.9178964282833002,707.6875972739806,meta_train_support,0,MARGO-SPLIT-v1,20,20,80,3,133,0.0,0.2,20,10,0.0005,0.0005,mrlco_first_order_mean_pseudogradient,fixed_literature_derived_defaults,,,,,,
605.2735970924923,0.0,0.0,0.0,0.0,0.0,0.010597803909819384,1.0509874820709229,publication,35.99067187309265,68.95731496810913,0.8780400204503661,0.9586748277413392,10000,0.07885525148582646,1.1035767700017376,0.6245757038391653,59.94710499136332,133,0.9586748277413389,593.9580642987428,meta_train_support,0,MARGO-SPLIT-v1,20,20,80,3,134,0.0,0.2,20,10,0.0005,0.0005,mrlco_first_order_mean_pseudogradient,fixed_literature_derived_defaults,,,,,,
607.0248130679947,0.0,0.0,0.0,0.0,0.0,0.012229999914008772,1.0236592292785645,publication,34.88195323944092,68.36329960823059,0.8695181844942635,0.9476156884827768,10000,0.08596634631435257,1.0812783929932934,0.6416629780139997,62.141630933219915,134,0.9476156884827768,620.5360037166133,meta_train_support,0,MARGO-SPLIT-v1,20,20,80,3,135,0.0,0.2,20,10,0.0005,0.0005,mrlco_first_order_mean_pseudogradient,fixed_literature_derived_defaults,,,,,,
628.1721693165507,0.0,0.0,0.0,0.0,0.0,0.013909908484839143,1.0039011240005493,publication,34.5081422328949,68.9854028224945,0.8505820381875585,0.9272030043476188,10000,0.09234569415260133,1.1035767700017376,0.6265397637908608,68.51966967016864,135,0.9272030043476188,694.4246821196951,meta_train_support,0,MARGO-SPLIT-v1,20,20,80,3,136,0.0,0.2,20,10,0.0005,0.0005,mrlco_first_order_mean_pseudogradient,fixed_literature_derived_defaults,,,,,,
612.7165585407394,0.0,0.0,0.0,0.0,0.0,0.01406974994756618,1.000118374824524,publication,34.79311943054199,69.87814593315125,0.8586301590165818,0.935131474696658,10000,0.09633422300037918,1.0941469446163417,0.6131722626009564,70.23335870422238,136,0.935131474696658,659.4680951925222,meta_train_support,0,MARGO-SPLIT-v1,20,20,80,3,137,0.0,0.2,20,10,0.0005,0.0005,mrlco_first_order_mean_pseudogradient,fixed_literature_derived_defaults,,,,,,
627.9561715879032,0.0,0.0,0.0,0.0,0.0,0.01526557239772845,0.9593406915664673,publication,35.74561357498169,72.4168758392334,0.8521269418457142,0.9297777180816811,10000,0.07850491055032885,1.0616356726640896,0.6042319347765048,72.0539175215223,137,0.9297777180816809,695.8848364892877,meta_train_support,0,MARGO-SPLIT-v1,20,20,80,3,138,0.0,0.2,20,10,0.0005,0.0005,mrlco_first_order_mean_pseudogradient,fixed_literature_derived_defaults,,,,,,
610.2033067926543,0.0,0.0,0.0,0.0,0.0,0.014639751860760119,1.0342087745666504,publication,35.14368987083435,71.5782253742218,0.8819742448772351,0.9628510411428217,10000,0.07012262430073776,1.0827167404143352,0.6996219011171066,56.909095501862886,138,0.9628510411428217,605.1240285754573,meta_train_support,0,MARGO-SPLIT-v1,20,20,80,3,139,0.0,0.2,20,10,0.0005,0.0005,mrlco_first_order_mean_pseudogradient,fixed_literature_derived_defaults,,,,,,
608.2021219882965,0.0,0.0,0.0,0.0,0.0,0.015620756411792338,1.0467267036437988,publication,33.66910362243652,72.6242368221283,0.8713861158868789,0.9486581508146766,10000,0.0886499305144329,1.0941469446163417,0.6255785338453406,64.4620367035687,139,0.9486581508146766,623.996150846296,meta_train_support,0,MARGO-SPLIT-v1,20,20,80,3,140,0.0,0.2,20,10,0.0005,0.0005,mrlco_first_order_mean_pseudogradient,fixed_literature_derived_defaults,,,,,,
626.9257377568108,0.0,0.0,0.0,0.0,0.0,0.015719129520460517,1.0538171529769897,publication,33.81977891921997,72.02994394302368,0.8579693577351741,0.935541182177304,10000,0.08695184384827935,1.083719008968831,0.6389019618194691,70.89165572262046,140,0.935541182177304,666.6234300919969,meta_train_support,0,MARGO-SPLIT-v1,20,20,80,3,141,0.0,0.2,20,10,0.0005,0.0005,mrlco_first_order_mean_pseudogradient,fixed_literature_derived_defaults,,,,,,
607.9056998725346,0.0,0.0,0.0,0.0,0.0,0.01516556611532269,1.042931318283081,publication,33.126185178756714,69.82942795753479,0.8704899220507919,0.9483664300015237,10000,0.07844128474006239,1.078007433305869,0.6998811716254436,61.450307126094934,141,0.9483664300015237,625.7658391761724,meta_train_support,0,MARGO-SPLIT-v1,20,20,80,3,142,0.0,0.2,20,10,0.0005,0.0005,mrlco_first_order_mean_pseudogradient,fixed_literature_derived_defaults,,,,,,
613.8897603118214,0.0,0.0,0.0,0.0,0.0,0.014847336734310101,0.9931628108024597,publication,30.586732387542725,69.45184421539307,0.8656775904854891,0.9446813573302943,10000,0.08995024677538425,1.1035767700017376,0.5875970431094371,65.45354684316598,142,0.9446813573302943,624.0919280658286,meta_train_support,0,MARGO-SPLIT-v1,20,20,80,3,143,0.0,0.2,20,10,0.0005,0.0005,mrlco_first_order_mean_pseudogradient,fixed_literature_derived_defaults,,,,,,
596.5325412389074,0.0,0.0,0.0,0.0,0.0,0.014530858359222533,1.0089466571807861,publication,31.41529631614685,68.57600808143616,0.8743116432900486,0.9514260844167584,10000,0.08799494237928958,1.0811467714495175,0.6282930386562003,61.244257379960466,143,0.9514260844167584,602.3230259082998,meta_train_support,0,MARGO-SPLIT-v1,20,20,80,3,144,0.0,0.2,20,10,0.0005,0.0005,mrlco_first_order_mean_pseudogradient,fixed_literature_derived_defaults,,,,,,
621.2663812090739,0.0,0.0,0.0,0.0,0.0,0.0162088447622704,1.0002299547195435,publication,34.576045751571655,69.33832836151123,0.8551840736640628,0.9309772037431998,10000,0.09284910424794568,1.1035767700017376,0.6205661085969026,75.06506797957067,144,0.9309772037431998,677.1763818560246,meta_train_support,0,MARGO-SPLIT-v1,20,20,80,3,145,0.0,0.2,20,10,0.0005,0.0005,mrlco_first_order_mean_pseudogradient,fixed_literature_derived_defaults,,,,,,
606.026770670196,0.0,0.0,0.0,0.0,0.0,0.01633160191592667,1.0838463306427002,publication,32.709476709365845,69.37999033927917,0.8663054653321491,0.9458374593050339,10000,0.08372908032077195,1.0777463278934072,0.6667395805797545,66.88253263847989,145,0.9458374593050339,612.17319298666,meta_train_support,0,MARGO-SPLIT-v1,20,20,80,3,146,0.0,0.2,20,10,0.0005,0.0005,mrlco_first_order_mean_pseudogradient,fixed_literature_derived_defaults,,,,,,
613.6103419111524,0.0,0.0,0.0,0.0,0.0,0.019074238711382644,1.1247363090515137,publication,34.56898474693298,68.80665731430054,0.8608556695370858,0.9393808594754406,10000,0.09071575097383998,1.1035767700017376,0.49905246418193305,75.11439383652753,146,0.9393808594754406,655.2694418474865,meta_train_support,0,MARGO-SPLIT-v1,20,20,80,3,147,0.0,0.2,20,10,0.0005,0.0005,mrlco_first_order_mean_pseudogradient,fixed_literature_derived_defaults,,,,,,
605.380458361285,0.0,0.0,0.0,0.0,0.0,0.02153076042543157,1.1266560554504395,publication,34.49023246765137,69.35696005821228,0.8715425592508289,0.94980599568156,10000,0.07692282456173564,1.0811467714495175,0.655696475316688,62.535994218154634,147,0.94980599568156,607.7722239057064,meta_train_support,0,MARGO-SPLIT-v1,20,20,80,3,148,0.0,0.2,20,10,0.0005,0.0005,mrlco_first_order_mean_pseudogradient,fixed_literature_derived_defaults,,,,,,
599.1959063969886,0.0,0.0,0.0,0.0,0.0,0.020669725477144584,1.1419163942337036,publication,33.94778752326965,69.48227143287659,0.8847873864300724,0.9644139384964238,10000,0.07967841847106893,1.0827167404143352,0.5483390611824852,57.33308628231659,148,0.9644139384964238,569.2141223523453,meta_train_support,0,MARGO-SPLIT-v1,20,20,80,3,149,0.0,0.2,20,10,0.0005,0.0005,mrlco_first_order_mean_pseudogradient,fixed_literature_derived_defaults,,,,,,
622.1837231839725,0.0,0.0,0.0,0.0,0.0,0.02267969080022518,1.0282396078109741,publication,34.09444856643677,69.61589479446411,0.8524625615762429,0.9281667816568583,10000,0.08485066776933949,1.0811467714495175,0.6958648377321753,69.81130042824255,149,0.9281667816568583,704.5791894853592,meta_train_support,0,MARGO-SPLIT-v1,20,20,80,3,150,0.0,0.2,20,10,0.0005,0.0005,mrlco_first_order_mean_pseudogradient,fixed_literature_derived_defaults,,,,,,
614.1040912375314,0.0,0.0,0.0,0.0,0.0,0.01746493618231856,1.0288949012756348,publication,34.92690181732178,71.02190327644348,0.8714961690072767,0.9506745413523122,10000,0.08930392674342569,1.0941469446163417,0.6230937737729795,60.34384807694222,150,0.9506745413523122,619.5856425040314,meta_train_support,0,MARGO-SPLIT-v1,20,20,80,3,151,0.0,0.2,20,10,0.0005,0.0005,mrlco_first_order_mean_pseudogradient,fixed_literature_derived_defaults,0.9538700913289455,0.953259778797943,630.3172111708435,629.9886652562278,validation_query_composite_objective,1
609.2411621239116,0.0,0.0,0.0,0.0,0.0,0.013838940617482342,1.0291332006454468,publication,27.480417728424072,69.37288117408752,0.8645352754029096,0.94434252011574,10000,0.08445437595576735,1.0811467714495175,0.6288193854434386,64.38454918361685,151,0.94434252011574,625.5860680950287,meta_train_support,0,MARGO-SPLIT-v1,20,20,80,3,152,0.0,0.2,20,10,0.0005,0.0005,mrlco_first_order_mean_pseudogradient,fixed_literature_derived_defaults,,,,,,
627.6294517084667,0.0,0.0,0.0,0.0,0.0,0.011228524657876887,1.0184687376022339,publication,30.5042507648468,70.80644035339355,0.8504063784672511,0.9283442671578774,10000,0.0939097310662008,1.0870716329564,0.6255785338453406,69.99773186417552,152,0.9283442671578774,686.5143218819454,meta_train_support,0,MARGO-SPLIT-v1,20,20,80,3,153,0.0,0.2,20,10,0.0005,0.0005,mrlco_first_order_mean_pseudogradient,fixed_literature_derived_defaults,,,,,,
608.5737048308645,0.0,0.0,0.0,0.0,0.0,0.008408306912238076,1.0294181108474731,publication,26.241636276245117,69.11221957206726,0.8752820410253899,0.9534449102830229,10000,0.08357752215409966,1.086579404115751,0.6092474611512575,59.812292957223846,153,0.9534449102830229,609.777578143079,meta_train_support,0,MARGO-SPLIT-v1,20,20,80,3,154,0.0,0.2,20,10,0.0005,0.0005,mrlco_first_order_mean_pseudogradient,fixed_literature_derived_defaults,,,,,,
599.1121717175755,0.0,0.0,0.0,0.0,0.0,0.007493301335106859,1.0719330310821533,publication,34.99064755439758,69.36327052116394,0.8820127259947742,0.9614258544980417,10000,0.08324684366331367,1.0870716329564,0.6899127472858004,56.377876798428126,154,0.9614258544980417,601.4850687073258,meta_train_support,0,MARGO-SPLIT-v1,20,20,80,3,155,0.0,0.2,20,10,0.0005,0.0005,mrlco_first_order_mean_pseudogradient,fixed_literature_derived_defaults,,,,,,
596.079923252024,0.0,0.0,0.0,0.0,0.0,0.006749257566845332,1.1040476560592651,publication,33.1665985584259,69.43800115585327,0.886189798741481,0.9678929734895549,10000,0.07567632802568103,1.0822258512803418,0.6639947475157802,50.80387748398078,155,0.9678929734895549,568.4280557732092,meta_train_support,0,MARGO-SPLIT-v1,20,20,80,3,156,0.0,0.2,20,10,0.0005,0.0005,mrlco_first_order_mean_pseudogradient,fixed_literature_derived_defaults,,,,,,
612.7337415135112,0.0,0.0,0.0,0.0,0.0,0.006819346291507321,1.111005187034607,publication,34.58249235153198,68.69165325164795,0.8670348153504216,0.9433545783487445,10000,0.08668434676542688,1.0822258512803418,0.6663360274978606,61.62616712890179,156,0.9433545783487445,643.8541672618553,meta_train_support,0,MARGO-SPLIT-v1,20,20,80,3,157,0.0,0.2,20,10,0.0005,0.0005,mrlco_first_order_mean_pseudogradient,fixed_literature_derived_defaults,,,,,,
610.1327797016553,0.0,0.0,0.0,0.0,0.0,0.006371178940436306,1.0723892450332642,publication,34.40037178993225,68.83523559570312,0.8711957120778651,0.9489592809847042,10000,0.09074836612352699,1.0941469446163417,0.6115623313252313,58.11898641388833,157,0.9489592809847042,621.71824930933,meta_train_support,0,MARGO-SPLIT-v1,20,20,80,3,158,0.0,0.2,20,10,0.0005,0.0005,mrlco_first_order_mean_pseudogradient,fixed_literature_derived_defaults,,,,,,
605.498963107586,0.0,0.0,0.0,0.0,0.0,0.005948635100231293,1.0248830318450928,publication,34.23841571807861,68.65174126625061,0.8786475027802526,0.9585214672038137,10000,0.07723626737032308,1.086579404115751,0.6060136577773624,55.265286142140745,158,0.9585214672038137,597.8835642351859,meta_train_support,0,MARGO-SPLIT-v1,20,20,80,3,159,0.0,0.2,20,10,0.0005,0.0005,mrlco_first_order_mean_pseudogradient,fixed_literature_derived_defaults,,,,,,
613.8281238473346,0.0,0.0,0.0,0.0,0.0,0.006494964274389472,0.9823744297027588,publication,34.449424028396606,70.05832147598267,0.8685461255900907,0.9478055859422339,10000,0.08476302202033165,1.0812783929932934,0.6147460541309389,57.97387561792445,159,0.9478055859422336,613.8127691735581,meta_train_support,0,MARGO-SPLIT-v1,20,20,80,3,160,0.0,0.2,20,10,0.0005,0.0005,mrlco_first_order_mean_pseudogradient,fixed_literature_derived_defaults,,,,,,
603.3464869668824,0.0,0.0,0.0,0.0,0.0,0.006444078742854205,0.9720420837402344,publication,32.02453064918518,67.88875889778137,0.8708645786863508,0.9488706813485455,10000,0.09055329881950404,1.078007433305869,0.6440801345700761,59.7206069045916,160,0.9488706813485455,633.8507316185842,meta_train_support,0,MARGO-SPLIT-v1,20,20,80,3,161,0.0,0.2,20,10,0.0005,0.0005,mrlco_first_order_mean_pseudogradient,fixed_literature_derived_defaults,,,,,,
605.4509548881531,0.0,0.0,0.0,0.0,0.0,0.006358516310512231,1.0059139728546143,publication,32.33579921722412,68.72894096374512,0.8836163939928896,0.9641528807624276,10000,0.07814006713493811,1.0787125489450702,0.6362983799406166,54.640643074022734,161,0.9641528807624276,596.5353690026733,meta_train_support,0,MARGO-SPLIT-v1,20,20,80,3,162,0.0,0.2,20,10,0.0005,0.0005,mrlco_first_order_mean_pseudogradient,fixed_literature_derived_defaults,,,,,,
612.8259348043306,0.0,0.0,0.0,0.0,0.0,0.006834937920839809,0.9927080869674683,publication,33.185970067977905,69.36807608604431,0.8690093705131466,0.9491510475320046,10000,0.08683637509940342,1.0827167404143352,0.6806411915834875,57.9241955315191,162,0.9491510475320046,629.4589368452113,meta_train_support,0,MARGO-SPLIT-v1,20,20,80,3,163,0.0,0.2,20,10,0.0005,0.0005,mrlco_first_order_mean_pseudogradient,fixed_literature_derived_defaults,,,,,,
608.5262968701771,0.0,0.0,0.0,0.0,0.0,0.007087572591540206,1.0498343706130981,publication,34.36913204193115,69.81098747253418,0.867796597833664,0.9472310978636417,10000,0.08092363845009774,1.0683936486693157,0.6024816183261772,59.78450639357295,163,0.9472310978636417,634.7746583219761,meta_train_support,0,MARGO-SPLIT-v1,20,20,80,3,164,0.0,0.2,20,10,0.0005,0.0005,mrlco_first_order_mean_pseudogradient,fixed_literature_derived_defaults,,,,,,
621.1481966086251,0.0,0.0,0.0,0.0,0.0,0.007836343229802648,1.0707786083221436,publication,34.260716915130615,68.36077380180359,0.867513456617878,0.9442532195333868,10000,0.08188449820811784,1.0812783929932934,0.6440801345700761,63.5695788825253,164,0.9442532195333868,657.7672431201865,meta_train_support,0,MARGO-SPLIT-v1,20,20,80,3,165,0.0,0.2,20,10,0.0005,0.0005,mrlco_first_order_mean_pseudogradient,fixed_literature_derived_defaults,,,,,,
603.5720256858144,0.0,0.0,0.0,0.0,0.0,0.0077048927080681845,1.0529199838638306,publication,35.41482186317444,69.89678955078125,0.879832159378416,0.9605421763502616,10000,0.0832469780106605,1.0896422730966202,0.6208214327132386,54.54338452682708,165,0.9605421763502616,579.7836403453118,meta_train_support,0,MARGO-SPLIT-v1,20,20,80,3,166,0.0,0.2,20,10,0.0005,0.0005,mrlco_first_order_mean_pseudogradient,fixed_literature_derived_defaults,,,,,,
622.4881245481901,0.0,0.0,0.0,0.0,0.0,0.009461565358910138,1.0259567499160767,publication,36.7026207447052,70.7381694316864,0.8486750698201521,0.9250091268435634,10000,0.08750326242775802,1.07067119447014,0.6426812737919774,67.38314548032157,166,0.9250091268435635,695.1353053278759,meta_train_support,0,MARGO-SPLIT-v1,20,20,80,3,167,0.0,0.2,20,10,0.0005,0.0005,mrlco_first_order_mean_pseudogradient,fixed_literature_derived_defaults,,,,,,
607.3334895290511,0.0,0.0,0.0,0.0,0.0,0.009867644188142793,1.0420352220535278,publication,34.925142765045166,68.42612314224243,0.8695300931905607,0.9464513239670969,10000,0.08894702647884305,1.0827167404143352,0.6494655387789185,65.53396142054766,167,0.9464513239670969,642.439042496278,meta_train_support,0,MARGO-SPLIT-v1,20,20,80,3,168,0.0,0.2,20,10,0.0005,0.0005,mrlco_first_order_mean_pseudogradient,fixed_literature_derived_defaults,,,,,,
628.6121766523088,0.0,0.0,0.0,0.0,0.0,0.011391368811697123,1.0340685844421387,publication,35.08127450942993,69.48070287704468,0.8542093567068741,0.9325102612333088,10000,0.08736915109534023,1.0896422730966202,0.6182380569013877,76.1496160967762,168,0.9325102612333088,676.5581035342394,meta_train_support,0,MARGO-SPLIT-v1,20,20,80,3,169,0.0,0.2,20,10,0.0005,0.0005,mrlco_first_order_mean_pseudogradient,fixed_literature_derived_defaults,,,,,,
608.9759090321813,0.0,0.0,0.0,0.0,0.0,0.012702416008717545,1.1048628091812134,publication,34.766541481018066,69.4249038696289,0.8710216563038653,0.9494763648418644,10000,0.07812938188420887,1.1035767700017376,0.6230934893448169,62.58078959994627,169,0.9494763648418644,624.6849912376989,meta_train_support,0,MARGO-SPLIT-v1,20,20,80,3,170,0.0,0.2,20,10,0.0005,0.0005,mrlco_first_order_mean_pseudogradient,fixed_literature_derived_defaults,,,,,,
609.6461970859935,0.0,0.0,0.0,0.0,0.0,0.01533062878162688,1.055454134941101,publication,34.63860607147217,67.63809990882874,0.8601603567888378,0.9354695674650008,10000,0.0981058571846316,1.1035767700017376,0.5388253731130046,87.75809572695564,170,0.9354695674650008,637.767185499314,meta_train_support,0,MARGO-SPLIT-v1,20,20,80,3,171,0.0,0.2,20,10,0.0005,0.0005,mrlco_first_order_mean_pseudogradient,fixed_literature_derived_defaults,,,,,,
599.9998925054415,0.0,0.0,0.0,0.0,0.0,0.019214623017343092,1.042435884475708,publication,34.276063203811646,70.53298354148865,0.8689975409960522,0.9467028971055402,10000,0.08661383335202785,1.083719008968831,0.6460931015907584,67.36412826650407,171,0.9467028971055402,613.2560444865336,meta_train_support,0,MARGO-SPLIT-v1,20,20,80,3,172,0.0,0.2,20,10,0.0005,0.0005,mrlco_first_order_mean_pseudogradient,fixed_literature_derived_defaults,,,,,,
621.6760041712353,0.0,0.0,0.0,0.0,0.0,0.02233619646473994,1.048903226852417,publication,34.78945994377136,70.89804077148438,0.8553074502389447,0.9311026292857174,10000,0.08661505199983849,1.0683936486693157,0.5986325366032992,88.93870580858422,172,0.9311026292857174,662.1440750673158,meta_train_support,0,MARGO-SPLIT-v1,20,20,80,3,173,0.0,0.2,20,10,0.0005,0.0005,mrlco_first_order_mean_pseudogradient,fixed_literature_derived_defaults,,,,,,
622.2703727711541,0.0,0.0,0.0,0.0,0.0,0.0250363940599161,1.0560307502746582,publication,34.82632780075073,69.73122215270996,0.8532767004732151,0.9307894097608002,10000,0.0963926953477377,1.0812783929932934,0.593127602291901,84.07040088040253,173,0.9307894097608002,651.9783567733436,meta_train_support,0,MARGO-SPLIT-v1,20,20,80,3,174,0.0,0.2,20,10,0.0005,0.0005,mrlco_first_order_mean_pseudogradient,fixed_literature_derived_defaults,,,,,,
606.2883035981041,0.0,0.0,0.0,0.0,0.0,0.025299514967670217,1.0733662843704224,publication,34.120755672454834,69.45644927024841,0.8672806518022997,0.9448742448377978,10000,0.0946523707182672,1.1035767700017376,0.5309554338663788,72.99350044089694,174,0.9448742448377978,617.6100603711715,meta_train_support,0,MARGO-SPLIT-v1,20,20,80,3,175,0.0,0.2,20,10,0.0005,0.0005,mrlco_first_order_mean_pseudogradient,fixed_literature_derived_defaults,,,,,,
602.1332803175244,0.0,0.0,0.0,0.0,0.0,0.023094058203929662,1.0367480516433716,publication,34.79917311668396,70.97339534759521,0.8658733958641482,0.9437758395434874,10000,0.09858742046074097,1.0822258512803418,0.48808126019507025,71.00549941350026,175,0.9437758395434874,614.0130513251073,meta_train_support,0,MARGO-SPLIT-v1,20,20,80,3,176,0.0,0.2,20,10,0.0005,0.0005,mrlco_first_order_mean_pseudogradient,fixed_literature_derived_defaults,,,,,,
600.4158781288828,0.0,0.0,0.0,0.0,0.0,0.018104124280222123,1.0257128477096558,publication,33.5375862121582,69.08646726608276,0.8678036689057581,0.9457501087723764,10000,0.08727204438509815,1.0941469446163417,0.6713421778413837,71.23727631332932,176,0.9457501087723764,634.3296007820537,meta_train_support,0,MARGO-SPLIT-v1,20,20,80,3,177,0.0,0.2,20,10,0.0005,0.0005,mrlco_first_order_mean_pseudogradient,fixed_literature_derived_defaults,,,,,,
631.5703788707461,0.0,0.0,0.0,0.0,0.0,0.0144885809448124,1.012604832649231,publication,35.03727912902832,69.88526201248169,0.8456424988948341,0.9227687684621863,10000,0.08699020862030363,1.0787125489450702,0.5864987975020992,83.1824657060319,177,0.9227687684621863,672.4952037238093,meta_train_support,0,MARGO-SPLIT-v1,20,20,80,3,178,0.0,0.2,20,10,0.0005,0.0005,mrlco_first_order_mean_pseudogradient,fixed_literature_derived_defaults,,,,,,
623.4391009196962,0.0,0.0,0.0,0.0,0.0,0.011596368545212734,1.049060344696045,publication,33.45006203651428,69.58084058761597,0.8550531032451497,0.9325510949151794,10000,0.09125370444551921,1.0870716329564,0.6299365895081598,75.02069969869146,178,0.9325510949151794,650.9431089112092,meta_train_support,0,MARGO-SPLIT-v1,20,20,80,3,179,0.0,0.2,20,10,0.0005,0.0005,mrlco_first_order_mean_pseudogradient,fixed_literature_derived_defaults,,,,,,
584.6596985921043,0.0,0.0,0.0,0.0,0.0,0.008720880969454371,1.0876870155334473,publication,35.71914887428284,73.63694286346436,0.888182432670979,0.9692186817795848,10000,0.07242950984419608,1.0822258512803418,0.6136017735106508,51.33414959158413,179,0.9692186817795848,544.4740848049341,meta_train_support,0,MARGO-SPLIT-v1,20,20,80,3,180,0.0,0.2,20,10,0.0005,0.0005,mrlco_first_order_mean_pseudogradient,fixed_literature_derived_defaults,,,,,,
602.0741055160659,0.0,0.0,0.0,0.0,0.0,0.007491549092039209,1.052127480506897,publication,32.76647734642029,68.91649103164673,0.8836580489088915,0.9623423153817247,10000,0.0746147884881645,1.0812783929932934,0.6203747955219915,55.051193291957524,180,0.9623423153817247,591.9958345144748,meta_train_support,0,MARGO-SPLIT-v1,20,20,80,3,181,0.0,0.2,20,10,0.0005,0.0005,mrlco_first_order_mean_pseudogradient,fixed_literature_derived_defaults,,,,,,
608.3006204601288,0.0,0.0,0.0,0.0,0.0,0.006463908911505404,1.0425375699996948,publication,32.27895426750183,67.36783051490784,0.8669610862233962,0.943784452095823,10000,0.09377999814163182,1.07067119447014,0.6540123020019223,59.77076480290261,181,0.943784452095823,643.2968222094904,meta_train_support,0,MARGO-SPLIT-v1,20,20,80,3,182,0.0,0.2,20,10,0.0005,0.0005,mrlco_first_order_mean_pseudogradient,fixed_literature_derived_defaults,,,,,,
615.0461300274713,0.0,0.0,0.0,0.0,0.0,0.004339425266849199,1.0089398622512817,publication,33.56426525115967,69.56256914138794,0.879088299240771,0.9589997952509438,10000,0.07625466260724353,1.0896422730966202,0.6707441323996358,55.76359000375775,182,0.9589997952509438,600.6406634586101,meta_train_support,0,MARGO-SPLIT-v1,20,20,80,3,183,0.0,0.2,20,10,0.0005,0.0005,mrlco_first_order_mean_pseudogradient,fixed_literature_derived_defaults,,,,,,
609.2154377267566,0.0,0.0,0.0,0.0,0.0,0.003494232593346976,0.9271277785301208,publication,34.62401461601257,69.66816544532776,0.8796361207393396,0.9580268504451749,10000,0.08640320937724792,1.086579404115751,0.6417330531807528,56.36893896593649,183,0.9580268504451749,607.5311824210263,meta_train_support,0,MARGO-SPLIT-v1,20,20,80,3,184,0.0,0.2,20,10,0.0005,0.0005,mrlco_first_order_mean_pseudogradient,fixed_literature_derived_defaults,,,,,,
602.709423823452,0.0,0.0,0.0,0.0,0.0,0.003009635794346541,0.8899235129356384,publication,35.0481116771698,70.34022760391235,0.8736769993884582,0.9540149284141131,10000,0.08679475555055194,1.0870716329564,0.5808589146894795,55.36776184462336,184,0.9540149284141131,611.9484158197403,meta_train_support,0,MARGO-SPLIT-v1,20,20,80,3,185,0.0,0.2,20,10,0.0005,0.0005,mrlco_first_order_mean_pseudogradient,fixed_literature_derived_defaults,,,,,,
641.9866119685854,0.0,0.0,0.0,0.0,0.0,0.003713326273566479,0.9368987083435059,publication,34.98742055892944,70.0881462097168,0.8398833155432484,0.9164867667488381,10000,0.0865431347747136,1.083719008968831,0.6421553350995316,72.62423061827496,185,0.9164867667488381,740.129925909778,meta_train_support,0,MARGO-SPLIT-v1,20,20,80,3,186,0.0,0.2,20,10,0.0005,0.0005,mrlco_first_order_mean_pseudogradient,fixed_literature_derived_defaults,,,,,,
615.680149568912,0.0,0.0,0.0,0.0,0.0,0.003582416491006042,1.0128417015075684,publication,33.73886179924011,69.7461006641388,0.8621063882177182,0.9380904339328306,10000,0.08829888384241147,1.0827167404143352,0.6468654794805127,65.5062082750169,186,0.9380904339328306,665.8688259610925,meta_train_support,0,MARGO-SPLIT-v1,20,20,80,3,187,0.0,0.2,20,10,0.0005,0.0005,mrlco_first_order_mean_pseudogradient,fixed_literature_derived_defaults,,,,,,
614.4474002171107,0.0,0.0,0.0,0.0,0.0,0.0036113082006713716,1.0388771295547485,publication,33.62849259376526,71.0253963470459,0.8706208191627135,0.9503262587860715,10000,0.08525891004031533,1.0812783929932934,0.6475375499539537,57.79834553956926,187,0.9503262587860715,624.0147853555557,meta_train_support,0,MARGO-SPLIT-v1,20,20,80,3,188,0.0,0.2,20,10,0.0005,0.0005,mrlco_first_order_mean_pseudogradient,fixed_literature_derived_defaults,,,,,,
601.3369666082382,0.0,0.0,0.0,0.0,0.0,0.0034823416809791614,1.0374197959899902,publication,34.411356687545776,69.49050688743591,0.8886077849212989,0.9696384155951137,10000,0.06962835696922712,1.1035767700017376,0.6759217390882962,52.5016426151874,188,0.9696384155951137,574.7069597036675,meta_train_support,0,MARGO-SPLIT-v1,20,20,80,3,189,0.0,0.2,20,10,0.0005,0.0005,mrlco_first_order_mean_pseudogradient,fixed_literature_derived_defaults,,,,,,
604.901693686785,0.0,0.0,0.0,0.0,0.0,0.00474335192889323,1.065520167350769,publication,33.54180932044983,68.45334506034851,0.8746340636281394,0.9534744377317025,10000,0.0828120931749296,1.086579404115751,0.6387511416667657,58.88984008101708,189,0.9534744377317025,616.5890964760944,meta_train_support,0,MARGO-SPLIT-v1,20,20,80,3,190,0.0,0.2,20,10,0.0005,0.0005,mrlco_first_order_mean_pseudogradient,fixed_literature_derived_defaults,,,,,,
618.7531294609888,0.0,0.0,0.0,0.0,0.0,0.005701859345882035,1.0290499925613403,publication,33.766677141189575,70.05369186401367,0.8700968977689642,0.9492376829151261,10000,0.07703389617859338,1.0822258512803418,0.6323083726201372,59.947856596396214,190,0.9492376829151261,623.0590710411632,meta_train_support,0,MARGO-SPLIT-v1,20,20,80,3,191,0.0,0.2,20,10,0.0005,0.0005,mrlco_first_order_mean_pseudogradient,fixed_literature_derived_defaults,,,,,,
622.9100234400613,0.0,0.0,0.0,0.0,0.0,0.00838839690393845,1.0495511293411255,publication,34.21410012245178,69.3742880821228,0.8576868077145611,0.933253168459791,10000,0.09392008514104916,1.0870716329564,0.5808589146894795,66.49529643800687,191,0.933253168459791,680.6026612656184,meta_train_support,0,MARGO-SPLIT-v1,20,20,80,3,192,0.0,0.2,20,10,0.0005,0.0005,mrlco_first_order_mean_pseudogradient,fixed_literature_derived_defaults,,,,,,
613.3587242044448,0.0,0.0,0.0,0.0,0.0,0.009441057634160747,1.0314809083938599,publication,34.894612073898315,70.05963683128357,0.8642758480626463,0.9420870607215406,10000,0.09227488185018713,1.086579404115751,0.6290694486021972,69.3706280155964,192,0.9420870607215406,655.6703842602457,meta_train_support,0,MARGO-SPLIT-v1,20,20,80,3,193,0.0,0.2,20,10,0.0005,0.0005,mrlco_first_order_mean_pseudogradient,fixed_literature_derived_defaults,,,,,,
608.9027944157056,0.0,0.0,0.0,0.0,0.0,0.011951132034685211,1.0553922653198242,publication,34.35536003112793,69.25750088691711,0.8661463743753766,0.942306844377307,10000,0.09985670206714252,1.0896422730966202,0.5910734551738964,62.33696341066786,193,0.942306844377307,641.5522598438807,meta_train_support,0,MARGO-SPLIT-v1,20,20,80,3,194,0.0,0.2,20,10,0.0005,0.0005,mrlco_first_order_mean_pseudogradient,fixed_literature_derived_defaults,,,,,,
627.3112616543907,0.0,0.0,0.0,0.0,0.0,0.015413322968428572,1.0597630739212036,publication,34.75470995903015,68.95093154907227,0.8460485554668611,0.9220367232809075,10000,0.08708920182565207,1.067148099903708,0.6121179101618671,73.50467131180828,194,0.9220367232809075,701.7899753950637,meta_train_support,0,MARGO-SPLIT-v1,20,20,80,3,195,0.0,0.2,20,10,0.0005,0.0005,mrlco_first_order_mean_pseudogradient,fixed_literature_derived_defaults,,,,,,
608.5625269603729,0.0,0.0,0.0,0.0,0.0,0.016475917347607588,1.0672166347503662,publication,33.08079552650452,68.89386487007141,0.8655829813564695,0.9425800686224,10000,0.0900683720856798,1.0787125489450702,0.5445799309193895,71.37676996054857,195,0.9425800686224,644.5718428336606,meta_train_support,0,MARGO-SPLIT-v1,20,20,80,3,196,0.0,0.2,20,10,0.0005,0.0005,mrlco_first_order_mean_pseudogradient,fixed_literature_derived_defaults,,,,,,
598.621526270117,0.0,0.0,0.0,0.0,0.0,0.01890726656422356,1.080993890762329,publication,33.66305494308472,68.84126710891724,0.8721546686802156,0.9491903108615748,10000,0.08768691972093107,1.0896422730966202,0.6391528599028292,66.06494640120376,196,0.9491903108615748,616.0742956220382,meta_train_support,0,MARGO-SPLIT-v1,20,20,80,3,197,0.0,0.2,20,10,0.0005,0.0005,mrlco_first_order_mean_pseudogradient,fixed_literature_derived_defaults,,,,,,
600.0183453952382,0.0,0.0,0.0,0.0,0.0,0.022221803363920514,1.0556797981262207,publication,33.63947534561157,67.4034776687622,0.8697279973487999,0.9469170714456694,10000,0.08426303286197245,1.0941469446163417,0.6188859225418452,73.78830894244811,197,0.9469170714456694,614.1938350291512,meta_train_support,0,MARGO-SPLIT-v1,20,20,80,3,198,0.0,0.2,20,10,0.0005,0.0005,mrlco_first_order_mean_pseudogradient,fixed_literature_derived_defaults,,,,,,
626.7469989214216,0.0,0.0,0.0,0.0,0.0,0.03088735697764802,1.0642954111099243,publication,34.49574565887451,70.69180202484131,0.8275440354928917,0.8999244628014772,10000,0.10650906613540911,1.0827167404143352,0.3094671318120521,111.16305663671135,198,0.8999244628014772,738.3716194000626,meta_train_support,0,MARGO-SPLIT-v1,20,20,80,3,199,0.0,0.2,20,10,0.0005,0.0005,mrlco_first_order_mean_pseudogradient,fixed_literature_derived_defaults,,,,,,
608.4134477341925,0.0,0.0,0.0,0.0,0.0,0.029701371350089795,1.015730619430542,publication,36.32256722450256,71.07394766807556,0.864663710457028,0.9436641667010308,10000,0.0885481748443106,1.0812783929932934,0.5808589146894795,73.94353227006395,199,0.9436641667010308,636.9006841084181,meta_train_support,0,MARGO-SPLIT-v1,20,20,80,3,200,0.0,0.2,20,10,0.0005,0.0005,mrlco_first_order_mean_pseudogradient,fixed_literature_derived_defaults,,,,,,
628.6121766523088,0.0,0.0,0.0,0.0,0.0,0.03379766283205273,1.0092823505401611,publication,33.66924524307251,70.50793385505676,0.8346014058890483,0.9093390623720242,10000,0.09968882879695103,1.0896422730966202,0.4708301605980787,107.92875416237052,200,0.9093390623720242,710.6289726291029,meta_train_support,0,MARGO-SPLIT-v1,20,20,80,3,201,0.0,0.2,20,10,0.0005,0.0005,mrlco_first_order_mean_pseudogradient,fixed_literature_derived_defaults,0.9524417851183828,0.9222111984741378,631.1280327063575,653.897620051591,validation_query_composite_objective,0
589.8151023207663,0.0,0.0,0.0,0.0,0.0,0.026451148901026726,1.0209846496582031,publication,32.35781502723694,68.17911863327026,0.8815767081854404,0.9610976571062431,10000,0.07593939501141234,1.0941469446163417,0.4920422375526087,74.8189853251225,201,0.9610976571062431,552.6456255622251,meta_train_support,0,MARGO-SPLIT-v1,20,20,80,3,202,0.0,0.2,20,10,0.0005,0.0005,mrlco_first_order_mean_pseudogradient,fixed_literature_derived_defaults,,,,,,
621.607579678045,0.0,0.0,0.0,0.0,0.0,0.029326485767039667,1.053207516670227,publication,20.90855884552002,68.54021048545837,0.8459829497242894,0.9189888580002898,10000,0.10261717114000943,1.0777463278934072,0.3021368124447761,96.97147165485121,202,0.9189888580002898,691.2987660340145,meta_train_support,0,MARGO-SPLIT-v1,20,20,80,3,203,0.0,0.2,20,10,0.0005,0.0005,mrlco_first_order_mean_pseudogradient,fixed_literature_derived_defaults,,,,,,
629.383144271401,0.0,0.0,0.0,0.0,0.0,0.02345398938527686,1.0404598712921143,publication,20.817944049835205,68.56595754623413,0.8488880630033439,0.9248101096072915,10000,0.09868055901463482,1.0896422730966202,0.5606325589537545,74.38773520299536,203,0.9248101096072915,690.0166093884577,meta_train_support,0,MARGO-SPLIT-v1,20,20,80,3,204,0.0,0.2,20,10,0.0005,0.0005,mrlco_first_order_mean_pseudogradient,fixed_literature_derived_defaults,,,,,,
606.2189190426418,0.0,0.0,0.0,0.0,0.0,0.013983141347909673,1.0955326557159424,publication,26.939250707626343,71.31135153770447,0.8662913347883953,0.9452996845275049,10000,0.07941212916991337,1.0870716329564,0.5808589146894795,59.87524649434417,204,0.9452996845275049,626.7596181594221,meta_train_support,0,MARGO-SPLIT-v1,20,20,80,3,205,0.0,0.2,20,10,0.0005,0.0005,mrlco_first_order_mean_pseudogradient,fixed_literature_derived_defaults,,,,,,
620.1824465013232,0.0,0.0,0.0,0.0,0.0,0.009892907682291584,1.0684058666229248,publication,30.434971809387207,69.94553732872009,0.8749809970571029,0.9551159290168038,10000,0.08324627700246467,1.0777463278934072,0.6309405914779719,58.68489323837695,205,0.9551159290168038,616.3043532995579,meta_train_support,0,MARGO-SPLIT-v1,20,20,80,3,206,0.0,0.2,20,10,0.0005,0.0005,mrlco_first_order_mean_pseudogradient,fixed_literature_derived_defaults,,,,,,
602.1934322857993,0.0,0.0,0.0,0.0,0.0,0.007818250672157202,1.0441230535507202,publication,33.58257603645325,67.9466323852539,0.8728125728701781,0.9500398843228346,10000,0.0836794116670676,1.0717410814012962,0.5877184765930299,59.45354474425452,206,0.9500398843228344,606.2421978218473,meta_train_support,0,MARGO-SPLIT-v1,20,20,80,3,207,0.0,0.2,20,10,0.0005,0.0005,mrlco_first_order_mean_pseudogradient,fixed_literature_derived_defaults,,,,,,
606.219879104914,0.0,0.0,0.0,0.0,0.0,0.006985616379508532,1.0387252569198608,publication,33.07833456993103,69.8026990890503,0.8746290250885884,0.9529923176265722,10000,0.09310211779994305,1.1035767700017376,0.6255785338453406,57.8781160502861,207,0.9529923176265722,612.7466047031634,meta_train_support,0,MARGO-SPLIT-v1,20,20,80,3,208,0.0,0.2,20,10,0.0005,0.0005,mrlco_first_order_mean_pseudogradient,fixed_literature_derived_defaults,,,,,,
594.2255127164432,0.0,0.0,0.0,0.0,0.0,0.0048567785760051906,1.0098917484283447,publication,32.631587982177734,68.32876968383789,0.890920711981272,0.9718423499789762,10000,0.07402601283930407,1.0941469446163417,0.6489874565566759,49.480459962739026,208,0.9718423499789762,554.18973156306,meta_train_support,0,MARGO-SPLIT-v1,20,20,80,3,209,0.0,0.2,20,10,0.0005,0.0005,mrlco_first_order_mean_pseudogradient,fixed_literature_derived_defaults,,,,,,
609.0156216897692,0.0,0.0,0.0,0.0,0.0,0.00592581013627765,1.023772954940796,publication,33.17311882972717,68.90798234939575,0.8726919270364563,0.9512689434553251,10000,0.09568408002709043,1.1035767700017376,0.6396648220020282,57.02645383451446,209,0.9512689434553251,612.6912004151781,meta_train_support,0,MARGO-SPLIT-v1,20,20,80,3,210,0.0,0.2,20,10,0.0005,0.0005,mrlco_first_order_mean_pseudogradient,fixed_literature_derived_defaults,,,,,,
600.6399814946857,0.0,0.0,0.0,0.0,0.0,0.005539885382963322,1.02777099609375,publication,32.3962664604187,68.36827898025513,0.8787369108954146,0.9573479693725616,10000,0.08874524301208936,1.083719008968831,0.6173317685656616,58.32293677204318,210,0.9573479693725618,606.7966378972012,meta_train_support,0,MARGO-SPLIT-v1,20,20,80,3,211,0.0,0.2,20,10,0.0005,0.0005,mrlco_first_order_mean_pseudogradient,fixed_literature_derived_defaults,,,,,,
616.9698157110214,0.0,0.0,0.0,0.0,0.0,0.00632501031162882,1.0046898126602173,publication,30.98328137397766,68.84783172607422,0.8645758995398932,0.944163217735889,10000,0.08755567468656603,1.086579404115751,0.6343046385204855,62.447599495255176,211,0.944163217735889,656.5955219816058,meta_train_support,0,MARGO-SPLIT-v1,20,20,80,3,212,0.0,0.2,20,10,0.0005,0.0005,mrlco_first_order_mean_pseudogradient,fixed_literature_derived_defaults,,,,,,
620.6024374762943,0.0,0.0,0.0,0.0,0.0,0.006876068584569214,0.9783525466918945,publication,35.00671148300171,70.36872839927673,0.8622953090398962,0.9392723702608088,10000,0.08840308128016978,1.0822258512803418,0.677367150356936,63.11082843065703,212,0.9392723702608088,651.4941237127603,meta_train_support,0,MARGO-SPLIT-v1,20,20,80,3,213,0.0,0.2,20,10,0.0005,0.0005,mrlco_first_order_mean_pseudogradient,fixed_literature_derived_defaults,,,,,,
596.726764570604,0.0,0.0,0.0,0.0,0.0,0.006585545395155147,0.9243930578231812,publication,35.50555896759033,68.3595609664917,0.879679339165121,0.9592925391872381,10000,0.0880037060277738,1.0870716329564,0.6413678777983456,55.66182793331207,213,0.9592925391872381,585.4630654704407,meta_train_support,0,MARGO-SPLIT-v1,20,20,80,3,214,0.0,0.2,20,10,0.0005,0.0005,mrlco_first_order_mean_pseudogradient,fixed_literature_derived_defaults,,,,,,
609.2858294869151,0.0,0.0,0.0,0.0,0.0,0.008676053077131183,0.9452303051948547,publication,33.471479654312134,68.83190751075745,0.8624079642804653,0.9406308702902745,10000,0.08703301745018407,1.0827167404143352,0.6065933426091604,65.00785601741731,214,0.9406308702902745,644.3361018077454,meta_train_support,0,MARGO-SPLIT-v1,20,20,80,3,215,0.0,0.2,20,10,0.0005,0.0005,mrlco_first_order_mean_pseudogradient,fixed_literature_derived_defaults,,,,,,
609.3887332964351,0.0,0.0,0.0,0.0,0.0,0.01101074673315578,0.9849830269813538,publication,33.98323655128479,69.64005661010742,0.859188764723545,0.936072279445791,10000,0.09230862601374175,1.0812783929932934,0.613329996972394,69.07055057904816,215,0.936072279445791,656.231548230039,meta_train_support,0,MARGO-SPLIT-v1,20,20,80,3,216,0.0,0.2,20,10,0.0005,0.0005,mrlco_first_order_mean_pseudogradient,fixed_literature_derived_defaults,,,,,,
620.435846349689,0.0,0.0,0.0,0.0,0.0,0.012871903130115374,1.055732011795044,publication,35.082908391952515,69.74527502059937,0.8644670981387557,0.9445162462443557,10000,0.09142354776947133,1.0870716329564,0.5589809347063982,66.4062812738987,216,0.9445162462443557,643.191774444708,meta_train_support,0,MARGO-SPLIT-v1,20,20,80,3,217,0.0,0.2,20,10,0.0005,0.0005,mrlco_first_order_mean_pseudogradient,fixed_literature_derived_defaults,,,,,,
631.1607559085846,0.0,0.0,0.0,0.0,0.0,0.019189439841482928,1.0228404998779297,publication,34.06737780570984,70.52367377281189,0.8460433513210948,0.9226767488393398,10000,0.10366602822109451,1.086579404115751,0.5392844662444332,77.8368965600465,217,0.9226767488393398,707.1419197669642,meta_train_support,0,MARGO-SPLIT-v1,20,20,80,3,218,0.0,0.2,20,10,0.0005,0.0005,mrlco_first_order_mean_pseudogradient,fixed_literature_derived_defaults,,,,,,
619.3555964303289,0.0,0.0,0.0,0.0,0.0,0.020530613183171908,1.01437509059906,publication,34.91176962852478,69.76652312278748,0.8594387035790305,0.9384970044820168,10000,0.08481901643520531,1.0777463278934072,0.6231422335228195,65.2376485582956,218,0.9384970044820166,663.2590453633227,meta_train_support,0,MARGO-SPLIT-v1,20,20,80,3,219,0.0,0.2,20,10,0.0005,0.0005,mrlco_first_order_mean_pseudogradient,fixed_literature_derived_defaults,,,,,,
619.5874574603624,0.0,0.0,0.0,0.0,0.0,0.021657099505256683,0.9861589074134827,publication,34.165767192840576,70.19433498382568,0.8638176926354354,0.9422083831662685,10000,0.08839841520688557,1.0787125489450702,0.5908165224456735,68.63063892721449,219,0.9422083831662685,638.5426196427251,meta_train_support,0,MARGO-SPLIT-v1,20,20,80,3,220,0.0,0.2,20,10,0.0005,0.0005,mrlco_first_order_mean_pseudogradient,fixed_literature_derived_defaults,,,,,,
608.2559530971255,0.0,0.0,0.0,0.0,0.0,0.020899379806101046,0.9134676456451416,publication,34.445937156677246,68.49231481552124,0.8686651803666707,0.9472119153705114,10000,0.09324229887097148,1.0870716329564,0.5300756612072927,75.12710328286302,220,0.9472119153705114,609.1334544818114,meta_train_support,0,MARGO-SPLIT-v1,20,20,80,3,221,0.0,0.2,20,10,0.0005,0.0005,mrlco_first_order_mean_pseudogradient,fixed_literature_derived_defaults,,,,,,
615.4956051434244,0.0,0.0,0.0,0.0,0.0,0.023142238513487342,0.9254131317138672,publication,34.190606117248535,70.37745189666748,0.8634327219891962,0.9416446014259129,10000,0.09937782376493584,1.0870716329564,0.5179893035152481,88.2995311738696,221,0.9416446014259129,631.981162864933,meta_train_support,0,MARGO-SPLIT-v1,20,20,80,3,222,0.0,0.2,20,10,0.0005,0.0005,mrlco_first_order_mean_pseudogradient,fixed_literature_derived_defaults,,,,,,
621.1647415815216,0.0,0.0,0.0,0.0,0.0,0.02436924638027046,0.9588515162467957,publication,34.76369309425354,69.53588151931763,0.8593043210920596,0.9369087665403318,10000,0.08392279129264078,1.0812783929932934,0.6000238612508257,75.79884367763792,222,0.9369087665403318,663.0825562008475,meta_train_support,0,MARGO-SPLIT-v1,20,20,80,3,223,0.0,0.2,20,10,0.0005,0.0005,mrlco_first_order_mean_pseudogradient,fixed_literature_derived_defaults,,,,,,
610.8820321192742,0.0,0.0,0.0,0.0,0.0,0.02180972992955277,0.9735788106918335,publication,33.985124588012695,69.36959052085876,0.8714707641818906,0.9505121815035049,10000,0.08551895905651383,1.0812783929932934,0.6035791081227555,66.23423959188696,223,0.950512181503505,618.7901737327466,meta_train_support,0,MARGO-SPLIT-v1,20,20,80,3,224,0.0,0.2,20,10,0.0005,0.0005,mrlco_first_order_mean_pseudogradient,fixed_literature_derived_defaults,,,,,,
607.4374883991377,0.0,0.0,0.0,0.0,0.0,0.01929906811205751,0.9709975123405457,publication,33.796507120132446,69.92286133766174,0.8660216812888053,0.9443246645739528,10000,0.0866316635412169,1.083719008968831,0.43071212425431016,84.57985592539667,224,0.9443246645739528,601.1717782158674,meta_train_support,0,MARGO-SPLIT-v1,20,20,80,3,225,0.0,0.2,20,10,0.0005,0.0005,mrlco_first_order_mean_pseudogradient,fixed_literature_derived_defaults,,,,,,
622.8515224114145,0.0,0.0,0.0,0.0,0.0,0.021668809572906338,0.9736535549163818,publication,35.8997483253479,70.01441407203674,0.8577222804208823,0.9351180952125444,10000,0.09252387659778845,1.0941469446163417,0.5070425887433365,85.56206561211488,225,0.9351180952125444,638.1512915846049,meta_train_support,0,MARGO-SPLIT-v1,20,20,80,3,226,0.0,0.2,20,10,0.0005,0.0005,mrlco_first_order_mean_pseudogradient,fixed_literature_derived_defaults,,,,,,
626.199437500722,0.0,0.0,0.0,0.0,0.0,0.02512244115965178,0.9787902235984802,publication,33.80510473251343,69.99586987495422,0.85624843662294,0.9347339135863701,10000,0.08395886920961167,1.0941469446163417,0.5120971583666062,71.88840524765085,226,0.9347339135863701,664.5939029726234,meta_train_support,0,MARGO-SPLIT-v1,20,20,80,3,227,0.0,0.2,20,10,0.0005,0.0005,mrlco_first_order_mean_pseudogradient,fixed_literature_derived_defaults,,,,,,
622.9804134850094,0.0,0.0,0.0,0.0,0.0,0.02790436345894715,0.9679895043373108,publication,33.24479699134827,69.43079543113708,0.8443254816710227,0.9222488890188367,10000,0.09442172942970904,1.0688817512371553,0.6280238733474687,78.74205000597632,227,0.9222488890188367,695.1229175328405,meta_train_support,0,MARGO-SPLIT-v1,20,20,80,3,228,0.0,0.2,20,10,0.0005,0.0005,mrlco_first_order_mean_pseudogradient,fixed_literature_derived_defaults,,,,,,
620.8520965552603,0.0,0.0,0.0,0.0,0.0,0.025663866701778733,0.9647157788276672,publication,35.04837226867676,70.19824147224426,0.8613566406901653,0.9405612467118419,10000,0.0941550255048465,1.083719008968831,0.5440221519346742,73.83651705895839,228,0.9405612467118419,657.6472797475815,meta_train_support,0,MARGO-SPLIT-v1,20,20,80,3,229,0.0,0.2,20,10,0.0005,0.0005,mrlco_first_order_mean_pseudogradient,fixed_literature_derived_defaults,,,,,,
609.4102202149663,0.0,0.0,0.0,0.0,0.0,0.024889270828206498,0.9858015775680542,publication,35.38895893096924,68.5931875705719,0.8636041463800664,0.9411608807913883,10000,0.10462273115919424,1.1035767700017376,0.2556423504933202,81.42305957442257,229,0.9411608807913883,628.4006517471763,meta_train_support,0,MARGO-SPLIT-v1,20,20,80,3,230,0.0,0.2,20,10,0.0005,0.0005,mrlco_first_order_mean_pseudogradient,fixed_literature_derived_defaults,,,,,,
606.4902222329004,0.0,0.0,0.0,0.0,0.0,0.023387050080864474,1.0039095878601074,publication,34.3110511302948,71.15000581741333,0.8712837513782895,0.9501564103745149,10000,0.08793873975219083,1.086579404115751,0.5860810017815723,76.51432934584422,230,0.9501564103745149,600.1570611623573,meta_train_support,0,MARGO-SPLIT-v1,20,20,80,3,231,0.0,0.2,20,10,0.0005,0.0005,mrlco_first_order_mean_pseudogradient,fixed_literature_derived_defaults,,,,,,
615.2251346339499,0.0,0.0,0.0,0.0,0.0,0.028694131327341266,0.9889086484909058,publication,34.920888900756836,68.06131076812744,0.8404690530442119,0.9154772409707155,10000,0.09978984735255622,1.0812783929932934,0.4116416643680372,118.68030283170363,231,0.9154772409707155,664.7675497713769,meta_train_support,0,MARGO-SPLIT-v1,20,20,80,3,232,0.0,0.2,20,10,0.0005,0.0005,mrlco_first_order_mean_pseudogradient,fixed_literature_derived_defaults,,,,,,
608.0418867535454,0.0,0.0,0.0,0.0,0.0,0.030964384269443708,1.0039085149765015,publication,36.27461266517639,69.70479106903076,0.849956451053638,0.9257201982890226,10000,0.09500166574095589,1.0717410814012962,0.5616777658297747,88.91063807005146,232,0.9257201982890226,641.5201362855503,meta_train_support,0,MARGO-SPLIT-v1,20,20,80,3,233,0.0,0.2,20,10,0.0005,0.0005,mrlco_first_order_mean_pseudogradient,fixed_literature_derived_defaults,,,,,,
610.5763608380317,0.0,0.0,0.0,0.0,0.0,0.03321050209906895,0.9987341165542603,publication,33.209696769714355,68.22101402282715,0.8674523722078576,0.9441721906198222,10000,0.08281193156134345,1.0812783929932934,0.661180651021812,73.75132004204282,233,0.9441721906198222,636.1547509052044,meta_train_support,0,MARGO-SPLIT-v1,20,20,80,3,234,0.0,0.2,20,10,0.0005,0.0005,mrlco_first_order_mean_pseudogradient,fixed_literature_derived_defaults,,,,,,
611.6435233637537,0.0,0.0,0.0,0.0,0.0,0.034689639354364456,0.9685089588165283,publication,34.083172082901,68.56289553642273,0.8579324613338878,0.9339589894022238,10000,0.10042391487814936,1.0941469446163417,0.4868289964992152,89.67192883059879,234,0.9339589894022238,626.276210050632,meta_train_support,0,MARGO-SPLIT-v1,20,20,80,3,235,0.0,0.2,20,10,0.0005,0.0005,mrlco_first_order_mean_pseudogradient,fixed_literature_derived_defaults,,,,,,
629.5002466423034,0.0,0.0,0.0,0.0,0.0,0.03833858135315575,0.9715266227722168,publication,33.78598594665527,69.7465922832489,0.8537857384377471,0.9298492247240642,10000,0.0914195141898003,1.0822258512803418,0.42290809800488494,75.62100079671745,235,0.9298492247240642,664.6245586642169,meta_train_support,0,MARGO-SPLIT-v1,20,20,80,3,236,0.0,0.2,20,10,0.0005,0.0005,mrlco_first_order_mean_pseudogradient,fixed_literature_derived_defaults,,,,,,
600.3589058643341,0.0,0.0,0.0,0.0,0.0,0.03041137752215859,0.9762696623802185,publication,33.021719217300415,69.05148983001709,0.8634278037554194,0.9415627061484027,10000,0.08394552234567633,1.0733134940515847,0.5614859405882856,76.88532403779237,236,0.9415627061484027,628.630543985894,meta_train_support,0,MARGO-SPLIT-v1,20,20,80,3,237,0.0,0.2,20,10,0.0005,0.0005,mrlco_first_order_mean_pseudogradient,fixed_literature_derived_defaults,,,,,,
629.1886620926313,0.0,0.0,0.0,0.0,0.0,0.028822943402983636,1.013424277305603,publication,32.76229763031006,70.61560273170471,0.8536015774331432,0.9314084522384785,10000,0.09494216621819777,1.086579404115751,0.21124132840772203,86.65867024376641,237,0.9314084522384785,663.2101354203891,meta_train_support,0,MARGO-SPLIT-v1,20,20,80,3,238,0.0,0.2,20,10,0.0005,0.0005,mrlco_first_order_mean_pseudogradient,fixed_literature_derived_defaults,,,,,,
591.8010325180055,0.0,0.0,0.0,0.0,0.0,0.021689254105667,1.0469294786453247,publication,34.18963098526001,66.82033252716064,0.8734810128149427,0.9513599083490802,10000,0.08094731169430215,1.0811467714495175,0.6258296824314614,74.12546997755449,238,0.9513599083490802,589.177036897485,meta_train_support,0,MARGO-SPLIT-v1,20,20,80,3,239,0.0,0.2,20,10,0.0005,0.0005,mrlco_first_order_mean_pseudogradient,fixed_literature_derived_defaults,,,,,,
612.3207774875641,0.0,0.0,0.0,0.0,0.0,0.020297008195125647,1.0069819688796997,publication,35.000359296798706,69.73040628433228,0.855650965676954,0.9334726627902861,10000,0.09607535001044006,1.0941469446163417,0.42621269214593516,100.21778905635655,239,0.9334726627902861,633.0917872852339,meta_train_support,0,MARGO-SPLIT-v1,20,20,80,3,240,0.0,0.2,20,10,0.0005,0.0005,mrlco_first_order_mean_pseudogradient,fixed_literature_derived_defaults,,,,,,
608.5305719670159,0.0,0.0,0.0,0.0,0.0,0.0201622670974815,1.0129637718200684,publication,34.35249447822571,69.83514952659607,0.8598608700542347,0.9372386080730406,10000,0.09660094510018367,1.0811467714495175,0.5731106901283031,94.99006286728849,240,0.9372386080730406,639.1501673303101,meta_train_support,0,MARGO-SPLIT-v1,20,20,80,3,241,0.0,0.2,20,10,0.0005,0.0005,mrlco_first_order_mean_pseudogradient,fixed_literature_derived_defaults,,,,,,
614.0902518368313,0.0,0.0,0.0,0.0,0.0,0.021916731518714806,0.9999490976333618,publication,34.23293089866638,69.56422638893127,0.8629041199888464,0.9404275814810326,10000,0.09441885245397762,1.078007433305869,0.5442325148613456,80.35153600598537,241,0.9404275814810326,646.3371102911104,meta_train_support,0,MARGO-SPLIT-v1,20,20,80,3,242,0.0,0.2,20,10,0.0005,0.0005,mrlco_first_order_mean_pseudogradient,fixed_literature_derived_defaults,,,,,,
618.851078719684,0.0,0.0,0.0,0.0,0.0,0.022643357565362385,0.9866435527801514,publication,34.165618896484375,70.1821665763855,0.8609468170003218,0.939624703256131,10000,0.0924899413483668,1.1035767700017376,0.5987614014715319,65.80620546203986,242,0.939624703256131,651.7268526326397,meta_train_support,0,MARGO-SPLIT-v1,20,20,80,3,243,0.0,0.2,20,10,0.0005,0.0005,mrlco_first_order_mean_pseudogradient,fixed_literature_derived_defaults,,,,,,
616.5982328684534,0.0,0.0,0.0,0.0,0.0,0.02023285967344616,0.9722792506217957,publication,34.767921686172485,70.4643042087555,0.8543357731437216,0.9324837463181644,10000,0.1018275242298899,1.0822258512803418,0.5027190807833706,97.93404438326989,243,0.9324837463181644,632.3751154157898,meta_train_support,0,MARGO-SPLIT-v1,20,20,80,3,244,0.0,0.2,20,10,0.0005,0.0005,mrlco_first_order_mean_pseudogradient,fixed_literature_derived_defaults,,,,,,
612.1315675579342,0.0,0.0,0.0,0.0,0.0,0.020064457233005012,0.9670516848564148,publication,34.49129366874695,68.96552062034607,0.8666500409599017,0.9441108451604865,10000,0.08342012157239223,1.0941469446163417,0.5693739113887691,73.11681610206627,244,0.9441108451604865,642.0889345424855,meta_train_support,0,MARGO-SPLIT-v1,20,20,80,3,245,0.0,0.2,20,10,0.0005,0.0005,mrlco_first_order_mean_pseudogradient,fixed_literature_derived_defaults,,,,,,
619.9192700840542,0.0,0.0,0.0,0.0,0.0,0.018794160060772707,0.9832341074943542,publication,35.374762535095215,70.60829782485962,0.8623561695802994,0.9396418568913012,10000,0.08624676334939035,1.1035767700017376,0.3772595366851925,73.22043080117456,245,0.939641856891301,645.8581631770282,meta_train_support,0,MARGO-SPLIT-v1,20,20,80,3,246,0.0,0.2,20,10,0.0005,0.0005,mrlco_first_order_mean_pseudogradient,fixed_literature_derived_defaults,,,,,,
613.9042752005441,0.0,0.0,0.0,0.0,0.0,0.0166889723405715,1.001764178276062,publication,33.98293733596802,69.42331099510193,0.863156283317176,0.9436143820387759,10000,0.07919980803734053,1.0827167404143352,0.589738930186074,80.07598354463502,246,0.9436143820387759,617.3182749126025,meta_train_support,0,MARGO-SPLIT-v1,20,20,80,3,247,0.0,0.2,20,10,0.0005,0.0005,mrlco_first_order_mean_pseudogradient,fixed_literature_derived_defaults,,,,,,
617.5338533638273,0.0,0.0,0.0,0.0,0.0,0.01970182357363788,1.0254698991775513,publication,33.29774570465088,70.80107045173645,0.8539711163150272,0.9307810671553575,10000,0.09495603739838401,1.0896422730966202,0.42376313024135104,78.79845365061063,247,0.9307810671553575,685.1524984847259,meta_train_support,0,MARGO-SPLIT-v1,20,20,80,3,248,0.0,0.2,20,10,0.0005,0.0005,mrlco_first_order_mean_pseudogradient,fixed_literature_derived_defaults,,,,,,
630.1202186468125,0.0,0.0,0.0,0.0,0.0,0.022434559572864346,1.0183733701705933,publication,27.11448574066162,69.29950284957886,0.8519801193500862,0.9280325851565185,10000,0.10088090241059318,1.0827167404143352,0.5374137834121491,92.65458893852762,248,0.9280325851565185,693.0995893638856,meta_train_support,0,MARGO-SPLIT-v1,20,20,80,3,249,0.0,0.2,20,10,0.0005,0.0005,mrlco_first_order_mean_pseudogradient,fixed_literature_derived_defaults,,,,,,
595.7197828620775,0.0,0.0,0.0,0.0,0.0,0.021091858669098917,1.0332294702529907,publication,33.522127628326416,70.57605028152466,0.870606295475694,0.9486209741969854,10000,0.09351412278656812,1.0703377335940178,0.2670648789276794,96.63726413993622,249,0.9486209741969854,597.9422067232636,meta_train_support,0,MARGO-SPLIT-v1,20,20,80,3,250,0.0,0.2,20,10,0.0005,0.0005,mrlco_first_order_mean_pseudogradient,fixed_literature_derived_defaults,,,,,,
630.7202183741979,0.0,0.0,0.0,0.0,0.0,0.026055282593926237,1.0307849645614624,publication,33.816741704940796,70.73805117607117,0.860785110673671,0.9392089578671794,10000,0.08834426989512704,1.1035767700017376,0.5339428828650302,86.25217302340737,250,0.9392089578671794,662.2842306559903,meta_train_support,0,MARGO-SPLIT-v1,20,20,80,3,251,0.0,0.2,20,10,0.0005,0.0005,mrlco_first_order_mean_pseudogradient,fixed_literature_derived_defaults,0.9518072733880706,0.9467939856055294,631.0939127920906,629.9251192645896,validation_query_composite_objective,0
618.8406106448582,0.0,0.0,0.0,0.0,0.0,0.02511639696741065,1.0362454652786255,publication,29.807167053222656,68.6250741481781,0.876236124452038,0.9561912955390562,10000,0.07744660264496933,1.083719008968831,0.49603318253743034,72.37531185182218,251,0.9561912955390562,616.1160419069835,meta_train_support,0,MARGO-SPLIT-v1,20,20,80,3,252,0.0,0.2,20,10,0.0005,0.0005,mrlco_first_order_mean_pseudogradient,fixed_literature_derived_defaults,,,,,,
607.9366416874341,0.0,0.0,0.0,0.0,0.0,0.02410925102286964,1.0226908922195435,publication,32.472445487976074,71.14339876174927,0.8577390479847039,0.936404799750968,10000,0.10291173003237856,1.0822258512803418,0.402118319889087,110.91087160271476,252,0.936404799750968,604.9036587692956,meta_train_support,0,MARGO-SPLIT-v1,20,20,80,3,253,0.0,0.2,20,10,0.0005,0.0005,mrlco_first_order_mean_pseudogradient,fixed_literature_derived_defaults,,,,,,
603.8546084008761,0.0,0.0,0.0,0.0,0.0,0.02565051880140869,1.0143771171569824,publication,32.99587655067444,69.10421013832092,0.857308497260651,0.9353705267502471,10000,0.10637138145710746,1.0777463278934072,0.378499632714539,104.07360206729307,253,0.9353705267502471,608.3065372530896,meta_train_support,0,MARGO-SPLIT-v1,20,20,80,3,254,0.0,0.2,20,10,0.0005,0.0005,mrlco_first_order_mean_pseudogradient,fixed_literature_derived_defaults,,,,,,
604.0680863912992,0.0,0.0,0.0,0.0,0.0,0.027289209160683753,1.0288147926330566,publication,33.154937982559204,68.70930123329163,0.8616318960479217,0.9391721103708441,10000,0.08756528418376866,1.0827167404143352,0.5302207626948596,75.24361523849694,254,0.9391721103708441,616.1867155799865,meta_train_support,0,MARGO-SPLIT-v1,20,20,80,3,255,0.0,0.2,20,10,0.0005,0.0005,mrlco_first_order_mean_pseudogradient,fixed_literature_derived_defaults,,,,,,
618.1574432526179,0.0,0.0,0.0,0.0,0.0,0.026937265996600228,0.9824240803718567,publication,31.922999620437622,69.50418138504028,0.868830892091026,0.948601568032819,10000,0.07873933455274758,1.1035767700017376,0.5174411301365605,82.94663075235017,255,0.948601568032819,619.9784087776607,meta_train_support,0,MARGO-SPLIT-v1,20,20,80,3,256,0.0,0.2,20,10,0.0005,0.0005,mrlco_first_order_mean_pseudogradient,fixed_literature_derived_defaults,,,,,,
611.7549713132994,0.0,0.0,0.0,0.0,0.0,0.027589569594321905,0.9680691361427307,publication,32.713425397872925,69.20061874389648,0.8640872113769831,0.9424075026553935,10000,0.09407188890828436,1.0941469446163417,0.6219283164694062,79.08817696311574,256,0.9424075026553934,636.359497632588,meta_train_support,0,MARGO-SPLIT-v1,20,20,80,3,257,0.0,0.2,20,10,0.0005,0.0005,mrlco_first_order_mean_pseudogradient,fixed_literature_derived_defaults,,,,,,
626.9704051198142,0.0,0.0,0.0,0.0,0.0,0.02870302323463327,0.9850046038627625,publication,34.41317534446716,70.57019233703613,0.8476424952431587,0.9231207257694545,10000,0.09654402044894582,1.0941469446163417,0.5329719927870314,80.55180202385581,257,0.9231207257694545,675.886926387814,meta_train_support,0,MARGO-SPLIT-v1,20,20,80,3,258,0.0,0.2,20,10,0.0005,0.0005,mrlco_first_order_mean_pseudogradient,fixed_literature_derived_defaults,,,,,,
608.7406277958869,0.0,0.0,0.0,0.0,0.0,0.022279275500413552,0.9950827360153198,publication,34.633591651916504,69.9917323589325,0.8592605837789427,0.9381271849436645,10000,0.08896610415850743,1.083719008968831,0.6416629780139997,69.08817544950315,258,0.9381271849436645,661.5572442056056,meta_train_support,0,MARGO-SPLIT-v1,20,20,80,3,259,0.0,0.2,20,10,0.0005,0.0005,mrlco_first_order_mean_pseudogradient,fixed_literature_derived_defaults,,,,,,
593.1027791126114,0.0,0.0,0.0,0.0,0.0,0.01506310986095633,0.9811458587646484,publication,32.60009717941284,67.2408664226532,0.8744708365510913,0.9511158811025431,10000,0.09025020949864783,1.0896422730966202,0.4695728207136336,83.0413158335476,259,0.9511158811025431,569.202125970989,meta_train_support,0,MARGO-SPLIT-v1,20,20,80,3,260,0.0,0.2,20,10,0.0005,0.0005,mrlco_first_order_mean_pseudogradient,fixed_literature_derived_defaults,,,,,,
613.4349713822228,0.0,0.0,0.0,0.0,0.0,0.01482121945646761,1.0209877490997314,publication,33.87986898422241,69.16910147666931,0.8527065207218204,0.9272203630955684,10000,0.10575276064493694,1.0896422730966202,0.3400362655453075,101.95114634022893,260,0.9272203630955684,650.4720366366619,meta_train_support,0,MARGO-SPLIT-v1,20,20,80,3,261,0.0,0.2,20,10,0.0005,0.0005,mrlco_first_order_mean_pseudogradient,fixed_literature_derived_defaults,,,,,,
609.0929854797364,0.0,0.0,0.0,0.0,0.0,0.01176760183461327,1.0209219455718994,publication,34.880587100982666,68.2344024181366,0.8703529163655516,0.9490121447159984,10000,0.078847914208771,1.1035767700017376,0.643230871612562,71.83853547441973,261,0.9490121447159985,602.5767637930393,meta_train_support,0,MARGO-SPLIT-v1,20,20,80,3,262,0.0,0.2,20,10,0.0005,0.0005,mrlco_first_order_mean_pseudogradient,fixed_literature_derived_defaults,,,,,,
609.9982372261184,0.0,0.0,0.0,0.0,0.0,0.011567737514959158,1.0147696733474731,publication,34.20036506652832,69.76281309127808,0.8649319248676309,0.9439027930885769,10000,0.09326190825473038,1.0822258512803418,0.41866972817677994,78.23017295660945,262,0.9439027930885769,615.0905628205544,meta_train_support,0,MARGO-SPLIT-v1,20,20,80,3,263,0.0,0.2,20,10,0.0005,0.0005,mrlco_first_order_mean_pseudogradient,fixed_literature_derived_defaults,,,,,,
616.5986064407894,0.0,0.0,0.0,0.0,0.0,0.012299078067446727,1.014283537864685,publication,34.23106241226196,68.67663478851318,0.8558330403706612,0.9337544205700126,10000,0.09861635569286756,1.0715482848323281,0.5621485124345976,85.42847183496187,263,0.9337544205700126,635.146732773646,meta_train_support,0,MARGO-SPLIT-v1,20,20,80,3,264,0.0,0.2,20,10,0.0005,0.0005,mrlco_first_order_mean_pseudogradient,fixed_literature_derived_defaults,,,,,,
612.9628540330614,0.0,0.0,0.0,0.0,0.0,0.012208415404630114,0.9842970967292786,publication,32.018097162246704,70.83328318595886,0.8576109792473502,0.9341781957412273,10000,0.10116962807237881,1.0733201117294189,0.28551901478522745,97.98634588111943,264,0.9341781957412273,649.9685729486698,meta_train_support,0,MARGO-SPLIT-v1,20,20,80,3,265,0.0,0.2,20,10,0.0005,0.0005,mrlco_first_order_mean_pseudogradient,fixed_literature_derived_defaults,,,,,,
601.2494854243687,0.0,0.0,0.0,0.0,0.0,0.012268710060128285,0.976726233959198,publication,34.150461196899414,69.4091739654541,0.8731232579717404,0.9518860410832127,10000,0.09132349813241376,1.0870716329564,0.3842225183211314,79.27347449548547,265,0.9518860410832127,597.9614307039602,meta_train_support,0,MARGO-SPLIT-v1,20,20,80,3,266,0.0,0.2,20,10,0.0005,0.0005,mrlco_first_order_mean_pseudogradient,fixed_literature_derived_defaults,,,,,,
631.9859334415845,0.0,0.0,0.0,0.0,0.0,0.018040480957200213,1.0041344165802002,publication,36.28829336166382,69.86021780967712,0.8408032771316095,0.9168724881989184,10000,0.10588643357516513,1.0870716329564,0.2872871842754068,120.70594555705473,266,0.9168724881989183,668.4743464141519,meta_train_support,0,MARGO-SPLIT-v1,20,20,80,3,267,0.0,0.2,20,10,0.0005,0.0005,mrlco_first_order_mean_pseudogradient,fixed_literature_derived_defaults,,,,,,
604.7680463429859,0.0,0.0,0.0,0.0,0.0,0.021373601561050778,1.033070683479309,publication,34.84673237800598,68.63656449317932,0.8623169032229514,0.9384313007348645,10000,0.09429861619721099,1.0647155336633405,0.4325689109177928,84.29988048045044,267,0.9384313007348645,621.4694690053368,meta_train_support,0,MARGO-SPLIT-v1,20,20,80,3,268,0.0,0.2,20,10,0.0005,0.0005,mrlco_first_order_mean_pseudogradient,fixed_literature_derived_defaults,,,,,,
608.3243775903156,0.0,0.0,0.0,0.0,0.0,0.02829621856559845,1.0663355588912964,publication,33.32352805137634,70.74707865715027,0.874444932967424,0.9555306311994105,10000,0.07553769104501946,1.0703377335940178,0.6211623504794184,71.17332652204813,268,0.9555306311994104,611.515357601757,meta_train_support,0,MARGO-SPLIT-v1,20,20,80,3,269,0.0,0.2,20,10,0.0005,0.0005,mrlco_first_order_mean_pseudogradient,fixed_literature_derived_defaults,,,,,,
630.5357732176508,0.0,0.0,0.0,0.0,0.0,0.057687231468866756,1.062349796295166,publication,34.81600213050842,70.03926014900208,0.8293479345151072,0.9023638506892702,10000,0.1034729779464349,1.086579404115751,0.43616975989995177,110.20206594244135,269,0.9023638506892702,708.6820595147051,meta_train_support,0,MARGO-SPLIT-v1,20,20,80,3,270,0.0,0.2,20,10,0.0005,0.0005,mrlco_first_order_mean_pseudogradient,fixed_literature_derived_defaults,,,,,,
617.271946863583,0.0,0.0,0.0,0.0,0.0,0.05905153402278107,1.0868000984191895,publication,34.87746477127075,70.08080506324768,0.833185032242383,0.9087270637256195,10000,0.09869707500058042,1.086579404115751,0.47662843361716656,123.53410697916756,270,0.9087270637256195,692.7679327211965,meta_train_support,0,MARGO-SPLIT-v1,20,20,80,3,271,0.0,0.2,20,10,0.0005,0.0005,mrlco_first_order_mean_pseudogradient,fixed_literature_derived_defaults,,,,,,
615.2957891064372,0.0,0.0,0.0,0.0,0.0,0.0676060407030948,1.0892729759216309,publication,31.946592330932617,69.6698739528656,0.8686894581330032,0.9486787959321373,10000,0.08680999127596434,1.0870716329564,0.5819660600698335,66.3830250129454,271,0.9486787959321373,627.5849021980475,meta_train_support,0,MARGO-SPLIT-v1,20,20,80,3,272,0.0,0.2,20,10,0.0005,0.0005,mrlco_first_order_mean_pseudogradient,fixed_literature_derived_defaults,,,,,,
607.6017875394958,0.0,0.0,0.0,0.0,0.0,0.05613824747708533,1.0759947299957275,publication,32.53261184692383,70.18911933898926,0.8524241737351543,0.9308647033308751,10000,0.08867937041859084,1.0896422730966202,0.4052899191907553,107.43222872113644,272,0.9308647033308752,625.524229677368,meta_train_support,0,MARGO-SPLIT-v1,20,20,80,3,273,0.0,0.2,20,10,0.0005,0.0005,mrlco_first_order_mean_pseudogradient,fixed_literature_derived_defaults,,,,,,
610.3270047485623,0.0,0.0,0.0,0.0,0.0,0.05422907173320556,1.0518066883087158,publication,34.87970304489136,68.16557955741882,0.8629835766721397,0.9397976256203878,10000,0.08928643167135182,1.0777463278934072,0.6020481483006133,74.87920603182047,273,0.9397976256203878,623.2314855477728,meta_train_support,0,MARGO-SPLIT-v1,20,20,80,3,274,0.0,0.2,20,10,0.0005,0.0005,mrlco_first_order_mean_pseudogradient,fixed_literature_derived_defaults,,,,,,
624.8255748551097,0.0,0.0,0.0,0.0,0.0,0.04663124823324536,0.9970741868019104,publication,32.880351066589355,68.68369102478027,0.8434534269096621,0.9179375255403122,10000,0.09306006873186126,1.083719008968831,0.613343770020508,91.34839204000663,274,0.9179375255403122,713.7248863840185,meta_train_support,0,MARGO-SPLIT-v1,20,20,80,3,275,0.0,0.2,20,10,0.0005,0.0005,mrlco_first_order_mean_pseudogradient,fixed_literature_derived_defaults,,,,,,
604.8739804166521,0.0,0.0,0.0,0.0,0.0,0.022156686297958052,1.0136082172393799,publication,30.93010640144348,66.92613053321838,0.8686481357373553,0.9461438867722429,10000,0.0977053305863823,1.0700036746145594,0.494677564929779,91.05894573838562,275,0.9461438867722429,604.2967074338586,meta_train_support,0,MARGO-SPLIT-v1,20,20,80,3,276,0.0,0.2,20,10,0.0005,0.0005,mrlco_first_order_mean_pseudogradient,fixed_literature_derived_defaults,,,,,,
606.7395592494693,0.0,0.0,0.0,0.0,0.0,0.017595060803084112,1.0120939016342163,publication,33.397276401519775,69.95031261444092,0.866826411198787,0.9441268813427934,10000,0.09911691411330942,1.0827167404143352,0.13266091481442976,77.61831775846525,276,0.9441268813427934,611.0003500648444,meta_train_support,0,MARGO-SPLIT-v1,20,20,80,3,277,0.0,0.2,20,10,0.0005,0.0005,mrlco_first_order_mean_pseudogradient,fixed_literature_derived_defaults,,,,,,
607.407564207799,0.0,0.0,0.0,0.0,0.0,0.012164765046092684,0.9839905500411987,publication,34.36695146560669,69.09707689285278,0.8676662653253163,0.945437977660094,10000,0.09738212695516643,1.0870716329564,0.4469868034382991,86.9473498696337,277,0.945437977660094,626.4268110175393,meta_train_support,0,MARGO-SPLIT-v1,20,20,80,3,278,0.0,0.2,20,10,0.0005,0.0005,mrlco_first_order_mean_pseudogradient,fixed_literature_derived_defaults,,,,,,
591.0556984626497,0.0,0.0,0.0,0.0,0.0,0.006621440938576877,1.0348114967346191,publication,33.265894412994385,69.8871419429779,0.893081689000706,0.9742687635623568,10000,0.05732969056067769,1.0683936486693157,0.6663055868551804,50.447912843150654,278,0.9742687635623568,559.5288519122752,meta_train_support,0,MARGO-SPLIT-v1,20,20,80,3,279,0.0,0.2,20,10,0.0005,0.0005,mrlco_first_order_mean_pseudogradient,fixed_literature_derived_defaults,,,,,,
616.2364202882358,0.0,0.0,0.0,0.0,0.0,0.006533077091613745,1.082956314086914,publication,32.62394690513611,70.16133952140808,0.8712139699105687,0.9508656749379967,10000,0.08563805607470618,1.0715482848323281,0.5674748036337037,60.953949938065456,279,0.9508656749379967,628.9322904161779,meta_train_support,0,MARGO-SPLIT-v1,20,20,80,3,280,0.0,0.2,20,10,0.0005,0.0005,mrlco_first_order_mean_pseudogradient,fixed_literature_derived_defaults,,,,,,
600.6191688752174,0.0,0.0,0.0,0.0,0.0,0.004779451594876222,1.0924474000930786,publication,34.247408866882324,69.14079737663269,0.8741211858325715,0.9525127258656241,10000,0.08272406175089808,1.0896422730966202,0.6245757038391653,56.192688436624316,280,0.9525127258656243,619.0387826180499,meta_train_support,0,MARGO-SPLIT-v1,20,20,80,3,281,0.0,0.2,20,10,0.0005,0.0005,mrlco_first_order_mean_pseudogradient,fixed_literature_derived_defaults,,,,,,
628.3277544304711,0.0,0.0,0.0,0.0,0.0,0.00449273095447341,1.0413477420806885,publication,31.975570678710938,69.49569964408875,0.8588209197016633,0.93711052963662,10000,0.0837043037722806,1.0733134940515847,0.6334168147701268,63.601999191082605,281,0.93711052963662,666.018601778852,meta_train_support,0,MARGO-SPLIT-v1,20,20,80,3,282,0.0,0.2,20,10,0.0005,0.0005,mrlco_first_order_mean_pseudogradient,fixed_literature_derived_defaults,,,,,,
624.9851720899856,0.0,0.0,0.0,0.0,0.0,0.00369500433804689,0.977569580078125,publication,34.98862028121948,69.84802389144897,0.8629737173793028,0.9419900157683878,10000,0.08315040822598942,1.0717410814012962,0.6291866017878608,63.11816621726287,282,0.941990015768388,655.8148967924241,meta_train_support,0,MARGO-SPLIT-v1,20,20,80,3,283,0.0,0.2,20,10,0.0005,0.0005,mrlco_first_order_mean_pseudogradient,fixed_literature_derived_defaults,,,,,,
614.5877616357667,0.0,0.0,0.0,0.0,0.0,0.003466192838144289,0.949794590473175,publication,35.22788381576538,70.37140536308289,0.8592213944108533,0.9374614207154469,10000,0.09231531122072477,1.1035767700017376,0.5913958610165369,62.645686802785924,283,0.9374614207154467,651.1603071583721,meta_train_support,0,MARGO-SPLIT-v1,20,20,80,3,284,0.0,0.2,20,10,0.0005,0.0005,mrlco_first_order_mean_pseudogradient,fixed_literature_derived_defaults,,,,,,
617.5381668828419,0.0,0.0,0.0,0.0,0.0,0.003196619310332225,0.975639820098877,publication,33.245954513549805,69.48808097839355,0.872406455154261,0.9513424876674278,10000,0.08111053725910068,1.0733201117294189,0.6105264347273103,59.308768927166795,284,0.951342487667428,627.9374525164931,meta_train_support,0,MARGO-SPLIT-v1,20,20,80,3,285,0.0,0.2,20,10,0.0005,0.0005,mrlco_first_order_mean_pseudogradient,fixed_literature_derived_defaults,,,,,,
626.2155599969045,0.0,0.0,0.0,0.0,0.0,0.004211195569661814,1.0357179641723633,publication,35.137993574142456,69.27046179771423,0.8644382385720102,0.9424288255492036,10000,0.09237686977840893,1.0896422730966202,0.647538858442533,64.97501833147844,285,0.9424288255492036,661.8520348315525,meta_train_support,0,MARGO-SPLIT-v1,20,20,80,3,286,0.0,0.2,20,10,0.0005,0.0005,mrlco_first_order_mean_pseudogradient,fixed_literature_derived_defaults,,,,,,
610.4892562459128,0.0,0.0,0.0,0.0,0.0,0.004282872871707951,1.0411715507507324,publication,35.06038284301758,68.68836069107056,0.8741118555374443,0.9542662498961161,10000,0.082462640700103,1.0787125489450702,0.6417330531807528,55.49315903879842,286,0.9542662498961161,601.2829640863772,meta_train_support,0,MARGO-SPLIT-v1,20,20,80,3,287,0.0,0.2,20,10,0.0005,0.0005,mrlco_first_order_mean_pseudogradient,fixed_literature_derived_defaults,,,,,,
611.0495930841719,0.0,0.0,0.0,0.0,0.0,0.005488079110280808,1.0820319652557373,publication,35.334908962249756,69.72394442558289,0.8717476835194938,0.9514592039516486,10000,0.08985191891266169,1.0777463278934072,0.5594868285488659,60.455741862882675,287,0.9514592039516486,625.3923342238821,meta_train_support,0,MARGO-SPLIT-v1,20,20,80,3,288,0.0,0.2,20,10,0.0005,0.0005,mrlco_first_order_mean_pseudogradient,fixed_literature_derived_defaults,,,,,,
588.6686478263174,0.0,0.0,0.0,0.0,0.0,0.005214700162031785,1.032414436340332,publication,32.75617861747742,69.84331154823303,0.8923540276642434,0.9731663922275582,10000,0.06862734098510648,1.086579404115751,0.7113940822079383,50.261535155817306,288,0.9731663922275582,552.0155652592088,meta_train_support,0,MARGO-SPLIT-v1,20,20,80,3,289,0.0,0.2,20,10,0.0005,0.0005,mrlco_first_order_mean_pseudogradient,fixed_literature_derived_defaults,,,,,,
614.0582968434743,0.0,0.0,0.0,0.0,0.0,0.0076043933192817825,0.9676897525787354,publication,34.77242302894592,69.63955020904541,0.8684220656055379,0.947843943353534,10000,0.07602949800712863,1.0870716329564,0.6218341765879781,59.632678659258595,289,0.947843943353534,610.2952537639495,meta_train_support,0,MARGO-SPLIT-v1,20,20,80,3,290,0.0,0.2,20,10,0.0005,0.0005,mrlco_first_order_mean_pseudogradient,fixed_literature_derived_defaults,,,,,,
610.5332279741832,0.0,0.0,0.0,0.0,0.0,0.011550504387243107,0.9181767702102661,publication,34.688456535339355,68.68522047996521,0.8623103870671108,0.9392701924010153,10000,0.08939212216495314,1.1035767700017376,0.6265397637908608,66.00650262098857,290,0.9392701924010153,651.1374395315457,meta_train_support,0,MARGO-SPLIT-v1,20,20,80,3,291,0.0,0.2,20,10,0.0005,0.0005,mrlco_first_order_mean_pseudogradient,fixed_literature_derived_defaults,,,,,,
610.4457467903137,0.0,0.0,0.0,0.0,0.0,0.014798865747097848,0.9188652038574219,publication,34.911659955978394,69.12788486480713,0.8613564311011412,0.93776662892886,10000,0.08940411319746482,1.0664625161140062,0.5939531063923771,70.37635821516619,291,0.93776662892886,655.4748073279912,meta_train_support,0,MARGO-SPLIT-v1,20,20,80,3,292,0.0,0.2,20,10,0.0005,0.0005,mrlco_first_order_mean_pseudogradient,fixed_literature_derived_defaults,,,,,,
603.1320183500562,0.0,0.0,0.0,0.0,0.0,0.017604767934659166,0.9526745080947876,publication,34.699509143829346,69.93781185150146,0.8699329636726066,0.9487146551024249,10000,0.10491306429652114,1.0896422730966202,0.36422188075703266,74.12516063190095,292,0.9487146551024249,602.3869411308139,meta_train_support,0,MARGO-SPLIT-v1,20,20,80,3,293,0.0,0.2,20,10,0.0005,0.0005,mrlco_first_order_mean_pseudogradient,fixed_literature_derived_defaults,,,,,,
608.7096859809875,0.0,0.0,0.0,0.0,0.0,0.021281862619944074,0.9769213199615479,publication,33.51913833618164,69.48342204093933,0.8673237475628471,0.9453568047241424,10000,0.08488183061291714,1.1035767700017376,0.6737125604234424,64.96626795232055,293,0.9453568047241424,652.0532670823738,meta_train_support,0,MARGO-SPLIT-v1,20,20,80,3,294,0.0,0.2,20,10,0.0005,0.0005,mrlco_first_order_mean_pseudogradient,fixed_literature_derived_defaults,,,,,,
628.5693857228551,0.0,0.0,0.0,0.0,0.0,0.024844585917275695,1.0274555683135986,publication,34.531341791152954,70.18712162971497,0.8653055016937016,0.9432798657849295,10000,0.08247880754614366,1.0777463278934072,0.6304058776107664,63.9388889844266,294,0.9432798657849295,658.8777311190428,meta_train_support,0,MARGO-SPLIT-v1,20,20,80,3,295,0.0,0.2,20,10,0.0005,0.0005,mrlco_first_order_mean_pseudogradient,fixed_literature_derived_defaults,,,,,,
621.5636152175085,0.0,0.0,0.0,0.0,0.0,0.025828741616815136,1.04677152633667,publication,34.72507977485657,72.144686460495,0.8559355776672622,0.9326544405723356,10000,0.09813176883313095,1.086579404115751,0.562345449012854,83.06734938969146,295,0.9326544405723356,665.9109949315099,meta_train_support,0,MARGO-SPLIT-v1,20,20,80,3,296,0.0,0.2,20,10,0.0005,0.0005,mrlco_first_order_mean_pseudogradient,fixed_literature_derived_defaults,,,,,,
614.7799100082125,0.0,0.0,0.0,0.0,0.0,0.023534769809506938,1.0293529033660889,publication,34.39859652519226,69.94774293899536,0.8544284407912152,0.9312516800458339,10000,0.08915533683314376,1.083719008968831,0.6619930183284641,67.5695736290355,296,0.9312516800458339,674.4848488032286,meta_train_support,0,MARGO-SPLIT-v1,20,20,80,3,297,0.0,0.2,20,10,0.0005,0.0005,mrlco_first_order_mean_pseudogradient,fixed_literature_derived_defaults,,,,,,
624.4945266425269,0.0,0.0,0.0,0.0,0.0,0.02046115000677185,1.0005604028701782,publication,35.029332637786865,69.53692078590393,0.859978469910098,0.9376733347245044,10000,0.08557953796990729,1.0870716329564,0.5678223296424796,75.7847499219118,297,0.9376733347245044,660.3158498612376,meta_train_support,0,MARGO-SPLIT-v1,20,20,80,3,298,0.0,0.2,20,10,0.0005,0.0005,mrlco_first_order_mean_pseudogradient,fixed_literature_derived_defaults,,,,,,
621.3395118517059,0.0,0.0,0.0,0.0,0.0,0.01633146173764526,1.0005462169647217,publication,33.42173385620117,70.54201793670654,0.8684194219023155,0.9474305236162345,10000,0.08135981203235862,1.078007433305869,0.5997420168446854,71.82658747716097,298,0.9474305236162347,633.3936048316451,meta_train_support,0,MARGO-SPLIT-v1,20,20,80,3,299,0.0,0.2,20,10,0.0005,0.0005,mrlco_first_order_mean_pseudogradient,fixed_literature_derived_defaults,,,,,,
623.6087644824029,0.0,0.0,0.0,0.0,0.0,0.016438645170851283,0.9891895055770874,publication,34.94077181816101,69.69173622131348,0.8642532654381947,0.9424194789356634,10000,0.08624093773604814,1.0896422730966202,0.5999044913439069,63.85506672699144,299,0.9424194789356634,654.480831941249,meta_train_support,0,MARGO-SPLIT-v1,20,20,80,3,300,0.0,0.2,20,10,0.0005,0.0005,mrlco_first_order_mean_pseudogradient,fixed_literature_derived_defaults,,,,,,
611.3884812149865,0.0,0.0,0.0,0.0,0.0,0.015856313822374967,1.0108673572540283,publication,35.275943756103516,68.49032354354858,0.8572963885819609,0.9335093063116768,10000,0.09716349002281648,1.086579404115751,0.6307981686096067,67.68758752842008,300,0.9335093063116771,673.1965833053399,meta_train_support,0,MARGO-SPLIT-v1,20,20,80,3,301,0.0,0.2,20,10,0.0005,0.0005,mrlco_first_order_mean_pseudogradient,fixed_literature_derived_defaults,0.9535762814073154,0.9529413011367944,630.5595283814026,629.4796819886977,validation_query_composite_objective,0
616.1136115961756,0.0,0.0,0.0,0.0,0.0,0.013240254829114683,1.0103658437728882,publication,25.786789178848267,68.95570349693298,0.8589009185211255,0.9349676443060972,10000,0.09034974525769843,1.0683936486693157,0.606359124333295,65.30692791923497,301,0.9349676443060971,662.1675988370147,meta_train_support,0,MARGO-SPLIT-v1,20,20,80,3,302,0.0,0.2,20,10,0.0005,0.0005,mrlco_first_order_mean_pseudogradient,fixed_literature_derived_defaults,,,,,,
594.5187457834244,0.0,0.0,0.0,0.0,0.0,0.0073612944049053575,0.9908885359764099,publication,31.444055318832397,68.61893105506897,0.88884826687563,0.9712183130725638,10000,0.07297275854066289,1.0941469446163417,0.6747418653971875,48.881394366765875,302,0.9712183130725636,551.2906642625413,meta_train_support,0,MARGO-SPLIT-v1,20,20,80,3,303,0.0,0.2,20,10,0.0005,0.0005,mrlco_first_order_mean_pseudogradient,fixed_literature_derived_defaults,,,,,,
613.7584294371196,0.0,0.0,0.0,0.0,0.0,0.00795519667757808,1.0365999937057495,publication,29.117688417434692,68.00842595100403,0.864602116269623,0.9409401255586386,10000,0.08941468364105051,1.0827167404143352,0.5810636811003008,67.99913359547136,303,0.9409401255586386,660.9081117479216,meta_train_support,0,MARGO-SPLIT-v1,20,20,80,3,304,0.0,0.2,20,10,0.0005,0.0005,mrlco_first_order_mean_pseudogradient,fixed_literature_derived_defaults,,,,,,
611.3492038458006,0.0,0.0,0.0,0.0,0.0,0.006634085527499831,1.0238815546035767,publication,33.00755476951599,69.13222527503967,0.8700189552405143,0.948985310991132,10000,0.08061358584598953,1.0777463278934072,0.6106627441169906,64.26971167657541,304,0.948985310991132,623.0075847041184,meta_train_support,0,MARGO-SPLIT-v1,20,20,80,3,305,0.0,0.2,20,10,0.0005,0.0005,mrlco_first_order_mean_pseudogradient,fixed_literature_derived_defaults,,,,,,
612.8750538062096,0.0,0.0,0.0,0.0,0.0,0.0063498889103879436,1.0242078304290771,publication,28.963520050048828,70.58475732803345,0.8709827429773859,0.9497952002584791,10000,0.07790475844667671,1.1035767700017376,0.6031652077958474,61.932569715515406,305,0.9497952002584791,625.0292529209123,meta_train_support,0,MARGO-SPLIT-v1,20,20,80,3,306,0.0,0.2,20,10,0.0005,0.0005,mrlco_first_order_mean_pseudogradient,fixed_literature_derived_defaults,,,,,,
609.2081436345509,0.0,0.0,0.0,0.0,0.0,0.0067224946950669,1.0278576612472534,publication,32.69399666786194,69.44696092605591,0.8741087952041162,0.952831759347739,10000,0.0824444149130748,1.0870716329564,0.596005169738113,60.17547429765826,306,0.952831759347739,608.5363963876383,meta_train_support,0,MARGO-SPLIT-v1,20,20,80,3,307,0.0,0.2,20,10,0.0005,0.0005,mrlco_first_order_mean_pseudogradient,fixed_literature_derived_defaults,,,,,,
622.4210793795177,0.0,0.0,0.0,0.0,0.0,0.008890920603109828,0.9840434193611145,publication,30.55790114402771,69.40177989006042,0.8607719396415927,0.938143408568534,10000,0.09642849640999697,1.0941469446163417,0.6294027376504705,69.39964731949753,307,0.938143408568534,659.8070618637494,meta_train_support,0,MARGO-SPLIT-v1,20,20,80,3,308,0.0,0.2,20,10,0.0005,0.0005,mrlco_first_order_mean_pseudogradient,fixed_literature_derived_defaults,,,,,,
595.7938575408255,0.0,0.0,0.0,0.0,0.0,0.009030453693123941,0.987417995929718,publication,32.944390535354614,69.51768755912781,0.8803143580842974,0.9600628161689763,10000,0.08585025603456845,1.0941469446163417,0.559143523426771,63.949441818378354,308,0.9600628161689763,579.7698141572489,meta_train_support,0,MARGO-SPLIT-v1,20,20,80,3,309,0.0,0.2,20,10,0.0005,0.0005,mrlco_first_order_mean_pseudogradient,fixed_literature_derived_defaults,,,,,,
595.9303672833306,0.0,0.0,0.0,0.0,0.0,0.011860378327114526,1.0044796466827393,publication,35.08295822143555,67.25676536560059,0.8732412803994767,0.951185606223801,10000,0.0880950828020413,1.086579404115751,0.5363802381626039,70.64515343132712,309,0.951185606223801,604.6047640875776,meta_train_support,0,MARGO-SPLIT-v1,20,20,80,3,310,0.0,0.2,20,10,0.0005,0.0005,mrlco_first_order_mean_pseudogradient,fixed_literature_derived_defaults,,,,,,
606.0738366964886,0.0,0.0,0.0,0.0,0.0,0.01702038159098547,1.028741717338562,publication,34.99009132385254,67.87684845924377,0.8602964728914667,0.9377862323541482,10000,0.10014293183029739,1.083719008968831,0.5337636606639438,86.0706402635752,310,0.9377862323541482,609.0138495612526,meta_train_support,0,MARGO-SPLIT-v1,20,20,80,3,311,0.0,0.2,20,10,0.0005,0.0005,mrlco_first_order_mean_pseudogradient,fixed_literature_derived_defaults,,,,,,
617.3766110202243,0.0,0.0,0.0,0.0,0.0,0.024565869673749213,1.0311639308929443,publication,33.093924045562744,68.69628739356995,0.8596706282207599,0.936481354477792,10000,0.10199498350106365,1.0870716329564,0.35695894590721045,80.92760017085467,311,0.936481354477792,628.6436173882838,meta_train_support,0,MARGO-SPLIT-v1,20,20,80,3,312,0.0,0.2,20,10,0.0005,0.0005,mrlco_first_order_mean_pseudogradient,fixed_literature_derived_defaults,,,,,,
621.1906914725985,0.0,0.0,0.0,0.0,0.0,0.03325420489172474,1.0613105297088623,publication,35.19300651550293,70.69959926605225,0.8616253624635796,0.9404592025407729,10000,0.08789222531611081,1.0827167404143352,0.5836949324707568,77.91734444808559,312,0.9404592025407729,639.8036707589191,meta_train_support,0,MARGO-SPLIT-v1,20,20,80,3,313,0.0,0.2,20,10,0.0005,0.0005,mrlco_first_order_mean_pseudogradient,fixed_literature_derived_defaults,,,,,,
610.426712991047,0.0,0.0,0.0,0.0,0.0,0.03468871335156723,1.0657241344451904,publication,35.10764670372009,71.15682816505432,0.8660132570832207,0.944828959784952,10000,0.08577333667912748,1.0870716329564,0.4107084349066624,88.5455336110835,313,0.9448289597849518,620.0869094732311,meta_train_support,0,MARGO-SPLIT-v1,20,20,80,3,314,0.0,0.2,20,10,0.0005,0.0005,mrlco_first_order_mean_pseudogradient,fixed_literature_derived_defaults,,,,,,
620.7630264113834,0.0,0.0,0.0,0.0,0.0,0.045523500351565736,1.071793794631958,publication,34.87638998031616,68.9290144443512,0.8576416214344538,0.935993666865435,10000,0.09411116724783788,1.0733201117294189,0.538306311943079,67.78363907748232,314,0.935993666865435,659.4357085962528,meta_train_support,0,MARGO-SPLIT-v1,20,20,80,3,315,0.0,0.2,20,10,0.0005,0.0005,mrlco_first_order_mean_pseudogradient,fixed_literature_derived_defaults,,,,,,
613.776911175837,0.0,0.0,0.0,0.0,0.0,0.03778564259993967,1.0432666540145874,publication,34.20950222015381,69.69574785232544,0.8569741370909575,0.9353429236808853,10000,0.08584370408381649,1.0812783929932934,0.5197014123731934,96.51032074263911,315,0.9353429236808853,651.2281610478348,meta_train_support,0,MARGO-SPLIT-v1,20,20,80,3,316,0.0,0.2,20,10,0.0005,0.0005,mrlco_first_order_mean_pseudogradient,fixed_literature_derived_defaults,,,,,,
605.3714902155876,0.0,0.0,0.0,0.0,0.0,0.03602340475442956,1.0609490871429443,publication,34.38288450241089,68.68633031845093,0.8582586116952019,0.9354856734078794,10000,0.0934001679771731,1.0822258512803418,0.6208911394072505,76.52740140359639,316,0.9354856734078794,632.4933970425537,meta_train_support,0,MARGO-SPLIT-v1,20,20,80,3,317,0.0,0.2,20,10,0.0005,0.0005,mrlco_first_order_mean_pseudogradient,fixed_literature_derived_defaults,,,,,,
586.0676860144615,0.0,0.0,0.0,0.0,0.0,0.025335724268403456,1.0459431409835815,publication,35.5032262802124,68.33696484565735,0.8933247489335164,0.9747834354154072,10000,0.07587915969624735,1.0896422730966202,0.5910010776422064,65.35650318697107,317,0.9747834354154072,522.8969072331497,meta_train_support,0,MARGO-SPLIT-v1,20,20,80,3,318,0.0,0.2,20,10,0.0005,0.0005,mrlco_first_order_mean_pseudogradient,fixed_literature_derived_defaults,,,,,,
616.1563160095487,0.0,0.0,0.0,0.0,0.0,0.030633464917303746,1.0310935974121094,publication,34.061599016189575,69.0642602443695,0.8578830601441725,0.9354937379277443,10000,0.08798875208970611,1.0787125489450702,0.42915704055461923,84.86453775488178,318,0.9354937379277443,638.5315272974274,meta_train_support,0,MARGO-SPLIT-v1,20,20,80,3,319,0.0,0.2,20,10,0.0005,0.0005,mrlco_first_order_mean_pseudogradient,fixed_literature_derived_defaults,,,,,,
621.9132509592874,0.0,0.0,0.0,0.0,0.0,0.02864507013832589,1.039458990097046,publication,34.57350039482117,69.66297578811646,0.8446166981217194,0.919935973536222,10000,0.1084989810596802,1.086579404115751,0.30939925422283976,100.45595484264537,319,0.919935973536222,657.2019519166209,meta_train_support,0,MARGO-SPLIT-v1,20,20,80,3,320,0.0,0.2,20,10,0.0005,0.0005,mrlco_first_order_mean_pseudogradient,fixed_literature_derived_defaults,,,,,,
601.0953353158542,0.0,0.0,0.0,0.0,0.0,0.02530517617657692,1.0165003538131714,publication,33.12083148956299,68.95470571517944,0.8728979786269728,0.9529190998044887,10000,0.07723264075337448,1.083719008968831,0.6521274248307225,65.83837228345745,320,0.9529190998044887,611.2494524989006,meta_train_support,0,MARGO-SPLIT-v1,20,20,80,3,321,0.0,0.2,20,10,0.0005,0.0005,mrlco_first_order_mean_pseudogradient,fixed_literature_derived_defaults,,,,,,
606.764470038741,0.0,0.0,0.0,0.0,0.0,0.023157559860228636,1.0204079151153564,publication,33.75608515739441,69.91612911224365,0.8712465849118487,0.9532476271259953,10000,0.07622485342919928,1.083719008968831,0.5960540055988971,76.39584491690549,321,0.9532476271259953,602.6028918103558,meta_train_support,0,MARGO-SPLIT-v1,20,20,80,3,322,0.0,0.2,20,10,0.0005,0.0005,mrlco_first_order_mean_pseudogradient,fixed_literature_derived_defaults,,,,,,
622.3681683405196,0.0,0.0,0.0,0.0,0.0,0.02582718922378754,1.0308457612991333,publication,33.972485065460205,68.9909896850586,0.8603336958104565,0.9364929241297563,10000,0.09851424265348259,1.083719008968831,0.424546967152613,79.24633597252398,322,0.9364929241297563,648.9275050304767,meta_train_support,0,MARGO-SPLIT-v1,20,20,80,3,323,0.0,0.2,20,10,0.0005,0.0005,mrlco_first_order_mean_pseudogradient,fixed_literature_derived_defaults,,,,,,
611.3694474157197,0.0,0.0,0.0,0.0,0.0,0.022864600360959986,1.0657036304473877,publication,34.129438161849976,70.17004370689392,0.8733948622288535,0.9528149325411909,10000,0.07859495049722148,1.0733134940515847,0.5841082993477306,70.713373886629,323,0.9528149325411909,602.681899135452,meta_train_support,0,MARGO-SPLIT-v1,20,20,80,3,324,0.0,0.2,20,10,0.0005,0.0005,mrlco_first_order_mean_pseudogradient,fixed_literature_derived_defaults,,,,,,
613.7834564843314,0.0,0.0,0.0,0.0,0.0,0.022958262582097988,1.0553985834121704,publication,33.95837068557739,69.84520959854126,0.8706277160271535,0.9509123446597594,10000,0.08676953098315664,1.0896422730966202,0.4695958171683282,80.76578818362786,324,0.9509123446597594,602.2435856179945,meta_train_support,0,MARGO-SPLIT-v1,20,20,80,3,325,0.0,0.2,20,10,0.0005,0.0005,mrlco_first_order_mean_pseudogradient,fixed_literature_derived_defaults,,,,,,
617.9925407985141,0.0,0.0,0.0,0.0,0.0,0.02542383938657696,1.050021767616272,publication,35.00272083282471,69.26287484169006,0.8524452893032547,0.928655433510325,10000,0.10777888061409167,1.086579404115751,0.3518090924512993,111.03956138670999,325,0.928655433510325,641.1094882534721,meta_train_support,0,MARGO-SPLIT-v1,20,20,80,3,326,0.0,0.2,20,10,0.0005,0.0005,mrlco_first_order_mean_pseudogradient,fixed_literature_derived_defaults,,,,,,
611.0311113454546,0.0,0.0,0.0,0.0,0.0,0.026673475823211706,1.0508490800857544,publication,34.242881774902344,70.2075469493866,0.8312701398474527,0.9034090335850188,10000,0.11755725915586157,1.07067119447014,0.42603595405773653,157.6233055503174,326,0.9034090335850188,647.0908924488776,meta_train_support,0,MARGO-SPLIT-v1,20,20,80,3,327,0.0,0.2,20,10,0.0005,0.0005,mrlco_first_order_mean_pseudogradient,fixed_literature_derived_defaults,,,,,,
612.415989779772,0.0,0.0,0.0,0.0,0.0,0.03409313742460177,1.0648095607757568,publication,34.73481607437134,70.57791471481323,0.8564132290340245,0.934221377035548,10000,0.08680351370084678,1.086579404115751,0.4509954283160551,103.45949321713721,327,0.934221377035548,652.8737677433519,meta_train_support,0,MARGO-SPLIT-v1,20,20,80,3,328,0.0,0.2,20,10,0.0005,0.0005,mrlco_first_order_mean_pseudogradient,fixed_literature_derived_defaults,,,,,,
599.6055211309841,0.0,0.0,0.0,0.0,0.0,0.03999511826680886,1.0503816604614258,publication,34.820987939834595,69.40179705619812,0.8794743096430034,0.9595888266703372,10000,0.07549077300252985,1.0870716329564,0.4714910100289861,66.88621143298913,328,0.9595888266703372,584.9030552285643,meta_train_support,0,MARGO-SPLIT-v1,20,20,80,3,329,0.0,0.2,20,10,0.0005,0.0005,mrlco_first_order_mean_pseudogradient,fixed_literature_derived_defaults,,,,,,
606.0702312579291,0.0,0.0,0.0,0.0,0.0,0.04708777337403975,1.0325956344604492,publication,33.98834228515625,69.75231695175171,0.8750855013867022,0.9554128544444571,10000,0.08637025451650855,1.0811467714495175,0.34310813998837175,61.233530721776745,329,0.9554128544444571,588.3625118612506,meta_train_support,0,MARGO-SPLIT-v1,20,20,80,3,330,0.0,0.2,20,10,0.0005,0.0005,mrlco_first_order_mean_pseudogradient,fixed_literature_derived_defaults,,,,,,
600.9957651198523,0.0,0.0,0.0,0.0,0.0,0.041690111577620176,1.0512478351593018,publication,35.007516622543335,68.88327026367188,0.8666093502802054,0.9425651760040195,10000,0.09376963819374584,1.0812783929932934,0.5289661983488168,68.67948716323095,330,0.9425651760040195,635.8653134553896,meta_train_support,0,MARGO-SPLIT-v1,20,20,80,3,331,0.0,0.2,20,10,0.0005,0.0005,mrlco_first_order_mean_pseudogradient,fixed_literature_derived_defaults,,,,,,
596.6738535316058,0.0,0.0,0.0,0.0,0.0,0.028416305230395733,1.029844880104065,publication,34.199732303619385,68.03087544441223,0.8797085404265245,0.95901251281401,10000,0.08394703173922258,1.0822258512803418,0.35407118695426987,76.9781128475478,331,0.95901251281401,567.7976343624659,meta_train_support,0,MARGO-SPLIT-v1,20,20,80,3,332,0.0,0.2,20,10,0.0005,0.0005,mrlco_first_order_mean_pseudogradient,fixed_literature_derived_defaults,,,,,,
615.060873199136,0.0,0.0,0.0,0.0,0.0,0.022556628640906993,1.0107260942459106,publication,34.06364369392395,69.77982974052429,0.8527433828569733,0.9277023047629824,10000,0.09652317875505226,1.0896422730966202,0.6169199702040286,87.58953156545508,332,0.9277023047629824,668.7698542904649,meta_train_support,0,MARGO-SPLIT-v1,20,20,80,3,333,0.0,0.2,20,10,0.0005,0.0005,mrlco_first_order_mean_pseudogradient,fixed_literature_derived_defaults,,,,,,
620.3230190756253,0.0,0.0,0.0,0.0,0.0,0.01673498463180013,1.0288974046707153,publication,34.05538320541382,70.53653240203857,0.8567136672268567,0.9332272354910341,10000,0.10496881084436915,1.086579404115751,0.3077160192249956,92.34785160164637,333,0.9332272354910341,640.727947836425,meta_train_support,0,MARGO-SPLIT-v1,20,20,80,3,334,0.0,0.2,20,10,0.0005,0.0005,mrlco_first_order_mean_pseudogradient,fixed_literature_derived_defaults,,,,,,
595.6751154990741,0.0,0.0,0.0,0.0,0.0,0.012003138824083577,1.0047011375427246,publication,31.623969316482544,70.18715739250183,0.8846316615770989,0.9654567610363092,10000,0.06610361482470709,1.1035767700017376,0.5667792271347835,58.318622876163325,334,0.9654567610363092,576.393421119378,meta_train_support,0,MARGO-SPLIT-v1,20,20,80,3,335,0.0,0.2,20,10,0.0005,0.0005,mrlco_first_order_mean_pseudogradient,fixed_literature_derived_defaults,,,,,,
610.0417509300368,0.0,0.0,0.0,0.0,0.0,0.012538373927978642,1.014431118965149,publication,33.97812509536743,69.52744245529175,0.8736841494319848,0.9526342931575793,10000,0.084635259145311,1.0896422730966202,0.6151381801872481,62.977506247914945,335,0.9526342931575793,632.4112736854526,meta_train_support,0,MARGO-SPLIT-v1,20,20,80,3,336,0.0,0.2,20,10,0.0005,0.0005,mrlco_first_order_mean_pseudogradient,fixed_literature_derived_defaults,,,,,,
598.0811999346732,0.0,0.0,0.0,0.0,0.0,0.01136809452225622,1.0276497602462769,publication,34.516606092453,68.36739706993103,0.8700404430457019,0.9479016332899224,10000,0.08366929836996895,1.0643525495674888,0.5774268064636376,66.04365970550701,336,0.9479016332899224,625.7175639214803,meta_train_support,0,MARGO-SPLIT-v1,20,20,80,3,337,0.0,0.2,20,10,0.0005,0.0005,mrlco_first_order_mean_pseudogradient,fixed_literature_derived_defaults,,,,,,
603.8197192130225,0.0,0.0,0.0,0.0,0.0,0.01017978852580011,0.9881685972213745,publication,35.03269815444946,70.13150811195374,0.8700499654057147,0.9511074516393728,10000,0.09257560665904892,1.0941469446163417,0.6066695349435974,63.77940008432672,337,0.9511074516393728,616.7738824153804,meta_train_support,0,MARGO-SPLIT-v1,20,20,80,3,338,0.0,0.2,20,10,0.0005,0.0005,mrlco_first_order_mean_pseudogradient,fixed_literature_derived_defaults,,,,,,
610.0666617193086,0.0,0.0,0.0,0.0,0.0,0.009879326764963177,1.005050539970398,publication,34.910605907440186,69.55586767196655,0.8726539561569326,0.9532789914353443,10000,0.07832947727457339,1.0717410814012962,0.5208493084638249,59.4062278633345,338,0.9532789914353443,609.3093046503286,meta_train_support,0,MARGO-SPLIT-v1,20,20,80,3,339,0.0,0.2,20,10,0.0005,0.0005,mrlco_first_order_mean_pseudogradient,fixed_literature_derived_defaults,,,,,,
622.7875694778305,0.0,0.0,0.0,0.0,0.0,0.010055910599849944,0.9939990639686584,publication,35.23406672477722,69.54015135765076,0.8624053345686984,0.9405007889476432,10000,0.08945908818931578,1.0632957437515784,0.431725096445047,67.77752463061437,339,0.9405007889476432,660.3450006122438,meta_train_support,0,MARGO-SPLIT-v1,20,20,80,3,340,0.0,0.2,20,10,0.0005,0.0005,mrlco_first_order_mean_pseudogradient,fixed_literature_derived_defaults,,,,,,
619.1389952929633,0.0,0.0,0.0,0.0,0.0,0.00992433589369192,0.9828780293464661,publication,34.58854532241821,68.56552767753601,0.8580767839418922,0.9330171324192436,10000,0.09877383042783183,1.0870716329564,0.5522304318323816,70.1135003036837,340,0.9330171324192436,665.4039531789562,meta_train_support,0,MARGO-SPLIT-v1,20,20,80,3,341,0.0,0.2,20,10,0.0005,0.0005,mrlco_first_order_mean_pseudogradient,fixed_literature_derived_defaults,,,,,,
611.8446110469273,0.0,0.0,0.0,0.0,0.0,0.00886736147128158,0.9915763735771179,publication,34.13706159591675,69.99771118164062,0.8601737012912044,0.9373041734657978,10000,0.10117149122724821,1.0777463278934072,0.5589312097734651,72.7433901894195,341,0.9373041734657978,663.435235655241,meta_train_support,0,MARGO-SPLIT-v1,20,20,80,3,342,0.0,0.2,20,10,0.0005,0.0005,mrlco_first_order_mean_pseudogradient,fixed_literature_derived_defaults,,,,,,
614.9891577629226,0.0,0.0,0.0,0.0,0.0,0.008984959375657221,1.0144445896148682,publication,34.793211698532104,69.79366850852966,0.8644419039304545,0.941991963821085,10000,0.07875207686628036,1.070076978048335,0.6604826698116738,64.32334199983336,342,0.941991963821085,657.2938167139095,meta_train_support,0,MARGO-SPLIT-v1,20,20,80,3,343,0.0,0.2,20,10,0.0005,0.0005,mrlco_first_order_mean_pseudogradient,fixed_literature_derived_defaults,,,,,,
613.2263467776708,0.0,0.0,0.0,0.0,0.0,0.009509346269245055,1.0232821702957153,publication,35.49593210220337,68.56500577926636,0.8624046389797544,0.9395608425412185,10000,0.09962226797309864,1.0822258512803418,0.5644152319176446,73.61262737739732,343,0.9395608425412185,650.0911723698275,meta_train_support,0,MARGO-SPLIT-v1,20,20,80,3,344,0.0,0.2,20,10,0.0005,0.0005,mrlco_first_order_mean_pseudogradient,fixed_literature_derived_defaults,,,,,,
621.1341490716934,0.0,0.0,0.0,0.0,0.0,0.010735011490110353,1.0393013954162598,publication,33.47002363204956,69.48290514945984,0.8590193938073364,0.9367332531646644,10000,0.09305248412394143,1.0941469446163417,0.4734932641724948,90.44290772954048,344,0.9367332531646644,647.2852841146278,meta_train_support,0,MARGO-SPLIT-v1,20,20,80,3,345,0.0,0.2,20,10,0.0005,0.0005,mrlco_first_order_mean_pseudogradient,fixed_literature_derived_defaults,,,,,,
628.7934890886579,0.0,0.0,0.0,0.0,0.0,0.01496959444347762,1.0098975896835327,publication,34.68214797973633,69.85649156570435,0.8567357374430903,0.9330041731314406,10000,0.09167750130159687,1.0870716329564,0.2786239142801956,80.99429359574646,345,0.9330041731314406,674.1408240658568,meta_train_support,0,MARGO-SPLIT-v1,20,20,80,3,346,0.0,0.2,20,10,0.0005,0.0005,mrlco_first_order_mean_pseudogradient,fixed_literature_derived_defaults,,,,,,
591.8401055694716,0.0,0.0,0.0,0.0,0.0,0.014256961001960868,1.0026198625564575,publication,33.04267859458923,67.66408944129944,0.8842422003401537,0.9641144206717166,10000,0.07802734723889915,1.0827167404143352,0.5345037613060718,62.950723564025395,346,0.9641144206717166,545.9462819255584,meta_train_support,0,MARGO-SPLIT-v1,20,20,80,3,347,0.0,0.2,20,10,0.0005,0.0005,mrlco_first_order_mean_pseudogradient,fixed_literature_derived_defaults,,,,,,
606.2800599221093,0.0,0.0,0.0,0.0,0.0,0.024848225469031905,1.00327467918396,publication,34.541736364364624,69.80253219604492,0.8516218216387635,0.9291541458855922,10000,0.10096622816441667,1.070076978048335,0.2636779536489049,90.0849080419408,347,0.9291541458855922,648.8597083985138,meta_train_support,0,MARGO-SPLIT-v1,20,20,80,3,348,0.0,0.2,20,10,0.0005,0.0005,mrlco_first_order_mean_pseudogradient,fixed_literature_derived_defaults,,,,,,
609.2858294869151,0.0,0.0,0.0,0.0,0.0,0.030929902360222177,0.9787984490394592,publication,35.61714220046997,70.46988940238953,0.8676688897931628,0.9475478316212907,10000,0.08075645507648414,1.07067119447014,0.6502568086367256,61.638850336322456,348,0.9475478316212907,635.8456804741942,meta_train_support,0,MARGO-SPLIT-v1,20,20,80,3,349,0.0,0.2,20,10,0.0005,0.0005,mrlco_first_order_mean_pseudogradient,fixed_literature_derived_defaults,,,,,,
615.9641676371031,0.0,0.0,0.0,0.0,0.0,0.03280216292567076,1.0095065832138062,publication,36.188408613204956,69.98903203010559,0.8563681868278953,0.9338815093242081,10000,0.0853923683331378,1.0896422730966202,0.5609619248808817,83.9271784672258,349,0.9338815093242083,663.8172927664812,meta_train_support,0,MARGO-SPLIT-v1,20,20,80,3,350,0.0,0.2,20,10,0.0005,0.0005,mrlco_first_order_mean_pseudogradient,fixed_literature_derived_defaults,,,,,,
603.6096633841514,0.0,0.0,0.0,0.0,0.0,0.03160277138168747,1.0164580345153809,publication,34.54084086418152,68.33123469352722,0.8766636297020955,0.9563199123535756,10000,0.08293170159886075,1.0941469446163417,0.5571512037806181,70.11914561228878,350,0.9563199123535755,612.9086592926951,meta_train_support,0,MARGO-SPLIT-v1,20,20,80,3,351,0.0,0.2,20,10,0.0005,0.0005,mrlco_first_order_mean_pseudogradient,fixed_literature_derived_defaults,0.9502323591281783,0.9471646119926623,630.6947398195764,639.3544922550117,validation_query_composite_objective,0
624.4945266425269,0.0,0.0,0.0,0.0,0.0,0.0411577806997927,1.0097582340240479,publication,32.54720711708069,69.70703220367432,0.8584638130597124,0.9373210602975433,10000,0.07838045241822626,1.0827167404143352,0.6465717094746619,68.57045619912753,351,0.9373210602975433,665.7175266783346,meta_train_support,0,MARGO-SPLIT-v1,20,20,80,3,352,0.0,0.2,20,10,0.0005,0.0005,mrlco_first_order_mean_pseudogradient,fixed_literature_derived_defaults,,,,,,
599.9124113215719,0.0,0.0,0.0,0.0,0.0,0.03505578613449349,1.0298409461975098,publication,24.572622537612915,68.14038419723511,0.8542975408261168,0.9298142072733925,10000,0.09868648363795966,1.1035767700017376,0.5785067906682886,81.10897085438326,352,0.9298142072733925,643.2634829370825,meta_train_support,0,MARGO-SPLIT-v1,20,20,80,3,353,0.0,0.2,20,10,0.0005,0.0005,mrlco_first_order_mean_pseudogradient,fixed_literature_derived_defaults,,,,,,
591.542039964349,0.0,0.0,0.0,0.0,0.0,0.02597639984787932,1.0194447040557861,publication,29.863503456115723,68.52186012268066,0.8781510408953469,0.95818594107393,10000,0.08691315115012528,1.0941469446163417,0.4617816305323358,85.95031602215528,353,0.95818594107393,559.8467492030608,meta_train_support,0,MARGO-SPLIT-v1,20,20,80,3,354,0.0,0.2,20,10,0.0005,0.0005,mrlco_first_order_mean_pseudogradient,fixed_literature_derived_defaults,,,,,,
621.7113316794259,0.0,0.0,0.0,0.0,0.0,0.03341715069852791,1.0250258445739746,publication,32.044137716293335,70.18856287002563,0.8612242596512885,0.9393989712365436,10000,0.10046238425733968,1.0827167404143352,0.16825961524493804,80.04793195788467,354,0.9393989712365436,634.4567002195222,meta_train_support,0,MARGO-SPLIT-v1,20,20,80,3,355,0.0,0.2,20,10,0.0005,0.0005,mrlco_first_order_mean_pseudogradient,fixed_literature_derived_defaults,,,,,,
632.2219103126116,0.0,0.0,0.0,0.0,0.0,0.03332276711329532,1.028990626335144,publication,33.18353843688965,69.61022591590881,0.8399463110548253,0.9154273538668616,10000,0.09153479707740723,1.0715482848323281,0.35421284294964006,111.37563502628,355,0.9154273538668616,692.7817106646769,meta_train_support,0,MARGO-SPLIT-v1,20,20,80,3,356,0.0,0.2,20,10,0.0005,0.0005,mrlco_first_order_mean_pseudogradient,fixed_literature_derived_defaults,,,,,,
612.8135225134168,0.0,0.0,0.0,0.0,0.0,0.028528744395802663,1.0459009408950806,publication,34.713335275650024,70.27217388153076,0.8588305988983058,0.9375091334454672,10000,0.09248142035027114,1.0777463278934072,0.4609805519078911,93.4865448860492,356,0.9375091334454672,595.618993063533,meta_train_support,0,MARGO-SPLIT-v1,20,20,80,3,357,0.0,0.2,20,10,0.0005,0.0005,mrlco_first_order_mean_pseudogradient,fixed_literature_derived_defaults,,,,,,
606.9629654478617,0.0,0.0,0.0,0.0,0.0,0.027413760090888396,1.0542082786560059,publication,29.639813899993896,68.42387580871582,0.863367090419361,0.941502568116334,10000,0.09497354207823289,1.0896422730966202,0.44622220895209597,100.25733874239572,357,0.941502568116334,597.6736751154817,meta_train_support,0,MARGO-SPLIT-v1,20,20,80,3,358,0.0,0.2,20,10,0.0005,0.0005,mrlco_first_order_mean_pseudogradient,fixed_literature_derived_defaults,,,,,,
605.9116384387289,0.0,0.0,0.0,0.0,0.0,0.02844739215049277,1.025964379310608,publication,31.64827561378479,69.82923889160156,0.8627219167106553,0.9424470674866998,10000,0.08493623591951749,1.0822258512803418,0.566378267607491,83.52708752473188,358,0.9424470674866998,628.77559642504,meta_train_support,0,MARGO-SPLIT-v1,20,20,80,3,359,0.0,0.2,20,10,0.0005,0.0005,mrlco_first_order_mean_pseudogradient,fixed_literature_derived_defaults,,,,,,
631.4670651897022,0.0,0.0,0.0,0.0,0.0,0.03036876956781488,1.050809621810913,publication,34.69049310684204,70.03753185272217,0.8257620229306282,0.9009569967378799,10000,0.1013809995848766,1.0715482848323281,0.15243251429434612,126.56159511924854,359,0.9009569967378797,692.9828301629026,meta_train_support,0,MARGO-SPLIT-v1,20,20,80,3,360,0.0,0.2,20,10,0.0005,0.0005,mrlco_first_order_mean_pseudogradient,fixed_literature_derived_defaults,,,,,,
611.5240871865273,0.0,0.0,0.0,0.0,0.0,0.03290696760504702,1.0433350801467896,publication,34.8053662776947,69.18976140022278,0.8332967617624352,0.9082057514459928,10000,0.1077225256664625,1.0859245074445334,0.47939330765910393,152.07364428612632,360,0.9082057514459928,632.546155806897,meta_train_support,0,MARGO-SPLIT-v1,20,20,80,3,361,0.0,0.2,20,10,0.0005,0.0005,mrlco_first_order_mean_pseudogradient,fixed_literature_derived_defaults,,,,,,
601.5610699740411,0.0,0.0,0.0,0.0,0.0,0.038658725256789706,1.078394889831543,publication,34.42992115020752,69.3074107170105,0.8551817120914018,0.9329965441524437,10000,0.09164770722719462,1.1035767700017376,0.5157640876732182,112.86714723400404,361,0.9329965441524437,605.7704635264928,meta_train_support,0,MARGO-SPLIT-v1,20,20,80,3,362,0.0,0.2,20,10,0.0005,0.0005,mrlco_first_order_mean_pseudogradient,fixed_literature_derived_defaults,,,,,,
598.7628385628155,0.0,0.0,0.0,0.0,0.0,0.0555096775573686,1.1237608194351196,publication,34.11109948158264,69.69298696517944,0.8756004969616388,0.9543117180874123,10000,0.08215505595064032,1.0812783929932934,0.5304932184119223,78.73368344313569,362,0.9543117180874123,583.8122052631337,meta_train_support,0,MARGO-SPLIT-v1,20,20,80,3,363,0.0,0.2,20,10,0.0005,0.0005,mrlco_first_order_mean_pseudogradient,fixed_literature_derived_defaults,,,,,,
606.2800599221093,0.0,0.0,0.0,0.0,0.0,0.07028471624428667,1.0922291278839111,publication,34.74458599090576,68.53944826126099,0.8580513083914071,0.9358845536254672,10000,0.09410125564557993,1.0811467714495175,0.5453971439492269,85.30272473592949,363,0.9358845536254672,634.4076999382933,meta_train_support,0,MARGO-SPLIT-v1,20,20,80,3,364,0.0,0.2,20,10,0.0005,0.0005,mrlco_first_order_mean_pseudogradient,fixed_literature_derived_defaults,,,,,,
618.5834658982822,0.0,0.0,0.0,0.0,0.0,0.07141887628234163,1.0619927644729614,publication,33.643208503723145,69.22136211395264,0.8445401036478212,0.9212737468530402,10000,0.09920429335346699,1.0647155336633405,0.3445867838076295,103.21084677948859,364,0.9212737468530402,682.8000089745849,meta_train_support,0,MARGO-SPLIT-v1,20,20,80,3,365,0.0,0.2,20,10,0.0005,0.0005,mrlco_first_order_mean_pseudogradient,fixed_literature_derived_defaults,,,,,,
624.7560595704351,0.0,0.0,0.0,0.0,0.0,0.06222560511946133,1.0499666929244995,publication,35.105875730514526,69.52411365509033,0.8464584835297081,0.9227169325211697,10000,0.08805324916979128,1.069182469494016,0.21124132840772203,97.3299681290572,365,0.9227169325211697,670.4310328225108,meta_train_support,0,MARGO-SPLIT-v1,20,20,80,3,366,0.0,0.2,20,10,0.0005,0.0005,mrlco_first_order_mean_pseudogradient,fixed_literature_derived_defaults,,,,,,
620.4414390549795,0.0,0.0,0.0,0.0,0.0,0.045074629866132844,1.0529359579086304,publication,33.42011332511902,69.39765119552612,0.8519654235105936,0.9272820729266529,10000,0.09116470888794338,1.0822258512803418,0.563573222267914,91.22299490117646,366,0.9272820729266529,665.7027084817191,meta_train_support,0,MARGO-SPLIT-v1,20,20,80,3,367,0.0,0.2,20,10,0.0005,0.0005,mrlco_first_order_mean_pseudogradient,fixed_literature_derived_defaults,,,,,,
606.1577124417985,0.0,0.0,0.0,0.0,0.0,0.027600560299705777,1.0123929977416992,publication,34.26630473136902,69.37309193611145,0.8700045640732468,0.9498275263563204,10000,0.08379182815822983,1.086579404115751,0.5389663950750004,100.2008882898484,367,0.9498275263563204,590.4573516001865,meta_train_support,0,MARGO-SPLIT-v1,20,20,80,3,368,0.0,0.2,20,10,0.0005,0.0005,mrlco_first_order_mean_pseudogradient,fixed_literature_derived_defaults,,,,,,
633.2890728383337,0.0,0.0,0.0,0.0,0.0,0.02640902429938849,1.0097426176071167,publication,34.04002356529236,70.97087717056274,0.8433415533183345,0.9205341117500498,10000,0.0863031283844095,1.0827167404143352,0.641544840908657,79.48624919361387,368,0.9205341117500496,707.7832442291368,meta_train_support,0,MARGO-SPLIT-v1,20,20,80,3,369,0.0,0.2,20,10,0.0005,0.0005,mrlco_first_order_mean_pseudogradient,fixed_literature_derived_defaults,,,,,,
605.7223693059785,0.0,0.0,0.0,0.0,0.0,0.015102129229029879,1.0271012783050537,publication,34.87771725654602,67.43575286865234,0.8718422947026627,0.9497591674250789,10000,0.08347600463539961,1.086579404115751,0.6050409511672245,77.55798698358302,369,0.9497591674250789,594.8506065905584,meta_train_support,0,MARGO-SPLIT-v1,20,20,80,3,370,0.0,0.2,20,10,0.0005,0.0005,mrlco_first_order_mean_pseudogradient,fixed_literature_derived_defaults,,,,,,
608.8011547881534,0.0,0.0,0.0,0.0,0.0,0.013282597899718983,1.023687481880188,publication,34.53531455993652,68.62827634811401,0.8608657217274717,0.937574405949288,10000,0.08892003168765342,1.1035767700017376,0.6218580171769208,79.71334270832772,370,0.937574405949288,646.0543977973665,meta_train_support,0,MARGO-SPLIT-v1,20,20,80,3,371,0.0,0.2,20,10,0.0005,0.0005,mrlco_first_order_mean_pseudogradient,fixed_literature_derived_defaults,,,,,,
614.6492929285595,0.0,0.0,0.0,0.0,0.0,0.012196179593104234,1.0284059047698975,publication,33.14597678184509,70.9738130569458,0.8632544172227173,0.9413721124446529,10000,0.08218723662574291,1.0941469446163417,0.6176073151310435,80.66124735881833,371,0.9413721124446529,624.0718849127593,meta_train_support,0,MARGO-SPLIT-v1,20,20,80,3,372,0.0,0.2,20,10,0.0005,0.0005,mrlco_first_order_mean_pseudogradient,fixed_literature_derived_defaults,,,,,,
625.3977851985932,0.0,0.0,0.0,0.0,0.0,0.014750201674485744,1.0619351863861084,publication,35.03031134605408,70.30048561096191,0.8371101095653778,0.9114422942430344,10000,0.10807057590716014,1.0941469446163417,0.46325429467465706,110.3585410412873,372,0.9114422942430344,690.9634536327865,meta_train_support,0,MARGO-SPLIT-v1,20,20,80,3,373,0.0,0.2,20,10,0.0005,0.0005,mrlco_first_order_mean_pseudogradient,fixed_literature_derived_defaults,,,,,,
596.6102196410043,0.0,0.0,0.0,0.0,0.0,0.015770025807719253,1.056760311126709,publication,35.20486640930176,69.11373448371887,0.8584747381994142,0.9354572301226858,10000,0.09498719123271726,1.0941469446163417,0.5289304557677835,101.24236660572173,373,0.9354572301226858,606.5093549910994,meta_train_support,0,MARGO-SPLIT-v1,20,20,80,3,374,0.0,0.2,20,10,0.0005,0.0005,mrlco_first_order_mean_pseudogradient,fixed_literature_derived_defaults,,,,,,
608.9883213230951,0.0,0.0,0.0,0.0,0.0,0.026003584425322687,1.076358675956726,publication,25.327977180480957,69.60382223129272,0.8386736134485363,0.916671504219107,10000,0.08672482130868829,1.0859245074445334,0.34546132514912176,132.9935548243424,374,0.916671504219107,643.9389491842965,meta_train_support,0,MARGO-SPLIT-v1,20,20,80,3,375,0.0,0.2,20,10,0.0005,0.0005,mrlco_first_order_mean_pseudogradient,fixed_literature_derived_defaults,,,,,,
617.0208273950576,0.0,0.0,0.0,0.0,0.0,0.04533022596277364,1.122484803199768,publication,34.54822134971619,68.93094301223755,0.8427507830572551,0.9190857356742961,10000,0.09713433620082292,1.083719008968831,0.4573589479876483,102.66688851111745,375,0.9190857356742961,667.2196885631656,meta_train_support,0,MARGO-SPLIT-v1,20,20,80,3,376,0.0,0.2,20,10,0.0005,0.0005,mrlco_first_order_mean_pseudogradient,fixed_literature_derived_defaults,,,,,,
619.5052442773139,0.0,0.0,0.0,0.0,0.0,0.06717832515659417,1.1443414688110352,publication,33.6107611656189,68.93393039703369,0.8545842012553754,0.9311121405521869,10000,0.08828100022336312,1.0733134940515847,0.6491211672470657,79.2467103372738,376,0.9311121405521869,658.9877945868792,meta_train_support,0,MARGO-SPLIT-v1,20,20,80,3,377,0.0,0.2,20,10,0.0005,0.0005,mrlco_first_order_mean_pseudogradient,fixed_literature_derived_defaults,,,,,,
595.8985216974668,0.0,0.0,0.0,0.0,0.0,0.07506428526603132,1.0531240701675415,publication,32.604379653930664,68.61118340492249,0.8741990313924969,0.9533617735960456,10000,0.06702052187990892,1.0896422730966202,0.5852104325307237,78.83651621404952,377,0.9533617735960456,594.7960341609437,meta_train_support,0,MARGO-SPLIT-v1,20,20,80,3,378,0.0,0.2,20,10,0.0005,0.0005,mrlco_first_order_mean_pseudogradient,fixed_literature_derived_defaults,,,,,,
620.8508266382354,0.0,0.0,0.0,0.0,0.0,0.08954780600229525,1.0659499168395996,publication,28.59183168411255,70.63267087936401,0.8524782562057404,0.9295983192873717,10000,0.099493505517419,1.0717410814012962,0.5479483796401574,78.18045869690323,378,0.9295983192873717,676.8225938726031,meta_train_support,0,MARGO-SPLIT-v1,20,20,80,3,379,0.0,0.2,20,10,0.0005,0.0005,mrlco_first_order_mean_pseudogradient,fixed_literature_derived_defaults,,,,,,
627.9790608818327,0.0,0.0,0.0,0.0,0.0,0.08510223522590345,1.0672115087509155,publication,30.77347230911255,70.32269549369812,0.8527488462352414,0.9299551369354911,10000,0.08073393743297197,1.0733201117294189,0.4117225057918187,81.7949698090399,379,0.9299551369354911,683.4380460861792,meta_train_support,0,MARGO-SPLIT-v1,20,20,80,3,380,0.0,0.2,20,10,0.0005,0.0005,mrlco_first_order_mean_pseudogradient,fixed_literature_derived_defaults,,,,,,
600.6208123645782,0.0,0.0,0.0,0.0,0.0,0.05766722587753718,1.1105995178222656,publication,33.58142709732056,68.11563682556152,0.8754082370477794,0.9548893682283246,10000,0.07936647099417808,1.0787125489450702,0.6591988928147811,66.64408877467648,380,0.9548893682283246,613.8037159271213,meta_train_support,0,MARGO-SPLIT-v1,20,20,80,3,381,0.0,0.2,20,10,0.0005,0.0005,mrlco_first_order_mean_pseudogradient,fixed_literature_derived_defaults,,,,,,
609.6852701374598,0.0,0.0,0.0,0.0,0.0,0.03834687093859189,1.1602880954742432,publication,36.561795711517334,69.59467339515686,0.8708335271616862,0.950915235975344,10000,0.07797647733991439,1.0896422730966202,0.63063425025127,80.45819253762218,381,0.950915235975344,617.9583250570325,meta_train_support,0,MARGO-SPLIT-v1,20,20,80,3,382,0.0,0.2,20,10,0.0005,0.0005,mrlco_first_order_mean_pseudogradient,fixed_literature_derived_defaults,,,,,,
622.3766765986443,0.0,0.0,0.0,0.0,0.0,0.025137115838614478,1.0907316207885742,publication,34.06279277801514,69.54272866249084,0.839046165665974,0.9150653492800862,10000,0.09026745548294358,1.0941469446163417,0.5174978279176922,134.30704597802608,382,0.9150653492800862,657.1144629297188,meta_train_support,0,MARGO-SPLIT-v1,20,20,80,3,383,0.0,0.2,20,10,0.0005,0.0005,mrlco_first_order_mean_pseudogradient,fixed_literature_derived_defaults,,,,,,
608.5181118908337,0.0,0.0,0.0,0.0,0.0,0.018636189803548683,1.0635005235671997,publication,33.754765033721924,69.47357034683228,0.8632393186042117,0.9432124747725795,10000,0.08646148307794997,1.1035767700017376,0.42621269214593516,116.20880254343331,383,0.9432124747725795,592.8314925919941,meta_train_support,0,MARGO-SPLIT-v1,20,20,80,3,384,0.0,0.2,20,10,0.0005,0.0005,mrlco_first_order_mean_pseudogradient,fixed_literature_derived_defaults,,,,,,
611.0495930841719,0.0,0.0,0.0,0.0,0.0,0.018742833421523105,1.0784024000167847,publication,33.4743173122406,69.69439029693604,0.8683986252683757,0.9477491183028129,10000,0.08580766522925347,1.0941469446163417,0.5945488557786149,70.2401343566009,384,0.9477491183028129,619.6671221792234,meta_train_support,0,MARGO-SPLIT-v1,20,20,80,3,385,0.0,0.2,20,10,0.0005,0.0005,mrlco_first_order_mean_pseudogradient,fixed_literature_derived_defaults,,,,,,
596.8313481686728,0.0,0.0,0.0,0.0,0.0,0.016149805558139482,1.08851957321167,publication,34.9048011302948,69.48966455459595,0.8780161109603825,0.9591928207607587,10000,0.07579065170023927,1.0941469446163417,0.6555918911261378,72.73980184330368,385,0.9591928207607587,580.0345990763882,meta_train_support,0,MARGO-SPLIT-v1,20,20,80,3,386,0.0,0.2,20,10,0.0005,0.0005,mrlco_first_order_mean_pseudogradient,fixed_literature_derived_defaults,,,,,,
626.714743849332,0.0,0.0,0.0,0.0,0.0,0.016677397489580872,1.0624444484710693,publication,35.35873508453369,69.36865019798279,0.8444775444025001,0.9224915232116655,10000,0.08553119462715868,1.0717410814012962,0.4664447382313074,96.28853945739475,386,0.9224915232116655,693.1738126982049,meta_train_support,0,MARGO-SPLIT-v1,20,20,80,3,387,0.0,0.2,20,10,0.0005,0.0005,mrlco_first_order_mean_pseudogradient,fixed_literature_derived_defaults,,,,,,
620.9534141204152,0.0,0.0,0.0,0.0,0.0,0.014738529375798866,1.0443265438079834,publication,33.657822132110596,69.01363825798035,0.8542480284779996,0.9303769574391834,10000,0.09773137771485588,1.0700036746145594,0.58667406856045,85.70754967905987,387,0.9303769574391834,677.2250969257069,meta_train_support,0,MARGO-SPLIT-v1,20,20,80,3,388,0.0,0.2,20,10,0.0005,0.0005,mrlco_first_order_mean_pseudogradient,fixed_literature_derived_defaults,,,,,,
624.8976909061159,0.0,0.0,0.0,0.0,0.0,0.01604823743347764,1.0421942472457886,publication,34.73572278022766,71.13354539871216,0.8415802967751724,0.9182675558528115,10000,0.09226473232482871,1.0787125489450702,0.6006720913233726,98.11900692921256,388,0.9182675558528115,700.9307792096723,meta_train_support,0,MARGO-SPLIT-v1,20,20,80,3,389,0.0,0.2,20,10,0.0005,0.0005,mrlco_first_order_mean_pseudogradient,fixed_literature_derived_defaults,,,,,,
614.3517847647395,0.0,0.0,0.0,0.0,0.0,0.0166013199067391,1.0493686199188232,publication,34.31789302825928,70.38309717178345,0.855236027547505,0.9343853280220308,10000,0.08530141255888123,1.0941469446163417,0.4669195906746738,103.34118562372468,389,0.9343853280220308,640.9181648670619,meta_train_support,0,MARGO-SPLIT-v1,20,20,80,3,390,0.0,0.2,20,10,0.0005,0.0005,mrlco_first_order_mean_pseudogradient,fixed_literature_derived_defaults,,,,,,
605.0461471352032,0.0,0.0,0.0,0.0,0.0,0.01933514979061876,1.0906785726547241,publication,35.35013389587402,69.88994407653809,0.8757353681099901,0.9549959428176767,10000,0.07448623194147894,1.0941469446163417,0.6325184494549795,70.61600651707131,390,0.9549959428176767,587.3034417367867,meta_train_support,0,MARGO-SPLIT-v1,20,20,80,3,391,0.0,0.2,20,10,0.0005,0.0005,mrlco_first_order_mean_pseudogradient,fixed_literature_derived_defaults,,,,,,
607.407564207799,0.0,0.0,0.0,0.0,0.0,0.021655968590105695,1.031448483467102,publication,34.23129677772522,69.2217149734497,0.8620715286983547,0.9400425511621463,10000,0.08570675264161047,1.0822258512803418,0.5846877961141778,90.46487748256128,391,0.9400425511621464,636.9307341201428,meta_train_support,0,MARGO-SPLIT-v1,20,20,80,3,392,0.0,0.2,20,10,0.0005,0.0005,mrlco_first_order_mean_pseudogradient,fixed_literature_derived_defaults,,,,,,
620.5885980755943,0.0,0.0,0.0,0.0,0.0,0.025553464046589557,1.024129033088684,publication,34.58293104171753,68.78282880783081,0.8603168096940448,0.9375923779072113,10000,0.08438806125650579,1.0870716329564,0.6416629780139997,72.33464301383155,392,0.9375923779072113,641.979563472478,meta_train_support,0,MARGO-SPLIT-v1,20,20,80,3,393,0.0,0.2,20,10,0.0005,0.0005,mrlco_first_order_mean_pseudogradient,fixed_literature_derived_defaults,,,,,,
604.7713929344721,0.0,0.0,0.0,0.0,0.0,0.02668320925259005,1.0092509984970093,publication,35.40875577926636,68.01093816757202,0.8650291511640705,0.9429993167158139,10000,0.0929941800847349,1.083719008968831,0.27186427652635703,85.28868443411365,393,0.9429993167158138,627.2997720369298,meta_train_support,0,MARGO-SPLIT-v1,20,20,80,3,394,0.0,0.2,20,10,0.0005,0.0005,mrlco_first_order_mean_pseudogradient,fixed_literature_derived_defaults,,,,,,
621.5942293085235,0.0,0.0,0.0,0.0,0.0,0.027402756764123622,1.0399900674819946,publication,34.91437292098999,68.88363552093506,0.8447935026489231,0.9208314747575096,10000,0.09461218322421722,1.0691747072318554,0.48852162650949815,98.06775785914199,394,0.9208314747575096,655.3638592480388,meta_train_support,0,MARGO-SPLIT-v1,20,20,80,3,395,0.0,0.2,20,10,0.0005,0.0005,mrlco_first_order_mean_pseudogradient,fixed_literature_derived_defaults,,,,,,
626.7469989214216,0.0,0.0,0.0,0.0,0.0,0.02838376847175237,1.038648009300232,publication,33.48299431800842,71.71583914756775,0.851605931596985,0.9284558794892693,10000,0.0875755465949317,1.086579404115751,0.5522908223807063,85.93774753255201,395,0.9284558794892693,669.0007493697915,meta_train_support,0,MARGO-SPLIT-v1,20,20,80,3,396,0.0,0.2,20,10,0.0005,0.0005,mrlco_first_order_mean_pseudogradient,fixed_literature_derived_defaults,,,,,,
609.6458807586534,0.0,0.0,0.0,0.0,0.0,0.028541303914602304,1.026014804840088,publication,34.29287600517273,68.97714972496033,0.867435881216229,0.9446679179152944,10000,0.09286255093530293,1.0896422730966202,0.5150354884868714,101.48374051264105,396,0.9446679179152944,627.7744078981808,meta_train_support,0,MARGO-SPLIT-v1,20,20,80,3,397,0.0,0.2,20,10,0.0005,0.0005,mrlco_first_order_mean_pseudogradient,fixed_literature_derived_defaults,,,,,,
590.7601216838972,0.0,0.0,0.0,0.0,0.0,0.028949639633146767,1.0385185480117798,publication,35.33713150024414,68.41643047332764,0.874183578338524,0.9520855119885222,10000,0.09059307446258069,1.0827167404143352,0.3099070111945551,83.7455253351089,397,0.9520855119885222,578.9143736652961,meta_train_support,0,MARGO-SPLIT-v1,20,20,80,3,398,0.0,0.2,20,10,0.0005,0.0005,mrlco_first_order_mean_pseudogradient,fixed_literature_derived_defaults,,,,,,
624.5961662700788,0.0,0.0,0.0,0.0,0.0,0.030965653683370443,1.031345009803772,publication,35.592461347579956,70.2984688282013,0.8334282014890818,0.9070135574044561,10000,0.11641752673735487,1.0870716329564,0.26376431371836895,131.3140640516541,398,0.9070135574044561,695.5552607553851,meta_train_support,0,MARGO-SPLIT-v1,20,20,80,3,399,0.0,0.2,20,10,0.0005,0.0005,mrlco_first_order_mean_pseudogradient,fixed_literature_derived_defaults,,,,,,
634.859325579616,0.0,0.0,0.0,0.0,0.0,0.03540346395180645,1.0251742601394653,publication,33.73231840133667,70.79951453208923,0.839461473238747,0.9159455338017888,10000,0.09700588691725888,1.086579404115751,0.20792414124939196,97.13864652664016,399,0.9159455338017888,682.8490597197274,meta_train_support,0,MARGO-SPLIT-v1,20,20,80,3,400,0.0,0.2,20,10,0.0005,0.0005,mrlco_first_order_mean_pseudogradient,fixed_literature_derived_defaults,,,,,,
606.7063343390873,0.0,0.0,0.0,0.0,0.0,0.03340960838347704,1.0328054428100586,publication,34.310380697250366,70.22854256629944,0.870098683790353,0.9495859005571541,10000,0.07319095627946884,1.086579404115751,0.5798563693980227,76.59682961472303,400,0.9495859005571541,612.3150743826648,meta_train_support,0,MARGO-SPLIT-v1,20,20,80,3,401,0.0,0.2,20,10,0.0005,0.0005,mrlco_first_order_mean_pseudogradient,fixed_literature_derived_defaults,0.9505798537430673,0.9412756976626453,630.5109408847945,633.3490965468806,validation_query_composite_objective,0
610.1433905575888,0.0,0.0,0.0,0.0,0.0,0.030177584096474117,1.0642163753509521,publication,32.83405351638794,69.3088493347168,0.8613854977542924,0.9377808744337788,10000,0.1037807126133879,1.069182469494016,0.4508413375832806,95.03684418153372,401,0.9377808744337788,622.0546538972991,meta_train_support,0,MARGO-SPLIT-v1,20,20,80,3,402,0.0,0.2,20,10,0.0005,0.0005,mrlco_first_order_mean_pseudogradient,fixed_literature_derived_defaults,,,,,,
603.4820929384232,0.0,0.0,0.0,0.0,0.0,0.028478562108878336,1.051411747932434,publication,35.06691098213196,68.91194891929626,0.8529731827438689,0.9322865244562785,10000,0.09882007722105557,1.1035767700017376,0.3958715220923845,135.2113902766655,402,0.9322865244562785,610.6774175731782,meta_train_support,0,MARGO-SPLIT-v1,20,20,80,3,403,0.0,0.2,20,10,0.0005,0.0005,mrlco_first_order_mean_pseudogradient,fixed_literature_derived_defaults,,,,,,
610.3082930116926,0.0,0.0,0.0,0.0,0.0,0.028965136394844722,1.0505340099334717,publication,31.002084732055664,69.22572112083435,0.8716104127294205,0.9533308906251906,10000,0.0855786162094839,1.1035767700017376,0.40872677707666116,85.05379839241752,403,0.9533308906251906,606.4029915297685,meta_train_support,0,MARGO-SPLIT-v1,20,20,80,3,404,0.0,0.2,20,10,0.0005,0.0005,mrlco_first_order_mean_pseudogradient,fixed_literature_derived_defaults,,,,,,
622.2703727711541,0.0,0.0,0.0,0.0,0.0,0.027557436952062763,1.0732876062393188,publication,27.06298589706421,69.52353858947754,0.8533271164995678,0.9312199406651577,10000,0.08846696104829752,1.0816942762118964,0.523743150375024,106.34192211743165,404,0.9312199406651577,635.7150581231185,meta_train_support,0,MARGO-SPLIT-v1,20,20,80,3,405,0.0,0.2,20,10,0.0005,0.0005,mrlco_first_order_mean_pseudogradient,fixed_literature_derived_defaults,,,,,,
604.2261912434441,0.0,0.0,0.0,0.0,0.0,0.027830951609654077,1.0535719394683838,publication,31.342265605926514,68.20139241218567,0.866254130304902,0.9444641751823739,10000,0.09417559708729063,1.0827167404143352,0.5448178638523553,88.73312723376476,405,0.9444641751823739,608.5263587893677,meta_train_support,0,MARGO-SPLIT-v1,20,20,80,3,406,0.0,0.2,20,10,0.0005,0.0005,mrlco_first_order_mean_pseudogradient,fixed_literature_derived_defaults,,,,,,
593.2943313408442,0.0,0.0,0.0,0.0,0.0,0.028515179861384077,1.0736137628555298,publication,29.922181844711304,68.19445657730103,0.8699759793919346,0.9487302488939587,10000,0.0854568672936519,1.0777463278934072,0.49317854648329285,96.41403450787,406,0.9487302488939587,585.2034169044305,meta_train_support,0,MARGO-SPLIT-v1,20,20,80,3,407,0.0,0.2,20,10,0.0005,0.0005,mrlco_first_order_mean_pseudogradient,fixed_literature_derived_defaults,,,,,,
627.4373033360209,0.0,0.0,0.0,0.0,0.0,0.03251102583173655,1.0420061349868774,publication,31.842976093292236,69.44183731079102,0.857420206952346,0.9369297165686454,10000,0.0926452368346439,1.078007433305869,0.5366937670224585,73.72128100392544,407,0.9369297165686454,658.3610918977996,meta_train_support,0,MARGO-SPLIT-v1,20,20,80,3,408,0.0,0.2,20,10,0.0005,0.0005,mrlco_first_order_mean_pseudogradient,fixed_literature_derived_defaults,,,,,,
603.1684878498895,0.0,0.0,0.0,0.0,0.0,0.027312149522265808,1.020371437072754,publication,32.14206647872925,71.81124448776245,0.869400890772933,0.9499236975199894,10000,0.09108272821655222,1.1035767700017376,0.3391476225709057,93.76515717460114,408,0.9499236975199894,570.9038535827718,meta_train_support,0,MARGO-SPLIT-v1,20,20,80,3,409,0.0,0.2,20,10,0.0005,0.0005,mrlco_first_order_mean_pseudogradient,fixed_literature_derived_defaults,,,,,,
624.0493020167895,0.0,0.0,0.0,0.0,0.0,0.025294452250795733,1.0079970359802246,publication,29.971352338790894,70.50823020935059,0.8448189367033174,0.9206893627024785,10000,0.09870682304316325,1.0811467714495175,0.2981137162725793,90.53628498365816,409,0.9206893627024785,677.8538308205973,meta_train_support,0,MARGO-SPLIT-v1,20,20,80,3,410,0.0,0.2,20,10,0.0005,0.0005,mrlco_first_order_mean_pseudogradient,fixed_literature_derived_defaults,,,,,,
596.9215470588139,0.0,0.0,0.0,0.0,0.0,0.019039585342325163,0.9918223023414612,publication,34.47869634628296,68.19969129562378,0.8826755810218531,0.9631524617616054,10000,0.08052623344559925,1.0745883754828771,0.5988363758467103,63.34772436831948,410,0.9631524617616054,575.091176554635,meta_train_support,0,MARGO-SPLIT-v1,20,20,80,3,411,0.0,0.2,20,10,0.0005,0.0005,mrlco_first_order_mean_pseudogradient,fixed_literature_derived_defaults,,,,,,
615.7686895141602,0.0,0.0,0.0,0.0,0.0,0.01727397922356912,0.9961435198783875,publication,33.117929458618164,69.87038516998291,0.8737491270589981,0.9530268210083106,10000,0.07878515713395133,1.0733201117294189,0.6312093568724157,60.288352483227385,411,0.9530268210083106,615.6022637959439,meta_train_support,0,MARGO-SPLIT-v1,20,20,80,3,412,0.0,0.2,20,10,0.0005,0.0005,mrlco_first_order_mean_pseudogradient,fixed_literature_derived_defaults,,,,,,
603.3037276753697,0.0,0.0,0.0,0.0,0.0,0.012824101190135478,0.9932858347892761,publication,34.110373735427856,68.08873915672302,0.8694328224424623,0.9471088328190858,10000,0.09008215061288735,1.078007433305869,0.6717462465025338,62.19783279518126,412,0.9471088328190858,633.1835414330577,meta_train_support,0,MARGO-SPLIT-v1,20,20,80,3,413,0.0,0.2,20,10,0.0005,0.0005,mrlco_first_order_mean_pseudogradient,fixed_literature_derived_defaults,,,,,,
598.9067800886426,0.0,0.0,0.0,0.0,0.0,0.00968167166613392,0.957995593547821,publication,33.82410478591919,67.55924868583679,0.8726865966517547,0.949358120351311,10000,0.08579488171603673,1.083719008968831,0.6255785338453406,61.40028063090118,413,0.949358120351311,633.5375844133758,meta_train_support,0,MARGO-SPLIT-v1,20,20,80,3,414,0.0,0.2,20,10,0.0005,0.0005,mrlco_first_order_mean_pseudogradient,fixed_literature_derived_defaults,,,,,,
602.9353061919893,0.0,0.0,0.0,0.0,0.0,0.007869140226426503,0.9621711373329163,publication,33.49016618728638,69.42302298545837,0.8838320968378631,0.9638509984681511,10000,0.07243816130191306,1.0941469446163417,0.6112894498747908,54.868364521289664,414,0.9638509984681511,588.9624623338576,meta_train_support,0,MARGO-SPLIT-v1,20,20,80,3,415,0.0,0.2,20,10,0.0005,0.0005,mrlco_first_order_mean_pseudogradient,fixed_literature_derived_defaults,,,,,,
607.5223228669304,0.0,0.0,0.0,0.0,0.0,0.006880927988060333,1.0063127279281616,publication,34.083308696746826,68.99398827552795,0.8636570929382841,0.9402694850840929,10000,0.09602366473830444,1.0896422730966202,0.6491211672470657,61.32266120961572,415,0.9402694850840929,642.181553660033,meta_train_support,0,MARGO-SPLIT-v1,20,20,80,3,416,0.0,0.2,20,10,0.0005,0.0005,mrlco_first_order_mean_pseudogradient,fixed_literature_derived_defaults,,,,,,
595.765177343164,0.0,0.0,0.0,0.0,0.0,0.005858121137331802,0.9984726905822754,publication,34.84865975379944,67.67514395713806,0.8806708883942294,0.9607959295888493,10000,0.08057018012338593,1.0941469446163417,0.658716837020161,53.523779960603385,416,0.9607959295888493,585.0935329218701,meta_train_support,0,MARGO-SPLIT-v1,20,20,80,3,417,0.0,0.2,20,10,0.0005,0.0005,mrlco_first_order_mean_pseudogradient,fixed_literature_derived_defaults,,,,,,
615.2251346339499,0.0,0.0,0.0,0.0,0.0,0.0060689892966178695,0.9971001148223877,publication,33.404706954956055,69.22260022163391,0.8615327303461803,0.9390740835017068,10000,0.08699618551524381,1.0870716329564,0.6416629780139997,62.78553831174266,417,0.9390740835017068,652.9680470678358,meta_train_support,0,MARGO-SPLIT-v1,20,20,80,3,418,0.0,0.2,20,10,0.0005,0.0005,mrlco_first_order_mean_pseudogradient,fixed_literature_derived_defaults,,,,,,
621.9603169855799,0.0,0.0,0.0,0.0,0.0,0.006268755846552818,1.0262588262557983,publication,34.62643647193909,69.3139898777008,0.850276673808498,0.9261577716548125,10000,0.09408697023440907,1.0827167404143352,0.6433605901467734,68.51411119346074,418,0.9261577716548125,700.5382900813172,meta_train_support,0,MARGO-SPLIT-v1,20,20,80,3,419,0.0,0.2,20,10,0.0005,0.0005,mrlco_first_order_mean_pseudogradient,fixed_literature_derived_defaults,,,,,,
605.6164352323123,0.0,0.0,0.0,0.0,0.0,0.005783931691436751,1.0470026731491089,publication,36.35318040847778,68.59853792190552,0.8644224199627024,0.9406192559516927,10000,0.09950317171459744,1.0941469446163417,0.6361035448702054,60.2336815054215,419,0.9406192559516927,641.3529515306703,meta_train_support,0,MARGO-SPLIT-v1,20,20,80,3,420,0.0,0.2,20,10,0.0005,0.0005,mrlco_first_order_mean_pseudogradient,fixed_literature_derived_defaults,,,,,,
615.0468256622042,0.0,0.0,0.0,0.0,0.0,0.0062410758188214096,1.0624929666519165,publication,33.27324604988098,69.51217317581177,0.8653811091345751,0.9435355497137405,10000,0.08946409108583718,1.0717410814012962,0.6481961604492424,59.263591536575206,420,0.9435355497137405,632.7971213878767,meta_train_support,0,MARGO-SPLIT-v1,20,20,80,3,421,0.0,0.2,20,10,0.0005,0.0005,mrlco_first_order_mean_pseudogradient,fixed_literature_derived_defaults,,,,,,
618.0800219823836,0.0,0.0,0.0,0.0,0.0,0.006550170192607119,1.0414880514144897,publication,35.2101788520813,69.1908450126648,0.8682162310734484,0.9454502035203103,10000,0.08434260389175474,1.0616356726640896,0.6806411915834875,61.58444164712138,421,0.9454502035203103,645.4355384188898,meta_train_support,0,MARGO-SPLIT-v1,20,20,80,3,422,0.0,0.2,20,10,0.0005,0.0005,mrlco_first_order_mean_pseudogradient,fixed_literature_derived_defaults,,,,,,
605.4038905770711,0.0,0.0,0.0,0.0,0.0,0.006844441407884567,1.031283974647522,publication,35.970354318618774,69.4294548034668,0.8789782130820164,0.9576725806517725,10000,0.07841254548760568,1.0941469446163417,0.6294027376504705,56.051112371121555,422,0.9576725806517723,596.5615810688305,meta_train_support,0,MARGO-SPLIT-v1,20,20,80,3,423,0.0,0.2,20,10,0.0005,0.0005,mrlco_first_order_mean_pseudogradient,fixed_literature_derived_defaults,,,,,,
613.0766989306859,0.0,0.0,0.0,0.0,0.0,0.007786903177390051,1.0596479177474976,publication,35.58593416213989,69.37259149551392,0.874717689962349,0.9548857329264945,10000,0.08464889449116449,1.0787125489450702,0.5847998463998375,53.77708013673369,423,0.9548857329264945,603.151660986354,meta_train_support,0,MARGO-SPLIT-v1,20,20,80,3,424,0.0,0.2,20,10,0.0005,0.0005,mrlco_first_order_mean_pseudogradient,fixed_literature_derived_defaults,,,,,,
618.097124396583,0.0,0.0,0.0,0.0,0.0,0.008101304576910339,0.9980890154838562,publication,34.420756816864014,71.0187315940857,0.8683486091809413,0.9467431239355721,10000,0.07809621390993984,1.0811467714495175,0.647538858442533,57.536415065125446,424,0.9467431239355721,621.8740269738074,meta_train_support,0,MARGO-SPLIT-v1,20,20,80,3,425,0.0,0.2,20,10,0.0005,0.0005,mrlco_first_order_mean_pseudogradient,fixed_literature_derived_defaults,,,,,,
608.2218955059597,0.0,0.0,0.0,0.0,0.0,0.007649010597601756,1.0047879219055176,publication,35.18732452392578,68.46057629585266,0.8706226280733442,0.9492280841667827,10000,0.08404345712010655,1.0941469446163417,0.665341801994132,57.400973182958275,425,0.9492280841667827,617.309628792617,meta_train_support,0,MARGO-SPLIT-v1,20,20,80,3,426,0.0,0.2,20,10,0.0005,0.0005,mrlco_first_order_mean_pseudogradient,fixed_literature_derived_defaults,,,,,,
616.8565282546997,0.0,0.0,0.0,0.0,0.0,0.007367551384374932,1.0086522102355957,publication,35.06679844856262,69.87195992469788,0.8666259589632568,0.9439649505488625,10000,0.083944459880081,1.086579404115751,0.6416411344315394,61.32248844381005,426,0.9439649505488625,649.1202653572356,meta_train_support,0,MARGO-SPLIT-v1,20,20,80,3,427,0.0,0.2,20,10,0.0005,0.0005,mrlco_first_order_mean_pseudogradient,fixed_literature_derived_defaults,,,,,,
620.3047939816338,0.0,0.0,0.0,0.0,0.0,0.006881087715764702,1.0183862447738647,publication,35.53050971031189,68.95846104621887,0.8572189204871267,0.9353406533954931,10000,0.08465500669534011,1.0941469446163417,0.6430430785569544,63.266761921529834,427,0.9353406533954931,661.613972210703,meta_train_support,0,MARGO-SPLIT-v1,20,20,80,3,428,0.0,0.2,20,10,0.0005,0.0005,mrlco_first_order_mean_pseudogradient,fixed_literature_derived_defaults,,,,,,
607.2302046969278,0.0,0.0,0.0,0.0,0.0,0.006014872996944115,1.1061594486236572,publication,34.71957230567932,70.38468742370605,0.8807499518456796,0.9615292724694778,10000,0.08545305102399059,1.0787125489450702,0.668596192623564,55.41605975166534,428,0.9615292724694778,605.1994529350975,meta_train_support,0,MARGO-SPLIT-v1,20,20,80,3,429,0.0,0.2,20,10,0.0005,0.0005,mrlco_first_order_mean_pseudogradient,fixed_literature_derived_defaults,,,,,,
613.3619527492115,0.0,0.0,0.0,0.0,0.0,0.005702403838585955,1.0429205894470215,publication,34.746973514556885,69.2569317817688,0.87985168204684,0.9596248934698819,10000,0.07567332753783608,1.0870716329564,0.6421553350995316,54.439072889513454,429,0.9596248934698819,584.1757735101604,meta_train_support,0,MARGO-SPLIT-v1,20,20,80,3,430,0.0,0.2,20,10,0.0005,0.0005,mrlco_first_order_mean_pseudogradient,fixed_literature_derived_defaults,,,,,,
620.9534141204152,0.0,0.0,0.0,0.0,0.0,0.006033432516324451,1.0438129901885986,publication,33.661298990249634,70.68426370620728,0.8583942688678539,0.9351365679436106,10000,0.09630418087933044,1.078007433305869,0.6373665401618418,64.98529270620931,430,0.9351365679436106,687.2010267689024,meta_train_support,0,MARGO-SPLIT-v1,20,20,80,3,431,0.0,0.2,20,10,0.0005,0.0005,mrlco_first_order_mean_pseudogradient,fixed_literature_derived_defaults,,,,,,
602.5637233494214,0.0,0.0,0.0,0.0,0.0,0.005399422677436756,1.0707157850265503,publication,34.196534395217896,68.55803108215332,0.883545711755933,0.9631249955617656,10000,0.07803267007044838,1.0777463278934072,0.6525282822585288,54.8364587358552,431,0.9631249955617656,595.84479861613,meta_train_support,0,MARGO-SPLIT-v1,20,20,80,3,432,0.0,0.2,20,10,0.0005,0.0005,mrlco_first_order_mean_pseudogradient,fixed_literature_derived_defaults,,,,,,
601.2646478582791,0.0,0.0,0.0,0.0,0.0,0.005637961764088182,1.0745199918746948,publication,34.48843479156494,69.6216504573822,0.8749920517996305,0.9540870489746565,10000,0.08179967269724939,1.0870716329564,0.6265397637908608,56.82496338628655,432,0.9540870489746565,615.5785834114729,meta_train_support,0,MARGO-SPLIT-v1,20,20,80,3,433,0.0,0.2,20,10,0.0005,0.0005,mrlco_first_order_mean_pseudogradient,fixed_literature_derived_defaults,,,,,,
613.8348906450816,0.0,0.0,0.0,0.0,0.0,0.005806132552323218,1.0610861778259277,publication,35.45771598815918,69.7475848197937,0.8705073216318948,0.9507437476419984,10000,0.07016876903691596,1.0870716329564,0.7343568569868345,57.51858253829405,433,0.9507437476419984,614.9631979063361,meta_train_support,0,MARGO-SPLIT-v1,20,20,80,3,434,0.0,0.2,20,10,0.0005,0.0005,mrlco_first_order_mean_pseudogradient,fixed_literature_derived_defaults,,,,,,
619.8004474837303,0.0,0.0,0.0,0.0,0.0,0.00603875327585687,1.0735070705413818,publication,35.28496432304382,68.99113583564758,0.8716509721858571,0.9518598846421652,10000,0.0767051574618424,1.1035767700017376,0.6795300133984912,58.77527161383204,434,0.9518598846421652,624.978801973377,meta_train_support,0,MARGO-SPLIT-v1,20,20,80,3,435,0.0,0.2,20,10,0.0005,0.0005,mrlco_first_order_mean_pseudogradient,fixed_literature_derived_defaults,,,,,,
598.6090074972834,0.0,0.0,0.0,0.0,0.0,0.005984908726725787,1.0346182584762573,publication,35.86417198181152,68.35440301895142,0.8694254153015263,0.9470279903294879,10000,0.07708097115033495,1.0611380621433417,0.6416629780139997,59.27016497666942,435,0.9470279903294879,629.2686813234724,meta_train_support,0,MARGO-SPLIT-v1,20,20,80,3,436,0.0,0.2,20,10,0.0005,0.0005,mrlco_first_order_mean_pseudogradient,fixed_literature_derived_defaults,,,,,,
620.6578732235637,0.0,0.0,0.0,0.0,0.0,0.007015209137515361,1.0709017515182495,publication,35.7980260848999,69.63870334625244,0.8625400282510552,0.9400908110738732,10000,0.0871690782208951,1.0822258512803418,0.6369821344245961,63.160369211055375,436,0.9400908110738732,662.7961778240558,meta_train_support,0,MARGO-SPLIT-v1,20,20,80,3,437,0.0,0.2,20,10,0.0005,0.0005,mrlco_first_order_mean_pseudogradient,fixed_literature_derived_defaults,,,,,,
632.6059054460934,0.0,0.0,0.0,0.0,0.0,0.008282591356444704,1.0574315786361694,publication,35.43418550491333,69.84182405471802,0.8450914355443583,0.9224176212479211,10000,0.09300780840486192,1.0941469446163417,0.6540185809193619,68.26178240716345,437,0.9224176212479211,715.8008873742403,meta_train_support,0,MARGO-SPLIT-v1,20,20,80,3,438,0.0,0.2,20,10,0.0005,0.0005,mrlco_first_order_mean_pseudogradient,fixed_literature_derived_defaults,,,,,,
636.1951297653878,0.0,0.0,0.0,0.0,0.0,0.007789466360239746,1.0623399019241333,publication,32.87283897399902,70.1840341091156,0.8603261271744265,0.9382287282946143,10000,0.08445815506821285,1.0896422730966202,0.647538858442533,65.82857390210894,438,0.9382287282946143,686.5227340375956,meta_train_support,0,MARGO-SPLIT-v1,20,20,80,3,439,0.0,0.2,20,10,0.0005,0.0005,mrlco_first_order_mean_pseudogradient,fixed_literature_derived_defaults,,,,,,
616.3125407295909,0.0,0.0,0.0,0.0,0.0,0.007237029368191395,1.0000890493392944,publication,34.26083445549011,69.36003279685974,0.8631729774859523,0.9406438459339844,10000,0.08589312329063886,1.0941469446163417,0.6117836918250947,61.38779681867774,439,0.9406438459339844,647.2219573512826,meta_train_support,0,MARGO-SPLIT-v1,20,20,80,3,440,0.0,0.2,20,10,0.0005,0.0005,mrlco_first_order_mean_pseudogradient,fixed_literature_derived_defaults,,,,,,
614.9222967407226,0.0,0.0,0.0,0.0,0.0,0.006109976791057576,0.997479259967804,publication,34.435779094696045,69.20759510993958,0.8721274871827059,0.952538016295032,10000,0.06921924694196992,1.0941469446163417,0.7051194603307479,56.675996872955594,440,0.952538016295032,621.5870131562192,meta_train_support,0,MARGO-SPLIT-v1,20,20,80,3,441,0.0,0.2,20,10,0.0005,0.0005,mrlco_first_order_mean_pseudogradient,fixed_literature_derived_defaults,,,,,,
617.9195221655029,0.0,0.0,0.0,0.0,0.0,0.0053993725233087994,0.9995774030685425,publication,35.11190629005432,69.17666101455688,0.8673104630584707,0.9459076940095119,10000,0.08215583002017156,1.083719008968831,0.6778533884465806,58.932053606337725,441,0.9459076940095119,637.5157887057344,meta_train_support,0,MARGO-SPLIT-v1,20,20,80,3,442,0.0,0.2,20,10,0.0005,0.0005,mrlco_first_order_mean_pseudogradient,fixed_literature_derived_defaults,,,,,,
603.5581862851144,0.0,0.0,0.0,0.0,0.0,0.004821889368918046,1.007325530052185,publication,32.50185704231262,68.4370665550232,0.8715107757151014,0.9513136771848749,10000,0.08250934851446157,1.0717410814012962,0.6647508871233685,53.98630287827002,442,0.9513136771848749,608.2310467846025,meta_train_support,0,MARGO-SPLIT-v1,20,20,80,3,443,0.0,0.2,20,10,0.0005,0.0005,mrlco_first_order_mean_pseudogradient,fixed_literature_derived_defaults,,,,,,
600.595319866739,0.0,0.0,0.0,0.0,0.0,0.004380851963727248,1.0421680212020874,publication,34.04083323478699,69.75852370262146,0.8832217763414834,0.964258955459233,10000,0.08756758466641658,1.0941469446163417,0.6481961604492424,52.5371142146487,443,0.964258955459233,586.8998030575915,meta_train_support,0,MARGO-SPLIT-v1,20,20,80,3,444,0.0,0.2,20,10,0.0005,0.0005,mrlco_first_order_mean_pseudogradient,fixed_literature_derived_defaults,,,,,,
632.2710512981549,0.0,0.0,0.0,0.0,0.0,0.004903965636896777,1.0507640838623047,publication,35.49439740180969,71.15960955619812,0.8550615780509213,0.9335926012929833,10000,0.09162192456327985,1.0733201117294189,0.6265397637908608,63.56557607716925,444,0.9335926012929833,678.3632346756867,meta_train_support,0,MARGO-SPLIT-v1,20,20,80,3,445,0.0,0.2,20,10,0.0005,0.0005,mrlco_first_order_mean_pseudogradient,fixed_literature_derived_defaults,,,,,,
608.5181118908336,0.0,0.0,0.0,0.0,0.0,0.004183718269798599,1.0328840017318726,publication,35.13965940475464,69.44200134277344,0.8767368894709876,0.9556879808986561,10000,0.07277363292782073,1.1035767700017376,0.6862792048398252,56.705011502800104,445,0.9556879808986561,614.2371178327737,meta_train_support,0,MARGO-SPLIT-v1,20,20,80,3,446,0.0,0.2,20,10,0.0005,0.0005,mrlco_first_order_mean_pseudogradient,fixed_literature_derived_defaults,,,,,,
607.6309704061918,0.0,0.0,0.0,0.0,0.0,0.00418171882131445,1.0383780002593994,publication,35.32010555267334,68.89700746536255,0.8791473514913061,0.9582299822070885,10000,0.07518597409093318,1.0896422730966202,0.6811627781208542,55.695240336626604,446,0.9582299822070885,607.7923793622399,meta_train_support,0,MARGO-SPLIT-v1,20,20,80,3,447,0.0,0.2,20,10,0.0005,0.0005,mrlco_first_order_mean_pseudogradient,fixed_literature_derived_defaults,,,,,,
605.80705484066,0.0,0.0,0.0,0.0,0.0,0.004194694584721517,1.0368757247924805,publication,34.35568690299988,70.90209150314331,0.8759942117465336,0.9553346718312352,10000,0.0856817072571643,1.0896422730966202,0.6351502044532441,56.784604649971065,447,0.9553346718312352,613.1691898629188,meta_train_support,0,MARGO-SPLIT-v1,20,20,80,3,448,0.0,0.2,20,10,0.0005,0.0005,mrlco_first_order_mean_pseudogradient,fixed_literature_derived_defaults,,,,,,
625.15959740636,0.0,0.0,0.0,0.0,0.0,0.004697258745539116,0.9999561905860901,publication,35.246021032333374,70.7502954006195,0.8584349528006722,0.936017580611168,10000,0.09038422260855138,1.0811467714495175,0.6369821344245961,61.501892044331704,448,0.936017580611168,654.3977501836326,meta_train_support,0,MARGO-SPLIT-v1,20,20,80,3,449,0.0,0.2,20,10,0.0005,0.0005,mrlco_first_order_mean_pseudogradient,fixed_literature_derived_defaults,,,,,,
629.7533259275301,0.0,0.0,0.0,0.0,0.0,0.004779618615099393,0.977092444896698,publication,34.84561634063721,70.16840553283691,0.8482563863184372,0.9254970969150674,10000,0.09321079943366595,1.0717410814012962,0.6423576043818772,67.43978757307707,449,0.9254970969150674,702.139550837251,meta_train_support,0,MARGO-SPLIT-v1,20,20,80,3,450,0.0,0.2,20,10,0.0005,0.0005,mrlco_first_order_mean_pseudogradient,fixed_literature_derived_defaults,,,,,,
610.0827842154912,0.0,0.0,0.0,0.0,0.0,0.004340903351902057,0.9708396792411804,publication,34.90387773513794,70.18822073936462,0.8698048620905261,0.949827649620686,10000,0.09340174115513365,1.083719008968831,0.6142347859356689,58.52143981798407,450,0.949827649620686,623.6158609374891,meta_train_support,0,MARGO-SPLIT-v1,20,20,80,3,451,0.0,0.2,20,10,0.0005,0.0005,mrlco_first_order_mean_pseudogradient,fixed_literature_derived_defaults,0.9545556003831415,0.9541103132189667,630.2837913629983,630.0026902948106,validation_query_composite_objective,1
600.9337794532368,0.0,0.0,0.0,0.0,0.0,0.004537761050236604,0.9321302771568298,publication,35.171781063079834,67.72866630554199,0.8665429291552901,0.9443199538949218,10000,0.08674706531678122,1.0787125489450702,0.6616189775215222,59.720370665564026,451,0.9443199538949218,627.802617289129,meta_train_support,0,MARGO-SPLIT-v1,20,20,80,3,452,0.0,0.2,20,10,0.0005,0.0005,mrlco_first_order_mean_pseudogradient,fixed_literature_derived_defaults,,,,,,
624.0215887466567,0.0,0.0,0.0,0.0,0.0,0.0054064374130310955,0.9872303605079651,publication,31.715147733688354,69.75129914283752,0.861327541110978,0.9388053143897707,10000,0.09476306635879646,1.0870716329564,0.529032162706294,64.74961205392408,452,0.9388053143897707,663.6925847722326,meta_train_support,0,MARGO-SPLIT-v1,20,20,80,3,453,0.0,0.2,20,10,0.0005,0.0005,mrlco_first_order_mean_pseudogradient,fixed_literature_derived_defaults,,,,,,
625.3546523347446,0.0,0.0,0.0,0.0,0.0,0.005854088748789445,0.9270679354667664,publication,33.16726493835449,70.60386109352112,0.85158037338989,0.9290498528845034,10000,0.08483016747960367,1.04919841310611,0.5812818924227732,66.07941141751574,453,0.9290498528845034,672.7627704245555,meta_train_support,0,MARGO-SPLIT-v1,20,20,80,3,454,0.0,0.2,20,10,0.0005,0.0005,mrlco_first_order_mean_pseudogradient,fixed_literature_derived_defaults,,,,,,
624.0196808297567,0.0,0.0,0.0,0.0,0.0,0.007590515699435451,0.9822534322738647,publication,33.174694538116455,70.64914321899414,0.8438477775196208,0.9198095636031971,10000,0.09485701967295374,1.083719008968831,0.4666372984219369,71.52718815722214,454,0.9198095636031971,715.6081432037597,meta_train_support,0,MARGO-SPLIT-v1,20,20,80,3,455,0.0,0.2,20,10,0.0005,0.0005,mrlco_first_order_mean_pseudogradient,fixed_literature_derived_defaults,,,,,,
591.8401055694716,0.0,0.0,0.0,0.0,0.0,0.005437417715161157,0.9866746068000793,publication,32.517993450164795,68.13950848579407,0.8927294432745666,0.9739670526710117,10000,0.07545273399171079,1.0896422730966202,0.5772990359740248,53.67172742162427,455,0.9739670526710117,540.0909129270485,meta_train_support,0,MARGO-SPLIT-v1,20,20,80,3,456,0.0,0.2,20,10,0.0005,0.0005,mrlco_first_order_mean_pseudogradient,fixed_literature_derived_defaults,,,,,,
612.756550248868,0.0,0.0,0.0,0.0,0.0,0.007800078619289036,0.963313102722168,publication,33.78892540931702,69.30254673957825,0.865262079723076,0.944236179596672,10000,0.0847294064473386,1.0715482848323281,0.6387511416667657,61.45610931471715,456,0.944236179596672,645.3062705296966,meta_train_support,0,MARGO-SPLIT-v1,20,20,80,3,457,0.0,0.2,20,10,0.0005,0.0005,mrlco_first_order_mean_pseudogradient,fixed_literature_derived_defaults,,,,,,
610.6675652176584,0.0,0.0,0.0,0.0,0.0,0.007606567103954498,0.9483711123466492,publication,32.16643667221069,67.97828078269958,0.8677021938057989,0.945903435611571,10000,0.07877774907520972,1.1035767700017376,0.6098356650505865,63.8913112710319,457,0.945903435611571,632.3865470296832,meta_train_support,0,MARGO-SPLIT-v1,20,20,80,3,458,0.0,0.2,20,10,0.0005,0.0005,mrlco_first_order_mean_pseudogradient,fixed_literature_derived_defaults,,,,,,
615.4623802330426,0.0,0.0,0.0,0.0,0.0,0.00955777612056574,0.9543946385383606,publication,28.365733861923218,67.84256792068481,0.864668200469904,0.9420566405975241,10000,0.0868490038783166,1.0812783929932934,0.6554699946415694,64.16673926462201,458,0.942056640597524,642.030181216522,meta_train_support,0,MARGO-SPLIT-v1,20,20,80,3,459,0.0,0.2,20,10,0.0005,0.0005,mrlco_first_order_mean_pseudogradient,fixed_literature_derived_defaults,,,,,,
589.6501998666628,0.0,0.0,0.0,0.0,0.0,0.008505187432321999,0.9784332513809204,publication,31.017354011535645,67.16101908683777,0.8837142892698235,0.9616543319708304,10000,0.07603011861340331,1.0777463278934072,0.6048533977526528,55.45178171147157,459,0.9616543319708304,578.6234560958944,meta_train_support,0,MARGO-SPLIT-v1,20,20,80,3,460,0.0,0.2,20,10,0.0005,0.0005,mrlco_first_order_mean_pseudogradient,fixed_literature_derived_defaults,,,,,,
612.3779578883443,0.0,0.0,0.0,0.0,0.0,0.012101937217764293,0.9639248847961426,publication,28.535051822662354,68.19336938858032,0.8612641576873368,0.9383096443426632,10000,0.09076686355526123,1.0812783929932934,0.6255785338453406,62.918829736185515,460,0.9383096443426632,646.2491472044577,meta_train_support,0,MARGO-SPLIT-v1,20,20,80,3,461,0.0,0.2,20,10,0.0005,0.0005,mrlco_first_order_mean_pseudogradient,fixed_literature_derived_defaults,,,,,,
596.8313481686728,0.0,0.0,0.0,0.0,0.0,0.010741051963580352,0.9881131052970886,publication,32.62929844856262,69.69603657722473,0.8806587185052996,0.961188286829113,10000,0.08465114787325506,1.083719008968831,0.6230306364502375,57.26174953850801,461,0.961188286829113,577.0832847618851,meta_train_support,0,MARGO-SPLIT-v1,20,20,80,3,462,0.0,0.2,20,10,0.0005,0.0005,mrlco_first_order_mean_pseudogradient,fixed_literature_derived_defaults,,,,,,
618.1338530912127,0.0,0.0,0.0,0.0,0.0,0.013393132922832892,0.9588608741760254,publication,35.2938346862793,70.68249082565308,0.8662986245425933,0.9443388417083359,10000,0.0784935455686414,1.083719008968831,0.6210409885801639,61.42049702653547,462,0.9443388417083359,642.3017153393487,meta_train_support,0,MARGO-SPLIT-v1,20,20,80,3,463,0.0,0.2,20,10,0.0005,0.0005,mrlco_first_order_mean_pseudogradient,fixed_literature_derived_defaults,,,,,,
609.0469370770045,0.0,0.0,0.0,0.0,0.0,0.013834235371383967,0.9661228060722351,publication,33.9867000579834,71.23056650161743,0.8741730992264387,0.9539932733756277,10000,0.0889277577533457,1.0811467714495175,0.5749034451963548,60.78177960434561,463,0.9539932733756277,621.9006463849489,meta_train_support,0,MARGO-SPLIT-v1,20,20,80,3,464,0.0,0.2,20,10,0.0005,0.0005,mrlco_first_order_mean_pseudogradient,fixed_literature_derived_defaults,,,,,,
617.6815698257448,0.0,0.0,0.0,0.0,0.0,0.01351832464863911,0.9599887728691101,publication,34.676756143569946,69.47010588645935,0.8692007725587879,0.9485032981473565,10000,0.08411382097141527,1.0896422730966202,0.57510495778391,61.95137888568132,464,0.9485032981473565,629.1268063420868,meta_train_support,0,MARGO-SPLIT-v1,20,20,80,3,465,0.0,0.2,20,10,0.0005,0.0005,mrlco_first_order_mean_pseudogradient,fixed_literature_derived_defaults,,,,,,
625.7077315766744,0.0,0.0,0.0,0.0,0.0,0.015577831425977124,0.9463700652122498,publication,33.127838373184204,69.75733757019043,0.8559649645499127,0.9327765658117285,10000,0.09761004797923668,1.0941469446163417,0.5907101393427295,74.31986428605951,465,0.9327765658117285,673.629161147232,meta_train_support,0,MARGO-SPLIT-v1,20,20,80,3,466,0.0,0.2,20,10,0.0005,0.0005,mrlco_first_order_mean_pseudogradient,fixed_literature_derived_defaults,,,,,,
619.5631701315472,0.0,0.0,0.0,0.0,0.0,0.014264940478095636,0.9372573494911194,publication,33.5041937828064,68.80430173873901,0.866232572831985,0.944639315334522,10000,0.08818486854141394,1.0647155336633405,0.6068961506221852,66.96862122146851,466,0.944639315334522,620.0166707920442,meta_train_support,0,MARGO-SPLIT-v1,20,20,80,3,467,0.0,0.2,20,10,0.0005,0.0005,mrlco_first_order_mean_pseudogradient,fixed_literature_derived_defaults,,,,,,
596.7425970677784,0.0,0.0,0.0,0.0,0.0,0.014410082259082527,0.9736051559448242,publication,34.47310471534729,68.51291370391846,0.86506485358845,0.9423613190947019,10000,0.09142989150353802,1.0941469446163417,0.57510495778391,66.66640499378254,467,0.9423613190947019,625.3974345822879,meta_train_support,0,MARGO-SPLIT-v1,20,20,80,3,468,0.0,0.2,20,10,0.0005,0.0005,mrlco_first_order_mean_pseudogradient,fixed_literature_derived_defaults,,,,,,
620.7630264113835,0.0,0.0,0.0,0.0,0.0,0.017783722707634866,0.986362874507904,publication,34.908716678619385,70.84598016738892,0.8639240653211852,0.9432732077426185,10000,0.09142872374134987,1.1035767700017376,0.6047006936139008,67.93826333822888,468,0.9432732077426185,633.3193178500462,meta_train_support,0,MARGO-SPLIT-v1,20,20,80,3,469,0.0,0.2,20,10,0.0005,0.0005,mrlco_first_order_mean_pseudogradient,fixed_literature_derived_defaults,,,,,,
624.869977635983,0.0,0.0,0.0,0.0,0.0,0.021502064051061753,0.9732407331466675,publication,31.38269853591919,68.83311367034912,0.8529602945467848,0.9307103399394089,10000,0.09340687241685985,1.0700036746145594,0.6147460541309389,78.27467870388456,469,0.9307103399394089,654.6300941494138,meta_train_support,0,MARGO-SPLIT-v1,20,20,80,3,470,0.0,0.2,20,10,0.0005,0.0005,mrlco_first_order_mean_pseudogradient,fixed_literature_derived_defaults,,,,,,
607.6697230015074,0.0,0.0,0.0,0.0,0.0,0.019580685488596105,0.9982506632804871,publication,34.18408012390137,69.4051444530487,0.8804130379610866,0.9602488219405126,10000,0.07508241004029537,1.0787125489450702,0.6754094645239364,58.8431339546578,470,0.9602488219405126,587.6033529754611,meta_train_support,0,MARGO-SPLIT-v1,20,20,80,3,471,0.0,0.2,20,10,0.0005,0.0005,mrlco_first_order_mean_pseudogradient,fixed_literature_derived_defaults,,,,,,
614.8509380530357,0.0,0.0,0.0,0.0,0.0,0.024799604784974026,0.9951080679893494,publication,34.71466660499573,70.67343616485596,0.8559564197065107,0.9339794059859036,10000,0.09985101143594823,1.0787125489450702,0.2668023272662037,86.15125650658018,471,0.9339794059859036,634.687525404095,meta_train_support,0,MARGO-SPLIT-v1,20,20,80,3,472,0.0,0.2,20,10,0.0005,0.0005,mrlco_first_order_mean_pseudogradient,fixed_literature_derived_defaults,,,,,,
621.3262974441392,0.0,0.0,0.0,0.0,0.0,0.029163897209005345,0.964830219745636,publication,33.74734830856323,71.43442869186401,0.8608468731609838,0.9402100143333748,10000,0.08594356699002528,1.0812783929932934,0.1752216604045913,83.8117388366896,472,0.9402100143333748,643.249138305649,meta_train_support,0,MARGO-SPLIT-v1,20,20,80,3,473,0.0,0.2,20,10,0.0005,0.0005,mrlco_first_order_mean_pseudogradient,fixed_literature_derived_defaults,,,,,,
623.8281067396027,0.0,0.0,0.0,0.0,0.0,0.034394648732317866,0.9956015944480896,publication,32.92116975784302,69.71691274642944,0.8626339918929974,0.9421596058348648,10000,0.08483033344304436,1.0870716329564,0.48710002640791883,78.34462616184551,473,0.9421596058348648,646.1215916803632,meta_train_support,0,MARGO-SPLIT-v1,20,20,80,3,474,0.0,0.2,20,10,0.0005,0.0005,mrlco_first_order_mean_pseudogradient,fixed_literature_derived_defaults,,,,,,
602.677842402431,0.0,0.0,0.0,0.0,0.0,0.0265197479760483,0.9835406541824341,publication,34.317981481552124,68.80667495727539,0.8839554644156826,0.9641317953362959,10000,0.06982887975923319,1.0811467714495175,0.6417330531807528,57.69592137407558,474,0.9641317953362959,573.5223731897327,meta_train_support,0,MARGO-SPLIT-v1,20,20,80,3,475,0.0,0.2,20,10,0.0005,0.0005,mrlco_first_order_mean_pseudogradient,fixed_literature_derived_defaults,,,,,,
623.104246771758,0.0,0.0,0.0,0.0,0.0,0.028094113833557317,0.9685708284378052,publication,35.43450665473938,70.51983642578125,0.8591827514896039,0.9356935691477279,10000,0.098092566665099,1.083719008968831,0.43389353603716807,80.37145780462411,475,0.9356935691477279,654.062912966581,meta_train_support,0,MARGO-SPLIT-v1,20,20,80,3,476,0.0,0.2,20,10,0.0005,0.0005,mrlco_first_order_mean_pseudogradient,fixed_literature_derived_defaults,,,,,,
577.2287370377812,0.0,0.0,0.0,0.0,0.0,0.016333163212764113,0.9772984385490417,publication,32.573474645614624,66.25062537193298,0.9000517263165979,0.9818699384653137,10000,0.05402617616408842,1.086579404115751,0.7078656595178774,48.3805799217241,476,0.9818699384653137,514.5127184701852,meta_train_support,0,MARGO-SPLIT-v1,20,20,80,3,477,0.0,0.2,20,10,0.0005,0.0005,mrlco_first_order_mean_pseudogradient,fixed_literature_derived_defaults,,,,,,
608.0862895344188,0.0,0.0,0.0,0.0,0.0,0.017668098936246615,0.9719722270965576,publication,34.99840497970581,69.50160098075867,0.8550079884428317,0.9317273622790699,10000,0.10650662770740604,1.070076978048335,0.18754176549314594,106.26006551932814,477,0.9317273622790699,628.9172197755133,meta_train_support,0,MARGO-SPLIT-v1,20,20,80,3,478,0.0,0.2,20,10,0.0005,0.0005,mrlco_first_order_mean_pseudogradient,fixed_literature_derived_defaults,,,,,,
614.9384192369051,0.0,0.0,0.0,0.0,0.0,0.01738542665759181,0.9836916327476501,publication,34.08440971374512,69.6333966255188,0.8594437953130306,0.9387171310460524,10000,0.10279795657459986,1.0896422730966202,0.2953131933904348,85.98999781745465,478,0.9387171310460524,644.5929343767058,meta_train_support,0,MARGO-SPLIT-v1,20,20,80,3,479,0.0,0.2,20,10,0.0005,0.0005,mrlco_first_order_mean_pseudogradient,fixed_literature_derived_defaults,,,,,,
588.6686478263175,0.0,0.0,0.0,0.0,0.0,0.013512003590464342,0.9976902604103088,publication,34.87694597244263,68.83801746368408,0.8947381150273886,0.9764474869519748,10000,0.06335265714362193,1.0941469446163417,0.3557297685971541,56.6882739973478,479,0.9764474869519748,525.5606183314119,meta_train_support,0,MARGO-SPLIT-v1,20,20,80,3,480,0.0,0.2,20,10,0.0005,0.0005,mrlco_first_order_mean_pseudogradient,fixed_literature_derived_defaults,,,,,,
606.957952045795,0.0,0.0,0.0,0.0,0.0,0.017207787614374682,1.0136257410049438,publication,30.82019567489624,68.3982789516449,0.8723587916693394,0.9516456244004537,10000,0.08800763972855925,1.0941469446163417,0.3656467513090882,68.59925774198832,480,0.9516456244004537,596.1695772521306,meta_train_support,0,MARGO-SPLIT-v1,20,20,80,3,481,0.0,0.2,20,10,0.0005,0.0005,mrlco_first_order_mean_pseudogradient,fixed_literature_derived_defaults,,,,,,
603.4818285108838,0.0,0.0,0.0,0.0,0.0,0.018384517918456925,1.004044532775879,publication,34.24397373199463,69.34905767440796,0.8621400672736199,0.9415765284461662,10000,0.0802850370849996,1.083719008968831,0.30245258627798477,92.82028291078181,481,0.9415765284461662,631.1333314110469,meta_train_support,0,MARGO-SPLIT-v1,20,20,80,3,482,0.0,0.2,20,10,0.0005,0.0005,mrlco_first_order_mean_pseudogradient,fixed_literature_derived_defaults,,,,,,
622.6155974401883,0.0,0.0,0.0,0.0,0.0,0.022280814899059243,1.0084354877471924,publication,33.17560434341431,69.02802038192749,0.8437067330643345,0.9200195380727649,10000,0.09180500251163133,1.083719008968831,0.5256350047156019,94.96741417720104,482,0.9200195380727652,693.9383122064795,meta_train_support,0,MARGO-SPLIT-v1,20,20,80,3,483,0.0,0.2,20,10,0.0005,0.0005,mrlco_first_order_mean_pseudogradient,fixed_literature_derived_defaults,,,,,,
608.2325063618932,0.0,0.0,0.0,0.0,0.0,0.018258168020345182,1.009628415107727,publication,32.711100816726685,70.47186303138733,0.8547500214271162,0.9333896276435125,10000,0.08617415943364765,1.086579404115751,0.45277924987755336,102.68627070060337,483,0.9333896276435127,636.7737448120416,meta_train_support,0,MARGO-SPLIT-v1,20,20,80,3,484,0.0,0.2,20,10,0.0005,0.0005,mrlco_first_order_mean_pseudogradient,fixed_literature_derived_defaults,,,,,,
600.9920216348104,0.0,0.0,0.0,0.0,0.0,0.01930362682628388,1.0065594911575317,publication,33.027369260787964,69.25888538360596,0.8620339183956341,0.9419765640245239,10000,0.08623050332439632,1.0941469446163417,0.4642171697633092,94.37716413701253,484,0.9419765640245239,616.1052766220242,meta_train_support,0,MARGO-SPLIT-v1,20,20,80,3,485,0.0,0.2,20,10,0.0005,0.0005,mrlco_first_order_mean_pseudogradient,fixed_literature_derived_defaults,,,,,,
618.797796823992,0.0,0.0,0.0,0.0,0.0,0.026969171488663696,1.0318278074264526,publication,35.03556489944458,69.96754360198975,0.8409048620861664,0.9162304369792158,10000,0.09867793799182689,1.1035767700017376,0.009973491060823791,111.68416762955523,485,0.9162304369792158,672.5284036176477,meta_train_support,0,MARGO-SPLIT-v1,20,20,80,3,486,0.0,0.2,20,10,0.0005,0.0005,mrlco_first_order_mean_pseudogradient,fixed_literature_derived_defaults,,,,,,
596.8357284372058,0.0,0.0,0.0,0.0,0.0,0.030681929915217853,1.025870442390442,publication,33.95817732810974,68.02688837051392,0.856262311282958,0.9339868887396995,10000,0.09078237440925013,1.0717410814012962,0.4326770982681942,104.67479726846695,486,0.9339868887396995,606.9732551482459,meta_train_support,0,MARGO-SPLIT-v1,20,20,80,3,487,0.0,0.2,20,10,0.0005,0.0005,mrlco_first_order_mean_pseudogradient,fixed_literature_derived_defaults,,,,,,
614.8509380530357,0.0,0.0,0.0,0.0,0.0,0.047113004635710685,1.029765248298645,publication,33.21052289009094,69.61913824081421,0.8619514799469545,0.9408569407393912,10000,0.09162690771887863,1.0941469446163417,0.5131610777323553,69.44761151328872,487,0.9408569407393912,632.4415371667385,meta_train_support,0,MARGO-SPLIT-v1,20,20,80,3,488,0.0,0.2,20,10,0.0005,0.0005,mrlco_first_order_mean_pseudogradient,fixed_literature_derived_defaults,,,,,,
627.8572943109921,0.0,0.0,0.0,0.0,0.0,0.0520045565836859,1.034171223640442,publication,34.854917764663696,69.25050687789917,0.8426138414376226,0.9189270084759268,10000,0.08816843093674068,1.0896422730966202,0.5486550911835174,92.14379881357858,488,0.9189270084759268,707.2474229786791,meta_train_support,0,MARGO-SPLIT-v1,20,20,80,3,489,0.0,0.2,20,10,0.0005,0.0005,mrlco_first_order_mean_pseudogradient,fixed_literature_derived_defaults,,,,,,
644.9758365604945,0.0,0.0,0.0,0.0,0.0,0.05760562428692112,1.0251721143722534,publication,33.21977925300598,70.2746000289917,0.8224650454222938,0.8973405119723812,10000,0.1076032548214442,1.0700036746145594,0.3535123768496822,121.28555886322893,489,0.8973405119723812,743.6953664795643,meta_train_support,0,MARGO-SPLIT-v1,20,20,80,3,490,0.0,0.2,20,10,0.0005,0.0005,mrlco_first_order_mean_pseudogradient,fixed_literature_derived_defaults,,,,,,
605.2735970924923,0.0,0.0,0.0,0.0,0.0,0.04331512519099874,1.0446155071258545,publication,35.0211021900177,68.9297866821289,0.8648174347987726,0.9446420023371557,10000,0.08250316835724932,1.086579404115751,0.5243251690480797,87.02366681397477,490,0.9446420023371557,611.6987020691095,meta_train_support,0,MARGO-SPLIT-v1,20,20,80,3,491,0.0,0.2,20,10,0.0005,0.0005,mrlco_first_order_mean_pseudogradient,fixed_literature_derived_defaults,,,,,,
597.0888119582313,0.0,0.0,0.0,0.0,0.0,0.03779260077363726,1.0422885417938232,publication,33.90851593017578,68.16878199577332,0.8688016464666103,0.9477460057588756,10000,0.09196160514006853,1.0812783929932934,0.30878049684041,89.86346448284756,491,0.9477460057588756,603.5583349825329,meta_train_support,0,MARGO-SPLIT-v1,20,20,80,3,492,0.0,0.2,20,10,0.0005,0.0005,mrlco_first_order_mean_pseudogradient,fixed_literature_derived_defaults,,,,,,
602.8903870576721,0.0,0.0,0.0,0.0,0.0,0.037944457166673065,1.061097502708435,publication,33.05947518348694,70.11181879043579,0.8481414867965633,0.925655831036127,10000,0.09457877349567448,1.0717410814012962,0.5756728262630108,95.43545180075427,492,0.9256558310361268,668.6060922074986,meta_train_support,0,MARGO-SPLIT-v1,20,20,80,3,493,0.0,0.2,20,10,0.0005,0.0005,mrlco_first_order_mean_pseudogradient,fixed_literature_derived_defaults,,,,,,
615.8914753148078,0.0,0.0,0.0,0.0,0.0,0.035205738147727046,1.070706844329834,publication,34.19057822227478,69.77026629447937,0.850728159957907,0.9295760152088538,10000,0.09424168718943918,1.0822258512803418,0.31588342168154027,90.60294089690933,493,0.9295760152088538,664.7484767950031,meta_train_support,0,MARGO-SPLIT-v1,20,20,80,3,494,0.0,0.2,20,10,0.0005,0.0005,mrlco_first_order_mean_pseudogradient,fixed_literature_derived_defaults,,,,,,
618.1150002884455,0.0,0.0,0.0,0.0,0.0,0.026429498967054245,1.0774682760238647,publication,32.57936763763428,69.7633626461029,0.8468961260100003,0.9243813062507817,10000,0.09939426545692012,1.083719008968831,0.3340598873947791,115.84829920925708,494,0.9243813062507817,631.680114662428,meta_train_support,0,MARGO-SPLIT-v1,20,20,80,3,495,0.0,0.2,20,10,0.0005,0.0005,mrlco_first_order_mean_pseudogradient,fixed_literature_derived_defaults,,,,,,
615.0480955792291,0.0,0.0,0.0,0.0,0.0,0.024225174751301842,1.0700905323028564,publication,34.77721905708313,69.38105297088623,0.8571220793176592,0.9368519229252257,10000,0.09254562534573763,1.086579404115751,0.5151392677083627,95.31078010870411,495,0.9368519229252257,618.9493420784188,meta_train_support,0,MARGO-SPLIT-v1,20,20,80,3,496,0.0,0.2,20,10,0.0005,0.0005,mrlco_first_order_mean_pseudogradient,fixed_literature_derived_defaults,,,,,,
635.1167893691744,0.0,0.0,0.0,0.0,0.0,0.025462847621027348,1.0845524072647095,publication,34.37726545333862,69.72479939460754,0.8399641619960739,0.915448557864679,10000,0.09706033596028561,1.0896422730966202,0.29416478658111167,100.28149401906175,496,0.915448557864679,695.3730199274553,meta_train_support,0,MARGO-SPLIT-v1,20,20,80,3,497,0.0,0.2,20,10,0.0005,0.0005,mrlco_first_order_mean_pseudogradient,fixed_literature_derived_defaults,,,,,,
597.8222073810168,0.0,0.0,0.0,0.0,0.0,0.01990034485415176,1.0498642921447754,publication,34.39050817489624,71.04872608184814,0.8725736717630023,0.9533461306809226,10000,0.09790966651587202,1.0941469446163417,0.1439437215954038,90.26968432580131,497,0.9533461306809226,575.0987231758512,meta_train_support,0,MARGO-SPLIT-v1,20,20,80,3,498,0.0,0.2,20,10,0.0005,0.0005,mrlco_first_order_mean_pseudogradient,fixed_literature_derived_defaults,,,,,,
638.1615172601836,0.0,0.0,0.0,0.0,0.0,0.021171306069113445,1.0228755474090576,publication,34.265459060668945,71.02961874008179,0.8184380921635112,0.8922749480235338,10000,0.09949180788958559,1.0637840802959966,0.30405700714953077,138.3732188184719,498,0.8922749480235338,736.5405545825577,meta_train_support,0,MARGO-SPLIT-v1,20,20,80,3,499,0.0,0.2,20,10,0.0005,0.0005,mrlco_first_order_mean_pseudogradient,fixed_literature_derived_defaults,,,,,,
591.781489815562,0.0,0.0,0.0,0.0,0.0,0.017736211441997187,1.0299123525619507,publication,31.954893589019775,67.05916380882263,0.8753484824599235,0.954107084763756,10000,0.07782890954173875,1.0941469446163417,0.6033929082943458,74.53220328923639,499,0.954107084763756,594.6000268350712,meta_train_support,0,MARGO-SPLIT-v1,20,20,80,3,500,0.0,0.2,20,10,0.0005,0.0005,mrlco_first_order_mean_pseudogradient,fixed_literature_derived_defaults,,,,,,
