"Average greedy latency,",action_fraction/local,action_fraction/mec,action_fraction/v2v,policy/policy_loss_mean,policy/value_loss_mean,policy/approx_kl,policy/clip_fraction,policy/grad_norm,collapse/flag,mask/active_rate,mask/forced_rate,mask/all_invalid_rate,policy/invalid_action_rate,policy/argmax_masked_rate,policy/entropy_valid,critic/value_abs_max,inner_update_mode,PolicyExecTime,EnvExecTime,AverageDiscountedReturn,AverageReturn,NumTrajs,StdReturn,MaxReturn,MinReturn,training/objective_discounted_return,training/objective_legacy_undiscounted_sum,"Average energy,",energy/average_energy_scope,energy/requester_joules,energy/mobile_joules,energy/system_joules,energy/primary_joules,energy/primary_scope,constraint/penalty,Itr,"Average reward, ","Average latency,",split_role,seed,split_version,support_graphs_per_meta_task,support_trajectories_per_meta_task,query_graph_count,k_steps,outer_update_count,entropy_coefficient,value_clip_epsilon,ppo_batch_size_trajectories,meta_batch_size_distributions,inner_learning_rate,outer_learning_rate,outer_update_method,hyperparameter_provenance.policy,constraint/mean_violation_C_GRAPH_HARD_DEADLINE,constraint/delta_C_GRAPH_HARD_DEADLINE,constraint/mean_violation_C_HI_TASK_TARDINESS,constraint/delta_C_HI_TASK_TARDINESS,constraint/mean_violation_C_MED_TASK_TARDINESS,constraint/delta_C_MED_TASK_TARDINESS,constraint/updates,constraint/skipped,constraint/lambda_C_GRAPH_HARD_DEADLINE,constraint/lambda_C_HI_TASK_TARDINESS,constraint/lambda_C_MED_TASK_TARDINESS,validation/objective_discounted_return_k0,validation/objective_discounted_return_k3,validation/query_mean_latency_seconds_k3,validation/graph_hard_violation_rate_k3,validation/high_task_tardiness_rate_k3,validation/medium_task_tardiness_rate_k3,validation/firm_task_miss_rate_k3,validation/mode_switch_rate_k3,validation/hi_mode_rate_k3,validation/mc_policy_violation_count_k3,checkpoint_selection_metric,checkpoint_selection_rule_id,checkpoint_selection_rule_sha,checkpoint_selection_key_hash,checkpoint_selection_latency_s,checkpoint_is_best_val
0.058132107712239825,0.37425,0.36075,0.265,0.04535593092441559,0.1418219953775406,0.08579055201262234,0.5175000021855036,1.5978788554668426,0.0,0.0,0.0,0.0,0.0,0.0,1.0842207602650256,0.20898902416229248,publication,0.6381192207336426,4.654329776763916,0.3551221838240694,0.4042999740752248,200,0.5536730005855848,2.2338841492310166,-0.1464016204699874,0.35512218382406935,0.4042999715660699,167.62045292139052,mobile,0.08128048926916571,0.5774793418393078,8.381022721118168,8.381022721118168,system,0.0,0,0.4042999715660699,0.19517344786385493,meta_train_support,3,MARGO-SPLIT-v1,20,20,80,3,1,0.0,0.2,20,10,0.0005,0.0005,mrlco_first_order_mean_pseudogradient,fixed_literature_derived_defaults,0.03946234002454938,0.001973117001227469,0.29306624594852687,0.014653312297426344,0.01750769569120085,0.0008753847845600426,3.0,0.0,0.001973117001227469,0.014653312297426344,0.0008753847845600426,-0.15796166486049618,-0.11797820516156446,0.11797820516156446,0.05,0.275,0.05,0.04625,0.975,0.975,0.0,validation/automotive_lexicographic_v1,automotive_lexicographic_v1,a3bd00d5108237acdb706f561212b5d840bac151f48b5250a61c573d9c9ffb6c,483312716.0,0.11797820516156446,1.0
0.06759311954239328,0.51075,0.36475,0.1245,0.044488172978162766,0.07316848635673523,0.07444643083338937,0.5151666671037674,1.378722848494848,0.0,0.0,0.0,0.0,0.0,0.0,0.973177875648641,0.5207881927490234,publication,0.6307888031005859,5.486483812332153,0.259915410130992,0.2968816585256457,200,0.4379953609813208,1.9331970983184874,-0.07172542216721922,0.259915410130992,0.29688165518222376,115.62846169948578,mobile,0.08324642361880137,0.3527916515939711,5.78142308501505,5.78142308501505,system,0.0,1,0.29688165518222376,0.23405633498687442,meta_train_support,3,MARGO-SPLIT-v1,20,20,80,3,2,0.0,0.2,20,10,0.0005,0.0005,mrlco_first_order_mean_pseudogradient,fixed_literature_derived_defaults,0.04455485693261516,0.0022277428466307586,0.29546520946975613,0.014773260473487806,0.009393423938847323,0.00046967119694236623,3.0,0.0,0.004200859847858228,0.02942657277091415,0.0013450559815024088,,,,,,,,,,,,,,,,
0.056647708030904353,0.459,0.47,0.071,0.030405288562178612,0.0931551456451416,0.0578685484205683,0.4366666654745738,1.2801099518934884,0.0,0.0,0.0,0.0,0.0,0.0,0.8827795510655071,0.4985973834991455,publication,0.6514208316802979,5.207293272018433,0.37967386227216365,0.4315445954165261,200,0.5838064547933072,1.950226567685604,-0.08876095048617572,0.3796738622721637,0.4315445977842319,272.6694567060471,mobile,0.09819447745128583,0.5980159962209993,13.633472590118272,13.633472590118272,system,0.0,2,0.4315445977842319,0.17851820001841096,meta_train_support,3,MARGO-SPLIT-v1,20,20,80,3,3,0.0,0.2,20,10,0.0005,0.0005,mrlco_first_order_mean_pseudogradient,fixed_literature_derived_defaults,0.03784177238487704,0.0018920886192438525,0.24807203352337473,0.01240360167616874,0.006559108313936233,0.0003279554156968116,3.0,0.0,0.00609294846710208,0.04183017444708289,0.0016730113971992204,,,,,,,,,,,,,,,,
0.0649645635974242,0.429,0.51825,0.05275,0.01621047966182232,0.051769789308309555,0.0421945922387143,0.49049999838074054,0.9832524185379347,0.0,0.0,0.0,0.0,0.0,0.0,0.8339156900362655,0.49069008231163025,publication,0.6178998947143555,3.643340826034546,0.22590929182364172,0.2582466189594561,200,0.40950449099672587,1.597033167257905,-0.48768087662756443,0.2259092918236417,0.25824662069324406,299.82589882850647,mobile,0.08833710315699472,0.14642929393565823,14.991294774874126,14.991294774874126,system,0.0,3,0.25824662069324406,0.14645455865705073,meta_train_support,3,MARGO-SPLIT-v1,20,20,80,3,4,0.0,0.2,20,10,0.0005,0.0005,mrlco_first_order_mean_pseudogradient,fixed_literature_derived_defaults,0.03283630814601012,0.0016418154073005063,0.22030452608443998,0.011015226304221998,0.007576418035430372,0.00037882090177151877,3.0,0.0,0.007734763874402586,0.05284540075130489,0.002051832298970739,,,,,,,,,,,,,,,,
0.057306866475846006,0.36875,0.596,0.03525,0.005939209833741188,0.09331294149160385,0.022330277219104272,0.23308333549648524,0.8348811373114586,0.0,0.0,0.0,0.0,0.0,0.0,0.7578015336344898,0.5055999159812927,publication,0.6673567295074463,5.500878095626831,0.43502314125248687,0.4924979567249511,200,0.5236200535980788,2.1951546208001673,-0.03857986064394936,0.43502314125248687,0.4924979583127424,499.2278344345093,mobile,0.09318984234171993,0.21240199151916703,24.9613916865167,24.9613916865167,system,0.0,4,0.4924979583127424,0.1400703079261636,meta_train_support,3,MARGO-SPLIT-v1,20,20,80,3,5,0.0,0.2,20,10,0.0005,0.0005,mrlco_first_order_mean_pseudogradient,fixed_literature_derived_defaults,0.02911386357730526,0.001455693178865263,0.206999911633568,0.010349995581678408,0.006966161282830804,0.00034830806414154003,3.0,0.0,0.00919045705326785,0.0631953963329833,0.0024001403631122792,,,,,,,,,,,,,,,,
0.05540076546536923,0.32775,0.6375,0.03475,-0.0006430780631490052,0.08501915633678436,0.017975105174506702,0.2129166659588615,0.666347927848498,0.0,0.0,0.0,0.0,0.0,0.0,0.7393308950825562,0.521234393119812,publication,0.6192924976348877,5.9953932762146,0.35430755121017116,0.40236573021169536,200,0.7260991547856279,2.7858075897675008,-0.009484063601121306,0.35430755121017116,0.4023657337576151,94.81066279411316,mobile,0.05688027743357405,0.09236102982807835,4.740533156194204,4.740533156194204,system,0.0,5,0.4023657337576151,0.12380827559666616,meta_train_support,3,MARGO-SPLIT-v1,20,20,80,3,6,0.0,0.2,20,10,0.0005,0.0005,mrlco_first_order_mean_pseudogradient,fixed_literature_derived_defaults,0.027587040335813797,0.001379352016790689,0.19451279286555184,0.009725639643277592,0.007151408513927212,0.00035757042569636074,3.0,0.0,0.010569809070058538,0.07292103597626089,0.00275771078880864,,,,,,,,,,,,,,,,
0.06849431763528044,0.3125,0.66225,0.02525,0.005407330114394426,0.07711610943078995,0.020316286478191614,0.1725833350637307,0.7092245876789094,0.0,0.0,0.0,0.0,0.0,0.0,0.676389696478624,0.5495666265487671,publication,0.6665019989013672,5.509942293167114,0.47803809431558475,0.5436009981266875,200,0.5281963449985545,2.052304512821138,-0.2058840561658144,0.4780380943155847,0.5436010002205148,423.15697404861453,mobile,0.09703049898479028,0.14632514282283782,21.157849363622326,21.157849363622326,system,0.0,6,0.5436010002205148,0.11038041907070831,meta_train_support,3,MARGO-SPLIT-v1,20,20,80,3,7,0.0,0.2,20,10,0.0005,0.0005,mrlco_first_order_mean_pseudogradient,fixed_literature_derived_defaults,0.02406180344920049,0.001203090172460024,0.1737038540608665,0.008685192703043326,0.0063738897874497545,0.00031869448937248785,3.0,0.0,0.011772899242518562,0.08160622867930421,0.003076405278181128,,,,,,,,,,,,,,,,
0.06817406220722945,0.265,0.7155,0.0195,-1.0613476661092136e-05,0.21165411174297333,0.010317253433944035,0.09400000010306636,0.7650537684559822,0.0,0.0,0.0,0.0,0.0,0.0,0.6033677396639995,0.6150180101394653,publication,0.6928689479827881,5.066254377365112,0.6289946484840049,0.711697015554164,200,0.7326994085674075,3.164985189214349,-0.003332392283482477,0.6289946484840048,0.7116970231966115,860.8003666210175,mobile,0.07407682385786601,0.15552986615122982,43.04001796808269,43.04001796808269,system,0.0,7,0.7116970231966115,0.1198305605484754,meta_train_support,3,MARGO-SPLIT-v1,20,20,80,3,8,0.0,0.2,20,10,0.0005,0.0005,mrlco_first_order_mean_pseudogradient,fixed_literature_derived_defaults,0.02248738915074719,0.0011243694575373588,0.16354948233000904,0.008177474116500452,0.005794135055783947,0.00028970675278919755,3.0,0.0,0.012897268700055921,0.08978370279580467,0.0033661120309703254,,,,,,,,,,,,,,,,
0.06611871597193372,0.2455,0.73475,0.01975,-3.1038311135489494e-05,0.14962038397789001,0.014452424583335715,0.12508333356430132,0.7937854439020157,0.0,0.0,0.0,0.0,0.0,0.0,0.5705456675442255,0.7079441547393799,publication,0.6120274066925049,5.0642008781433105,0.4834936589482463,0.5475377132108042,200,0.6384804864937055,1.9843959202989936,-0.04025920815183781,0.48349365894824625,0.5475377172743902,424.4507483005524,mobile,0.05602809070562074,0.0935372661807429,21.222537259742886,21.222537259742886,system,0.0,8,0.5475377172743902,0.10619210407071016,meta_train_support,3,MARGO-SPLIT-v1,20,20,80,3,9,0.0,0.2,20,10,0.0005,0.0005,mrlco_first_order_mean_pseudogradient,fixed_literature_derived_defaults,0.020726112347730467,0.0010363056173865234,0.15074674557746554,0.007537337278873277,0.0053332622151706175,0.0002666631107585307,3.0,0.0,0.013933574317442445,0.09732104007467794,0.003632775141728856,,,,,,,,,,,,,,,,
0.06900896236903944,0.22325,0.7635,0.01325,0.006931491661816835,0.10365721583366394,0.018429334562582275,0.12108333287760616,0.7922486712535223,0.0,0.0,0.0,0.0,0.0,0.0,0.5244998860044959,0.7327012419700623,publication,0.6769952774047852,5.62084174156189,0.4509054425549513,0.5103177496530407,200,0.44210507359827417,1.5769139090552926,-0.05386213166639209,0.45090544255495135,0.5103177507407963,713.4111341762542,mobile,0.06818238437332184,0.08944559529662692,35.670556870249285,35.670556870249285,system,0.0,9,0.5103177507407963,0.09492248732991099,meta_train_support,3,MARGO-SPLIT-v1,20,20,80,3,10,0.0,0.2,20,10,0.0005,0.0005,mrlco_first_order_mean_pseudogradient,fixed_literature_derived_defaults,0.01913525452764213,0.0009567627263821071,0.14101574622492777,0.007050787311246393,0.005149940345818933,0.00025749701729094665,3.0,0.0,0.014890337043824552,0.10437182738592433,0.0038902721590198027,,,,,,,,,,,,,,,,
0.048017713314262314,0.1905,0.79675,0.01275,-0.0014490826288238168,0.020799212157726288,0.018528735265135765,0.12349999907116094,0.49853525857130687,0.0,0.0,0.0,0.0,0.0,0.0,0.4913041306714721,0.4661790728569031,publication,0.6368076801300049,5.485116958618164,0.17209940882537458,0.1936166458962907,200,0.2872190820977119,0.9142326932269498,-0.005824506806675345,0.1720994088253746,0.19361664650030433,224.2216341304779,mobile,0.045593844409706624,0.059158431950205516,11.211081723183465,11.211081723183465,system,0.0,10,0.19361664650030433,0.07072134132086269,meta_train_support,3,MARGO-SPLIT-v1,20,20,80,3,11,0.0,0.2,20,10,0.0005,0.0005,mrlco_first_order_mean_pseudogradient,fixed_literature_derived_defaults,0.017395685934220115,0.0008697842967110049,0.12819613293175253,0.006409806646587621,0.004681763950744484,0.0002340881975372239,3.0,0.0,0.015760121340535557,0.11078163403251196,0.004124360356557027,,,,,,,,,,,,,,,,
0.06493467478965247,0.191,0.7985,0.0105,-4.294429163564928e-05,0.04687153175473213,0.011132052695999543,0.09708333350718021,0.624100703249375,0.0,0.0,0.0,0.0,0.0,0.0,0.44827066724343184,0.5676539540290833,publication,0.5989460945129395,3.549847364425659,0.3654891229226338,0.41363653670540773,200,0.38974705118381336,1.2845161762088537,-0.047858458070550114,0.36548912292263386,0.41363653908483683,421.65554876327514,mobile,0.04775081810521967,0.05826631364766152,21.082777165209833,21.082777165209833,system,0.0,11,0.41363653908483683,0.09256294551817458,meta_train_support,3,MARGO-SPLIT-v1,20,20,80,3,12,0.0,0.2,20,10,0.0005,0.0005,mrlco_first_order_mean_pseudogradient,fixed_literature_derived_defaults,0.015988013643568437,0.0007994006821784201,0.11838850690202914,0.005919425345101453,0.004302085499266582,0.00021510427496332883,3.0,0.0,0.016559522022713977,0.11670105937761341,0.0043394646315203554,,,,,,,,,,,,,,,,
0.049781778490925896,0.1695,0.825,0.0055,0.0012285453267395496,0.2127000242471695,0.009446326202790564,0.08091666695351403,0.5889003840585549,0.0,0.0,0.0,0.0,0.0,0.0,0.410476811090237,0.5798038840293884,publication,0.5851294994354248,5.2738001346588135,0.39416642640670047,0.44451978779328216,200,0.674649240809953,2.1524665309116244,-0.07003116421401501,0.3941664264067005,0.4445197903411463,359.20752723693846,mobile,0.04437943086801195,0.05616074682293551,17.960376216521837,17.960376216521837,system,0.0,12,0.4445197903411463,0.07693157076611573,meta_train_support,3,MARGO-SPLIT-v1,20,20,80,3,13,0.0,0.2,20,10,0.0005,0.0005,mrlco_first_order_mean_pseudogradient,fixed_literature_derived_defaults,0.015022572268033626,0.0007511286134016804,0.11098239360081302,0.005549119680040654,0.004011227698905683,0.00020056138494528412,3.0,0.0,0.017310650636115657,0.12225017905765406,0.00454002601646564,,,,,,,,,,,,,,,,
0.06354526309403073,0.1685,0.82525,0.00625,-0.0013504214584827423,0.10774359107017517,0.008012578058211752,0.08149999974605937,0.5007067995766799,0.0,0.0,0.0,0.0,0.0,0.0,0.388191971442405,0.5022856593132019,publication,0.6249692440032959,5.274602651596069,0.3749116018759434,0.42391138853088706,200,0.5764396108348537,1.7963784052990377,-0.032522791996598244,0.3749116018759434,0.4239113901020028,171.05340160369872,mobile,0.03827479154492885,0.06004398541722054,8.552670131575073,8.552670131575073,system,0.0,13,0.4239113901020028,0.08280299775586844,meta_train_support,3,MARGO-SPLIT-v1,20,20,80,3,14,0.0,0.2,20,10,0.0005,0.0005,mrlco_first_order_mean_pseudogradient,fixed_literature_derived_defaults,0.0140324552877957,0.0007016227643897865,0.10358216025713708,0.005179108012856842,0.00374300392531396,0.00018715019626569778,3.0,0.0,0.018012273400505444,0.1274292870705109,0.004727176212731337,,,,,,,,,,,,,,,,
0.04390151202708081,0.14925,0.8475,0.00325,-0.0003247491840738803,0.06572923809289932,0.0060772460652515296,0.0870833332805584,0.6136371364196143,0.0,0.0,0.0,0.0,0.0,0.0,0.3473780970083466,0.4448206126689911,publication,0.6098983287811279,5.000786304473877,0.4713896781729551,0.532188232719327,200,0.5327155048038952,1.8027966869994998,0.037149258772842586,0.47138967817295513,0.5321882332675159,739.1396916007996,mobile,0.03446830068764626,0.04766514482736766,36.95698445745391,36.95698445745391,system,0.0,14,0.5321882332675159,0.04979775359031488,meta_train_support,3,MARGO-SPLIT-v1,20,20,80,3,15,0.0,0.2,20,10,0.0005,0.0005,mrlco_first_order_mean_pseudogradient,fixed_literature_derived_defaults,0.013096958268609321,0.0006548479134304667,0.09676488544901235,0.004838244272450609,0.0035057692100770393,0.00017528846050385207,3.0,0.0,0.01866712131393591,0.13226753134296151,0.004902464673235189,,,,,,,,,,,,,,,,
0.06116978182645194,0.15675,0.83925,0.004,0.0006283652037382126,0.28043052554130554,0.006814120279159397,0.08516666654807827,0.7902722522616387,0.0,0.0,0.0,0.0,0.0,0.0,0.3457982790998366,0.49695709347724915,publication,0.6699950695037842,5.123319149017334,0.9031119663735372,1.0180989015725663,200,0.9108984841180617,2.7673015100881457,0.025545190321281552,0.9031119663735371,1.0180988916009666,480.3826927947998,mobile,0.02199519038008534,0.027646387483255954,24.019134754761676,24.019134754761676,system,0.0,15,1.0180988916009666,0.07372114913275235,meta_train_support,3,MARGO-SPLIT-v1,20,20,80,3,16,0.0,0.2,20,10,0.0005,0.0005,mrlco_first_order_mean_pseudogradient,fixed_literature_derived_defaults,0.012497984719766224,0.0006248992359883104,0.09220767293066644,0.0046103836465333226,0.003396220391711034,0.00016981101958555168,3.0,0.0,0.01929202054992422,0.13687791498949484,0.005072275692820741,,,,,,,,,,,,,,,,
0.0583042737055758,0.156,0.83925,0.00475,-0.0008448511362075806,0.2436893880367279,0.00620560315825666,0.07133333273231983,0.7934963574012122,0.0,0.0,0.0,0.0,0.0,0.0,0.3347288924650149,0.5503360033035278,publication,0.6697375774383545,5.3877949714660645,0.7434460286323464,0.8379775386545589,200,0.827716559961863,2.270800046157092,0.05544366664253175,0.7434460286323462,0.837977532800287,574.0270797538757,mobile,0.030477103646234353,0.03429637217087458,28.701354246655978,28.701354246655978,system,0.0,16,0.837977532800287,0.07405686107761589,meta_train_support,3,MARGO-SPLIT-v1,20,20,80,3,17,0.0,0.2,20,10,0.0005,0.0005,mrlco_first_order_mean_pseudogradient,fixed_literature_derived_defaults,0.011802310211365203,0.00059011551056826,0.08746388182188089,0.004373194091094046,0.003278238550329542,0.0001639119275164769,3.0,0.0,0.01988213606049248,0.14125110908058888,0.005236187620337218,,,,,,,,,,,,,,,,
0.05833790164281346,0.162,0.8335,0.0045,-0.0024075063411146402,0.16837473213672638,0.005084252858068795,0.066499999895071,0.6231754551331202,0.0,0.0,0.0,0.0,0.0,0.0,0.33977114411735415,0.530373752117157,publication,0.639315128326416,4.621721506118774,0.5503982268509882,0.6244051218750246,200,0.853615671144271,2.908968857023865,-0.008011609999812208,0.5503982268509882,0.6244051356241107,284.4809472465515,mobile,0.035575576688602714,0.04205480649160611,14.22404724095071,14.22404724095071,system,0.0,17,0.6244051356241107,0.07029670567128193,meta_train_support,3,MARGO-SPLIT-v1,20,20,80,3,18,0.0,0.2,20,10,0.0005,0.0005,mrlco_first_order_mean_pseudogradient,fixed_literature_derived_defaults,0.011189129805831623,0.0005594564902915815,0.0830404378498247,0.0041520218924912256,0.003111313654268761,0.00015556568271343774,3.0,0.0,0.020441592550784062,0.1454031309730801,0.005391753303050656,,,,,,,,,,,,,,,,
0.07345310733821553,0.14925,0.8465,0.00425,-0.002533763414248824,0.06362666189670563,0.00737368058374462,0.07691666657725969,0.567797738313675,0.0,0.0,0.0,0.0,0.0,0.0,0.3182245487698952,0.6570562124252319,publication,0.530552864074707,5.741300821304321,0.37837742312710776,0.42810155698492963,200,0.6589664906595412,1.925930910743773,-0.016973946942016482,0.3783774231271077,0.42810156323947013,354.2810107040405,mobile,0.03363165701964454,0.03977144368089794,17.71404985799937,17.71404985799937,system,0.0,18,0.42810156323947013,0.0794061100847467,meta_train_support,3,MARGO-SPLIT-v1,20,20,80,3,19,0.0,0.2,20,10,0.0005,0.0005,mrlco_first_order_mean_pseudogradient,fixed_literature_derived_defaults,0.010601601574374748,0.0005300800787187386,0.07887650491088233,0.003943825245544125,0.002982931427827364,0.00014914657139136842,3.0,0.0,0.0209716726295028,0.14934695621862423,0.005540899874442024,,,,,,,,,,,,,,,,
0.06759503126945252,0.15175,0.84125,0.007,-0.0031066418159753084,0.342442125082016,0.0067335858359001575,0.08541666610787312,0.7478088676929473,0.0,0.0,0.0,0.0,0.0,0.0,0.3161693809169216,0.6255990266799927,publication,0.5939745903015137,5.268136024475098,0.877677829518568,0.99137771858821,200,0.8894453260525556,2.8591321762651205,0.023087367706466466,0.8776778295185681,0.9913777001388371,336.6289148426056,mobile,0.03457513518002292,0.039366043715682794,16.83144569810168,16.83144569810168,system,0.0,19,0.9913777001388371,0.07791947378577031,meta_train_support,3,MARGO-SPLIT-v1,20,20,80,3,20,0.0,0.2,20,10,0.0005,0.0005,mrlco_first_order_mean_pseudogradient,fixed_literature_derived_defaults,0.010173907414014008,0.0005086953707006993,0.07671434299518533,0.003835717149759277,0.0033499090590122025,0.00016749545295061032,3.0,0.0,0.0214803680002035,0.1531826733683835,0.0057083953273926345,,,,,,,,,,,,,,,,
0.056544690513891625,0.14475,0.8505,0.00475,-0.0008181395241990685,0.14094527065753937,0.0060230610484723,0.0726666666722546,0.5161037579178809,0.0,0.0,0.0,0.0,0.0,0.0,0.30824234653186117,0.6037676334381104,publication,0.648186206817627,4.889145374298096,0.5868277221663412,0.6615669017074219,200,0.9294866062657355,2.972948456183076,0.011121262446977198,0.5868277221663414,0.6615669087553396,615.3706786346436,mobile,0.02780723529726557,0.036406096136431663,30.768533237311285,30.768533237311285,system,0.0,20,0.6615669087553396,0.06140498343325075,meta_train_support,3,MARGO-SPLIT-v1,20,20,80,3,21,0.0,0.2,20,10,0.0005,0.0005,mrlco_first_order_mean_pseudogradient,fixed_literature_derived_defaults,0.009689435632394295,0.0004844717816197136,0.07331767933821395,0.003665883966910699,0.003254726285909773,0.00016273631429548907,3.0,0.0,0.021964839781823214,0.1568485573352942,0.0058711316416881236,,,,,,,,,,,,,,,,
0.05993798019306741,0.148,0.8455,0.0065,-0.0005015369970351458,0.35488754510879517,0.006101810480079925,0.07183333220891655,0.6757918233672777,0.0,0.0,0.0,0.0,0.0,0.0,0.30491200614626884,0.5982341170310974,publication,0.6190958023071289,4.50318455696106,0.7442525808576544,0.8391402178343742,200,0.9192959978706057,2.6139134149998426,0.017417542898328975,0.7442525808576546,0.83914023171179,308.8128839492798,mobile,0.027418377198329676,0.03252105527269772,15.440644078583746,15.440644078583746,system,0.0,21,0.83914023171179,0.06926917724413359,meta_train_support,3,MARGO-SPLIT-v1,20,20,80,3,22,0.0,0.2,20,10,0.0005,0.0005,mrlco_first_order_mean_pseudogradient,fixed_literature_derived_defaults,0.009283778831694452,0.0004641889415847242,0.07049481168895605,0.003524740584447794,0.003185820117724949,0.00015929100588624786,3.0,0.0,0.022429028723407938,0.160373297919742,0.006030422647574371,,,,,,,,,,,,,,,,
0.07219529148291932,0.13675,0.85525,0.008,-0.0013627565931528807,0.2512514293193817,0.006052807194646447,0.05849999977896612,0.6833650713165601,0.0,0.0,0.0,0.0,0.0,0.0,0.29330568309283755,0.6566901206970215,publication,0.6305828094482422,4.82153058052063,1.0054341534971027,1.1391954184601856,200,0.7938156856488251,2.417007366195321,0.011610214365646243,1.005434153497103,1.1391953952796756,452.9670098781586,mobile,0.031102952982232774,0.03954094839405649,22.648350103731417,22.648350103731417,system,0.0,22,1.1391953952796756,0.08175959360400614,meta_train_support,3,MARGO-SPLIT-v1,20,20,80,3,23,0.0,0.2,20,10,0.0005,0.0005,mrlco_first_order_mean_pseudogradient,fixed_literature_derived_defaults,0.00892441015663596,0.0004462205078317981,0.06807893051692242,0.0034039465258461077,0.0031311629199010657,0.00015655814599505307,3.0,0.0,0.022875249231239736,0.1637772444455881,0.0061869807935694245,,,,,,,,,,,,,,,,
0.07133063911417539,0.12575,0.86925,0.005,-0.0007813128759153187,0.15449324250221252,0.009475790348369626,0.0884999991239359,0.6110263866682847,0.0,0.0,0.0,0.0,0.0,0.0,0.27435515210182027,0.8809201121330261,publication,0.6115388870239258,3.408320665359497,0.9554675918490239,1.081386857743073,200,0.9944301040534109,2.5520454179495573,0.024888651445508003,0.9554675918490239,1.0813868620619178,423.650678691864,mobile,0.024482738846308087,0.02800627573060696,21.18253412939121,21.18253412939121,system,0.0,23,1.0813868620619178,0.07152203872454697,meta_train_support,3,MARGO-SPLIT-v1,20,20,80,3,24,0.0,0.2,20,10,0.0005,0.0005,mrlco_first_order_mean_pseudogradient,fixed_literature_derived_defaults,0.008582915707998599,0.0004291457853999314,0.06543181260409593,0.003271590630204796,0.0030114483322975396,0.000150572416614877,3.0,0.0,0.023304395016639667,0.1670488350757929,0.0063375532101843015,,,,,,,,,,,,,,,,
0.05239763429423514,0.13975,0.8545,0.00575,-0.0017989312764257193,0.0364188551902771,0.005151498001456882,0.07099999935987095,0.4455630560715994,0.0,0.0,0.0,0.0,0.0,0.0,0.28275637251219493,0.9551493525505066,publication,0.670856237411499,5.890625953674316,0.3555181953957694,0.4016483088113455,200,0.6560841521198068,2.239071494419477,-0.040170044638216496,0.35551819539576945,0.4016483070096001,226.5708463859558,mobile,0.028375324710010568,0.04108974783915853,11.328542356623759,11.328542356623759,system,0.0,24,0.4016483070096001,0.06987320381512376,meta_train_support,3,MARGO-SPLIT-v1,20,20,80,3,25,0.0,0.2,20,10,0.0005,0.0005,mrlco_first_order_mean_pseudogradient,fixed_literature_derived_defaults,0.008239599079678655,0.00041197995398393333,0.06281454009993209,0.0031407270049965963,0.002890990399005638,0.0001445495199502815,3.0,0.0,0.0237163749706236,0.1701895620807895,0.006482102730134583,,,,,,,,,,,,,,,,
0.07999756359942198,0.11125,0.8825,0.00625,-0.0016634988132864237,0.08498509228229523,0.004661726699365923,0.05708333247651657,0.6225844144821167,0.0,0.0,0.0,0.0,0.0,0.0,0.25796920082117697,1.2131205797195435,publication,0.6394381523132324,5.447284698486328,0.7379690091520014,0.8353158683789297,200,0.8646729743135089,2.4909247579053044,-0.009079148760065436,0.7379690091520013,0.8353158726543188,166.17008028030395,mobile,0.02801806107654252,0.03271885740269121,8.308503958785867,8.308503958785867,system,0.0,25,0.8353158726543188,0.09037071408262934,meta_train_support,3,MARGO-SPLIT-v1,20,20,80,3,26,0.0,0.2,20,10,0.0005,0.0005,mrlco_first_order_mean_pseudogradient,fixed_literature_derived_defaults,0.007930690444958052,0.00039653452224790164,0.06069882308385433,0.0030349411541927274,0.0028167694976316943,0.00014083847488158448,3.0,0.0,0.024112909492871502,0.17322450323498223,0.0066229412050161675,,,,,,,,,,,,,,,,
0.05844879942224135,0.1295,0.86725,0.00325,-0.0014264691853895783,0.12162821739912033,0.004597263881199372,0.06700000000807146,0.6319534868001938,0.0,0.0,0.0,0.0,0.0,0.0,0.25714366011896284,1.1634471416473389,publication,0.6410186290740967,5.2742836475372314,0.6285695817348514,0.7091652211003248,200,0.8748462366547065,2.9111142102628946,0.0053942331578582525,0.6285695817348513,0.7091652215481736,377.86463844299317,mobile,0.025581603372964282,0.03780762404599423,18.893231954045014,18.893231954045014,system,0.0,26,0.7091652215481736,0.06501504291191948,meta_train_support,3,MARGO-SPLIT-v1,20,20,80,3,27,0.0,0.2,20,10,0.0005,0.0005,mrlco_first_order_mean_pseudogradient,fixed_literature_derived_defaults,0.00768676819319554,0.0003843384096597763,0.05866342940744166,0.002933171470372087,0.0027235209540199985,0.00013617604770100027,3.0,0.0,0.02449724790253128,0.17615767470535432,0.006759117252717168,,,,,,,,,,,,,,,,
0.07191898536726242,0.1335,0.8585,0.008,-0.0004532438179012388,0.08102142065763474,0.007561214924013862,0.08491666706589361,0.5847310135761896,0.0,0.0,0.0,0.0,0.0,0.0,0.26709044815905497,1.3202836513519287,publication,0.646047830581665,5.076961278915405,0.561505673655585,0.6338523227944473,200,0.770533779959472,2.0485480865463614,0.0018377579981461167,0.5615056736555852,0.6338523281458766,436.72304944992067,mobile,0.029749953949887956,0.03423757804079694,21.83615305139217,21.83615305139217,system,0.0,27,0.6338523281458766,0.07689693589308881,meta_train_support,3,MARGO-SPLIT-v1,20,20,80,3,28,0.0,0.2,20,10,0.0005,0.0005,mrlco_first_order_mean_pseudogradient,fixed_literature_derived_defaults,0.007412240757724271,0.00037061203788621433,0.056568306928604456,0.0028284153464302186,0.002626252348519284,0.00013131261742596427,3.0,0.0,0.024867859940417493,0.17898609005178454,0.006890429870143132,,,,,,,,,,,,,,,,
0.061864626317047255,0.136,0.857,0.007,-0.0006304548005573452,0.08759071677923203,0.012770485414269691,0.10758333277578155,0.6541944394508997,0.0,0.0,0.0,0.0,0.0,0.0,0.27123678258968453,1.1822341680526733,publication,0.618720531463623,3.437739849090576,0.7704202402553126,0.8705506073947618,200,0.9593487073409769,3.418936395086348,0.057871852768585086,0.7704202402553126,0.8705506174825132,414.6616908931732,mobile,0.024517811151222407,0.030445051920008723,20.73308468928701,20.73308468928701,system,0.0,28,0.8705506174825132,0.06494645993709018,meta_train_support,3,MARGO-SPLIT-v1,20,20,80,3,29,0.0,0.2,20,10,0.0005,0.0005,mrlco_first_order_mean_pseudogradient,fixed_literature_derived_defaults,0.007156646248837227,0.00035783231244186295,0.05490445293752132,0.002745222646876072,0.0026179087550570425,0.000130895437752852,3.0,0.0,0.025225692252859356,0.1817313126986606,0.007021325307895984,,,,,,,,,,,,,,,,
0.07408142938756755,0.13375,0.86125,0.005,0.0002955940435640514,0.04702490195631981,0.013413028108576933,0.1324999995219211,0.7228105813264847,0.0,0.0,0.0,0.0,0.0,0.0,0.26343704967964265,1.1589264869689941,publication,0.6851174831390381,5.244296312332153,0.5989890233626651,0.6797596032420097,200,0.6960006547211359,2.263935063034296,-0.0095690704183653,0.5989890233626651,0.6797595912916585,479.8283891868591,mobile,0.02718380360272924,0.03436436038973452,23.99141942922011,23.99141942922011,system,0.0,29,0.6797595912916585,0.07591169936763024,meta_train_support,3,MARGO-SPLIT-v1,20,20,80,3,30,0.0,0.2,20,10,0.0005,0.0005,mrlco_first_order_mean_pseudogradient,fixed_literature_derived_defaults,0.006918091373875986,0.00034590456869379796,0.05307837938983649,0.0026539189694918253,0.00253069085479752,0.0001265345427398758,3.0,0.0,0.025571596821553154,0.18438523166815243,0.00714785985063586,,,,,,,,,,,,,,,,
0.06194506411353318,0.13475,0.859,0.00625,0.0005748787079937756,0.39393800497055054,0.009403366226858148,0.09108333345502614,0.9068595697482428,0.0,0.0,0.0,0.0,0.0,0.0,0.2617417010206494,1.1421512365341187,publication,0.6866302490234375,5.00534725189209,0.8488147987020105,0.9583768088718125,200,0.9280137325098721,3.163651063106954,0.020162970467936248,0.8488147987020105,0.9583767961151898,370.9321909046173,mobile,0.0241606845710562,0.05073863096183423,18.54660936018071,18.54660936018071,system,0.0,30,0.9583767961151898,0.06602327461682661,meta_train_support,3,MARGO-SPLIT-v1,20,20,80,3,31,0.0,0.2,20,10,0.0005,0.0005,mrlco_first_order_mean_pseudogradient,fixed_literature_derived_defaults,0.006694927136009019,0.00033474635680045065,0.05167667735795871,0.002583833867897928,0.002622748610427133,0.00013113743052135633,3.0,0.0,0.025906343178353605,0.18696906553605036,0.007278997281157216,,,,,,,,,,,,,,,,
0.07122212089081505,0.101,0.895,0.004,0.0013586715795099735,0.09629238396883011,0.018985033687204125,0.125916667158405,0.7302737578749656,0.0,0.0,0.0,0.0,0.0,0.0,0.226080843224957,1.1086797714233398,publication,0.6394338607788086,4.793258190155029,0.878058782940141,0.992546251715496,200,0.6394720862116662,2.034125378355384,0.0388803412206471,0.8780587829401411,0.9925462487153709,844.532515926361,mobile,0.01737676194697756,0.01938909313698738,42.22662507409836,42.22662507409836,system,0.0,31,0.9925462487153709,0.06544677049561186,meta_train_support,3,MARGO-SPLIT-v1,20,20,80,3,32,0.0,0.2,20,10,0.0005,0.0005,mrlco_first_order_mean_pseudogradient,fixed_literature_derived_defaults,0.006485710663008737,0.00032428553315043754,0.0501145368417593,0.0025057268420879686,0.0025552552019313893,0.00012776276009656903,3.0,0.0,0.026230628711504042,0.18947479237813833,0.007406760041253785,,,,,,,,,,,,,,,,
0.06053023694640599,0.11525,0.88,0.00475,0.00577975669875741,0.19395829737186432,0.017267902350674075,0.13466666688521703,0.762528475622336,0.0,0.0,0.0,0.0,0.0,0.0,0.24393130859219864,1.135685682296753,publication,0.6675424575805664,5.388874053955078,0.7806764350724444,0.8812212021207142,200,0.9539264081585295,3.1957218386232853,-0.007434776329318993,0.7806764350724444,0.8812212274922058,917.7575498199462,mobile,0.0237055789984372,0.028386247614632643,45.88787764750011,45.88787764750011,system,0.0,32,0.8812212274922058,0.05621348587912504,meta_train_support,3,MARGO-SPLIT-v1,20,20,80,3,33,0.0,0.2,20,10,0.0005,0.0005,mrlco_first_order_mean_pseudogradient,fixed_literature_derived_defaults,0.006290021908563876,0.0003145010954281949,0.048805483856596325,0.0024402741928298277,0.0025899504860744417,0.00012949752430372208,3.0,0.0,0.026545129806932237,0.19191506657096816,0.007536257565557507,,,,,,,,,,,,,,,,
0.051154757934553687,0.111,0.88575,0.00325,0.00013590717571787536,0.09743261337280273,0.009738560994931807,0.0960000008965532,0.6674505916734537,0.0,0.0,0.0,0.0,0.0,0.0,0.24014006968491144,1.1000162363052368,publication,0.677309513092041,5.178409814834595,0.6828365791555772,0.7700567566846144,200,0.9359405959649315,2.8309876266866922,0.024729193304665387,0.6828365791555772,0.7700567518454045,831.181769618988,mobile,0.0324729391109951,0.06553068359598514,41.55908825632966,41.55908825632966,system,0.0,33,0.7700567518454045,0.04760354203512479,meta_train_support,3,MARGO-SPLIT-v1,20,20,80,3,34,0.0,0.2,20,10,0.0005,0.0005,mrlco_first_order_mean_pseudogradient,fixed_literature_derived_defaults,0.00610502126419435,0.00030525106320971815,0.0474014440554927,0.0023700722027746313,0.0025207826621026588,0.00012603913310513335,3.0,0.0,0.026850380870141955,0.1942851387737428,0.007662296698662641,,,,,,,,,,,,,,,,
0.08681397229613563,0.09775,0.89825,0.004,-0.0007317272829823196,0.2898798882961273,0.016997463162988426,0.09866666697586576,0.8824377622455358,0.0,0.0,0.0,0.0,0.0,0.0,0.2179682803571882,1.2654565572738647,publication,0.6050732135772705,4.939779043197632,1.0255632913131014,1.1571473252981013,200,1.0278667649983297,3.013659206684679,0.0037141149514354765,1.0255632913131016,1.157147319430951,259.48741393089296,mobile,0.01445005371879835,0.017662468134377652,12.974370637123366,12.974370637123366,system,0.0,34,1.157147319430951,0.07175786484615813,meta_train_support,3,MARGO-SPLIT-v1,20,20,80,3,35,0.0,0.2,20,10,0.0005,0.0005,mrlco_first_order_mean_pseudogradient,fixed_literature_derived_defaults,0.005930592085217369,0.0002965296042608673,0.0460471436723166,0.002302357183615822,0.0024518243350254362,0.00012259121675127146,3.0,0.0,0.027146910474402822,0.1965874959573586,0.007784887915413912,,,,,,,,,,,,,,,,
0.06497684240339406,0.11225,0.88,0.00775,0.0007309317006729543,0.06537359207868576,0.013299523713067174,0.1018333331992229,0.6359625247617562,0.0,0.0,0.0,0.0,0.0,0.0,0.24053493779672486,1.2421529293060303,publication,0.5363383293151855,5.394392251968384,0.3839519964773615,0.4322991400361025,200,0.691313300413724,2.3570971749722958,-0.03026161657180637,0.38395199647736145,0.4322991438070312,410.77414360046384,mobile,0.025914250132373532,0.030572610909614516,20.53870726075877,20.53870726075877,system,0.0,35,0.4322991438070312,0.06500147838908912,meta_train_support,3,MARGO-SPLIT-v1,20,20,80,3,36,0.0,0.2,20,10,0.0005,0.0005,mrlco_first_order_mean_pseudogradient,fixed_literature_derived_defaults,0.005765853416183553,0.00028829267080917806,0.04476805634808558,0.0022384028174042836,0.002383718103496952,0.00011918590517484735,3.0,0.0,0.027435203145212,0.1988258987747629,0.00790407382058876,,,,,,,,,,,,,,,,
0.06068018357190326,0.05425,0.93975,0.006,5.3004965593572706e-05,0.03771303966641426,0.012351610622135922,0.07391666717206438,0.7436394177377224,0.0,0.0,0.0,0.0,0.0,0.0,0.15786626142548818,1.4119328260421753,publication,0.6711709499359131,4.782866477966309,0.6948073419318791,0.7824147709366889,200,0.5243807181971867,1.8448161529377103,0.04445369733730331,0.6948073419318793,0.7824147669784725,1006.4626610946656,mobile,0.016122628077350293,0.024631103855985003,50.32313266317672,50.32313266317672,system,0.0,36,0.7824147669784725,0.05087196784877419,meta_train_support,3,MARGO-SPLIT-v1,20,20,80,3,37,0.0,0.2,20,10,0.0005,0.0005,mrlco_first_order_mean_pseudogradient,fixed_literature_derived_defaults,0.005610019540070484,0.0002805009770035227,0.043558108879218405,0.0021779054439609313,0.002319689357262251,0.00011598446786311237,3.0,0.0,0.027715704122215523,0.20100380421872382,0.008020058288451872,,,,,,,,,,,,,,,,
0.07502746272216383,0.05925,0.937,0.00375,-0.00035379730979911983,0.1426146775484085,0.016458828289372222,0.08158333292230965,0.793693939348062,0.0,0.0,0.0,0.0,0.0,0.0,0.15921612449226769,1.469795823097229,publication,0.620868444442749,5.1362268924713135,0.6086341601942071,0.6869502952849689,200,0.7458948998264283,2.2321280976757407,0.053475326276384294,0.608634160194207,0.6869503137469292,326.131862449646,mobile,0.025867713503550927,0.040992144944877025,16.306592978747013,16.306592978747013,system,0.0,37,0.6869503137469292,0.05786337894336484,meta_train_support,3,MARGO-SPLIT-v1,20,20,80,3,38,0.0,0.2,20,10,0.0005,0.0005,mrlco_first_order_mean_pseudogradient,fixed_literature_derived_defaults,0.005462387446910734,0.0002731193723455351,0.04241184285608108,0.002120592142804051,0.0022586449004921914,0.00011293224502460959,3.0,0.0,0.027988823494561058,0.20312439636152788,0.008132990533476481,,,,,,,,,,,,,,,,
0.04051544184580734,0.06425,0.93025,0.0055,-0.001124470611102879,0.039605673402547836,0.010455848644293534,0.07441666703671218,0.4810271613299846,0.0,0.0,0.0,0.0,0.0,0.0,0.1789394038866567,1.242779016494751,publication,0.6824922561645508,5.005552530288696,0.42334233631758683,0.4763697441593104,200,0.549746148634998,1.7265209433971904,0.026075659843627363,0.42334233631758683,0.476369756013155,505.57769975662234,mobile,0.01317359111475888,0.016482983703173668,25.278885206487157,25.278885206487157,system,0.0,38,0.476369756013155,0.04322654818298004,meta_train_support,3,MARGO-SPLIT-v1,20,20,80,3,39,0.0,0.2,20,10,0.0005,0.0005,mrlco_first_order_mean_pseudogradient,fixed_literature_derived_defaults,0.00532232623032328,0.00026611631151616383,0.04132435970592515,0.0020662179852962703,0.0022007309286846996,0.00011003654643423552,3.0,0.0,0.028254939806077222,0.20519061434682415,0.008243027079910717,,,,,,,,,,,,,,,,
0.08501621964227381,0.04375,0.95325,0.003,0.000979623873718083,0.06719174981117249,0.004945985526622583,0.042583332816138866,0.8391968443989754,0.0,0.0,0.0,0.0,0.0,0.0,0.1273761428784574,1.4734227657318115,publication,0.6429147720336914,5.485666275024414,0.6337016459629866,0.7167043004490552,200,0.7360606357647994,2.0985330706462264,0.03734846063889563,0.6337016459629865,0.7167043109424412,143.9170384788513,mobile,0.008649945159481644,0.009809811639976636,7.195851942445268,7.195851942445268,system,0.0,39,0.7167043109424412,0.06668182880171362,meta_train_support,3,MARGO-SPLIT-v1,20,20,80,3,40,0.0,0.2,20,10,0.0005,0.0005,mrlco_first_order_mean_pseudogradient,fixed_literature_derived_defaults,0.005189268074565198,0.0002594634037282606,0.04030234876153218,0.0020151174380766135,0.0021489186307116926,0.0001074459315355842,3.0,0.0,0.028514403209805483,0.20720573178490076,0.008350473011446301,,,,,,,,,,,,,,,,
0.06069181984115406,0.0235,0.97575,0.00075,-0.0026212118100374937,0.07836092263460159,0.006803269207982037,0.03158333351214727,0.9992687853674094,0.0,0.0,0.0,0.0,0.0,0.0,0.08715291465374779,1.511232852935791,publication,0.6525986194610596,4.677716016769409,0.8464911115419324,0.9545983413545582,200,0.7650219432035728,2.49512085178867,0.011685971810948104,0.8464911115419322,0.954598349928856,931.5494548034668,mobile,0.0064234964696444465,0.011687144305926163,46.57747363306735,46.57747363306735,system,0.0,40,0.954598349928856,0.050325146639966206,meta_train_support,3,MARGO-SPLIT-v1,20,20,80,3,41,0.0,0.2,20,10,0.0005,0.0005,mrlco_first_order_mean_pseudogradient,fixed_literature_derived_defaults,0.005062700560551412,0.0002531350280275714,0.03933397831229984,0.0019666989156149894,0.0020965059811821393,0.0001048252990591067,3.0,0.0,0.028767538237833054,0.20917243070051575,0.008455298310505408,,,,,,,,,,,,,,,,
0.07212620895595424,0.0215,0.97675,0.00175,-0.0010791777167469263,0.12022940069437027,0.007864023977405547,0.03283333331346512,0.8594330395261448,0.0,0.0,0.0,0.0,0.0,0.0,0.08392824320468781,1.5373830795288086,publication,0.6240439414978027,4.987256050109863,0.8771773910249004,0.9884580938501677,200,0.9596020920669892,3.234552894718945,0.06406724156113341,0.8771773910249004,0.9884581082314253,346.3133501148224,mobile,0.0035531226948394595,0.0042090179282492386,17.315667181011452,17.315667181011452,system,0.0,41,0.9884581082314253,0.053070914781700174,meta_train_support,3,MARGO-SPLIT-v1,20,20,80,3,42,0.0,0.2,20,10,0.0005,0.0005,mrlco_first_order_mean_pseudogradient,fixed_literature_derived_defaults,0.004942160071014474,0.00024710800355072504,0.03839745501914984,0.0019198727509574798,0.002046589172106374,0.00010232945860531861,3.0,0.0,0.02901464624138378,0.21109230345147323,0.008557627769110726,,,,,,,,,,,,,,,,
0.06037428576149052,0.027,0.97,0.003,-0.005858325399458408,0.10955635458230972,0.00993683248719511,0.04949999925059577,0.7648643684883913,0.0,0.0,0.0,0.0,0.0,0.0,0.11031099447853888,1.4380313158035278,publication,0.6422090530395508,5.377983093261719,0.5300615158914944,0.5974676971376175,200,0.867155609173945,2.4870432605966926,0.027270271733868867,0.5300615158914943,0.5974677214771509,211.85015090942383,mobile,0.002530039574497261,0.0028490184505198385,10.592507186290673,10.592507186290673,system,0.0,42,0.5974677214771509,0.04411318767248371,meta_train_support,3,MARGO-SPLIT-v1,20,20,80,3,43,0.0,0.2,20,10,0.0005,0.0005,mrlco_first_order_mean_pseudogradient,fixed_literature_derived_defaults,0.004836382843310833,0.0002418191421655405,0.03754260703471046,0.0018771303517355342,0.0019989940750806444,9.99497037540327e-05,3.0,0.0,0.02925646538354932,0.21296943380320876,0.00865757747286476,,,,,,,,,,,,,,,,
0.09514812207796557,0.01,0.98925,0.00075,-0.002447797218337655,0.24117955565452576,0.004626786220653874,0.006083333243926367,1.4182877731819947,0.0,0.0,0.0,0.0,0.0,0.0,0.04153530696317762,1.54452383518219,publication,0.6068685054779053,5.046937465667725,1.0074387300915957,1.1347811604359321,200,0.9387875123222298,2.7749194586649537,0.05559292313409969,1.0074387300915961,1.1347811101935803,123.11914604187012,mobile,0.001610567820039229,0.001610567820039229,6.155957346083798,6.155957346083798,system,0.0,43,1.1347811101935803,0.06079552895012923,meta_train_support,3,MARGO-SPLIT-v1,20,20,80,3,44,0.0,0.2,20,10,0.0005,0.0005,mrlco_first_order_mean_pseudogradient,fixed_literature_derived_defaults,0.004726465051417404,0.00023632325257087056,0.03668936596573977,0.0018344682982869842,0.0019535623915560843,9.76781195778046e-05,3.0,0.0,0.02949278863612019,0.21480390210149575,0.008755255592442564,,,,,,,,,,,,,,,,
0.05955144581498843,0.00925,0.989,0.00175,-0.0012674519093707204,0.05674692615866661,0.004534650083389854,0.007083333237096668,1.052292780081431,0.0,0.0,0.0,0.0,0.0,0.0,0.041996474392098276,1.4841997623443604,publication,0.6270444393157959,3.3818295001983643,0.7185320079610567,0.8085980880854186,200,0.8157703951814471,2.0834859306924045,0.04672256861522328,0.718532007961057,0.8085980619303882,294.9803740310669,mobile,0.0007796008077696993,0.0009535456134626682,14.749017073341047,14.749017073341047,system,0.0,44,0.8085980619303882,0.041923885422672884,meta_train_support,3,MARGO-SPLIT-v1,20,20,80,3,45,0.0,0.2,20,10,0.0005,0.0005,mrlco_first_order_mean_pseudogradient,fixed_literature_derived_defaults,0.004628028204078259,0.00023140141020391164,0.035911795918869914,0.0017955897959434919,0.001910149893965949,9.550749469829783e-05,3.0,0.0,0.029724190046324102,0.21659949189743924,0.008850763087140862,,,,,,,,,,,,,,,,
0.0695017454327656,0.00525,0.9945,0.00025,-0.0012875135289505124,0.03751593828201294,0.0014743926339181239,0.0026666666381061077,1.0668414741754533,0.0,0.0,0.0,0.0,0.0,0.0,0.02697333468899633,1.559778094291687,publication,0.5983774662017822,5.373287677764893,0.5096100815244772,0.5748271012739861,200,0.6126767222171724,1.7991664917208254,0.05386733281193301,0.5096100815244772,0.5748270924016833,627.0594513511658,mobile,0.00039770647851831623,0.0008436491877622614,31.352975328610913,31.352975328610913,system,0.0,45,0.5748270924016833,0.04846130162893239,meta_train_support,3,MARGO-SPLIT-v1,20,20,80,3,46,0.0,0.2,20,10,0.0005,0.0005,mrlco_first_order_mean_pseudogradient,fixed_literature_derived_defaults,0.004527418895293949,0.00022637094476469707,0.03513110470324231,0.001756555235162105,0.0018686248962710371,9.34312448135511e-05,3.0,0.0,0.0299505609910888,0.21835604713260134,0.008944194331954413,,,,,,,,,,,,,,,,
0.07456833483134714,0.00175,0.998,0.00025,-0.0005006191204302013,0.183119997382164,0.0008066090005228862,0.0011666666405896345,1.5375263566772144,0.0,0.0,0.0,0.0,0.0,0.0,0.013271835328625617,1.4689143896102905,publication,0.6424193382263184,5.062119007110596,0.9512772845521061,1.0734187165127513,200,0.989049205214968,3.219731735996902,0.04992788073286647,0.9512772845521059,1.0734186924993991,861.0796590423583,mobile,0.0006269484687736318,0.0006269484687736318,43.053983195092506,43.053983195092506,system,0.0,46,1.0734186924993991,0.061189138874358624,meta_train_support,3,MARGO-SPLIT-v1,20,20,80,3,47,0.0,0.2,20,10,0.0005,0.0005,mrlco_first_order_mean_pseudogradient,fixed_literature_derived_defaults,0.00443109083369195,0.00022155454168459876,0.03438363439040736,0.001719181719520374,0.0018288669197546322,9.14433459877316e-05,3.0,0.0,0.030172115532773398,0.22007522885212172,0.009035637677942144,,,,,,,,,,,,,,,,
0.056847335466997405,0.00125,0.99875,0.0,-0.00024619739269837737,0.025559790432453156,0.0006149456501118719,0.0007499999832361936,0.916006910800934,0.0,0.0,0.0,0.0,0.0,0.0,0.008177297402780078,1.1083452701568604,publication,0.5858640670776367,5.042076110839844,0.3334210995677982,0.3741413539168934,200,0.33616859789716647,1.073113888851367,0.04395021669915877,0.3334210995677983,0.37414135854691266,857.6046060562134,mobile,0.0007244173029717624,0.0009158730638059166,42.88023010134141,42.88023010134141,system,0.0,47,0.37414135854691266,0.04646789636507234,meta_train_support,3,MARGO-SPLIT-v1,20,20,80,3,48,0.0,0.2,20,10,0.0005,0.0005,mrlco_first_order_mean_pseudogradient,fixed_literature_derived_defaults,0.004338776441323368,0.00021693882206616846,0.03366730867394054,0.001683365433697015,0.0017907655255930772,8.953827627965379e-05,3.0,0.0,0.030389054354839566,0.22175859428581873,0.009125175954221798,,,,,,,,,,,,,,,,
0.06834959870962687,0.0005,0.9995,0.0,-0.00020812031289096922,0.22872641682624817,0.00021697379175444155,0.00024999999441206456,1.7354142413785059,0.0,0.0,0.0,0.0,0.0,0.0,0.00482898306322195,1.1632219552993774,publication,0.6838321685791016,5.071324586868286,1.0328346057615712,1.1627407017354563,200,1.0558435337422656,3.3715861551463604,0.05979466042481363,1.0328346057615714,1.1627407051622867,244.70186561584472,mobile,8.852567282277704e-05,8.852567282277704e-05,12.2350937773932,12.2350937773932,system,0.0,48,1.1627407051622867,0.047631308002790945,meta_train_support,3,MARGO-SPLIT-v1,20,20,80,3,49,0.0,0.2,20,10,0.0005,0.0005,mrlco_first_order_mean_pseudogradient,fixed_literature_derived_defaults,0.004250229983337177,0.00021251149916685919,0.03298022074181931,0.001649011037090975,0.001754219290376892,8.771096451884453e-05,3.0,0.0,0.030601565854006425,0.2234076053229097,0.009212886918740643,,,,,,,,,,,,,,,,
0.04553449769201586,0.00025,0.9995,0.00025,-0.0003057483700104058,0.1303444355726242,0.0007476419864797747,0.00033333332588275275,1.102131291727225,0.0,0.0,0.0,0.0,0.0,0.0,0.006085100795048933,0.8271024823188782,publication,0.6545681953430176,3.3824961185455322,0.5892732675939159,0.66382990585058,200,0.8638003904699451,2.9931029127910733,0.04602114169392735,0.589273267593916,0.6638298939168453,839.7076187705993,mobile,1.7731517783420554e-05,1.7731517783420554e-05,41.985380306647194,41.985380306647194,system,0.0,49,0.6638298939168453,0.03826322026959164,meta_train_support,3,MARGO-SPLIT-v1,20,20,80,3,50,0.0,0.2,20,10,0.0005,0.0005,mrlco_first_order_mean_pseudogradient,fixed_literature_derived_defaults,0.004165225383670433,0.00020826126918352048,0.03232061632698292,0.0016160308163491455,0.0017191349045693543,8.595674522846736e-05,3.0,0.0,0.030809827123189946,0.22502363613925885,0.00929884366396911,,,,,,,,,,,,,,,,
0.06408641175425517,0.0005,0.9995,0.0,8.462257392238826e-05,0.06960377842187881,0.0005199292514616557,0.00033333332588275275,1.1201820361117523,0.0,0.0,0.0,0.0,0.0,0.0,0.004966028591504182,1.1042685508728027,publication,0.5777666568756104,5.373819828033447,0.5549060275688905,0.6227719527226145,200,0.7289602450905522,2.0583516012411565,0.0441804695292376,0.5549060275688905,0.6227719384990632,569.2188617134094,mobile,0.00011837997690518676,0.00023865715448160687,28.460941016747405,28.460941016747405,system,0.0,50,0.6227719384990632,0.04996601850937222,meta_train_support,3,MARGO-SPLIT-v1,20,20,80,3,51,0.0,0.2,20,10,0.0005,0.0005,mrlco_first_order_mean_pseudogradient,fixed_literature_derived_defaults,0.004083554297716111,0.00020417771488580663,0.03168687875194404,0.0015843439375972102,0.0016854263770287787,8.427131885143865e-05,3.0,0.0,0.031014004838075752,0.22660798007685606,0.009383114982820549,-0.12324648244882933,-0.13179597789938807,0.13179597789938807,0.025,0.275,0.075,0.04125,0.975,0.975,0.0,validation/automotive_lexicographic_v1,automotive_lexicographic_v1,a3bd00d5108237acdb706f561212b5d840bac151f48b5250a61c573d9c9ffb6c,746699655.0,0.13179597789938807,0.0
0.07147957543032493,0.00075,0.999,0.00025,-0.00010191694309469312,0.23314328491687775,0.00022538072446795328,0.0006666666517655055,1.8483740632732708,0.0,0.0,0.0,0.0,0.0,0.0,0.0035153345429928865,1.0859041213989258,publication,0.6376376152038574,5.062061548233032,0.7717695880957691,0.8671483848433127,200,1.1010998190827068,3.2410405669361353,0.052423014654777944,0.7717695880957691,0.8671484090387821,230.9398832321167,mobile,0.0,0.0,11.546993953183435,11.546993953183435,system,0.0,51,0.8671484090387821,0.052930194587889806,meta_train_support,3,MARGO-SPLIT-v1,20,20,80,3,52,0.0,0.2,20,10,0.0005,0.0005,mrlco_first_order_mean_pseudogradient,fixed_literature_derived_defaults,0.004005024407375417,0.00020025122036877036,0.03107751569902204,0.0015538757849511142,0.0016530143313166867,8.265071656583453e-05,3.0,0.0,0.031214256058444523,0.22816185586180718,0.009465765699386383,,,,,,,,,,,,,,,,
0.05709561341806598,0.00075,0.99925,0.0,-0.00010794403351610526,0.03680400177836418,0.0006556640134934788,0.0004999999888241291,1.2551474886635938,0.0,0.0,0.0,0.0,0.0,0.0,0.0034337551087510057,1.2053641080856323,publication,0.61836838722229,5.177084922790527,0.5444870793726441,0.6139565877630957,200,0.7210511646117143,2.2646727114915848,0.045811727875843644,0.5444870793726442,0.6139566066674889,1061.659014816284,mobile,0.00011802389498106816,0.00017732551014507575,53.08294812675087,53.08294812675087,system,0.0,52,0.6139566066674889,0.04605185291733562,meta_train_support,3,MARGO-SPLIT-v1,20,20,80,3,53,0.0,0.2,20,10,0.0005,0.0005,mrlco_first_order_mean_pseudogradient,fixed_literature_derived_defaults,0.00392945790912305,0.00019647289545614982,0.030491147478285775,0.0015245573739142981,0.001621825381669202,8.109126908346052e-05,3.0,0.0,0.03141072895390067,0.22968641323572148,0.009546856968469844,,,,,,,,,,,,,,,,
0.05812057608685854,0.0,1.0,0.0,-7.979314250405878e-05,0.06465976685285568,4.254663925988093e-08,0.0,1.12211713741223,0.0,0.0,0.0,0.0,0.0,0.0,0.003760104312449791,1.2697190046310425,publication,0.6404645442962646,4.862341642379761,0.7231724120853806,0.8149686833753367,200,0.6550970930397602,2.275744750164449,0.07400312047684565,0.7231724120853806,0.8149687312543392,975.7211239051819,mobile,3.022228463380185e-05,3.022228463380185e-05,48.78605398648011,48.78605398648011,system,0.0,53,0.8149687312543392,0.043149971296663356,meta_train_support,3,MARGO-SPLIT-v1,20,20,80,3,54,0.0,0.2,20,10,0.0005,0.0005,mrlco_first_order_mean_pseudogradient,fixed_literature_derived_defaults,0.003856690170065216,0.00019283450850326317,0.02992649659905826,0.0014963248299529053,0.0015917915783049577,7.958957891524704e-05,3.0,0.0,0.031603563462403936,0.23118273806567438,0.00962644654738509,,,,,,,,,,,,,,,,
0.06911592533103399,0.00025,0.99975,0.0,-5.812437666463666e-05,0.0836826041340828,0.00011869451030753395,0.00016666666294137638,1.2999416649341584,0.0,0.0,0.0,0.0,0.0,0.0,0.00398704181884021,1.2296541929244995,publication,0.6704025268554688,5.29840612411499,0.662219351672182,0.7457256615298684,200,0.7700682791504819,2.16984455101192,0.06665451155276969,0.6622193516721822,0.7457256541773677,196.4558341026306,mobile,2.574512984051959e-05,2.574512984051959e-05,9.822791545672558,9.822791545672558,system,0.0,54,0.7457256541773677,0.04979175736035671,meta_train_support,3,MARGO-SPLIT-v1,20,20,80,3,55,0.0,0.2,20,10,0.0005,0.0005,mrlco_first_order_mean_pseudogradient,fixed_literature_derived_defaults,0.003786568530609485,0.00018932842653047316,0.029382378479075384,0.001469118923953766,0.0015628499132448674,7.814249566224368e-05,3.0,0.0,0.03179289188893441,0.23265185698962815,0.009704589043047334,,,,,,,,,,,,,,,,
0.05523486652012377,0.0,0.99975,0.00025,-0.00015016576799098402,0.09447991847991943,0.0013598671736071803,0.00016666666294137638,1.1742913881937662,0.0,0.0,0.0,0.0,0.0,0.0,0.004928965012996206,1.0947200059890747,publication,0.6326982975006104,5.448480606079102,0.602090106694875,0.6750952692094142,200,0.8188464351312189,2.629711488261819,0.0501191258081235,0.602090106694875,0.6750952589325607,674.5993029594422,mobile,0.0005564026846335593,0.005972108892328427,33.72996336204253,33.72996336204253,system,0.0,55,0.6750952589325607,0.04211076121621069,meta_train_support,3,MARGO-SPLIT-v1,20,20,80,3,56,0.0,0.2,20,10,0.0005,0.0005,mrlco_first_order_mean_pseudogradient,fixed_literature_derived_defaults,0.0037189512354200297,0.00018594756177100352,0.028857693149091895,0.0014428846574545962,0.0015349418790797805,7.674709395398896e-05,3.0,0.0,0.03197883945070541,0.23409474164708274,0.009781336137001323,,,,,,,,,,,,,,,,
0.051883160919428864,0.00025,0.99975,0.0,-0.00010112668678630143,0.07725370675325394,1.6252447224751606e-05,8.333333147068819e-05,1.1053310307363668,0.0,0.0,0.0,0.0,0.0,0.0,0.0058061781716412285,1.2055518627166748,publication,0.6403417587280273,4.604498624801636,0.7867356302568406,0.8878994183137547,200,0.9908626827116063,3.0280158622190356,0.057012771532754414,0.7867356302568406,0.8878993955999612,685.8740688323975,mobile,0.0001443258583932896,0.0004340561550450892,34.293703737230295,34.293703737230295,system,0.0,56,0.8878993955999612,0.03987914516759257,meta_train_support,3,MARGO-SPLIT-v1,20,20,80,3,57,0.0,0.2,20,10,0.0005,0.0005,mrlco_first_order_mean_pseudogradient,fixed_literature_derived_defaults,0.003653706476903889,0.0001826853238451956,0.028351417830686773,0.0014175708915343255,0.0015080130741836441,7.540065370918204e-05,3.0,0.0,0.03216152477455061,0.23551231253861707,0.009856736790710505,,,,,,,,,,,,,,,,
0.04313355076833261,0.00075,0.99925,0.0,-0.00015371460176538676,0.045302338898181915,0.00019316430400793117,0.00041666665735344094,0.8509210363030434,0.0,0.0,0.0,0.0,0.0,0.0,0.007862251186256266,0.8624445796012878,publication,0.6713016033172607,4.7068376541137695,0.35541615482466193,0.39860146685299697,200,0.5313619996390122,1.6135893436148763,0.057317414408316836,0.3554161548246619,0.39860147412866354,691.9388256835938,mobile,0.00017063487720781075,0.00017063487720781075,34.59693866487308,34.59693866487308,system,0.0,57,0.39860147412866354,0.037584353130197236,meta_train_support,3,MARGO-SPLIT-v1,20,20,80,3,58,0.0,0.2,20,10,0.0005,0.0005,mrlco_first_order_mean_pseudogradient,fixed_literature_derived_defaults,0.003590711537646925,0.00017953557688234895,0.02786260028188183,0.0013931300140940794,0.0014820128487666848,7.410064243833399e-05,3.0,0.0,0.03234106035143296,0.23690544255271115,0.00993083743314884,,,,,,,,,,,,,,,,
0.05678643560522027,0.00075,0.99925,0.0,-0.00030303714447654784,0.30590930581092834,0.00016481512083383148,0.0004999999888241291,1.4044872676332791,0.0,0.0,0.0,0.0,0.0,0.0,0.009261759173145888,1.074352502822876,publication,0.6538760662078857,5.028692007064819,0.9834570506570074,1.1095215088373516,200,0.8863376558628453,3.1225395034998655,0.07764707854948938,0.9834570506570074,1.1095214750245213,1203.1847415924071,mobile,3.520721310030961e-05,3.520721310030961e-05,60.15924156816128,60.15924156816128,system,0.0,58,1.1095214750245213,0.03940618470753176,meta_train_support,3,MARGO-SPLIT-v1,20,20,80,3,59,0.0,0.2,20,10,0.0005,0.0005,mrlco_first_order_mean_pseudogradient,fixed_literature_derived_defaults,0.003529852020059689,0.0001764926010029838,0.027390352819477052,0.001369517640973844,0.0014568939869231815,7.284469934615984e-05,3.0,0.0,0.03251755295243594,0.238274960193685,0.010003682132495,,,,,,,,,,,,,,,,
0.06305128003626202,0.00175,0.99775,0.0005,-5.2698647778015584e-05,0.040259309113025665,0.0010098001461365414,0.0014999999664723873,0.8816317945718766,0.0,0.0,0.0,0.0,0.0,0.0,0.010411513908063046,1.0367555618286133,publication,0.6588358879089355,5.0756402015686035,0.5700751074830145,0.6410682959199039,200,0.6806695907784684,1.9534636670723557,0.029490050495951436,0.5700751074830144,0.6410683132242412,636.7440173530579,mobile,0.0003747235150057397,0.0069637022325972344,31.837202115751314,31.837202115751314,system,0.0,59,0.6410683132242412,0.04834987553073244,meta_train_support,3,MARGO-SPLIT-v1,20,20,80,3,60,0.0,0.2,20,10,0.0005,0.0005,mrlco_first_order_mean_pseudogradient,fixed_literature_derived_defaults,0.0034710211530586945,0.000173551057652932,0.026933846939152437,0.001346692346957612,0.0014326124204744619,7.163062102372338e-05,3.0,0.0,0.03269110401008887,0.2396216525406426,0.010075312753518723,,,,,,,,,,,,,,,,
0.0724712647077109,0.00225,0.99725,0.0005,4.362106483313255e-05,0.3108639717102051,0.0016648020677881921,0.0017499999608844516,1.3358691404263179,0.0,0.0,0.0,0.0,0.0,0.0,0.014926481570309518,1.0599839687347412,publication,0.6262366771697998,4.876598834991455,0.8906540397620585,1.0006249093586665,200,1.017170071525411,2.850492580793798,0.03378625977347838,0.8906540397620584,1.000624915342778,258.44211952209474,mobile,0.0005522697480295093,0.0005522697480295093,12.922105260955142,12.922105260955142,system,0.0,60,1.000624915342778,0.04813829995571907,meta_train_support,3,MARGO-SPLIT-v1,20,20,80,3,61,0.0,0.2,20,10,0.0005,0.0005,mrlco_first_order_mean_pseudogradient,fixed_literature_derived_defaults,0.0034141191669429783,0.0001707059583471518,0.0264923084647401,0.0013246154232370022,0.0014091269709584871,7.045634854792489e-05,3.0,0.0,0.032861809968436025,0.2409462679638796,0.010145769102066647,,,,,,,,,,,,,,,,
0.07340680413770505,0.002,0.99775,0.00025,2.5606299459468573e-05,0.1790640950202942,0.0009404960250871377,0.001416666635001699,1.1134016163647176,0.0,0.0,0.0,0.0,0.0,0.0,0.014900211162580015,1.082890510559082,publication,0.57352614402771,4.962949514389038,0.8856594492473491,0.9978907091695237,200,0.8872398881778781,2.4867498790845275,0.058877215546090156,0.8856594492473493,0.9978907625377178,597.1597341918946,mobile,0.0004269019590140788,0.000617105769411172,29.85798716480998,29.85798716480998,system,0.0,61,0.9978907625377178,0.05546084282203937,meta_train_support,3,MARGO-SPLIT-v1,20,20,80,3,62,0.0,0.2,20,10,0.0005,0.0005,mrlco_first_order_mean_pseudogradient,fixed_literature_derived_defaults,0.0033590527287664785,0.00016795263643832464,0.026065013166921714,0.001303250658346078,0.001386399116588189,6.931995582940866e-05,3.0,0.0,0.03302976260487435,0.24224951862222568,0.010215089057896056,,,,,,,,,,,,,,,,
0.06036190081048128,0.002,0.998,0.0,-2.1979407392791472e-05,0.037987448275089264,0.0012873357259231,0.0012499999720603228,0.8131520928194125,0.0,0.0,0.0,0.0,0.0,0.0,0.01883132248551518,1.1901856660842896,publication,0.6536548137664795,5.336683750152588,0.6433200301697872,0.7233102217133274,200,0.7123734258474007,1.7463738617952913,0.035053744475590065,0.6433200301697871,0.7233102170191705,633.616613664627,mobile,0.0003211075414942421,0.0003338272698798783,31.680832841713254,31.680832841713254,system,0.0,62,0.7233102170191705,0.0401660191321937,meta_train_support,3,MARGO-SPLIT-v1,20,20,80,3,63,0.0,0.2,20,10,0.0005,0.0005,mrlco_first_order_mean_pseudogradient,fixed_literature_derived_defaults,0.003305734431484471,0.00016528672157422458,0.025651282799192796,0.001282564139959641,0.0013643927814042493,6.821963907021299e-05,3.0,0.0,0.033195049326448574,0.24353208276218533,0.010283308696966269,,,,,,,,,,,,,,,,
0.04094104520625429,0.0025,0.99625,0.00125,-0.00036611297400668263,0.017314724624156952,0.0017104227423790992,0.0022499999497085812,0.5313491096099218,0.0,0.0,0.0,0.0,0.0,0.0,0.02608592465565571,0.9398893713951111,publication,0.6045160293579102,5.460578918457031,0.30963574431621127,0.34725614077637146,200,0.3519471398078196,1.1516246343962848,0.04871729752630927,0.30963574431621127,0.347256145235151,696.4579062461853,mobile,0.004614026128804676,0.004993651374913066,34.822893195835405,34.822893195835405,system,0.0,63,0.347256145235151,0.03442658835869332,meta_train_support,3,MARGO-SPLIT-v1,20,20,80,3,64,0.0,0.2,20,10,0.0005,0.0005,mrlco_first_order_mean_pseudogradient,fixed_literature_derived_defaults,0.003254082330992526,0.00016270411654962375,0.02525048150545541,0.001262524075272775,0.0013430741441948079,6.715370720974077e-05,3.0,0.0,0.0333577534429982,0.2447946068374581,0.01035046240417601,,,,,,,,,,,,,,,,
0.08923361591618574,0.0025,0.996,0.0015,-8.258656453108415e-05,0.2614067494869232,0.0014246888305341561,0.0019999999552965165,1.2928740320106349,0.0,0.0,0.0,0.0,0.0,0.0,0.019590523627284452,1.224014401435852,publication,0.5566160678863525,5.294094800949097,1.155077428926243,1.3023010317533044,200,1.1836750375564964,3.0203476678580046,0.034999419818632305,1.1550774289262429,1.3023010216653348,315.0652048873901,mobile,0.0010004498185666952,0.001120741571466983,15.75326033503486,15.75326033503486,system,0.0,64,1.3023010216653348,0.06611788464598765,meta_train_support,3,MARGO-SPLIT-v1,20,20,80,3,65,0.0,0.2,20,10,0.0005,0.0005,mrlco_first_order_mean_pseudogradient,fixed_literature_derived_defaults,0.003212922174710053,0.00016064610873550017,0.024895846179373144,0.0012447923089686508,0.0013224114650533495,6.612057325266693e-05,3.0,0.0,0.0335183995517337,0.24603939914642675,0.010416582977428677,,,,,,,,,,,,,,,,
0.05202699162938864,0.00325,0.9955,0.00125,-0.0006802203133702278,0.11339592188596725,0.00122476403582444,0.0027499999385327102,0.7558557619651158,0.0,0.0,0.0,0.0,0.0,0.0,0.029175949288192997,1.0843533277511597,publication,0.6113998889923096,4.230788230895996,0.5663489616880978,0.6360036031177151,200,0.7547067716122884,2.3403603977058083,0.04648415847623255,0.5663489616880977,0.6360035902261734,657.4927684020996,mobile,0.0029838889888314556,0.0076545511084435535,32.87463662906127,32.87463662906127,system,0.0,65,0.6360035902261734,0.039523721786251374,meta_train_support,3,MARGO-SPLIT-v1,20,20,80,3,66,0.0,0.2,20,10,0.0005,0.0005,mrlco_first_order_mean_pseudogradient,fixed_literature_derived_defaults,0.0031642415356992943,0.00015821207678496513,0.02451863638877658,0.0012259318194388358,0.0013023749277040562,6.511874638520307e-05,3.0,0.0,0.03367661162851866,0.2472653309658656,0.01048170172381388,,,,,,,,,,,,,,,,
0.06765249211280605,0.00575,0.994,0.00025,-0.00037520454498007894,0.10908051580190659,0.0008893342333597806,0.0032499999428788826,0.6652892374744017,0.0,0.0,0.0,0.0,0.0,0.0,0.03354397646203316,1.129379391670227,publication,0.6416122913360596,5.282614231109619,0.4478798196649245,0.5041845103040395,200,0.7834534359882251,2.3246189057826996,0.028886693020467646,0.44787981966492457,0.5041845337022096,267.35781755447385,mobile,0.00098789467821027,0.0016132645805267865,13.367891481145193,13.367891481145193,system,0.0,66,0.5041845337022096,0.05136401409647771,meta_train_support,3,MARGO-SPLIT-v1,20,20,80,3,67,0.0,0.2,20,10,0.0005,0.0005,mrlco_first_order_mean_pseudogradient,fixed_literature_derived_defaults,0.003117014050091842,0.0001558507025045952,0.02415268659192917,0.0012076343295964465,0.0012829364959472793,6.414682479736339e-05,3.0,0.0,0.03383246233102326,0.24847296529546203,0.010545848548611243,,,,,,,,,,,,,,,,
0.05116849311638912,0.00325,0.99525,0.0015,-0.0005621453165076673,0.048179831355810165,0.001664448409367954,0.002833333270003398,0.6425802692770958,0.0,0.0,0.0,0.0,0.0,0.0,0.033221191767190614,1.219014048576355,publication,0.6545989513397217,3.8108291625976562,0.725874076505248,0.8173035279122997,200,1.1206587985475094,3.4752767612226307,0.039740017615258694,0.7258740765052483,0.8173035071790218,628.6590977096557,mobile,0.0003165718596720121,0.0008245448342395475,31.432954101809838,31.432954101809838,system,0.0,67,0.8173035071790218,0.0410637221707935,meta_train_support,3,MARGO-SPLIT-v1,20,20,80,3,68,0.0,0.2,20,10,0.0005,0.0005,mrlco_first_order_mean_pseudogradient,fixed_literature_derived_defaults,0.0030711756081787268,0.00015355878040893695,0.0237975000244008,0.001189875001220031,0.001264069782771584,6.320348913857986e-05,3.0,0.0,0.033986021111432195,0.24966284029668206,0.010609052037749823,,,,,,,,,,,,,,,,
0.059795392789832744,0.0025,0.997,0.0005,-0.00037197943311184645,0.15984830260276794,0.0006298081429918056,0.0015833332979430753,0.9198941383510828,0.0,0.0,0.0,0.0,0.0,0.0,0.0235472305031317,1.1840431690216064,publication,0.6215286254882812,4.547210216522217,0.9998360380420924,1.125270029453677,200,0.866849094144205,2.860340560320765,0.04370036581531167,0.9998360380420923,1.1252700332552195,820.5920743179321,mobile,0.0003565627685992141,0.0015025697366349568,41.02960454078559,41.02960454078559,system,0.0,68,1.1252700332552195,0.040784012274788325,meta_train_support,3,MARGO-SPLIT-v1,20,20,80,3,69,0.0,0.2,20,10,0.0005,0.0005,mrlco_first_order_mean_pseudogradient,fixed_literature_derived_defaults,0.0030266658167558465,0.00015133329083779484,0.023452608719699338,0.0011726304359849782,0.0012457499308473582,6.22874965423674e-05,3.0,0.0,0.03413735440226999,0.25083547073266704,0.01067133953429219,,,,,,,,,,,,,,,,
0.04701462348233994,0.003,0.9965,0.0005,-0.0007474962621927261,0.08333044499158859,0.00127669621157717,0.0017499999608844516,0.9102733799566826,0.0,0.0,0.0,0.0,0.0,0.0,0.02758288224217307,1.2033040523529053,publication,0.6130635738372803,5.151762962341309,0.9310386444821518,1.0475314209605973,200,0.7541782426618224,2.1610868432326242,0.03284041286678985,0.9310386444821518,1.047531454656273,666.6951358795166,mobile,0.0013878056502210525,0.010895140934398941,33.33475681004215,33.33475681004215,system,0.0,69,1.047531454656273,0.03353384087928688,meta_train_support,3,MARGO-SPLIT-v1,20,20,80,3,70,0.0,0.2,20,10,0.0005,0.0005,mrlco_first_order_mean_pseudogradient,fixed_literature_derived_defaults,0.0029851446195073893,0.00014925723097537064,0.023137732949264644,0.0011568866474632178,0.0012279535032638244,6.139767516319047e-05,3.0,0.0,0.03428661163324536,0.25199235738013026,0.010732737209455381,,,,,,,,,,,,,,,,
0.06805723982597023,0.00375,0.996,0.00025,-0.000316069956170395,0.08568083494901657,0.0005455943670379308,0.002166666618237893,0.851547541220983,0.0,0.0,0.0,0.0,0.0,0.0,0.027234045669209044,1.4395837783813477,publication,0.6363885402679443,5.118115663528442,0.8279544681569978,0.933064088805404,200,1.160472105455683,3.1648992337286472,0.011887201806530356,0.8279544681569977,0.9330640915594995,219.98180694580077,mobile,0.0009117095689515986,0.0015134707217133547,10.999090755461287,10.999090755461287,system,0.0,70,0.9330640915594995,0.05919985622666795,meta_train_support,3,MARGO-SPLIT-v1,20,20,80,3,71,0.0,0.2,20,10,0.0005,0.0005,mrlco_first_order_mean_pseudogradient,fixed_literature_derived_defaults,0.002943100329091792,0.00014715501645459067,0.022811849386598942,0.0011405924693299596,0.0012106583834995451,6.0532919174977745e-05,3.0,0.0,0.03443376664969995,0.2531329498494602,0.010793270128630359,,,,,,,,,,,,,,,,
0.04695935437559669,0.0035,0.99525,0.00125,-0.0010048480471596122,0.02677820809185505,0.0023864321321942347,0.0028333333010474833,0.4801089831938346,0.0,0.0,0.0,0.0,0.0,0.0,0.03108833601921611,1.4745749235153198,publication,0.6649396419525146,5.158635854721069,0.40524150975591267,0.45543718565291785,200,0.6505259754522935,1.9524970520287752,0.04030516481725499,0.4052415097559126,0.4554371730796993,428.0620955276489,mobile,0.0022465966573948517,0.008359945023968557,21.40310578284228,21.40310578284228,system,0.0,71,0.4554371730796993,0.03441370787016205,meta_train_support,3,MARGO-SPLIT-v1,20,20,80,3,72,0.0,0.2,20,10,0.0005,0.0005,mrlco_first_order_mean_pseudogradient,fixed_literature_derived_defaults,0.002902223935632184,0.00014511119678160822,0.022495018145118402,0.0011247509072559447,0.0011938436837287182,5.969218418643528e-05,3.0,0.0,0.03457887784648156,0.25425770075671617,0.010852962312816794,,,,,,,,,,,,,,,,
0.06019510761683945,0.00225,0.9965,0.00125,-0.00014259954332374036,0.059660911560058594,0.0012045164122885883,0.0019999999552965165,0.972921521278719,0.0,0.0,0.0,0.0,0.0,0.0,0.021593665450596437,1.6323546171188354,publication,0.6943409442901611,4.619739770889282,0.9049930257799188,1.0199471652472858,200,0.6908008539925036,2.0522431870922446,0.07025958504527807,0.9049930257799186,1.019947185665369,864.7595579147339,mobile,0.0006192794619971087,0.0009210633789178318,43.23797722427257,43.23797722427257,system,0.0,72,1.019947185665369,0.045261244679356924,meta_train_support,3,MARGO-SPLIT-v1,20,20,80,3,73,0.0,0.2,20,10,0.0005,0.0005,mrlco_first_order_mean_pseudogradient,fixed_literature_derived_defaults,0.00286246744336325,0.00014312337216815935,0.02218686721162363,0.001109343360581161,0.0011774896606639412,5.88744830331972e-05,3.0,0.0,0.03472200121864972,0.2553670441172973,0.010911836795849991,,,,,,,,,,,,,,,,
0.06195965854211548,0.00425,0.9945,0.00125,-0.00025688743335194886,0.040509287267923355,0.0016254543304967228,0.003083333279937506,0.8975595934937399,0.0,0.0,0.0,0.0,0.0,0.0,0.024938070934662496,1.713763952255249,publication,0.6730577945709229,5.280516862869263,0.6993974338531084,0.7898824869137934,200,0.8743620482522142,2.3581184080103412,0.021378937100962503,0.6993974338531083,0.7898824638780206,499.68722467422486,mobile,0.000787217473751398,0.0012890905926284638,24.98436052851429,24.98436052851429,system,0.0,73,0.7898824638780206,0.04798368025839096,meta_train_support,3,MARGO-SPLIT-v1,20,20,80,3,74,0.0,0.2,20,10,0.0005,0.0005,mrlco_first_order_mean_pseudogradient,fixed_literature_derived_defaults,0.002823785450885368,0.00014118927254427177,0.021887044681736825,0.0010943522340868261,0.0011615776382225367,5.807888191112706e-05,3.0,0.0,0.03486319049119399,0.25646139635138415,0.010969915677761118,,,,,,,,,,,,,,,,
0.04878532862917467,0.00325,0.99625,0.0005,-0.0008857324137352407,0.012617547996342182,0.0010862069350575138,0.002333333281179269,0.38348431003590433,0.0,0.0,0.0,0.0,0.0,0.0,0.032481931860566866,1.4891856908798218,publication,0.5700516700744629,3.465066909790039,0.2919461722704858,0.3270841447060286,200,0.3851834803859223,1.0139282746240497,0.030477034273644676,0.2919461722704858,0.3270841418020427,574.3164665985107,mobile,0.0008000122147783762,0.001786393207691845,28.7158217198333,28.7158217198333,system,0.0,74,0.3270841418020427,0.036256579791414806,meta_train_support,3,MARGO-SPLIT-v1,20,20,80,3,75,0.0,0.2,20,10,0.0005,0.0005,mrlco_first_order_mean_pseudogradient,fixed_literature_derived_defaults,0.0027861349782068966,0.00013930674891034223,0.021595217419313667,0.0010797608709656736,0.0011460899363795695,5.730449681897766e-05,3.0,0.0,0.03500249724010433,0.2575411572223498,0.011027220174580096,,,,,,,,,,,,,,,,
0.0588423471747551,0.0025,0.997,0.0005,-0.00023384482483379543,0.043033067137002945,0.0009595290621386235,0.0016666666294137638,0.9083922428389389,0.0,0.0,0.0,0.0,0.0,0.0,0.020630449319534852,1.5319418907165527,publication,0.6488029956817627,4.709398031234741,0.944787741646777,1.0656620299584756,200,0.6270883444402365,2.0793811790645123,0.06485949135094415,0.944787741646777,1.0656620097532867,968.1504042816163,mobile,7.745965645948003e-05,7.745965645948003e-05,48.407516592374385,48.407516592374385,system,0.0,75,1.0656620097532867,0.039911252401803765,meta_train_support,3,MARGO-SPLIT-v1,20,20,80,3,76,0.0,0.2,20,10,0.0005,0.0005,mrlco_first_order_mean_pseudogradient,fixed_literature_derived_defaults,0.002749475307441016,0.00013747376537204953,0.02131106982169112,0.0010655534910845588,0.001131009805637733,5.655049028188697e-05,3.0,0.0,0.03513997100547638,0.2586067107134344,0.011083770664861983,,,,,,,,,,,,,,,,
0.07141887402438794,0.00075,0.999,0.00025,-0.0003032429958693683,0.0699257180094719,0.00036911665438902713,0.0004999999888241291,0.9939496224125227,0.0,0.0,0.0,0.0,0.0,0.0,0.016090341103981824,1.5854192972183228,publication,0.6570188999176025,5.225811243057251,0.9035100681595787,1.0161960308963898,200,0.8588952781893917,2.850341705372557,0.004013819852843881,0.9035100681595788,1.016196014485322,937.3784858703614,mobile,0.0010643006417920902,0.0016844162543213851,46.86892453006131,46.86892453006131,system,0.0,76,1.016196014485322,0.04811104349600666,meta_train_support,3,MARGO-SPLIT-v1,20,20,80,3,77,0.0,0.2,20,10,0.0005,0.0005,mrlco_first_order_mean_pseudogradient,fixed_literature_derived_defaults,0.0027137678359158085,0.00013568839179579212,0.021034302681149676,0.001051715134057496,0.0011163213666034767,5.5816068330173316e-05,3.0,0.0,0.035275659397272174,0.2596584258474919,0.011139586733192156,,,,,,,,,,,,,,,,
0.06543533480594506,0.00325,0.99575,0.001,-0.0004529077559709549,0.021960142999887466,0.0013083779566268087,0.002666666638106108,0.725271979874621,0.0,0.0,0.0,0.0,0.0,0.0,0.022132811455477564,1.5344858169555664,publication,0.6114010810852051,3.3832058906555176,0.603410041181947,0.680225151700015,200,0.7317003828426806,2.1344179678708315,-0.004077585297636688,0.6034100411819469,0.6802251579612494,384.534955329895,mobile,0.0038224855630735093,0.004295387654990048,19.226747742554725,19.226747742554725,system,0.0,77,0.6802251579612494,0.048706510712239755,meta_train_support,3,MARGO-SPLIT-v1,20,20,80,3,78,0.0,0.2,20,10,0.0005,0.0005,mrlco_first_order_mean_pseudogradient,fixed_literature_derived_defaults,0.0026789759405835543,0.00013394879702918056,0.02076463213395545,0.0010382316066977482,0.0011020095542111244,5.5100477710555776e-05,3.0,0.0,0.035409608194301355,0.26069665745418963,0.011194687210902712,,,,,,,,,,,,,,,,
0.0870724409963862,0.00075,0.99875,0.0005,-0.00040039108716882765,0.32326647639274597,0.0001777580193883447,0.0005833333202948173,1.399359367787838,0.0,0.0,0.0,0.0,0.0,0.0,0.015185418726211812,1.430489420890808,publication,0.5578064918518066,3.2888097763061523,1.0983908392634063,1.2385339184849362,200,1.2008826597497306,3.882478737272322,0.05086982308421284,1.0983908392634063,1.2385338986106218,167.61378992080688,mobile,0.001029537858922607,0.0015476568040834865,8.38068894736154,8.38068894736154,system,0.0,78,1.2385338986106218,0.05575967338804848,meta_train_support,3,MARGO-SPLIT-v1,20,20,80,3,79,0.0,0.2,20,10,0.0005,0.0005,mrlco_first_order_mean_pseudogradient,fixed_literature_derived_defaults,0.0026450648527280665,0.00013225324263640287,0.020501788689221836,0.0010250894344611128,0.0010880600661831356,5.440300330915651e-05,3.0,0.0,0.03554186143693776,0.26172174688865074,0.011249090214211869,,,,,,,,,,,,,,,,
0.053055718356720794,0.00375,0.9955,0.00075,-0.002699392382055521,0.00929440651088953,0.0016637503835454485,0.0029166666014740867,0.4561788782477379,0.0,0.0,0.0,0.0,0.0,0.0,0.02331534285810033,0.947026252746582,publication,0.6447138786315918,5.545492887496948,0.20840479152431024,0.2329875650394706,200,0.3036886822098233,1.0931529109366238,0.026837996701942757,0.2084047915243102,0.2329875727277249,351.0996227455139,mobile,0.0030128616445066632,0.010935894501525328,17.554982892599707,17.554982892599707,system,0.0,79,0.2329875727277249,0.04569799496430629,meta_train_support,3,MARGO-SPLIT-v1,20,20,80,3,80,0.0,0.2,20,10,0.0005,0.0005,mrlco_first_order_mean_pseudogradient,fixed_literature_derived_defaults,0.0026120015420689653,0.00013060007710345017,0.020245516330606565,0.0010122758165303503,0.0010744593153558463,5.3722965767792966e-05,3.0,0.0,0.03567246151404121,0.2627340227051811,0.011302813179979661,,,,,,,,,,,,,,,,
0.05454398459104046,0.002,0.99725,0.00075,-0.0010465929517522454,0.12032061070203781,0.0008853888362926445,0.0017499999608844518,1.033145370086034,0.0,0.0,0.0,0.0,0.0,0.0,0.015165211094882622,1.3317418098449707,publication,0.6483759880065918,5.160080432891846,0.842524269916427,0.9473612086178946,200,0.8853404856531986,2.7156144777545705,0.05512162361992523,0.842524269916427,0.9473611934669316,503.4866018295288,mobile,0.00088513964943699,0.004138511833147691,25.174330146197025,25.174330146197025,system,0.0,80,0.9473611934669316,0.03984101107575277,meta_train_support,3,MARGO-SPLIT-v1,20,20,80,3,81,0.0,0.2,20,10,0.0005,0.0005,mrlco_first_order_mean_pseudogradient,fixed_literature_derived_defaults,0.00257975460945083,0.00012898773047254064,0.01999557168454969,0.0009997785842275064,0.0010611943855366383,5.305971927683194e-05,3.0,0.0,0.03580144924451375,0.2637338012894086,0.011355872899256493,,,,,,,,,,,,,,,,
0.0672003399231809,0.002,0.9975,0.0005,-0.002016034908592701,0.019604463130235672,0.0005171428043717323,0.0014999999664723873,0.7264475598931314,0.0,0.0,0.0,0.0,0.0,0.0,0.018758859607991406,1.4816778898239136,publication,0.661729097366333,4.902918577194214,0.5261741340636501,0.5919221113841376,200,0.796605866712844,2.314167474396527,-0.06757278041914105,0.5261741340636503,0.5919221378862858,152.88844800949096,mobile,0.003084185777127905,0.005225556528111614,7.644422064588488,7.644422064588488,system,0.0,81,0.5919221378862858,0.05543412802027531,meta_train_support,3,MARGO-SPLIT-v1,20,20,80,3,82,0.0,0.2,20,10,0.0005,0.0005,mrlco_first_order_mean_pseudogradient,fixed_literature_derived_defaults,0.0025482941873843567,0.00012741470936921545,0.019751723249372258,0.0009875861624686344,0.0010482529905910696,5.241264952955335e-05,3.0,0.0,0.035928863953882964,0.26472138745187723,0.011408285548786047,,,,,,,,,,,,,,,,
0.07565892043865077,0.00275,0.997,0.00025,-0.000868136587087065,0.025814197957515717,0.0011753271399948418,0.0017499999608844522,0.6602557716270288,0.0,0.0,0.0,0.0,0.0,0.0,0.0158735232801433,1.4788670539855957,publication,0.6691982746124268,5.2200846672058105,0.5635841606866747,0.6337492974635824,200,0.5650244729573152,1.6163129983469844,0.047868456051219255,0.5635841606866746,0.6337493164464831,142.70172706604004,mobile,0.002329961548668112,0.003442806595237643,7.135086175278412,7.135086175278412,system,0.0,82,0.6337493164464831,0.05490858255101738,meta_train_support,3,MARGO-SPLIT-v1,20,20,80,3,83,0.0,0.2,20,10,0.0005,0.0005,mrlco_first_order_mean_pseudogradient,fixed_literature_derived_defaults,0.0025175918477773162,0.00012587959238886254,0.01951375068010271,0.0009756875340051208,0.0010356234364875627,5.1781171824378386e-05,3.0,0.0,0.03605474354627183,0.26569707498588235,0.011460066720610425,,,,,,,,,,,,,,,,
0.05422992446428473,0.00175,0.9975,0.00075,-9.545853390591219e-05,0.06138533353805542,0.0010595886106627539,0.001249999972060323,0.7761494437853496,0.0,0.0,0.0,0.0,0.0,0.0,0.019791232534965498,1.4885631799697876,publication,0.6506297588348389,5.07975172996521,0.6392999627771451,0.7187920870638118,200,0.9455285477723108,3.2347957007586956,0.0564012449758593,0.6392999627771451,0.7187920969352126,575.6851346588135,mobile,0.001245041889473219,0.0030127264780439728,28.784255639005146,28.784255639005146,system,0.0,83,0.7187920969352126,0.04125351458964498,meta_train_support,3,MARGO-SPLIT-v1,20,20,80,3,84,0.0,0.2,20,10,0.0005,0.0005,mrlco_first_order_mean_pseudogradient,fixed_literature_derived_defaults,0.0024876205162561575,0.00012438102581281002,0.019281444124387204,0.0009640722062193574,0.001023294586053187,5.1164729302659306e-05,3.0,0.0,0.03617912457208464,0.2666611471921017,0.011511231449913084,,,,,,,,,,,,,,,,
0.057715798959318595,0.003,0.9965,0.0005,-0.003425633069127798,0.008360904641449451,0.0014016811381528291,0.0022499999807526665,0.3385194883992275,0.0,0.0,0.0,0.0,0.0,0.0,0.026691191119670533,0.8064814209938049,publication,0.6757497787475586,5.189055442810059,0.19555086867359658,0.2191755266036307,200,0.26143017262682233,0.8679427960887551,-0.018809134024195373,0.19555086867359664,0.21917552154744044,759.2681910800934,mobile,0.008698313351899196,0.01366949461040028,37.963407465880636,37.963407465880636,system,0.0,84,0.21917552154744044,0.05183603562424006,meta_train_support,3,MARGO-SPLIT-v1,20,20,80,3,85,0.0,0.2,20,10,0.0005,0.0005,mrlco_first_order_mean_pseudogradient,fixed_literature_derived_defaults,0.002458354392535497,0.000122917719626775,0.019054603605276766,0.0009527301802638166,0.001011255826217267,5.0562791310862845e-05,3.0,0.0,0.03630204229171141,0.2676138773723655,0.011561794241223947,,,,,,,,,,,,,,,,
0.06483267370301662,0.005,0.993,0.002,0.0003744606801774353,0.021000627428293228,0.0027706124923740326,0.004249999982615312,0.7274983904014031,0.0,0.0,0.0,0.0,0.0,0.0,0.02621112843468535,1.379564881324768,publication,0.5931365489959717,4.513324499130249,0.6016953955371638,0.6771537823088875,200,0.7586554576991906,1.8328778510913253,0.015712550899479538,0.601695395537164,0.677153784763068,334.0127350997925,mobile,0.0011326585421074125,0.001207293612861714,16.700636492828192,16.700636492828192,system,0.0,85,0.677153784763068,0.047723169464956784,meta_train_support,3,MARGO-SPLIT-v1,20,20,80,3,86,0.0,0.2,20,10,0.0005,0.0005,mrlco_first_order_mean_pseudogradient,fixed_literature_derived_defaults,0.002429768876343224,0.00012148844381715956,0.018833038447075873,0.0009416519223537922,0.0009994970375403222,4.997485187701635e-05,3.0,0.0,0.03642353073552857,0.2685555292947193,0.011611769093100964,,,,,,,,,,,,,,,,
0.049061450963365213,0.00325,0.995,0.00175,-0.00139922508969903,0.026891697198152542,0.002005795716889243,0.0033333332898716128,0.5327990023419262,0.0,0.0,0.0,0.0,0.0,0.0,0.03381053493770351,1.3450714349746704,publication,0.6455199718475342,5.075978517532349,0.5033907556529581,0.5658419472976675,200,0.7093920567461819,1.9050108790397644,0.0316710054903524,0.5033907556529581,0.565841954536736,587.0211333465576,mobile,9.553908362565938e-05,0.0002812926084212618,29.351058897853886,29.351058897853886,system,0.0,86,0.565841954536736,0.035115620867804426,meta_train_support,3,MARGO-SPLIT-v1,20,20,80,3,87,0.0,0.2,20,10,0.0005,0.0005,mrlco_first_order_mean_pseudogradient,fixed_literature_derived_defaults,0.002401840498454221,0.00012009202492271193,0.018616566740787644,0.000930828337039391,0.0009880085658444564,4.940042829222266e-05,3.0,0.0,0.03654362276045128,0.2694863576317587,0.011661169521393186,,,,,,,,,,,,,,,,
0.0607592321738077,0.00425,0.99475,0.001,-0.0028317333199083805,0.011074761860072613,0.0026771420971158253,0.0032499999273568393,0.4537176129718622,0.0,0.0,0.0,0.0,0.0,0.0,0.032167828937608604,1.4134032726287842,publication,0.6116526126861572,5.478752374649048,0.4294710336010944,0.482472137670411,200,0.7195716253234831,2.120802379678935,0.07726662390632555,0.42947103360109445,0.48247216392308473,236.32460216522216,mobile,2.9862779704727896e-05,2.9862779704727896e-05,11.816229833210105,11.816229833210105,system,0.0,87,0.48247216392308473,0.05037685833451764,meta_train_support,3,MARGO-SPLIT-v1,20,20,80,3,88,0.0,0.2,20,10,0.0005,0.0005,mrlco_first_order_mean_pseudogradient,fixed_literature_derived_defaults,0.002374546856426332,0.00011872734282131897,0.018405014846005967,0.0009202507423002881,0.0009767811957780421,4.8839059788901434e-05,3.0,0.0,0.0366623501032726,0.270406608374059,0.011710008581182088,,,,,,,,,,,,,,,,
0.05917956783063797,0.00325,0.996,0.00075,-0.0004269309574738145,0.01825498603284359,0.0013676311813339242,0.0024999999441206455,0.6350958420584598,0.0,0.0,0.0,0.0,0.0,0.0,0.017748105620394358,1.363171100616455,publication,0.6028883457183838,5.238168478012085,0.6658382097948273,0.7517939713943815,200,0.7585621053130993,2.206304206047207,0.05249850111431442,0.6658382097948272,0.7517939782515168,345.9078290939331,mobile,0.00030355588647251313,0.0003838248633160516,17.29539146777477,17.29539146777477,system,0.0,88,0.7517939782515168,0.048254264202947574,meta_train_support,3,MARGO-SPLIT-v1,20,20,80,3,89,0.0,0.2,20,10,0.0005,0.0005,mrlco_first_order_mean_pseudogradient,fixed_literature_derived_defaults,0.002347866554668733,0.00011739332773343797,0.01819821692638792,0.0009099108463194172,0.0009658061261625585,4.829030630812761e-05,3.0,0.0,0.03677974343100604,0.2713165192203784,0.011758298887490215,,,,,,,,,,,,,,,,
0.07409925603405769,0.0015,0.99775,0.00075,-0.00018733284377958626,0.01833311654627323,0.0005892252807863653,0.0014166666350016992,0.6502042171855769,0.0,0.0,0.0,0.0,0.0,0.0,0.013134480399531658,1.45087730884552,publication,0.6546633243560791,5.2898523807525635,0.5882331782033313,0.662072975207775,200,0.68468905193334,2.0404472363879904,0.049149125727126375,0.5882331782033313,0.6620729750953614,401.218993434906,mobile,0.0005736320040874574,0.000686355835500635,20.06094910974057,20.06094910974057,system,0.0,89,0.6620729750953614,0.04805549877441437,meta_train_support,3,MARGO-SPLIT-v1,20,20,80,3,90,0.0,0.2,20,10,0.0005,0.0005,mrlco_first_order_mean_pseudogradient,fixed_literature_derived_defaults,0.002321779148505747,0.00011608895742528519,0.017996014516094724,0.0008998007258047558,0.0009550749469829746,4.775374734914892e-05,3.0,0.0,0.036895832388431325,0.27221631994618317,0.011806052634839364,,,,,,,,,,,,,,,,
0.06636579004930124,0.0005,0.99925,0.00025,-0.0006631984724663198,0.02037452720105648,0.00034162004446833076,0.0004999999888241291,0.678339244922002,0.0,0.0,0.0,0.0,0.0,0.0,0.011075361796120127,1.438252329826355,publication,0.6438930034637451,5.500290393829346,0.48621173688188213,0.5473662307477207,200,0.5903818335959193,1.4464417900890112,-0.01481703296303749,0.48621173688188213,0.5473662251792848,205.91744661331177,mobile,0.001703199254880273,0.001971804272792931,10.295872244865713,10.295872244865713,system,0.0,90,0.5473662251792848,0.04927466567432198,meta_train_support,3,MARGO-SPLIT-v1,20,20,80,3,91,0.0,0.2,20,10,0.0005,0.0005,mrlco_first_order_mean_pseudogradient,fixed_literature_derived_defaults,0.002296265091928761,0.00011481325459643948,0.017798256114818955,0.0008899128057409667,0.0009445796178952496,4.722898089476284e-05,3.0,0.0,0.037010645643027765,0.27310623275192414,0.011853281615734127,,,,,,,,,,,,,,,,
0.05264417314912029,0.0015,0.99825,0.00025,-0.00018410141638014466,0.1410689353942871,0.001443833645900646,0.0010833333091189465,0.8500722337514162,0.0,0.0,0.0,0.0,0.0,0.0,0.007375974262732616,1.275033712387085,publication,0.679856538772583,5.297290563583374,0.5089766861132174,0.5730223449824553,200,0.7288235349573774,2.6220385981723666,0.05265353637514636,0.5089766861132174,0.5730223364196718,554.3849876499175,mobile,0.0004821402186202382,0.0008068897788572386,27.719252274977965,27.719252274977965,system,0.0,91,0.5730223364196718,0.04176589436989481,meta_train_support,3,MARGO-SPLIT-v1,20,20,80,3,92,0.0,0.2,20,10,0.0005,0.0005,mrlco_first_order_mean_pseudogradient,fixed_literature_derived_defaults,0.0022766496612560655,0.00011383248306280624,0.017625125072162243,0.0008812562536081314,0.0009343124481355186,4.6715622406776416e-05,3.0,0.0,0.03712447812609057,0.27398748900553227,0.011899997238140904,,,,,,,,,,,,,,,,
0.059436899461745664,0.0,0.99975,0.00025,-7.205946167232469e-05,0.17860206961631775,0.0001135322044210916,0.00016666666294137638,1.1975435060759385,0.0,0.0,0.0,0.0,0.0,0.0,0.003083380546851114,1.3496909141540527,publication,0.6698808670043945,4.399434328079224,0.9402217195769026,1.055679144703463,200,0.912726831005544,2.9345163172110915,0.05038936989149079,0.9402217195769028,1.055679164007306,828.2207043075562,mobile,2.0332138044058295e-05,2.0332138044058295e-05,41.41103461055675,41.41103461055675,system,0.0,92,1.055679164007306,0.043384280909579284,meta_train_support,3,MARGO-SPLIT-v1,20,20,80,3,93,0.0,0.2,20,10,0.0005,0.0005,mrlco_first_order_mean_pseudogradient,fixed_literature_derived_defaults,0.0022521695573715916,0.0001126084778685782,0.017435607598268028,0.0008717803799134227,0.0009242660777254593,4.6213303886273593e-05,3.0,0.0,0.03723708660395915,0.2748592693854457,0.011946210542027177,,,,,,,,,,,,,,,,
0.04965712624339536,0.00025,0.99975,0.0,-8.402834282605909e-06,0.14602279663085938,0.00040022896023736616,0.00016666666294137638,0.9166551922758421,0.0,0.0,0.0,0.0,0.0,0.0,0.003157214460446994,1.351519227027893,publication,0.6241092681884766,5.225995063781738,0.8110794115978902,0.9126680061096522,200,1.1149919234672951,3.465685044415295,0.049979724433796946,0.8110794115978901,0.9126679915376008,344.6889255523682,mobile,2.1967844295919373e-05,2.1967844295919373e-05,17.234445721028678,17.234445721028678,system,0.0,93,0.9126679915376008,0.038482022482814536,meta_train_support,3,MARGO-SPLIT-v1,20,20,80,3,94,0.0,0.2,20,10,0.0005,0.0005,mrlco_first_order_mean_pseudogradient,fixed_literature_derived_defaults,0.0022282103067612557,0.00011141051533806318,0.01725012241105241,0.0008625061205526086,0.0009144334598773161,4.57216729938658e-05,3.0,0.0,0.03734849711929721,0.2757217755059983,0.011991932215021043,,,,,,,,,,,,,,,,
0.06665987912003643,0.0005,0.9995,0.0,-5.9740868891822174e-05,0.3662225306034088,0.00027030416467304876,0.00033333332588275275,1.3034354025498032,0.0,0.0,0.0,0.0,0.0,0.0,0.002698746712411733,1.273310661315918,publication,0.6707303524017334,5.173144578933716,0.858576399026183,0.9665344964705582,200,1.19604997088764,3.430010096170008,0.04981881327694282,0.8585763990261832,0.9665345054119825,218.66196575164795,mobile,0.0,0.0,10.933097791701732,10.933097791701732,system,0.0,94,0.9665345054119825,0.04513139654513844,meta_train_support,3,MARGO-SPLIT-v1,20,20,80,3,95,0.0,0.2,20,10,0.0005,0.0005,mrlco_first_order_mean_pseudogradient,fixed_literature_derived_defaults,0.0022047554614269267,0.00011023777307134913,0.017068542175146594,0.0008534271087573542,0.0009048078445101864,4.524039222550923e-05,3.0,0.0,0.03745873489236856,0.27657520261475566,0.012037172607246552,,,,,,,,,,,,,,,,
0.06920474196284697,0.0,1.0,0.0,-1.9394794435356744e-05,0.03285510092973709,-9.410957071502117e-10,0.0,1.0121700825790565,0.0,0.0,0.0,0.0,0.0,0.0,0.0016246216760717183,1.3817216157913208,publication,0.6150054931640625,4.920695543289185,0.811140814071707,0.9143032339692582,200,0.6523713570647787,1.8765298393554986,0.04919536382658407,0.8111408140717071,0.9143032539635897,677.7700988769532,mobile,0.0,0.0,33.88850288723591,33.88850288723591,system,0.0,95,0.9143032539635897,0.04163028954506142,meta_train_support,3,MARGO-SPLIT-v1,20,20,80,3,96,0.0,0.2,20,10,0.0005,0.0005,mrlco_first_order_mean_pseudogradient,fixed_literature_derived_defaults,0.0021817892587037294,0.0001090894629351899,0.016890744860822152,0.0008445372430411213,0.0008953827627965386,4.476913813982776e-05,3.0,0.0,0.03756782435530375,0.2774197398577968,0.01208194174538638,,,,,,,,,,,,,,,,
0.04782813605388948,0.00025,0.99975,0.0,-5.180737207410857e-05,0.0779590979218483,0.0003622060163760224,0.00016666666294137638,0.8042460549622774,0.0,0.0,0.0,0.0,0.0,0.0,0.002023033400596135,1.4523025751113892,publication,0.6306238174438477,5.327086448669434,0.3713415896992924,0.41632592937558,200,0.7179161269415647,2.386126609519124,0.043563453073147684,0.37134158969929254,0.41632592713460326,224.02177490234374,mobile,0.00010563990905187187,0.00010563990905187187,11.201088449633719,11.201088449633719,system,0.0,96,0.41632592713460326,0.03390802995241693,meta_train_support,3,MARGO-SPLIT-v1,20,20,80,3,97,0.0,0.2,20,10,0.0005,0.0005,mrlco_first_order_mean_pseudogradient,fixed_literature_derived_defaults,0.002159296585933588,0.000107964829296682,0.016716613470504398,0.0008358306735252174,0.0008861520126646155,4.4307600633231026e-05,3.0,0.0,0.03767578918460043,0.278255570531322,0.012126249346019611,,,,,,,,,,,,,,,,
0.052045772346963746,0.0,1.0,0.0,-4.787882517121034e-06,0.022848891094326973,-4.540320330814752e-09,0.0,0.8600344056263566,0.0,0.0,0.0,0.0,0.0,0.0,0.0013319691386263744,1.4801287651062012,publication,0.6733503341674805,5.394432306289673,0.4599493415705476,0.5173513233570975,200,0.49336111994319953,1.450202356558293,0.03717272877793221,0.4599493415705476,0.5173513381928205,780.9169156265259,mobile,6.310188744587714e-06,0.00023621482481057674,39.04584488485377,39.04584488485377,system,0.0,97,0.5173513381928205,0.0372561304974051,meta_train_support,3,MARGO-SPLIT-v1,20,20,80,3,98,0.0,0.2,20,10,0.0005,0.0005,mrlco_first_order_mean_pseudogradient,fixed_literature_derived_defaults,0.0021372629473016126,0.00010686314736507718,0.01654603578202986,0.0008273017891015089,0.000877109645188446,4.385548225942226e-05,3.0,0.0,0.03778265233196551,0.2790828723204235,0.012170104828279033,,,,,,,,,,,,,,,,
0.052505313246824656,0.00025,0.99975,0.0,-2.207131365139503e-05,0.021004922688007355,0.0005821095425051326,0.00016666666294137638,0.8392064027488233,0.0,0.0,0.0,0.0,0.0,0.0,0.0013647979728705325,1.5756367444992065,publication,0.6517882347106934,5.277212381362915,0.5130666888631584,0.5772700597949734,200,0.5949512461661524,1.7173525979742408,0.07439194078324363,0.5130666888631584,0.5772700475156307,718.5800128173828,mobile,0.0004443312455518814,0.00091529013667635,35.92900112482941,35.92900112482941,system,0.0,98,0.5772700475156307,0.03759061910665769,meta_train_support,3,MARGO-SPLIT-v1,20,20,80,3,99,0.0,0.2,20,10,0.0005,0.0005,mrlco_first_order_mean_pseudogradient,fixed_literature_derived_defaults,0.0021156744326824043,0.0001057837216341187,0.016378904107463906,0.0008189452053731783,0.0008682499518027041,4.341249759013538e-05,3.0,0.0,0.03788843605359963,0.2799018175257967,0.012213517325869169,,,,,,,,,,,,,,,,
0.055524413749743186,0.00025,0.99975,0.0,-6.283809398155427e-06,0.027084285393357277,3.4563633373248706e-05,8.333333147068819e-05,0.9973698765039443,0.0,0.0,0.0,0.0,0.0,0.0,0.001303287963877405,1.4955178499221802,publication,0.6801836490631104,4.678592920303345,0.6376421077834208,0.7180171496991534,200,0.704607209049076,2.260029624449089,0.05148554785409942,0.6376421077834209,0.7180171586573124,858.9388744354249,mobile,0.0005958477434442029,0.0005958477434442029,42.946943484864306,42.946943484864306,system,0.0,99,0.7180171586573124,0.044287194001142775,meta_train_support,3,MARGO-SPLIT-v1,20,20,80,3,100,0.0,0.2,20,10,0.0005,0.0005,mrlco_first_order_mean_pseudogradient,fixed_literature_derived_defaults,0.00209451768835558,0.00010472588441778202,0.016215115066389264,0.0008107557533194587,0.0008595674522846771,4.297837261423368e-05,3.0,0.0,0.03799316193801741,0.28071257327911614,0.012256495698483402,,,,,,,,,,,,,,,,
0.04858811973502365,0.00025,0.99975,0.0,-3.3177249861182645e-05,0.03687894716858864,8.534861505786195e-05,0.00016666666294137638,0.7462650920574865,0.0,0.0,0.0,0.0,0.0,0.0,0.0016638919755941233,1.4495277404785156,publication,0.6693778038024902,5.354460954666138,0.5023150162583825,0.5638744297339144,200,0.6840601423789475,2.0456903055746807,0.049340892874170095,0.5023150162583825,0.5638744362443685,559.5233545684814,mobile,0.00010115644869531238,0.00010115644869531238,27.97616874639052,27.97616874639052,system,0.0,100,0.5638744362443685,0.037510569382523305,meta_train_support,3,MARGO-SPLIT-v1,20,20,80,3,101,0.0,0.2,20,10,0.0005,0.0005,mrlco_first_order_mean_pseudogradient,fixed_literature_derived_defaults,0.0020737798894609706,0.00010368899447305013,0.016054569372662638,0.0008027284686331071,0.0008510568834501753,4.2552844172509194e-05,3.0,0.0,0.03809685093249046,0.28151530174774925,0.012299048542655911,-0.11913844111718123,-0.09588524569589843,0.09588524569589843,0.025,0.2,0.025,0.02625,0.975,0.975,0.0,validation/automotive_lexicographic_v1,automotive_lexicographic_v1,a3bd00d5108237acdb706f561212b5d840bac151f48b5250a61c573d9c9ffb6c,161004412.0,0.09588524569589843,1.0
0.055110756753394316,0.0005,0.9995,0.0,-0.00011676333087962121,0.08134966343641281,0.0002682899247031231,0.00033333332588275275,0.8411106693868835,0.0,0.0,0.0,0.0,0.0,0.0,0.0015330015724531044,1.2928624153137207,publication,0.6511402130126953,4.383363246917725,0.7154180190598031,0.8057716225719196,200,0.9842487516380886,3.1306383677292615,0.0575787226553075,0.7154180190598032,0.8057716242223978,614.1459550094604,mobile,0.0002736613422134295,0.0005348633671187476,30.707298117711183,30.707298117711183,system,0.0,101,0.8057716242223978,0.042492224538583125,meta_train_support,3,MARGO-SPLIT-v1,20,20,80,3,102,0.0,0.2,20,10,0.0005,0.0005,mrlco_first_order_mean_pseudogradient,fixed_literature_derived_defaults,0.0020534487140740983,0.00010267243570370732,0.015897171633714964,0.0007948585816857645,0.0008427131885143894,4.213565942571933e-05,3.0,0.0,0.03819952336819417,0.282310160329435,0.01234118420208163,,,,,,,,,,,,,,,,
0.05351739790495981,0.00025,0.99975,0.0,-0.00010054980521090329,0.06665374338626862,0.00019926220098112182,0.00016666666294137638,1.0030275125056505,0.0,0.0,0.0,0.0,0.0,0.0,0.0013734759079689009,1.3839250802993774,publication,0.6340701580047607,5.2497148513793945,0.8604859825762786,0.9694938344176626,200,1.0292553557993078,3.0423107703682035,0.03630425289156847,0.8604859825762787,0.9694938638061285,539.4746382141113,mobile,0.0027711423591172597,0.0027711423591172597,26.973731563617974,26.973731563617974,system,0.0,102,0.9694938638061285,0.03902564882929939,meta_train_support,3,MARGO-SPLIT-v1,20,20,80,3,103,0.0,0.2,20,10,0.0005,0.0005,mrlco_first_order_mean_pseudogradient,fixed_literature_derived_defaults,0.0020335123187918253,0.00010167561593959346,0.015742830161542976,0.0007871415080771271,0.000834531507072502,4.172657535362473e-05,3.0,0.0,0.03830119898413376,0.28309730183751214,0.012382910777435256,,,,,,,,,,,,,,,,
0.04629052725277767,0.0,1.0,0.0,-3.6253529742680257e-06,0.015409974381327629,-3.927686761014589e-09,0.0,0.6713802595933278,0.0,0.0,0.0,0.0,0.0,0.0,0.0017835198529066365,1.0415486097335815,publication,0.6988368034362793,5.391433000564575,0.39508632597119736,0.44332634304475504,200,0.3855986832014121,1.0300453938543797,0.06188058073166758,0.3950863259711973,0.44332633052021264,998.4271336746216,mobile,0.0001865784082647167,0.0005459024474466234,49.921355817911774,49.921355817911774,system,0.0,103,0.44332633052021264,0.039053350255273324,meta_train_support,3,MARGO-SPLIT-v1,20,20,80,3,104,0.0,0.2,20,10,0.0005,0.0005,mrlco_first_order_mean_pseudogradient,fixed_literature_derived_defaults,0.0020139593157265196,0.00010069796578632273,0.015591456794605062,0.0007795728397302359,0.0008265071656583434,4.1325358282917266e-05,3.0,0.0,0.038401896949920085,0.2838768746772424,0.012424236135718173,,,,,,,,,,,,,,,,
0.05841120080719642,0.0,1.0,0.0,-5.150427114131162e-06,0.021023264154791832,-4.08016772960688e-09,0.0,0.8211917698383331,0.0,0.0,0.0,0.0,0.0,0.0,0.0018424294268033759,1.5123653411865234,publication,0.661968469619751,4.993177175521851,0.6622032111269783,0.7480384085283731,200,0.8203903012133418,2.3069085557945073,0.04618567707075272,0.6622032111269786,0.7480384144932032,448.2485655212402,mobile,7.941239803231311e-07,7.941239803231311e-07,22.41242719017969,22.41242719017969,system,0.0,104,0.7480384144932032,0.0403850755137218,meta_train_support,3,MARGO-SPLIT-v1,20,20,80,3,105,0.0,0.2,20,10,0.0005,0.0005,mrlco_first_order_mean_pseudogradient,fixed_literature_derived_defaults,0.0019947787508148383,9.973893754074148e-05,0.015442966729894538,0.000772148336494749,0.0008186356688425497,4.093178344212814e-05,3.0,0.0,0.038501635887460826,0.2846490230137371,0.012465167919160301,,,,,,,,,,,,,,,,
0.09339505914746996,0.0,1.0,0.0,-6.4954465415212326e-06,0.02880427986383438,-3.212025393809862e-09,0.0,0.9232660956680775,0.0,0.0,0.0,0.0,0.0,0.0,0.0016510724370587878,1.5318119525909424,publication,0.6614780426025391,5.324591159820557,0.8458704112077109,0.9522515219150227,200,0.8028921914313164,2.2738346410915256,0.03703328190022148,0.8458704112077109,0.9522515291906893,223.3964601135254,mobile,5.941101553647809e-05,5.941101553647809e-05,11.169822280366594,11.169822280366594,system,0.0,105,0.9522515291906893,0.06956628953258787,meta_train_support,3,MARGO-SPLIT-v1,20,20,80,3,106,0.0,0.2,20,10,0.0005,0.0005,mrlco_first_order_mean_pseudogradient,fixed_literature_derived_defaults,0.001975960083354321,9.879800416771889e-05,0.015297278364518175,0.0007648639182258887,0.000810912690834601,4.0545634541729395e-05,3.0,0.0,0.038600433891628545,0.285413886931963,0.01250571355370203,,,,,,,,,,,,,,,,
0.04889667029443939,0.00075,0.99875,0.0005,-0.0001127895520767197,0.013828126713633537,0.00039023196771617303,0.0007499999832361937,0.6189815707504749,0.0,0.0,0.0,0.0,0.0,0.0,0.002557101373712323,1.3711493015289307,publication,0.6222968101501465,3.448606014251709,0.36898115256476083,0.4145555914385477,200,0.4022727792340302,1.1044543009484187,0.04876176855759695,0.3689811525647607,0.4145555852353573,871.2131176757813,mobile,6.508935097943024e-05,0.00035312906637008037,43.560655233381404,43.560655233381404,system,0.0,106,0.4145555852353573,0.036392925448538394,meta_train_support,3,MARGO-SPLIT-v1,20,20,80,3,107,0.0,0.2,20,10,0.0005,0.0005,mrlco_first_order_mean_pseudogradient,fixed_literature_derived_defaults,0.0019574931666874584,9.787465833437092e-05,0.015154313146158192,0.0007577156573079225,0.000803334067555773,4.0166703377789506e-05,3.0,0.0,0.038698308549962916,0.28617160258927093,0.01254588025707982,,,,,,,,,,,,,,,,
0.05344476626466429,0.0,1.0,0.0,-2.121605575666763e-05,0.011146416887640953,-4.822309745966535e-09,0.0,0.5565073976914088,0.0,0.0,0.0,0.0,0.0,0.0,0.0026001308711049846,1.4986377954483032,publication,0.6052799224853516,3.420302391052246,0.5249420723017962,0.5916573607679129,200,0.7035793324771991,2.00095969857648,0.042224971315590665,0.5249420723017962,0.5916573543101549,521.4590616989136,mobile,8.722085631640377e-05,8.722085631640377e-05,26.072952444119178,26.072952444119178,system,0.0,107,0.5916573543101549,0.042446375324719184,meta_train_support,3,MARGO-SPLIT-v1,20,20,80,3,108,0.0,0.2,20,10,0.0005,0.0005,mrlco_first_order_mean_pseudogradient,fixed_literature_derived_defaults,0.0019393682299588706,9.696841149794272e-05,0.015013995431841912,0.0007506997715920893,0.0007958957891524788,3.979478945762352e-05,3.0,0.0,0.03879527696146086,0.286922302360863,0.012585675046537443,,,,,,,,,,,,,,,,
0.05757223396287674,0.0,1.0,0.0,-1.760283157636877e-05,0.270786851644516,-1.6410807823774573e-09,0.0,1.1777429147313037,0.0,0.0,0.0,0.0,0.0,0.0,0.002691597153392634,1.4528928995132446,publication,0.6819829940795898,5.27655291557312,1.0252580064655985,1.1578203656671575,200,1.4241104375440283,4.34215728752315,0.056915131940513675,1.0252580064655983,1.157820374146104,749.3409927368164,mobile,0.0,0.0,37.46704648018194,37.46704648018194,system,0.0,108,1.157820374146104,0.05162167933741198,meta_train_support,3,MARGO-SPLIT-v1,20,20,80,3,109,0.0,0.2,20,10,0.0005,0.0005,mrlco_first_order_mean_pseudogradient,fixed_literature_derived_defaults,0.0019215758608766792,9.607879304383143e-05,0.014876252354485564,0.000743812617724271,0.0007885939929217221,3.9429699646086405e-05,3.0,0.0,0.03889135575450469,0.2876661149785873,0.01262510474618353,,,,,,,,,,,,,,,,
0.06498418558425642,0.00025,0.99925,0.0005,-5.657021392835304e-05,0.059196777641773224,0.0012994999108348116,0.0004999999888241291,0.6222487278282643,0.0,0.0,0.0,0.0,0.0,0.0,0.003541787385742308,1.3319402933120728,publication,0.6781291961669922,4.348370552062988,0.4285755138323524,0.4819352363188591,200,1.2361277930277874,4.189409363549203,0.030579667421989143,0.4285755138323523,0.4819352271221578,103.90892429351807,mobile,0.0003012369552866424,0.0005827570770415251,5.19544653664617,5.19544653664617,system,0.0,109,0.4819352271221578,0.05280183118653087,meta_train_support,3,MARGO-SPLIT-v1,20,20,80,3,110,0.0,0.2,20,10,0.0005,0.0005,mrlco_first_order_mean_pseudogradient,fixed_literature_derived_defaults,0.001904106989414164,9.52053494707103e-05,0.014741013696717514,0.0007370506848358716,0.0007814249566224337,3.907124783112184e-05,3.0,0.0,0.0389865611039754,0.28840316566342317,0.012664175994014652,,,,,,,,,,,,,,,,
0.0646188241451428,0.001,0.999,0.0,-9.962882904801518e-05,0.0310982558876276,0.00043102640831114877,0.0006666666517655055,0.6195882064600785,0.0,0.0,0.0,0.0,0.0,0.0,0.003901959982026962,1.4392931461334229,publication,0.6392672061920166,4.970451593399048,0.7282667710050105,0.8215885082010936,200,0.6744351754005935,1.695757469162345,0.02657544001704082,0.7282667710050105,0.8215885062329471,510.951404876709,mobile,0.00019684107426138305,0.00034363895117187955,25.547571807062162,25.547571807062162,system,0.0,110,0.8215885062329471,0.040839970763775525,meta_train_support,3,MARGO-SPLIT-v1,20,20,80,3,111,0.0,0.2,20,10,0.0005,0.0005,mrlco_first_order_mean_pseudogradient,fixed_literature_derived_defaults,0.0018869528723924147,9.43476436196175e-05,0.01460821177152186,0.0007304105885760914,0.0007743850921483578,3.871925460741804e-05,3.0,0.0,0.03908090874759502,0.28913357625199926,0.01270289524862207,,,,,,,,,,,,,,,,
0.0706632773040863,0.0005,0.99925,0.00025,-8.30960925668478e-05,0.08362869918346405,0.0001090308370238528,0.0004999999888241291,0.9528756675620874,0.0,0.0,0.0,0.0,0.0,0.0,0.0041535868326223364,1.408085584640503,publication,0.6733748912811279,5.049229621887207,0.8175682934644797,0.9213562668602663,200,0.9119256442500658,2.3596755107864738,0.0365706527227303,0.8175682934644797,0.9213562829978764,221.19039848327637,mobile,0.00010183987716254335,0.00010183987716254335,11.05952013726911,11.05952013726911,system,0.0,111,0.9213562829978764,0.04726312285469098,meta_train_support,3,MARGO-SPLIT-v1,20,20,80,3,112,0.0,0.2,20,10,0.0005,0.0005,mrlco_first_order_mean_pseudogradient,fixed_literature_derived_defaults,0.001870105078888911,9.350525394444253e-05,0.01447778130927613,0.0007238890654638341,0.0007674709395398902,3.837354697699448e-05,3.0,0.0,0.03917441400153946,0.2898574653174631,0.012741268795599064,,,,,,,,,,,,,,,,
0.053043168345657164,0.00075,0.99925,0.0,-8.827181591186672e-05,0.02626723237335682,0.0003604616253266061,0.0004999999888241291,0.568441478908062,0.0,0.0,0.0,0.0,0.0,0.0,0.004921262051367788,1.4764468669891357,publication,0.6798176765441895,5.100986480712891,0.6082640962729225,0.6823552184419622,200,0.7965002287930907,2.115715736988932,0.029817555579938926,0.6082640962729225,0.6823552320618183,315.7636778640747,mobile,0.0002898106083802848,0.0002898106083802848,15.788184413353626,15.788184413353626,system,0.0,112,0.6823552320618183,0.03968513691382842,meta_train_support,3,MARGO-SPLIT-v1,20,20,80,3,113,0.0,0.2,20,10,0.0005,0.0005,mrlco_first_order_mean_pseudogradient,fixed_literature_derived_defaults,0.0018535554764208676,9.267777382104131e-05,0.014349659350786961,0.0007174829675393735,0.0007606791613138735,3.8033958065694304e-05,3.0,0.0,0.0392670917753605,0.29057494828500247,0.012779302753664758,,,,,,,,,,,,,,,,
0.06999488752307348,0.00075,0.99925,0.0,-0.0001973017060663551,0.21443316340446472,0.0002526524059654811,0.00041666665735344094,1.0848833980659642,0.0,0.0,0.0,0.0,0.0,0.0,0.006007654807434781,1.4694873094558716,publication,0.624173641204834,5.074789524078369,1.1147158270359834,1.258852400247415,200,1.3948140639299935,4.1297604341525584,0.057008945834240876,1.1147158270359832,1.2588523806259035,421.96630004882815,mobile,5.274169905716524e-05,5.274169905716524e-05,21.098315528263214,21.098315528263214,system,0.0,113,1.2588523806259035,0.05469896724922158,meta_train_support,3,MARGO-SPLIT-v1,20,20,80,3,114,0.0,0.2,20,10,0.0005,0.0005,mrlco_first_order_mean_pseudogradient,fixed_literature_derived_defaults,0.0018372962178557722,9.186481089278747e-05,0.014223785145955495,0.0007111892572977951,0.0007540065370918221,3.770032685459189e-05,3.0,0.0,0.03935895658625329,0.29128613754230026,0.01281700308051935,,,,,,,,,,,,,,,,
0.05410880259299898,0.00025,0.99975,0.0,-3.614427623688243e-05,0.04071404039859772,9.679532085045867e-06,0.00016666666294137638,0.6381929280857246,0.0,0.0,0.0,0.0,0.0,0.0,0.006165587097358275,1.1748143434524536,publication,0.658898115158081,5.225591659545898,0.588606719849444,0.6600436008165343,200,0.6805681348029231,2.258749855682254,0.11570774810388684,0.5886067198494441,0.6600435939058662,608.9412187385559,mobile,0.0002643710377901422,0.0002643710377901422,30.44706121099085,30.44706121099085,system,0.0,114,0.6600435939058662,0.04355096997737329,meta_train_support,3,MARGO-SPLIT-v1,20,20,80,3,115,0.0,0.2,20,10,0.0005,0.0005,mrlco_first_order_mean_pseudogradient,fixed_literature_derived_defaults,0.0018213197290048524,9.106598645024222e-05,0.014100100057729796,0.0007050050028865051,0.0007474499585084149,3.737249792542044e-05,3.0,0.0,0.03945002257270353,0.29199114254518677,0.01285437557844477,,,,,,,,,,,,,,,,
0.0744678267368453,0.00125,0.9985,0.00025,-5.8010322391055524e-05,0.0325230248272419,0.00026394393319879584,0.0009999999776482583,0.694906077037255,0.0,0.0,0.0,0.0,0.0,0.0,0.005983404365292919,1.7265008687973022,publication,0.6095438003540039,5.197204351425171,0.8184346752761226,0.9214379294388345,200,0.78326542918723,2.2965276180766523,0.05309074162505567,0.8184346752761226,0.9214379327185452,563.3102309417725,mobile,0.00023221648500900457,0.00023221648500900457,28.16551152325551,28.16551152325551,system,0.0,115,0.9214379327185452,0.049328389699167016,meta_train_support,3,MARGO-SPLIT-v1,20,20,80,3,116,0.0,0.2,20,10,0.0005,0.0005,mrlco_first_order_mean_pseudogradient,fixed_literature_derived_defaults,0.0018056186968582588,9.028093484290955e-05,0.013978547471025228,0.0006989273735512613,0.0007410064243833424,3.705032121916786e-05,3.0,0.0,0.03954030350754644,0.292690069918738,0.012891425899663939,,,,,,,,,,,,,,,,
0.06465156377075873,0.001,0.999,0.0,-0.00012700427032541484,0.02626698464155197,0.00012040632225495487,0.0004999999888241291,0.742788274337848,0.0,0.0,0.0,0.0,0.0,0.0,0.008069108005636788,1.7638846635818481,publication,0.6726136207580566,5.028337717056274,0.5889857021670735,0.6625418014366005,200,0.8207664105344868,2.5944992979057133,0.04959636993589811,0.5889857021670732,0.6625417887791991,493.33454071044923,mobile,0.00010877251615192722,0.0002977863010683686,24.66672928754447,24.66672928754447,system,0.0,116,0.6625417887791991,0.047813794318652916,meta_train_support,3,MARGO-SPLIT-v1,20,20,80,3,117,0.0,0.2,20,10,0.0005,0.0005,mrlco_first_order_mean_pseudogradient,fixed_literature_derived_defaults,0.0017901860584235729,8.950930292117576e-05,0.013859072706315612,0.0006929536353157961,0.0007346730361407497,3.673365180703776e-05,3.0,0.0,0.03962981281046762,0.2933830235540538,0.012928159551470976,,,,,,,,,,,,,,,,
0.06992266850130179,0.001,0.99875,0.00025,-0.00018322505638934672,0.03318457305431366,0.0010034578275235498,0.0007499999832361936,0.6715978596359491,0.0,0.0,0.0,0.0,0.0,0.0,0.007519339141771014,1.7947179079055786,publication,0.683783769607544,5.099440574645996,0.7112027067738551,0.8008216987031482,200,0.6278928533909948,1.7977361045777798,0.050753001938574016,0.7112027067738551,0.8008216886967421,651.8485128688812,mobile,0.0010931065099601433,0.00209339507837433,32.59242790967868,32.59242790967868,system,0.0,117,0.8008216886967421,0.04986995407971581,meta_train_support,3,MARGO-SPLIT-v1,20,20,80,3,118,0.0,0.2,20,10,0.0005,0.0005,mrlco_first_order_mean_pseudogradient,fixed_literature_derived_defaults,0.0017750149901318477,8.875074950659423e-05,0.013741622937618022,0.0006870811468808746,0.0007284469934615908,3.642234967307992e-05,3.0,0.0,0.03971856355997421,0.2940701047009347,0.012964581901144056,,,,,,,,,,,,,,,,
0.07305091260257461,0.00125,0.998,0.00075,-0.00016973460151348263,0.04174945876002312,0.0004525847814709513,0.001249999972060323,0.8259090498089791,0.0,0.0,0.0,0.0,0.0,0.0,0.010329288469122235,1.7712746858596802,publication,0.6760556697845459,5.021960496902466,0.7389498956474079,0.8319473972580453,200,0.9315346667918841,2.5387891745194793,0.06973737545195036,0.738949895647408,0.8319474033638835,129.95461318969726,mobile,0.00013699590542383638,0.00013699590542383638,6.497730691746142,6.497730691746142,system,0.0,118,0.8319474033638835,0.054209231231918696,meta_train_support,3,MARGO-SPLIT-v1,20,20,80,3,119,0.0,0.2,20,10,0.0005,0.0005,mrlco_first_order_mean_pseudogradient,fixed_literature_derived_defaults,0.0017600988977777986,8.800494488889199e-05,0.013626147114612828,0.0006813073557306315,0.0007223255901551909,3.611627950775992e-05,3.0,0.0,0.0398065685048631,0.29475141205666533,0.013000698180651816,,,,,,,,,,,,,,,,
0.0395019969728644,0.001,0.999,0.0,-0.00020888823200948536,0.013856591656804085,0.00011497339271642204,0.0004999999888241291,0.538562744234999,0.0,0.0,0.0,0.0,0.0,0.0,0.010292137774428271,1.6041351556777954,publication,0.6533448696136475,5.108344078063965,0.48549794896645326,0.5458835410997562,200,0.44860019140508284,1.2504834472201765,0.047544900502543896,0.48549794896645315,0.5458835450187326,1101.8481608200073,mobile,0.00011021167995142916,0.00013706979897175749,55.092411576321474,55.092411576321474,system,0.0,119,0.5458835450187326,0.02862776133906374,meta_train_support,3,MARGO-SPLIT-v1,20,20,80,3,120,0.0,0.2,20,10,0.0005,0.0005,mrlco_first_order_mean_pseudogradient,fixed_literature_derived_defaults,0.0017454314069629835,8.727157034815053e-05,0.01351259588865772,0.0006756297944328638,0.0007163062102372309,3.581531051186082e-05,3.0,0.0,0.039893840075211254,0.2954270418510982,0.013036513491163677,,,,,,,,,,,,,,,,
0.061723700010277514,0.001,0.99875,0.00025,-0.00023286393843591213,0.04694507271051407,0.00039699221891105187,0.0007499999832361936,0.7246983065580328,0.0,0.0,0.0,0.0,0.0,0.0,0.009889129717503362,1.6333339214324951,publication,0.6067700386047363,4.906138896942139,0.9235218219774894,1.040605059842055,200,0.8133193024451633,2.2902471830602735,0.06828125394531526,0.9235218219774894,1.0406050935015083,745.6914985656738,mobile,0.00032831655014523036,0.0005228290473521076,37.284575454152225,37.284575454152225,system,0.0,120,1.0406050935015083,0.04464391813157386,meta_train_support,3,MARGO-SPLIT-v1,20,20,80,3,121,0.0,0.2,20,10,0.0005,0.0005,mrlco_first_order_mean_pseudogradient,fixed_literature_derived_defaults,0.0017310063540128763,8.655031770064131e-05,0.013400921542470468,0.0006700460771235095,0.0007103863242022125,3.5519316210111396e-05,3.0,0.0,0.039980390392911895,0.2960970879282217,0.013072032807373788,,,,,,,,,,,,,,,,
0.05823042137455411,0.001,0.9985,0.0005,-0.00021294811449479312,0.0919671431183815,0.00037681177830653685,0.0007499999832361936,0.829825768371423,0.0,0.0,0.0,0.0,0.0,0.0,0.011544785089932638,1.585187315940857,publication,0.6922430992126465,4.349765777587891,0.9861766783226981,1.1113555107900175,200,0.7980877612194898,2.1701792306266725,0.0490405093296431,0.9861766783226982,1.1113555186241866,745.2387564086914,mobile,2.5066217151098837e-05,2.5066217151098837e-05,37.26193443572015,37.26193443572015,system,0.0,121,1.1113555186241866,0.04070414349731411,meta_train_support,3,MARGO-SPLIT-v1,20,20,80,3,122,0.0,0.2,20,10,0.0005,0.0005,mrlco_first_order_mean_pseudogradient,fixed_literature_derived_defaults,0.0017168177773406396,8.584088886703228e-05,0.01329107792326989,0.0006645538961634889,0.0007045634854792436,3.522817427396158e-05,3.0,0.0,0.04006623128177893,0.2967616418243852,0.01310726098164775,,,,,,,,,,,,,,,,
0.059944558071177045,0.00075,0.99875,0.0005,-0.0002962723665405065,0.03152859956026077,0.0009251582017647308,0.0007499999832361936,0.6021794911163549,0.0,0.0,0.0,0.0,0.0,0.0,0.013240529169078346,1.5330703258514404,publication,0.6885485649108887,4.71982479095459,0.7162951257281965,0.8053658527036168,200,0.8217781078154642,2.2974939616397023,-0.06860532914288342,0.7162951257281965,0.8053658573050052,271.0605794525147,mobile,0.0011482615570215567,0.00359607303926376,13.553029137185836,13.553029137185836,system,0.0,122,0.8053658573050052,0.04965466949397701,meta_train_support,3,MARGO-SPLIT-v1,20,20,80,3,123,0.0,0.2,20,10,0.0005,0.0005,mrlco_first_order_mean_pseudogradient,fixed_literature_derived_defaults,0.001702859909232179,8.51429954616123e-05,0.013183020379178264,0.0006591510189589145,0.0006988353270607131,3.494176635303499e-05,3.0,0.0,0.04015137427724054,0.2974207928433441,0.013142202748000785,,,,,,,,,,,,,,,,
0.07513916445515711,0.00075,0.99925,0.0,-0.00021273974562063813,0.07797295600175858,0.0005208723420041157,0.00033333332588275275,0.7317674548054736,0.0,0.0,0.0,0.0,0.0,0.0,0.01016095054495856,1.4691914319992065,publication,0.686161994934082,4.819257497787476,1.0092370144544702,1.1399602836853229,200,1.0188191589277944,3.311308206990361,0.04824595988611691,1.0092370144544702,1.1399602602422236,644.5117100524902,mobile,0.0002437503209710622,0.000370013632011372,32.22558709005789,32.22558709005789,system,0.0,123,1.1399602602422236,0.049170202296204994,meta_train_support,3,MARGO-SPLIT-v1,20,20,80,3,124,0.0,0.2,20,10,0.0005,0.0005,mrlco_first_order_mean_pseudogradient,fixed_literature_derived_defaults,0.0016891271680286937,8.445635840143711e-05,0.01307670569870102,0.000653835284935067,0.0006931995582940945,3.4659977914705195e-05,3.0,0.0,0.04023583063564198,0.2980746281282792,0.01317686272591549,,,,,,,,,,,,,,,,
0.04882193447730686,0.0015,0.998,0.0005,-0.0002469474566169083,0.050812143832445145,0.00033970920791190904,0.0010833333091189463,0.5612492197503646,0.0,0.0,0.0,0.0,0.0,0.0,0.012194124643139962,1.391331434249878,publication,0.6731705665588379,3.993523120880127,0.6525181215644357,0.7354860996697972,200,0.8206496366952291,2.4248263805639,0.02926340235353564,0.6525181215644358,0.7354860738664866,1057.1738412475586,mobile,0.000447975388566995,0.000447975388566995,52.858691782550814,52.858691782550814,system,0.0,124,0.7354860738664866,0.03995042959065787,meta_train_support,3,MARGO-SPLIT-v1,20,20,80,3,125,0.0,0.2,20,10,0.0005,0.0005,mrlco_first_order_mean_pseudogradient,fixed_literature_derived_defaults,0.0016756141506844642,8.378070753422423e-05,0.012972092053111412,0.0006486046026555892,0.0006876539618277417,3.438269809138625e-05,3.0,0.0,0.0403196113431762,0.29872323273093476,0.013211245424006876,,,,,,,,,,,,,,,,
0.058132765628578845,0.0015,0.9985,0.0,-0.0002183969336329028,0.1205897331237793,0.00017314390088642994,0.0009166666461775701,0.7764823187142611,0.0,0.0,0.0,0.0,0.0,0.0,0.011814483881582419,1.5249090194702148,publication,0.682666540145874,5.377533435821533,0.790325936790683,0.8877724382339511,200,1.0450220232162883,3.0020442781969905,0.07845193066168576,0.7903259367906831,0.8877724412083626,241.79103439331055,mobile,0.0002036884714719788,0.0002036884714719788,12.089551153711446,12.089551153711446,system,0.0,125,0.8877724412083626,0.046504522848577395,meta_train_support,3,MARGO-SPLIT-v1,20,20,80,3,126,0.0,0.2,20,10,0.0005,0.0005,mrlco_first_order_mean_pseudogradient,fixed_literature_derived_defaults,0.001662315625679032,8.311578128394892e-05,0.012869138941578782,0.0006434569470789575,0.0006821963907021247,3.4109819535105626e-05,3.0,0.0,0.04040272712446015,0.2993666896780137,0.013245355243541982,,,,,,,,,,,,,,,,
0.06899918496347664,0.00075,0.99925,0.0,-7.344379264395684e-05,0.06570813059806824,9.782562627604165e-05,0.00041666665735344094,0.838724562401573,0.0,0.0,0.0,0.0,0.0,0.0,0.010926619965590382,1.5986993312835693,publication,0.6723928451538086,5.195014715194702,1.012795672296672,1.1424125524127522,200,1.1879307901754035,3.2208821772946976,0.0329838185934932,1.0127956722966718,1.1424125129915774,293.74027923583986,mobile,0.00013616263788566213,0.00013616263788566213,14.68701453841143,14.68701453841143,system,0.0,126,1.1424125129915774,0.053755162697571315,meta_train_support,3,MARGO-SPLIT-v1,20,20,80,3,127,0.0,0.2,20,10,0.0005,0.0005,mrlco_first_order_mean_pseudogradient,fixed_literature_derived_defaults,0.0016492265262642363,8.246132631321151e-05,0.012767807138889186,0.0006383903569444627,0.0006768247655784859,3.38412382789241e-05,3.0,0.0,0.04048518845077336,0.3000050800349582,0.013279196481820906,,,,,,,,,,,,,,,,
0.06250581002821182,0.0005,0.99875,0.00075,-0.0004056162142660469,0.043182846158742905,0.00047399293859375915,0.0008333333147068819,0.6797509502619505,0.0,0.0,0.0,0.0,0.0,0.0,0.010295785032385986,1.7045557498931885,publication,0.6476836204528809,5.200835943222046,0.6613637533227368,0.7440497619245434,200,0.8303712408855558,2.369230337208137,0.05197051939830999,0.661363753322737,0.7440497336536646,484.0465701293945,mobile,0.0002237458062091134,0.0005884825505233584,24.20232863384051,24.20232863384051,system,0.0,127,0.7440497336536646,0.04570582288278393,meta_train_support,3,MARGO-SPLIT-v1,20,20,80,3,128,0.0,0.2,20,10,0.0005,0.0005,mrlco_first_order_mean_pseudogradient,fixed_literature_derived_defaults,0.001636341944027797,8.181709720139069e-05,0.012668058645616613,0.0006334029322808132,0.0006715370720974039,3.357685360486952e-05,3.0,0.0,0.04056700554797475,0.300638482967239,0.013312773335425776,,,,,,,,,,,,,,,,
0.05279482166822615,0.00075,0.9985,0.00075,-0.0003346385492477566,0.04938396438956261,0.0007556990001452193,0.0009166666461775701,0.6365088161081076,0.0,0.0,0.0,0.0,0.0,0.0,0.012579838429756173,1.7201787233352661,publication,0.6529512405395508,5.366760969161987,0.5216623225813217,0.5860232547686973,200,0.8440393662938824,2.2798087331466377,0.023307424678932875,0.521662322581322,0.5860232587624341,252.2030055999756,mobile,0.00018007306457963685,0.00018007306457963685,12.610150320652753,12.610150320652753,system,0.0,128,0.5860232587624341,0.04696341648603241,meta_train_support,3,MARGO-SPLIT-v1,20,20,80,3,129,0.0,0.2,20,10,0.0005,0.0005,mrlco_first_order_mean_pseudogradient,fixed_literature_derived_defaults,0.0016236571227562638,8.118285613781251e-05,0.012569856640611833,0.0006284928320305916,0.0006663313583602148,3.331656791801148e-05,3.0,0.0,0.040648188404112565,0.3012669757992696,0.013346089903343787,,,,,,,,,,,,,,,,
0.045221522037903195,0.00075,0.99875,0.0005,-1.5986001926648896e-06,0.05873962864279747,0.000216129980294492,0.0006666666517655055,0.6797668501734735,0.0,0.0,0.0,0.0,0.0,0.0,0.009133492282734175,1.599246621131897,publication,0.6778063774108887,5.350841999053955,0.6286206396991103,0.7061565406616137,200,0.7667590754621646,2.734508532099426,0.07952542358543724,0.6286206396991102,0.7061565404757857,955.0550401496887,mobile,9.881947963357292e-05,0.00020929820104672664,47.75275099368891,47.75275099368891,system,0.0,129,0.7061565404757857,0.033522279822905,meta_train_support,3,MARGO-SPLIT-v1,20,20,80,3,130,0.0,0.2,20,10,0.0005,0.0005,mrlco_first_order_mean_pseudogradient,fixed_literature_derived_defaults,0.0016111674525812155,8.055837262906096e-05,0.01247316543568405,0.0006236582717841777,0.0006612057325266747,3.3060286626333465e-05,3.0,0.0,0.040728746776741626,0.30189063407105377,0.01337915018997012,,,,,,,,,,,,,,,,
0.05050929110992787,0.00025,0.9995,0.00025,-0.00022551366419065744,0.027685601264238358,6.144351889455871e-05,0.00033333332588275275,0.5957206749046842,0.0,0.0,0.0,0.0,0.0,0.0,0.008615201414918165,1.724016547203064,publication,0.6086342334747314,5.310778379440308,0.5433526773417164,0.6113740662626514,200,0.4611485919666724,1.3544843790587038,0.02895501093007624,0.5433526773417164,0.6113740845024586,710.8993303298951,mobile,0.0003102700567681765,0.0003102700567681765,35.54496710705043,35.54496710705043,system,0.0,130,0.6113740845024586,0.035615599763662756,meta_train_support,3,MARGO-SPLIT-v1,20,20,80,3,131,0.0,0.2,20,10,0.0005,0.0005,mrlco_first_order_mean_pseudogradient,fixed_literature_derived_defaults,0.0015988684643935727,7.994342321968051e-05,0.012377950432358217,0.0006188975216179227,0.0006561583605226543,3.280791802613356e-05,3.0,0.0,0.040808690199961306,0.3025095315926717,0.013411958107996254,,,,,,,,,,,,,,,,
0.06638949084796716,0.00075,0.999,0.00025,-0.00027557555586099625,0.04702528938651085,0.00026263347965655256,0.0006666666517655055,0.8278548390914995,0.0,0.0,0.0,0.0,0.0,0.0,0.007164345653755182,1.4936145544052124,publication,0.6298925876617432,5.125330924987793,0.9468327782379333,1.0662846416365936,200,0.9632607658341802,2.710079555399716,0.030747409939067438,0.9468327782379335,1.0662846697494388,331.32695915222166,mobile,7.830546057337776e-06,7.830546057337776e-06,16.566348590724257,16.566348590724257,system,0.0,131,1.0662846697494388,0.045046039369772216,meta_train_support,3,MARGO-SPLIT-v1,20,20,80,3,132,0.0,0.2,20,10,0.0005,0.0005,mrlco_first_order_mean_pseudogradient,fixed_literature_derived_defaults,0.0015867558245118033,7.933779122559076e-05,0.012284178080597927,0.0006142089040299115,0.0006511874638520281,3.2559373192601535e-05,3.0,0.0,0.0408880279911869,0.3031237404967016,0.013444517481188856,,,,,,,,,,,,,,,,
0.05000338693071014,0.00125,0.99875,0.0,-0.0002590143703855574,0.01321274135261774,0.0006111886525927387,0.0008333333147068819,0.5651904325932263,0.0,0.0,0.0,0.0,0.0,0.0,0.007631883534100453,1.4206362962722778,publication,0.5995163917541504,5.096482753753662,0.5057525421812075,0.5680652754224866,200,0.6176307935921613,1.7170757534913719,0.04757250643524458,0.5057525421812076,0.5680652814731002,375.8716195297241,mobile,8.260237109147231e-05,0.0001681409526352875,18.793579979906823,18.793579979906823,system,0.0,132,0.5680652814731002,0.03800756726409361,meta_train_support,3,MARGO-SPLIT-v1,20,20,80,3,133,0.0,0.2,20,10,0.0005,0.0005,mrlco_first_order_mean_pseudogradient,fixed_literature_derived_defaults,0.0015748253295906618,7.874126647953311e-05,0.012191815839390425,0.0006095907919695387,0.000646291317507276,3.231456587536423e-05,3.0,0.0,0.04096676925766643,0.30373333128867114,0.01347683204706422,,,,,,,,,,,,,,,,
0.06041718003540033,0.00025,0.99975,0.0,-0.00015723925025667995,0.008079680614173412,3.704664814046706e-05,0.00016666666294137638,0.4502323019007842,0.0,0.0,0.0,0.0,0.0,0.0,0.006740442959818858,1.3062095642089844,publication,0.6573281288146973,5.348651885986328,0.40712815296685634,0.4579378047926821,200,0.47781142382449643,1.2532735773129389,0.04662971626385115,0.40712815296685634,0.4579377967119217,530.7207204818726,mobile,6.644286447512875e-05,6.644286447512875e-05,26.536034882918205,26.536034882918205,system,0.0,133,0.4579377967119217,0.04353076544206497,meta_train_support,3,MARGO-SPLIT-v1,20,20,80,3,134,0.0,0.2,20,10,0.0005,0.0005,mrlco_first_order_mean_pseudogradient,fixed_literature_derived_defaults,0.0015630729017578958,7.815364508789724e-05,0.012100832139096466,0.0006050416069548481,0.0006414682479736396,3.2073412398681694e-05,3.0,0.0,0.04104492290275433,0.304338372895626,0.013508905459462902,,,,,,,,,,,,,,,,
0.05214328934338527,0.0,1.0,0.0,-8.491497283102944e-05,0.009336475282907486,8.606692383968569e-08,0.0,0.46611810127894093,0.0,0.0,0.0,0.0,0.0,0.0,0.0065597446014841855,1.2282408475875854,publication,0.5990266799926758,3.430849313735962,0.42471990165945345,0.47714266980279263,200,0.5501561855100623,1.719668802805245,0.04158822667614004,0.4247199016594534,0.4771426720544696,526.6695414352417,mobile,0.0002965350830633481,0.00046659284739501337,26.333477447682164,26.333477447682164,system,0.0,134,0.4771426720544696,0.042163143256269874,meta_train_support,3,MARGO-SPLIT-v1,20,20,80,3,135,0.0,0.2,20,10,0.0005,0.0005,mrlco_first_order_mean_pseudogradient,fixed_literature_derived_defaults,0.0015514945839670965,7.75747291983514e-05,0.01201119634547353,0.0006005598172736937,0.000636716631321983,3.1835831566099856e-05,3.0,0.0,0.04112249763195268,0.3049389327128997,0.013540741291029001,,,,,,,,,,,,,,,,
0.05891375715997279,0.0,1.0,0.0,-3.422408917685971e-05,0.05725104734301567,2.8883386382627667e-08,0.0,0.6960100426028173,0.0,0.0,0.0,0.0,0.0,0.0,0.005413976210807835,1.2537693977355957,publication,0.6477477550506592,4.989063739776611,0.6475687689747507,0.7282618999116676,200,0.8017088211199956,2.3243422880768776,0.08274165679176804,0.6475687689747508,0.7282619366794825,585.2424227714539,mobile,0.00018007335476690812,0.00018007335476690812,29.262118408928295,29.262118408928295,system,0.0,135,0.7282619366794825,0.04026266708675954,meta_train_support,3,MARGO-SPLIT-v1,20,20,80,3,136,0.0,0.2,20,10,0.0005,0.0005,mrlco_first_order_mean_pseudogradient,fixed_literature_derived_defaults,0.0015400865355555738,7.700432677777702e-05,0.011922878725286225,0.0005961439362643373,0.000632034891385792,3.160174456928906e-05,3.0,0.0,0.041199501958730456,0.305535076649164,0.01357234303559829,,,,,,,,,,,,,,,,
0.05794736242148714,0.0005,0.99925,0.00025,-0.00011890437599504367,0.013961012475192547,0.0005333201012320821,0.0004999999888241291,0.49595084091027575,0.0,0.0,0.0,0.0,0.0,0.0,0.005600049360829814,1.2926459312438965,publication,0.6689870357513428,4.8985795974731445,0.6728827809789873,0.7585329962644027,200,0.6812496306396973,2.1231762962415814,0.04627820500172675,0.6728827809789875,0.7585330041684211,1006.0433322906495,mobile,0.0018578648676868682,0.0018578648676868682,50.302163450483505,50.302163450483505,system,0.0,136,0.7585330041684211,0.045108874359745935,meta_train_support,3,MARGO-SPLIT-v1,20,20,80,3,137,0.0,0.2,20,10,0.0005,0.0005,mrlco_first_order_mean_pseudogradient,fixed_literature_derived_defaults,0.001528845027996774,7.64422513998414e-05,0.011836937719523204,0.0005918468859761328,0.0006274214980180124,3.137107490090024e-05,3.0,0.0,0.0412759442101303,0.30612692353514015,0.01360371411049919,,,,,,,,,,,,,,,,
0.06939115957871352,0.00075,0.999,0.00025,-0.00036560333683155477,0.07546461373567581,0.0005842082764112892,0.0006666666517655055,0.6710323209874332,0.0,0.0,0.0,0.0,0.0,0.0,0.004681672533094145,1.292431116104126,publication,0.668973445892334,3.780008554458618,0.7319802246586719,0.8235434522931245,200,1.0284953733176552,2.6998332422226667,0.0489687753142789,0.7319802246586717,0.8235434371046721,252.45569740295412,mobile,0.00020041176344310152,0.0003079631579871931,12.622785630782435,12.622785630782435,system,0.0,137,0.8235434371046721,0.05115877554198473,meta_train_support,3,MARGO-SPLIT-v1,20,20,80,3,138,0.0,0.2,20,10,0.0005,0.0005,mrlco_first_order_mean_pseudogradient,fixed_literature_derived_defaults,0.001517766440837377,7.588832204186852e-05,0.011751162808512166,0.0005875581404256036,0.0006228749654236791,3.11437482711837e-05,3.0,0.0,0.041351832532172166,0.30671448167556575,0.013634857858770374,,,,,,,,,,,,,,,,
0.06909460823078888,0.0,1.0,0.0,-4.640333281713538e-05,0.03786373510956764,2.9091438043712025e-08,0.0,0.7672713215462863,0.0,0.0,0.0,0.0,0.0,0.0,0.004017913810056679,1.3028435707092285,publication,0.6178698539733887,5.026254892349243,0.9462567509782382,1.0662315188803075,200,0.5460978120723599,2.0228856056928635,0.07113716588355601,0.9462567509782381,1.06623151820153,650.3559455108642,mobile,0.00010619821096655293,0.00010619821096655293,32.51779823004134,32.51779823004134,system,0.0,138,1.06623151820153,0.04471865796818197,meta_train_support,3,MARGO-SPLIT-v1,20,20,80,3,139,0.0,0.2,20,10,0.0005,0.0005,mrlco_first_order_mean_pseudogradient,fixed_literature_derived_defaults,0.00150684725780977,7.534236289048757e-05,0.011666622068882582,0.0005833311034441069,0.0006183938505645159,3.091969252822652e-05,3.0,0.0,0.04142717489506265,0.30729781277900986,0.013665777551298601,,,,,,,,,,,,,,,,
0.0697684575143875,0.00075,0.999,0.00025,-3.185112291248515e-05,0.021680384874343872,0.0003763223499870437,0.0005833333202948174,0.6000881966824333,0.0,0.0,0.0,0.0,0.0,0.0,0.005011487510037169,1.4209318161010742,publication,0.6228249073028564,3.3786215782165527,0.8236110235951685,0.9294787615817768,200,0.9372548999929207,3.187626523897052,0.06031065098432009,0.8236110235951687,0.9294787373393774,500.5343162536621,mobile,0.0,0.0,25.026714134239924,25.026714134239924,system,0.0,139,0.9294787373393774,0.05105495644978504,meta_train_support,3,MARGO-SPLIT-v1,20,20,80,3,140,0.0,0.2,20,10,0.0005,0.0005,mrlco_first_order_mean_pseudogradient,fixed_literature_derived_defaults,0.0014960840631111287,7.480420315555958e-05,0.01158328905410485,0.0005791644527052275,0.0006139767516319122,3.069883758159524e-05,3.0,0.0,0.04150197909821821,0.3078769772317151,0.013696476388880196,,,,,,,,,,,,,,,,
0.07635857555909842,0.0005,0.999,0.0005,-0.0001155032150563784,0.013502316549420357,0.00029417410373014277,0.0005833333202948173,0.5693692177534103,0.0,0.0,0.0,0.0,0.0,0.0,0.005858749109441022,1.4647035598754883,publication,0.6511337757110596,4.825758218765259,0.5585071928259925,0.630580036606998,200,0.7745034939239598,2.065379783511162,0.05522304296027869,0.5585071928259925,0.6305800440534949,448.58389595031736,mobile,0.00017086869069008712,0.0016602391444560044,22.429196363243506,22.429196363243506,system,0.0,140,0.6305800440534949,0.05703653072964336,meta_train_support,3,MARGO-SPLIT-v1,20,20,80,3,141,0.0,0.2,20,10,0.0005,0.0005,mrlco_first_order_mean_pseudogradient,fixed_literature_derived_defaults,0.0014854735378408371,7.427367689204212e-05,0.011501138067905524,0.0005750569033952657,0.0006096223065848774,3.048111532924329e-05,3.0,0.0,0.041576252775110255,0.30845203413511035,0.01372695750420944,,,,,,,,,,,,,,,,
0.07033909703424036,0.00025,0.999,0.00075,-8.429901208728552e-05,0.01750265434384346,0.0006435770299675644,0.0006666666517655055,0.6245926542207598,0.0,0.0,0.0,0.0,0.0,0.0,0.006481845087867123,1.530129313468933,publication,0.6608247756958008,5.301604509353638,0.6671389674726506,0.7519062196863615,200,0.7098426323069384,1.9208060512319207,0.018850648775696754,0.6671389674726507,0.7519062105286867,604.8127976989746,mobile,0.0004633110232782136,0.0008797720418874164,30.240639722513347,30.240639722513347,system,0.0,141,0.7519062105286867,0.05719861676136302,meta_train_support,3,MARGO-SPLIT-v1,20,20,80,3,142,0.0,0.2,20,10,0.0005,0.0005,mrlco_first_order_mean_pseudogradient,fixed_literature_derived_defaults,0.001475012456588437,7.375062282942435e-05,0.011420144137849851,0.0005710072068925154,0.0006053291917497726,3.0266459587488873e-05,3.0,0.0,0.04165000339793968,0.30902304134200287,0.013757223963796928,,,,,,,,,,,,,,,,
0.06543670001072739,0.0005,0.9995,0.0,-0.00012022838200209662,0.1477270871400833,0.0002551445277001851,0.00033333332588275275,0.8956794415911039,0.0,0.0,0.0,0.0,0.0,0.0,0.0063212234730957535,1.550204873085022,publication,0.639432430267334,5.10914421081543,0.9153865098659523,1.0325949537080306,200,1.1886165913192912,3.5249121440574527,0.02917885922943242,0.9153865098659523,1.0325949603226037,301.23847801208495,mobile,0.0001166557813286241,0.03124128671639432,15.061924394059542,15.061924394059542,system,0.0,142,1.0325949603226037,0.049815828840832126,meta_train_support,3,MARGO-SPLIT-v1,20,20,80,3,143,0.0,0.2,20,10,0.0005,0.0005,mrlco_first_order_mean_pseudogradient,fixed_literature_derived_defaults,0.0014646976841647414,7.323488420823976e-05,0.01134028299003272,0.0005670141495016101,0.0006010961204787952,3.0054806023940145e-05,3.0,0.0,0.04172323828214792,0.3095900554915045,0.013787278769820869,,,,,,,,,,,,,,,,
0.04607325643338742,0.0015,0.998,0.0005,-3.443351306486875e-05,0.006800542119890451,0.0005400016953959789,0.0009999999776482583,0.40437853311498956,0.0,0.0,0.0,0.0,0.0,0.0,0.00864759955259399,1.52666175365448,publication,0.6378817558288574,5.1113762855529785,0.3471769751382269,0.3900608660400758,200,0.5738767565051116,2.0178420703159645,0.06032616415177472,0.3471769751382269,0.3900608663633466,857.2178916168212,mobile,0.005126027240422676,0.005126027240422676,42.860895770917814,42.860895770917814,system,0.0,143,0.3900608663633466,0.03723700756672614,meta_train_support,3,MARGO-SPLIT-v1,20,20,80,3,144,0.0,0.2,20,10,0.0005,0.0005,mrlco_first_order_mean_pseudogradient,fixed_literature_derived_defaults,0.001454526172469153,7.27263086234553e-05,0.011261531024824158,0.000563076551241215,0.0005969218418643591,2.9846092093218507e-05,3.0,0.0,0.041795964590771374,0.3101531320427457,0.013817124861914087,,,,,,,,,,,,,,,,
0.05690668533111609,0.0005,0.99925,0.00025,-1.3823131439494318e-06,0.012011539191007614,0.0005373587908326686,0.0004999999888241291,0.41659781870742635,0.0,0.0,0.0,0.0,0.0,0.0,0.007829907054585571,1.323987364768982,publication,0.649890661239624,5.391680717468262,0.38133595513933666,0.42882683569798247,200,0.700590005719518,1.9971328470855951,0.044013644073856995,0.3813359551393366,0.42882684249430897,339.20448913574216,mobile,0.00026353394795722654,0.00041239778953307114,16.960223195914697,16.960223195914697,system,0.0,144,0.42882684249430897,0.04688554611651709,meta_train_support,3,MARGO-SPLIT-v1,20,20,80,3,145,0.0,0.2,20,10,0.0005,0.0005,mrlco_first_order_mean_pseudogradient,fixed_literature_derived_defaults,0.001444494957486607,7.222474787432764e-05,0.011183865293618474,0.0005591932646809017,0.0005928051395066739,2.964025697533429e-05,3.0,0.0,0.0418681893386457,0.3107123253074266,0.013846765118889421,,,,,,,,,,,,,,,,
0.07560741429983096,0.0,0.99975,0.00025,-6.477564602391794e-05,0.032582517713308334,0.00012498534388578062,0.00016666666294137638,0.7147260354521374,0.0,0.0,0.0,0.0,0.0,0.0,0.004437713081687373,1.5023282766342163,publication,0.648209810256958,4.002446174621582,0.8485308092421878,0.9558844601387682,200,0.8981828687082667,2.2984674656763673,0.044003154180245474,0.8485308092421882,0.9558844571188092,248.75846339225768,mobile,9.708252518836318e-05,0.0012140093694268993,12.437922255226551,12.437922255226551,system,0.0,145,0.9558844571188092,0.055453934900101594,meta_train_support,3,MARGO-SPLIT-v1,20,20,80,3,146,0.0,0.2,20,10,0.0005,0.0005,mrlco_first_order_mean_pseudogradient,fixed_literature_derived_defaults,0.0014346011564079317,7.173005782039332e-05,0.011107263476538896,0.0005553631738269282,0.0005887448303319706,2.94372415165986e-05,3.0,0.0,0.041939919396466095,0.3112676884812535,0.01387620236040602,,,,,,,,,,,,,,,,
0.07143163392040738,0.0005,0.9995,0.0,-0.0002064040454570204,0.023702913895249367,0.00022694722940355222,0.00033333332588275275,0.5825034414107602,0.0,0.0,0.0,0.0,0.0,0.0,0.006183495434874851,1.453067660331726,publication,0.5856685638427734,5.032114744186401,0.6383006240136199,0.7175739795865956,200,0.676235871572742,2.1371818156912923,0.04767908272333443,0.63830062401362,0.7175739683955907,525.745322341919,mobile,0.0003550170502907561,0.0024169927249544443,26.287265206978244,26.287265206978244,system,0.0,146,0.7175739683955907,0.05182807631306903,meta_train_support,3,MARGO-SPLIT-v1,20,20,80,3,147,0.0,0.2,20,10,0.0005,0.0005,mrlco_first_order_mean_pseudogradient,fixed_literature_derived_defaults,0.0014248419648677417,7.124209824338479e-05,0.011031703861052237,0.000551585193052595,0.000584739763458964,2.9236988172948175e-05,3.0,0.0,0.04201116149470948,0.3118192736743061,0.013905439348578968,,,,,,,,,,,,,,,,
0.07076249873378374,0.001,0.999,0.0,-0.00014192053640726954,0.008756385184824467,0.00023708193861167185,0.0006666666517655055,0.4078494921947519,0.0,0.0,0.0,0.0,0.0,0.0,0.008682948446457207,1.4804651737213135,publication,0.710319995880127,5.298170328140259,0.3865340956485128,0.4340667561184091,200,0.42650170228856993,1.1769483885727823,0.04752704576821998,0.38653409564851277,0.434066753257066,456.83190845489503,mobile,0.00029875113246873817,0.005736487453331289,22.84159702646288,22.84159702646288,system,0.0,147,0.434066753257066,0.0515446431098002,meta_train_support,3,MARGO-SPLIT-v1,20,20,80,3,148,0.0,0.2,20,10,0.0005,0.0005,mrlco_first_order_mean_pseudogradient,fixed_literature_derived_defaults,0.001415214654294311,7.076073271471833e-05,0.010957165321450532,0.0005478582660725095,0.0005807888191112683,2.903944095556353e-05,3.0,0.0,0.0420819222274242,0.31236713194037863,0.013934478789534532,,,,,,,,,,,,,,,,
0.06458965040138472,0.00075,0.99925,0.0,-0.00015938440628815442,0.030962863937020302,0.0002768215482781551,0.0004999999888241291,0.4794269174337386,0.0,0.0,0.0,0.0,0.0,0.0,0.009338096088723291,1.3876368999481201,publication,0.6833517551422119,4.6543848514556885,0.4933043134047992,0.5549886448762845,200,0.7608352925764541,2.2908084988594055,0.057236116263084114,0.4933043134047992,0.5549886360391975,190.90892065048217,mobile,0.0003322554482501565,0.0007878134426325317,9.545446291227496,9.545446291227496,system,0.0,148,0.5549886360391975,0.04923703857975092,meta_train_support,3,MARGO-SPLIT-v1,20,20,80,3,149,0.0,0.2,20,10,0.0005,0.0005,mrlco_first_order_mean_pseudogradient,fixed_literature_derived_defaults,0.0014057165693661612,7.02858284683111e-05,0.010883627299158918,0.0005441813649579297,0.0005768909075736088,2.884454537867981e-05,3.0,0.0,0.04215220805589251,0.31291131330533656,0.013963323334913211,,,,,,,,,,,,,,,,
0.07618116503937032,0.0,0.9995,0.0005,-0.00018632457067724317,0.10142963379621506,0.0001447106365607659,0.00033333332588275275,0.9298459653121729,0.0,0.0,0.0,0.0,0.0,0.0,0.005676300170370988,1.4902235269546509,publication,0.6325347423553467,4.258857727050781,1.2236573835967304,1.3834090348360768,200,1.1750177063968168,3.6808177176862955,0.049629773828200996,1.2236573835967306,1.3834089820086957,591.5400261878967,mobile,5.856058605485685e-05,0.0007415837741482968,29.576998854153018,29.576998854153018,system,0.0,149,1.3834089820086957,0.05740852175318453,meta_train_support,3,MARGO-SPLIT-v1,20,20,80,3,150,0.0,0.2,20,10,0.0005,0.0005,mrlco_first_order_mean_pseudogradient,fixed_literature_derived_defaults,0.0013963451255703868,6.981725627851904e-05,0.010811069783831192,0.0005405534891915753,0.0005730449681897847,2.8652248409489697e-05,3.0,0.0,0.04222202531217103,0.31345186679452813,0.013991975583322701,,,,,,,,,,,,,,,,
0.0596407624992548,0.00025,0.99925,0.0005,-0.0003813108487520367,0.020893005654215813,0.00011469926301657475,0.00033333332588275275,0.5659922186285258,0.0,0.0,0.0,0.0,0.0,0.0,0.006840521575780214,1.5676954984664917,publication,0.6726505756378174,5.374833106994629,0.5940065609425708,0.6675860710757479,200,0.6595057020084535,1.7840534475399181,0.017087575899495278,0.5940065609425706,0.6675860882457346,369.3088689231873,mobile,0.00034427830523095856,0.0007464116489944786,18.465444331006328,18.465444331006328,system,0.0,150,0.6675860882457346,0.04621536033318045,meta_train_support,3,MARGO-SPLIT-v1,20,20,80,3,151,0.0,0.2,20,10,0.0005,0.0005,mrlco_first_order_mean_pseudogradient,fixed_literature_derived_defaults,0.0013870978068580002,6.935489034289727e-05,0.010739473295196549,0.0005369736647598544,0.0005692499684004485,2.84624984200222e-05,3.0,0.0,0.042291380202513926,0.313988840459288,0.014020438081742723,-0.1083293882372379,-0.10875366654914716,0.10875366654914716,0.025,0.175,0.075,0.0425,0.975,0.975,0.0,validation/automotive_lexicographic_v1,automotive_lexicographic_v1,a3bd00d5108237acdb706f561212b5d840bac151f48b5250a61c573d9c9ffb6c,797525898.0,0.10875366654914716,0.0
0.04135251137579031,0.001,0.9985,0.0005,-0.00031123057124204934,0.01975378394126892,0.00029258262917638926,0.00091666664617757,0.34781637229025364,0.0,0.0,0.0,0.0,0.0,0.0,0.01034111131439646,1.0241557359695435,publication,0.6236438751220703,3.543179988861084,0.3617776904780494,0.40611079838226943,200,0.42758666745400153,1.3271083591025672,0.053610877541359514,0.3617776904780494,0.4061108058691025,787.963369216919,mobile,0.0008850721302309086,0.0022081134499105422,39.398167016617236,39.398167016617236,system,0.0,151,0.4061108058691025,0.034988045440655376,meta_train_support,3,MARGO-SPLIT-v1,20,20,80,3,152,0.0,0.2,20,10,0.0005,0.0005,mrlco_first_order_mean_pseudogradient,fixed_literature_derived_defaults,0.001377972163391829,6.889860816958887e-05,0.010668818865622888,0.0005334409432811715,0.0005655049028188665,2.8275245140943484e-05,3.0,0.0,0.042360278810683515,0.31452228140256916,0.014048713326883667,,,,,,,,,,,,,,,,
0.05080068153861006,0.0005,0.9995,0.0,-0.0004953278694301844,0.01714298315346241,0.00011681784912228226,0.00033333332588275275,0.49400025997310876,0.0,0.0,0.0,0.0,0.0,0.0,0.009697718225693356,1.549445629119873,publication,0.674931526184082,4.90030837059021,0.5841875092866982,0.6572711680286738,200,0.703080844632065,2.0016628759913146,0.020568325999192894,0.5841875092866983,0.6572711840178818,477.21791875839233,mobile,0.000728358326829218,0.0019485860687110809,23.860895597808458,23.860895597808458,system,0.0,152,0.6572711840178818,0.0386560931037516,meta_train_support,3,MARGO-SPLIT-v1,20,20,80,3,153,0.0,0.2,20,10,0.0005,0.0005,mrlco_first_order_mean_pseudogradient,fixed_literature_derived_defaults,0.0013689658093827323,6.844829046913359e-05,0.010599088023363915,0.0005299544011682089,0.0005618087923429262,2.8090439617146218e-05,3.0,0.0,0.04242872710115265,0.31505223580373737,0.014076803766500813,,,,,,,,,,,,,,,,
0.045662467002519,0.0025,0.99725,0.00025,-0.0003436003462411463,0.01634788326919079,0.0008842839933912216,0.0018333332923551402,0.5476347132275502,0.0,0.0,0.0,0.0,0.0,0.0,0.009984907288380827,1.5723751783370972,publication,0.6616857051849365,5.270036935806274,0.690598864749021,0.775744666153696,200,0.6446710078900275,1.9697068156674504,0.02695658811717294,0.6905988647490209,0.7757446517329663,820.6817351722717,mobile,0.00017039151676229928,0.0004360026272001601,41.034085127964815,41.034085127964815,system,0.0,153,0.7757446517329663,0.03733624951292581,meta_train_support,3,MARGO-SPLIT-v1,20,20,80,3,154,0.0,0.2,20,10,0.0005,0.0005,mrlco_first_order_mean_pseudogradient,fixed_literature_derived_defaults,0.0013600764210101172,6.80038210505024e-05,0.010530262776458953,0.0005265131388229594,0.0005581606833017384,2.7908034165087525e-05,3.0,0.0,0.04249673092220315,0.3155787489425603,0.0141047118006659,,,,,,,,,,,,,,,,
0.06096143710390469,0.00125,0.9985,0.00025,-0.00029804109362885356,0.1018439307808876,0.0005586843530147453,0.0009166666461775701,0.8168046173950037,0.0,0.0,0.0,0.0,0.0,0.0,0.008526328694525121,1.4728944301605225,publication,0.6199064254760742,5.166266441345215,0.803401613090044,0.9070657667823252,200,0.9029812290312189,2.6028145235031843,0.03062941157259047,0.8034016130900443,0.9070657670777291,429.0502410888672,mobile,0.0005850620641393901,0.0007678423673764504,21.452511814633294,21.452511814633294,system,0.0,154,0.9070657670777291,0.0456281353737854,meta_train_support,3,MARGO-SPLIT-v1,20,20,80,3,155,0.0,0.2,20,10,0.0005,0.0005,mrlco_first_order_mean_pseudogradient,fixed_literature_derived_defaults,0.001351301734422955,6.756508672114969e-05,0.010462325597255993,0.0005231162798627897,0.0005545596466352755,2.7727982331764503e-05,3.0,0.0,0.0425642960089243,0.3161018652224231,0.014132439782997665,,,,,,,,,,,,,,,,
0.05190148413316946,0.00175,0.99775,0.0005,-0.0006579065229743719,0.045438848435878754,0.0006252684696479585,0.0014166666350016992,0.3163412552947799,0.0,0.0,0.0,0.0,0.0,0.0,0.013744131286463542,1.0491759777069092,publication,0.6215517520904541,5.0716392993927,0.26998491345521713,0.3028046040209847,200,0.659528696090927,2.2773442334728315,-0.040605178102850914,0.26998491345521713,0.30280460389796643,208.00660062789916,mobile,0.0016021528002368533,0.004366357325364835,10.400330097560188,10.400330097560188,system,0.0,155,0.30280460389796643,0.04307978906107255,meta_train_support,3,MARGO-SPLIT-v1,20,20,80,3,156,0.0,0.2,20,10,0.0005,0.0005,mrlco_first_order_mean_pseudogradient,fixed_literature_derived_defaults,0.0013426395438176798,6.713197719088182e-05,0.010395259407529993,0.0005197629703764806,0.0005510047771055622,2.7550238855278755e-05,3.0,0.0,0.04263142798611518,0.3166216281927996,0.014159990021852944,,,,,,,,,,,,,,,,
0.06561131082342495,0.00125,0.9985,0.00025,-0.000293424294795841,0.02427089773118496,0.0005236928525346592,0.0007499999832361936,0.4831634041542808,0.0,0.0,0.0,0.0,0.0,0.0,0.010450899182189173,1.6218509674072266,publication,0.6537425518035889,4.942226886749268,0.5553618421129117,0.6256911585100443,200,0.7850144145453656,2.3189752772450447,0.02462136037502205,0.5553618421129116,0.6256911733932793,188.13839044570923,mobile,0.0010693804563100403,0.0025538558677091748,9.406919473602981,9.406919473602981,system,0.0,156,0.6256911733932793,0.04793643167756418,meta_train_support,3,MARGO-SPLIT-v1,20,20,80,3,157,0.0,0.2,20,10,0.0005,0.0005,mrlco_first_order_mean_pseudogradient,fixed_literature_derived_defaults,0.0013340876995895415,6.670438497947961e-05,0.010329047564169929,0.0005164523782085206,0.0005474951925380109,2.7374759626899725e-05,3.0,0.0,0.04269813237109466,0.3171380805710081,0.014187364781479844,,,,,,,,,,,,,,,,
0.05792129712907368,0.00075,0.999,0.00025,-0.0003166771202813834,0.05515412986278534,0.00029053782359508655,0.0006666666517655055,0.5695786880329251,0.0,0.0,0.0,0.0,0.0,0.0,0.012513986190924881,1.696978211402893,publication,0.6603310108184814,5.405694484710693,0.6907916424595048,0.7787499391788879,200,1.0816384674883635,3.4092311384156346,0.0484845655009849,0.6907916424595049,0.7787499398738146,628.2667057800293,mobile,0.0002443815454279221,0.0006213587994635304,31.413335322597778,31.413335322597778,system,0.0,157,0.7787499398738146,0.042152934615346,meta_train_support,3,MARGO-SPLIT-v1,20,20,80,3,158,0.0,0.2,20,10,0.0005,0.0005,mrlco_first_order_mean_pseudogradient,fixed_literature_derived_defaults,0.0013256441065541648,6.628220532770707e-05,0.01026367384540936,0.0005131836922704913,0.0005440300330915678,2.7201501654578256e-05,3.0,0.0,0.04276441457642237,0.3176512642632786,0.014214566283134422,,,,,,,,,,,,,,,,
0.04975857981482039,0.0005,0.99875,0.00075,-0.00026407057885080576,0.10554344207048416,0.0003273992206899094,0.0008333333147068819,0.746115022401015,0.0,0.0,0.0,0.0,0.0,0.0,0.011067601244672327,1.6120755672454834,publication,0.6744506359100342,5.293096542358398,0.8133765859408446,0.9161198526644148,200,1.2646498831319832,3.7180820843204856,0.04694934200961143,0.8133765859408445,0.9161198262870311,1044.8593715286254,mobile,0.0005960660519123374,0.0005960660519123374,52.24296665182253,52.24296665182253,system,0.0,158,0.9161198262870311,0.03651630114238684,meta_train_support,3,MARGO-SPLIT-v1,20,20,80,3,159,0.0,0.2,20,10,0.0005,0.0005,mrlco_first_order_mean_pseudogradient,fixed_literature_derived_defaults,0.001317306722236214,6.586533611181028e-05,0.010199122437576596,0.0005099561218788184,0.0005406084605564007,2.7030423027820175e-05,3.0,0.0,0.04283027991253418,0.31816122038515743,0.014241596706162242,,,,,,,,,,,,,,,,
0.042742167199738085,0.00125,0.998,0.00075,-0.0002906866429839283,0.035625752061605453,0.00045156392170921935,0.001333333303531011,0.6883654426783323,0.0,0.0,0.0,0.0,0.0,0.0,0.009526902509483957,1.501678228378296,publication,0.6268918514251709,5.166895151138306,0.7225415628303954,0.81387384867543,200,0.9496196649319562,3.1980162002146244,0.054114420898258686,0.7225415628303953,0.813873843178153,1054.7145657348633,mobile,0.0031457888164982766,0.005060347583300202,52.735726386537934,52.735726386537934,system,0.0,159,0.813873843178153,0.03320795691893082,meta_train_support,3,MARGO-SPLIT-v1,20,20,80,3,160,0.0,0.2,20,10,0.0005,0.0005,mrlco_first_order_mean_pseudogradient,fixed_literature_derived_defaults,0.0013090735552222378,6.545367776111116e-05,0.010135377922341742,0.0005067688961170602,0.0005372296576779232,2.6861482883895615e-05,3.0,0.0,0.04289573359029529,0.3186679892812745,0.014268458189046138,,,,,,,,,,,,,,,,
0.0539470642874854,0.00025,0.9995,0.00025,-0.00027980716549791396,0.011848684400320053,3.561839611477453e-05,0.00033333332588275275,0.3641110965361198,0.0,0.0,0.0,0.0,0.0,0.0,0.01039419129047158,1.4373444318771362,publication,0.6689178943634033,4.873101472854614,0.3710411031102079,0.4169434878735683,200,0.38806610555049104,1.095712929032743,0.04677249563974328,0.37104110311020794,0.4169434797018766,605.3803554534912,mobile,4.9688799516186596e-05,0.00022409860483796215,30.269018354430354,30.269018354430354,system,0.0,160,0.4169434797018766,0.041617398986834184,meta_train_support,3,MARGO-SPLIT-v1,20,20,80,3,161,0.0,0.2,20,10,0.0005,0.0005,mrlco_first_order_mean_pseudogradient,fixed_literature_derived_defaults,0.0013009426635748945,6.504713317874444e-05,0.010072425264439,0.0005036212632219539,0.0005338928275060107,2.669464137530081e-05,3.0,0.0,0.042960780723474035,0.31917161054449644,0.014295152830421438,,,,,,,,,,,,,,,,
0.05646459577793034,0.001,0.99875,0.00025,-0.0003232965536881238,0.009349459782242775,0.0001930978421558279,0.0007499999832361937,0.4492672763143977,0.0,0.0,0.0,0.0,0.0,0.0,0.010882761159803961,1.5648707151412964,publication,0.5930354595184326,4.856267929077148,0.45446439826570867,0.5100916111876722,200,0.6303827852577355,1.7062199314532336,0.05225437978515402,0.4544643982657087,0.5100916004925966,269.41700010299684,mobile,8.424544894586339e-05,8.424544894586339e-05,13.470850522578676,13.470850522578676,system,0.0,161,0.5100916004925966,0.04290225864798212,meta_train_support,3,MARGO-SPLIT-v1,20,20,80,3,162,0.0,0.2,20,10,0.0005,0.0005,mrlco_first_order_mean_pseudogradient,fixed_literature_derived_defaults,0.0012929121533059138,6.464560766529515e-05,0.010010249799843697,0.0005005124899921665,0.0005305971927683192,2.65298596384151e-05,3.0,0.0,0.04302542633113933,0.3196721230344886,0.014321682690059854,,,,,,,,,,,,,,,,
0.04477499829133451,0.00125,0.99875,0.0,-0.00015570555115118623,0.02618597075343132,0.00017924696251633135,0.0008333333147068819,0.48773701420674725,0.0,0.0,0.0,0.0,0.0,0.0,0.00810243862481922,1.5296093225479126,publication,0.6283345222473145,4.747035264968872,0.6254725815261305,0.7043485297183543,200,0.7633847783441157,2.211978716775775,0.049943374004215,0.6254725815261305,0.7043485510349273,778.5001132202149,mobile,0.00036302955087223906,0.0048568457645066015,38.92500191542658,38.92500191542658,system,0.0,162,0.7043485510349273,0.03321243291239102,meta_train_support,3,MARGO-SPLIT-v1,20,20,80,3,163,0.0,0.2,20,10,0.0005,0.0005,mrlco_first_order_mean_pseudogradient,fixed_literature_derived_defaults,0.001284980176905264,6.424900884526019e-05,0.009948837224384532,0.0004974418612192499,0.0005273419952666731,2.636709976333411e-05,3.0,0.0,0.04308967533998459,0.32016956489570786,0.014348049789823188,,,,,,,,,,,,,,,,
0.05992144854040924,0.0005,0.99925,0.00025,-0.0002798089408315718,0.03916209191083908,0.000587844021889287,0.0004999999888241291,0.6450373974318306,0.0,0.0,0.0,0.0,0.0,0.0,0.006747155265582506,1.532901406288147,publication,0.6415510177612305,4.992670297622681,0.7166103105491388,0.8066817956535669,200,0.9280083874604451,2.7001470066607,0.03432568733114749,0.7166103105491388,0.8066817861050367,558.0890490627289,mobile,0.000314369006159816,0.0015581990934492673,27.904454259389773,27.904454259389773,system,0.0,163,0.8066817861050367,0.04547880704838458,meta_train_support,3,MARGO-SPLIT-v1,20,20,80,3,164,0.0,0.2,20,10,0.0005,0.0005,mrlco_first_order_mean_pseudogradient,fixed_literature_derived_defaults,0.0012771449319241342,6.385724659620923e-05,0.009888173582772431,0.000494408679138636,0.0005241264952955348,2.6206324764776676e-05,3.0,0.0,0.0431535325865808,0.3206639735748465,0.014374256114587964,,,,,,,,,,,,,,,,
0.06392672067212883,0.0005,0.9995,0.0,-6.998956087045372e-05,0.061035893857479095,0.00021576595870740714,0.00033333332588275275,0.7970252760996421,0.0,0.0,0.0,0.0,0.0,0.0,0.004844268037960172,1.5816677808761597,publication,0.6184988021850586,5.191939830780029,0.8053452161640045,0.9064478005496858,200,0.7191749816200738,2.1877071508206427,0.04620493116090074,0.8053452161640043,0.9064478090405464,807.5061212158203,mobile,0.0003174447205744741,0.0026329740450583322,40.37530848433681,40.37530848433681,system,0.0,164,0.9064478090405464,0.04643974122031841,meta_train_support,3,MARGO-SPLIT-v1,20,20,80,3,165,0.0,0.2,20,10,0.0005,0.0005,mrlco_first_order_mean_pseudogradient,fixed_literature_derived_defaults,0.0012694046596094426,6.347023298047122e-05,0.009828245258028357,0.0004914122629013917,0.0005209499710816225,2.6047498554081228e-05,3.0,0.0,0.04321700281956127,0.3211553858377479,0.014400303613142046,,,,,,,,,,,,,,,,
0.05612518500725303,0.0005,0.9995,0.0,-0.0001010540800052695,0.0051198857836425304,0.00022184264023092183,0.00024999999441206456,0.2524929948461552,0.0,0.0,0.0,0.0,0.0,0.0,0.006762679796710579,1.4377353191375732,publication,0.5974791049957275,4.258537530899048,0.3162798861568633,0.35488753904035547,200,0.5237366712902444,1.7972965594381094,-0.0031996472971513867,0.3162798861568634,0.3548875444382429,809.2189719581604,mobile,0.0005220012159287955,0.004070767760924084,40.460950658704746,40.460950658704746,system,0.0,165,0.3548875444382429,0.04401781015929679,meta_train_support,3,MARGO-SPLIT-v1,20,20,80,3,166,0.0,0.2,20,10,0.0005,0.0005,mrlco_first_order_mean_pseudogradient,fixed_literature_derived_defaults,0.001261757643587699,6.30878821793815e-05,0.009769038961293245,0.0004884519480646832,0.0005178117182437814,2.5890585912189193e-05,3.0,0.0,0.04328009070174065,0.32164383778581257,0.014426194199054235,,,,,,,,,,,,,,,,
0.0562149780751965,0.00025,0.9995,0.00025,-6.927139475010335e-05,0.2568940222263336,0.00016738878083625796,0.00033333332588275275,1.2134539540546636,0.0,0.0,0.0,0.0,0.0,0.0,0.0052336383395524405,1.5168311595916748,publication,0.6633963584899902,5.051452398300171,1.107419195464582,1.2480917454783047,200,1.373562784653473,4.125160805881023,0.04766148724593222,1.107419195464582,1.2480917353183032,640.5864938926696,mobile,0.00017398764775911234,0.00017398764775911234,32.02932511735466,32.02932511735466,system,0.0,166,1.2480917353183032,0.041515015240994775,meta_train_support,3,MARGO-SPLIT-v1,20,20,80,3,167,0.0,0.2,20,10,0.0005,0.0005,mrlco_first_order_mean_pseudogradient,fixed_literature_derived_defaults,0.0012542022085961558,6.271011042980473e-05,0.009710541722004066,0.00048552708610022366,0.0005147110492722618,2.573555246361374e-05,3.0,0.0,0.04334280081217046,0.3221293648719128,0.014451929751517848,,,,,,,,,,,,,,,,
0.06265794272976113,0.0005,0.9995,0.0,-9.194397716782987e-05,0.024627376347780228,2.572420980985202e-05,0.00024999999441206456,0.5475061678017179,0.0,0.0,0.0,0.0,0.0,0.0,0.006006557224532147,1.5659552812576294,publication,0.6425063610076904,4.935734272003174,0.6262934709124751,0.7044069270114415,200,0.740168207397563,2.435651458799839,0.027228931634454057,0.6262934709124752,0.7044069277122617,536.1048252487183,mobile,0.00048252765501152853,0.0008494899471867556,26.80524126049362,26.80524126049362,system,0.0,167,0.7044069277122617,0.043609730041793277,meta_train_support,3,MARGO-SPLIT-v1,20,20,80,3,168,0.0,0.2,20,10,0.0005,0.0005,mrlco_first_order_mean_pseudogradient,fixed_literature_derived_defaults,0.001246736719259274,6.233683596296169e-05,0.009652740878420708,0.00048263704392104145,0.0005116472930265935,2.5582364651329653e-05,3.0,0.0,0.04340513764813342,0.32261200191583383,0.014477512116169178,,,,,,,,,,,,,,,,
0.06437331261793681,0.0,0.9995,0.0005,-5.680588947143406e-05,0.026646465063095093,0.00033645432851606334,0.00033333332588275275,0.6860049089416861,0.0,0.0,0.0,0.0,0.0,0.0,0.005666253946029809,1.8505399227142334,publication,0.6155588626861572,5.481566429138184,0.62610620749992,0.7054373901132567,200,0.8822457703919693,2.3802986284717917,0.03293882225989364,0.6261062074999202,0.7054374216683209,221.44678604125977,mobile,0.00010221056651351649,0.0002911847181437433,11.07233922026817,11.07233922026817,system,0.0,168,0.7054374216683209,0.04880377362354399,meta_train_support,3,MARGO-SPLIT-v1,20,20,80,3,169,0.0,0.2,20,10,0.0005,0.0005,mrlco_first_order_mean_pseudogradient,fixed_literature_derived_defaults,0.0012393595789086274,6.196797894543471e-05,0.009595624068489223,0.0004797812034244564,0.0005086197942512882,2.5430989712565272e-05,3.0,0.0,0.04346710562707885,0.3230917831192583,0.014502943105881743,,,,,,,,,,,,,,,,
0.07948678142747392,0.0005,0.9995,0.0,-0.00011522785644046962,0.01602543704211712,0.00020016592839278884,0.00033333332588275275,0.7473748831699292,0.0,0.0,0.0,0.0,0.0,0.0,0.00478252515908612,1.9221205711364746,publication,0.6662166118621826,5.245525360107422,0.7322207964030696,0.8246995819900621,200,0.793911663286323,2.5546134812757373,0.05039667492019362,0.7322207964030696,0.8246995660290122,418.302971496582,mobile,3.3050224313561795e-05,3.3050224313561795e-05,20.915148078161575,20.915148078161575,system,0.0,169,0.8246995660290122,0.052185393825460745,meta_train_support,3,MARGO-SPLIT-v1,20,20,80,3,170,0.0,0.2,20,10,0.0005,0.0005,mrlco_first_order_mean_pseudogradient,fixed_literature_derived_defaults,0.001232069228444459,6.160346142222023e-05,0.009539179221027523,0.0004769589610513769,0.0005056279131086335,2.528139565543229e-05,3.0,0.0,0.04352870908850107,0.32356874208030967,0.014528224501537176,,,,,,,,,,,,,,,,
0.05608668227741535,0.0005,0.9995,0.0,-5.554763265536167e-05,0.1029609739780426,0.00031039929584748556,0.00033333332588275275,0.8869084227209291,0.0,0.0,0.0,0.0,0.0,0.0,0.005357210291537081,1.8003207445144653,publication,0.661860466003418,5.308223009109497,0.9329263191729791,1.0495272406893492,200,1.0104396357482435,2.957733173854649,0.0450539545272477,0.9329263191729792,1.0495271982997656,744.5434823608398,mobile,3.7356475277078936e-05,0.00023165543408280905,37.2271760844349,37.2271760844349,system,0.0,170,1.0495271982997656,0.041753265163063345,meta_train_support,3,MARGO-SPLIT-v1,20,20,80,3,171,0.0,0.2,20,10,0.0005,0.0005,mrlco_first_order_mean_pseudogradient,fixed_literature_derived_defaults,0.0012248641452371814,6.1243207261856e-05,0.009483394547220345,0.000474169727361029,0.0005026710247278813,2.5133551236393437e-05,3.0,0.0,0.04358995229576293,0.3240429118076707,0.014553358052773569,,,,,,,,,,,,,,,,
0.059843937059734564,0.00075,0.99925,0.0,-0.00017920609388966113,0.018540868535637856,0.00022457578907359257,0.00041666665735344094,0.4883039359934628,0.0,0.0,0.0,0.0,0.0,0.0,0.007259956448459614,1.6851259469985962,publication,0.676929235458374,5.222251653671265,0.48188759962694355,0.5419699033194046,200,0.8727850061967035,2.7111588222905993,0.02502800934598781,0.4818875996269435,0.541969907619059,498.34990619659425,mobile,0.0002182764391673564,0.00033824805692028964,24.91749663360747,24.91749663360747,system,0.0,171,0.541969907619059,0.046331582725562565,meta_train_support,3,MARGO-SPLIT-v1,20,20,80,3,172,0.0,0.2,20,10,0.0005,0.0005,mrlco_first_order_mean_pseudogradient,fixed_literature_derived_defaults,0.0012177428420671978,6.088714210335938e-05,0.009428258532410923,0.00047141292662056244,0.0004997485187701611,2.4987425938507307e-05,3.0,0.0,0.04365083943786629,0.32451432473429126,0.014578345478712076,,,,,,,,,,,,,,,,
0.05621294323029123,0.00025,0.9995,0.00025,-0.00010053535515908152,0.017345624044537544,0.0001984547305150001,0.00033333332588275275,0.6294536570707957,0.0,0.0,0.0,0.0,0.0,0.0,0.0056835684692648596,1.6779844760894775,publication,0.6281273365020752,5.146456241607666,0.8650758367303504,0.9769547995901666,200,0.7747350217994867,2.1594589969608933,0.047620344266761094,0.8650758367303503,0.9769547930546105,990.4897120666504,mobile,3.460725037371135e-05,0.0030389569617340403,49.52448739337317,49.52448739337317,system,0.0,172,0.9769547930546105,0.046401918865881804,meta_train_support,3,MARGO-SPLIT-v1,20,20,80,3,173,0.0,0.2,20,10,0.0005,0.0005,mrlco_first_order_mean_pseudogradient,fixed_literature_derived_defaults,0.0012107038661014916,6.053519330507379e-05,0.009373759928177334,0.0004686879964088675,0.0004968597990084838,2.4842989950424332e-05,3.0,0.0,0.04371137463117136,0.3249830127307001,0.0146031884686625,,,,,,,,,,,,,,,,
0.04711113669294085,0.0005,0.99925,0.00025,-0.0002040207473328337,0.006256404332816601,0.00025061375392801584,0.0004999999888241291,0.3606235574930906,0.0,0.0,0.0,0.0,0.0,0.0,0.007606140321368605,1.7148232460021973,publication,0.62674880027771,4.905470609664917,0.4627270661506484,0.5187204847960311,200,0.5631565841984628,1.501398814842105,0.030261766209150665,0.4627270661506483,0.5187204732187092,590.3760888671875,mobile,0.0002606668836212888,0.0002606668836212888,29.518804915554814,29.518804915554814,system,0.0,173,0.5187204732187092,0.038790085294081386,meta_train_support,3,MARGO-SPLIT-v1,20,20,80,3,174,0.0,0.2,20,10,0.0005,0.0005,mrlco_first_order_mean_pseudogradient,fixed_literature_derived_defaults,0.001203745797905506,6.018728989527766e-05,0.009319887744682061,0.00046599438723410325,0.0004940042829222282,2.470021414611133e-05,3.0,0.0,0.04377156192106664,0.32544900711793423,0.014627888682808612,,,,,,,,,,,,,,,,
0.06027723786185114,0.00125,0.9985,0.00025,-0.00037241794052533805,0.006974766030907631,0.0007028069538202193,0.0009999999776482583,0.38342086325089136,0.0,0.0,0.0,0.0,0.0,0.0,0.007029704715744885,1.7265548706054688,publication,0.5699195861816406,4.72527813911438,0.47325419338680663,0.5324643998511601,200,0.6663877720826497,1.9919113921932876,0.04204486872185953,0.4732541933868065,0.5324644114077092,645.9836122989655,mobile,0.000578057079293274,0.0010371455988895813,32.299182035294095,32.299182035294095,system,0.0,174,0.5324644114077092,0.04646816161736542,meta_train_support,3,MARGO-SPLIT-v1,20,20,80,3,175,0.0,0.2,20,10,0.0005,0.0005,mrlco_first_order_mean_pseudogradient,fixed_literature_derived_defaults,0.001196867250488903,5.984336252444489e-05,0.009266631243283878,0.00046333156216421534,0.0004911814013055298,2.4559070065276883e-05,3.0,0.0,0.043831405283591085,0.32591233868009845,0.014652447752873889,,,,,,,,,,,,,,,,
0.05743370646936933,0.00125,0.99825,0.0005,-0.0001497622870374471,0.04035579785704613,0.001118086402828311,0.0011666666405896345,0.9728976969917615,0.0,0.0,0.0,0.0,0.0,0.0,0.006247401278230292,1.5397745370864868,publication,0.5834701061248779,5.050391435623169,0.9942525438870783,1.1176133483010926,200,0.8483541001236609,2.542907032184303,0.04913061216939241,0.9942525438870785,1.117613378521055,527.1085059738159,mobile,0.0002688758963622246,0.00048807037086968436,26.355424897187607,26.355424897187607,system,0.0,175,1.117613378521055,0.04035585933605229,meta_train_support,3,MARGO-SPLIT-v1,20,20,80,3,176,0.0,0.2,20,10,0.0005,0.0005,mrlco_first_order_mean_pseudogradient,fixed_literature_derived_defaults,0.0011900668683838525,5.9503343419191335e-05,0.009213979929401584,0.00046069899647005474,0.0004883905978890211,2.4419529894450717e-05,3.0,0.0,0.043890908627010276,0.3263730376765685,0.01467686728276834,,,,,,,,,,,,,,,,
0.07956141568212774,0.001,0.999,0.0,-0.00039773155003786087,0.052798107266426086,0.0005231272336686743,0.0006666666517655055,0.5763132099062205,0.0,0.0,0.0,0.0,0.0,0.0,0.008122288032961436,1.5130358934402466,publication,0.5967473983764648,5.358755588531494,0.4853607655936649,0.5454796718107536,200,0.921769005305157,2.886499784886837,0.04431294958340004,0.48536076559366476,0.545479658395052,94.22751910209655,mobile,0.0008157869397276987,0.0013541201175147424,4.711375915103916,4.711375915103916,system,0.0,176,0.545479658395052,0.06331838178158086,meta_train_support,3,MARGO-SPLIT-v1,20,20,80,3,177,0.0,0.2,20,10,0.0005,0.0005,mrlco_first_order_mean_pseudogradient,fixed_literature_derived_defaults,0.0011833433267545651,5.916716633772717e-05,0.009161923545619654,0.0004580961772809866,0.00048563132897439383,2.4281566448720523e-05,3.0,0.0,0.043950075793348004,0.3268311338538495,0.01470114884921706,,,,,,,,,,,,,,,,
0.05296464040090822,0.001,0.99875,0.00025,-0.0001676565589150414,0.15027174353599548,0.00020001486883754654,0.0007499999832361936,1.0077395146091779,0.0,0.0,0.0,0.0,0.0,0.0,0.008155553077179356,1.4903535842895508,publication,0.5572032928466797,5.176920652389526,0.9707244691638397,1.0928462834423407,200,1.13046587468771,2.930964158847928,0.05032463089082739,0.9707244691638399,1.0928462937287986,855.3893916320801,mobile,0.0005861463600693742,0.0005861463600693742,42.76946586511381,42.76946586511381,system,0.0,177,1.0928462937287986,0.035092326484783214,meta_train_support,3,MARGO-SPLIT-v1,20,20,80,3,178,0.0,0.2,20,10,0.0005,0.0005,mrlco_first_order_mean_pseudogradient,fixed_literature_derived_defaults,0.0011766953305368429,5.8834766526842663e-05,0.009110452065026286,0.00045552260325132377,0.00048290306308127926,2.4145153154063806e-05,3.0,0.0,0.044008910559874846,0.3272866564571008,0.014725294002371124,,,,,,,,,,,,,,,,
0.061060814615050064,0.00075,0.999,0.00025,-0.00030942767625674605,0.03834088146686554,0.0006289853679353048,0.0005833333202948174,0.6584646893665195,0.0,0.0,0.0,0.0,0.0,0.0,0.009305266145746447,1.5997365713119507,publication,0.6550188064575195,5.2481794357299805,0.8975648319614001,1.011302619673952,200,0.8432683161650265,2.3117225924506783,0.04997766071755905,0.8975648319614,1.011302624195814,404.8754679298401,mobile,0.000354774757282627,0.001163767146195477,20.24377432364095,20.24377432364095,system,0.0,178,1.011302624195814,0.043577906130761644,meta_train_support,3,MARGO-SPLIT-v1,20,20,80,3,179,0.0,0.2,20,10,0.0005,0.0005,mrlco_first_order_mean_pseudogradient,fixed_literature_derived_defaults,0.0011701216136064693,5.850608068032337e-05,0.009059555684774743,0.00045297778423875057,0.0004802052806059649,2.4010264030299017e-05,3.0,0.0,0.04406741664055517,0.32773963424133956,0.014749304266401423,,,,,,,,,,,,,,,,
0.045146867241833685,0.002,0.997,0.001,-0.0002230834070360288,0.008192567154765129,0.0017636062635792388,0.0019999999552965165,0.3359431091696024,0.0,0.0,0.0,0.0,0.0,0.0,0.012383673121597572,1.6672914028167725,publication,0.6515905857086182,4.680913209915161,0.548522531857217,0.6161224366192619,200,0.5855773883454173,1.5849482682533562,0.05260520856245421,0.548522531857217,0.6161224324256181,735.0729664230347,mobile,0.00021865196604094677,0.0012569424546071484,36.7536505442577,36.7536505442577,system,0.0,179,0.6161224324256181,0.035417701216552994,meta_train_support,3,MARGO-SPLIT-v1,20,20,80,3,180,0.0,0.2,20,10,0.0005,0.0005,mrlco_first_order_mean_pseudogradient,fixed_literature_derived_defaults,0.0011636209379753224,5.818104689876702e-05,0.009009224819859326,0.0004504612409929609,0.0004775374734914873,2.387687367457446e-05,3.0,0.0,0.04412559768745394,0.3281900954823325,0.014773181140075997,,,,,,,,,,,,,,,,
0.05195806335001248,0.0015,0.99775,0.00075,-0.00037045442149974406,0.0036267100367695093,0.0008471650251901034,0.0014166666350016988,0.25550444548328716,0.0,0.0,0.0,0.0,0.0,0.0,0.016830231225786054,1.6059718132019043,publication,0.6020376682281494,4.901371717453003,0.16981736008006482,0.18944218058371917,200,0.2916133556165271,1.055275042541325,0.03914878342038719,0.1698173600800648,0.18944217493757606,142.67983489990235,mobile,0.00022118636588881995,0.00089126276157532,7.133991858233624,7.133991858233624,system,0.0,180,0.18944217493757606,0.041090406098198605,meta_train_support,3,MARGO-SPLIT-v1,20,20,80,3,181,0.0,0.2,20,10,0.0005,0.0005,mrlco_first_order_mean_pseudogradient,fixed_literature_derived_defaults,0.0011571920930141327,5.785960465070489e-05,0.008959450097097673,0.0004479725048548988,0.0004748991449086614,2.3744957245433115e-05,3.0,0.0,0.04418345729210464,0.3286380679871874,0.01479692609732143,,,,,,,,,,,,,,,,
0.057517148320289056,0.00225,0.99675,0.001,-9.471645171288401e-05,0.0133929792791605,0.0011653772408304044,0.0020833332867672043,0.54334372356534,0.0,0.0,0.0,0.0,0.0,0.0,0.013444363334103603,1.7960597276687622,publication,0.6579809188842773,4.720721006393433,0.7671097544789625,0.8656321035372093,200,0.7348028700626218,2.1970501783071086,0.03500208854893572,0.7671097544789625,0.8656321127153933,597.4741066169739,mobile,0.0005442575980073978,0.0007938409503388216,29.87370685052575,29.87370685052575,system,0.0,181,0.8656321127153933,0.046769874205583345,meta_train_support,3,MARGO-SPLIT-v1,20,20,80,3,182,0.0,0.2,20,10,0.0005,0.0005,mrlco_first_order_mean_pseudogradient,fixed_literature_derived_defaults,0.0011508338947008683,5.754169473504156e-05,0.008910222349311422,0.00044551111746554684,0.0004722898089476248,2.361449044738055e-05,3.0,0.0,0.04424099898683968,0.32908357910465297,0.014820540587768811,,,,,,,,,,,,,,,,
0.08507188805826667,0.00125,0.99825,0.0005,-9.424077143194154e-05,0.18811267614364624,0.001135387657096724,0.0011666666405896345,1.1906975929314894,0.0,0.0,0.0,0.0,0.0,0.0,0.012392717633043669,1.7770153284072876,publication,0.6418068408966064,4.990045547485352,1.0446289087203575,1.1797336690612428,200,1.09786056139261,3.2666485654190183,0.07215088210068643,1.0446289087203575,1.179733651354909,560.9952560806274,mobile,0.0006153956839360233,0.004080624465423413,28.049761516746766,28.049761516746766,system,0.0,182,1.179733651354909,0.06471513144084967,meta_train_support,3,MARGO-SPLIT-v1,20,20,80,3,183,0.0,0.2,20,10,0.0005,0.0005,mrlco_first_order_mean_pseudogradient,fixed_literature_derived_defaults,0.0011445451848937597,5.722725924468819e-05,0.008861532609697699,0.0004430766304848732,0.0004697089903194957,2.3485449515974963e-05,3.0,0.0,0.04429822624608437,0.32952665573513784,0.014844026037284786,,,,,,,,,,,,,,,,
0.05151395483810499,0.00125,0.998,0.00075,-0.0007831669063307345,0.009606038220226765,0.0008130480996423256,0.0012499999720603228,0.3219098995129267,0.0,0.0,0.0,0.0,0.0,0.0,0.02019989814427496,1.5210078954696655,publication,0.6539139747619629,4.994800806045532,0.23961091745837837,0.26838781929525796,200,0.30377316052402026,0.9027328961528838,0.036239342673070496,0.2396109174583784,0.2683878104761243,370.2809775924683,mobile,0.001025206172164245,0.0045528130950174845,18.514048763755206,18.514048763755206,system,0.0,183,0.2683878104761243,0.040298789983251045,meta_train_support,3,MARGO-SPLIT-v1,20,20,80,3,184,0.0,0.2,20,10,0.0005,0.0005,mrlco_first_order_mean_pseudogradient,fixed_literature_derived_defaults,0.0011383248306280327,5.691624153140312e-05,0.008813372106384124,0.0004406686053192166,0.0004671562240677593,2.335781120338734e-05,3.0,0.0,0.044355142487615774,0.32996732434045706,0.014867383848488173,,,,,,,,,,,,,,,,
0.04630870117252126,0.002,0.9975,0.0005,-0.0008813102031126618,0.002822784474119544,0.00048469179634101536,0.001416666635001699,0.21165931932628151,0.0,0.0,0.0,0.0,0.0,0.0,0.019104670660216434,0.8510605096817017,publication,0.6686675548553467,5.296473503112793,0.19755308136732339,0.22155473027742117,200,0.20750123388096706,0.700448012095876,0.03430346117238514,0.19755308136732336,0.2215547255985439,652.5644408798217,mobile,0.001451868071791232,0.0032929339330745443,32.62822101972031,32.62822101972031,system,0.0,184,0.2215547255985439,0.03961973253613145,meta_train_support,3,MARGO-SPLIT-v1,20,20,80,3,185,0.0,0.2,20,10,0.0005,0.0005,mrlco_first_order_mean_pseudogradient,fixed_literature_derived_defaults,0.0011321717234354489,5.66085861717705e-05,0.008765732257160427,0.0004382866128579965,0.00046463105528901465,2.3231552764450825e-05,3.0,0.0,0.044411751073787545,0.33040561095331505,0.014890615401252624,,,,,,,,,,,,,,,,
0.0703300296314596,0.00175,0.99775,0.0005,-0.0015577167505398393,0.09280107170343399,0.00035916238122505695,0.0014999999664723873,0.7245768141001463,0.0,0.0,0.0,0.0,0.0,0.0,0.014430424814594982,1.2121758460998535,publication,0.6581850051879883,5.316025257110596,0.7111825562868505,0.8006655883463464,200,0.8638787049414628,2.9016866055317223,0.049229987314902246,0.7111825562868506,0.8006655772589147,435.280315952301,mobile,0.0005341825308769644,0.0013617841382432732,21.76401473324787,21.76401473324787,system,0.0,185,0.8006655772589147,0.05040744279873126,meta_train_support,3,MARGO-SPLIT-v1,20,20,80,3,186,0.0,0.2,20,10,0.0005,0.0005,mrlco_first_order_mean_pseudogradient,fixed_literature_derived_defaults,0.0011260847786857958,5.63042389342891e-05,0.008718604664379993,0.00043593023321897295,0.00046213303886272965,2.3106651943136797e-05,3.0,0.0,0.044468055312721834,0.330841541186534,0.014913722053195761,,,,,,,,,,,,,,,,
0.06202652748362299,0.00025,0.999,0.00075,-0.002179484348744154,0.03891899436712265,0.0009351528092257885,0.0005833333202948173,0.6418479471777877,0.0,0.0,0.0,0.0,0.0,0.0,0.015815741415912698,1.217072606086731,publication,0.6503384113311768,3.8320159912109375,0.7355953661772241,0.8286643104227551,200,0.882830515253048,2.4414000627584755,-0.0030374251073226333,0.7355953661772242,0.8286643002089114,533.2439314365387,mobile,0.003428967804860317,0.012789149170942836,26.66219773210454,26.66219773210454,system,0.0,186,0.8286643002089114,0.04925068750577484,meta_train_support,3,MARGO-SPLIT-v1,20,20,80,3,187,0.0,0.2,20,10,0.0005,0.0005,mrlco_first_order_mean_pseudogradient,fixed_literature_derived_defaults,0.0011200629349495082,5.60031467474742e-05,0.00867198111002502,0.000433599055501277,0.0004596617391896669,2.2983086959483742e-05,3.0,0.0,0.04452405845946931,0.3312751402420353,0.014936705140155245,,,,,,,,,,,,,,,,
0.04802303198560222,0.002,0.99725,0.00075,-0.0010337032144889235,0.06197666749358177,0.0006215524953631757,0.0017499999608844522,0.5880180586750308,0.0,0.0,0.0,0.0,0.0,0.0,0.01701154389207998,1.1160699129104614,publication,0.54770827293396,3.2688515186309814,0.6947809163087367,0.7810407545698581,200,0.7112530190150702,2.285751298884861,0.03138323427992873,0.6947809163087368,0.7810407535918057,1132.3280930233002,mobile,0.0015330190016027093,0.002651791092339817,56.616403016349295,56.616403016349295,system,0.0,187,0.7810407535918057,0.0386445017948083,meta_train_support,3,MARGO-SPLIT-v1,20,20,80,3,188,0.0,0.2,20,10,0.0005,0.0005,mrlco_first_order_mean_pseudogradient,fixed_literature_derived_defaults,0.0011199527763803955,5.599763881902059e-05,0.008651953642532491,0.000432597682126612,0.00045721672993865806,2.2860836496933767e-05,3.0,0.0,0.04458005609828833,0.3317077379241619,0.014959565976652179,,,,,,,,,,,,,,,,
0.050049187203636325,0.00275,0.99575,0.0015,-0.0020554186776280403,0.03598317876458168,0.0007473840904102266,0.0024166666592160863,0.546313335125645,0.0,0.0,0.0,0.0,0.0,0.0,0.02241555600702536,1.2852613925933838,publication,0.6300733089447021,5.022971868515015,0.49872783594469866,0.5597828146153188,200,0.5008597853060733,1.6029809266328812,-0.0223989374935627,0.4987278359446988,0.5597828122461215,1042.514251346588,mobile,0.00979345810866571,0.03587977825452691,52.12571195412161,52.12571195412161,system,0.0,188,0.5597828122461215,0.04398316144222699,meta_train_support,3,MARGO-SPLIT-v1,20,20,80,3,189,0.0,0.2,20,10,0.0005,0.0005,mrlco_first_order_mean_pseudogradient,fixed_literature_derived_defaults,0.0011144847835498897,5.57242391774973e-05,0.008611958470320596,0.00043059792351601844,0.00045479759380141646,2.2739879690071574e-05,3.0,0.0,0.044635780337465826,0.33213833584767793,0.01498230585634225,,,,,,,,,,,,,,,,
0.07491643004514412,0.0035,0.99475,0.00175,-0.003506604814901948,0.11498396098613739,0.0013453957648683474,0.0028333332700033985,0.6985444815208515,0.0,0.0,0.0,0.0,0.0,0.0,0.03135026297805207,1.2589025497436523,publication,0.6542582511901855,5.60103440284729,0.4896604343748659,0.5506546724880172,200,0.8729746487968266,2.919886893592775,-0.004528477787971497,0.4896604343748659,0.5506546977022663,390.0014226913452,mobile,0.004557333330467526,0.01677919138836541,19.500069880909777,19.500069880909777,system,0.0,189,0.5506546977022663,0.05887701695391348,meta_train_support,3,MARGO-SPLIT-v1,20,20,80,3,190,0.0,0.2,20,10,0.0005,0.0005,mrlco_first_order_mean_pseudogradient,fixed_literature_derived_defaults,0.001108619074162785,5.543095370814238e-05,0.008566632373108382,0.0004283316186554087,0.0004524039222550932,2.262019611275548e-05,3.0,0.0,0.04469121129117397,0.33256666746633334,0.015004926052455006,,,,,,,,,,,,,,,,
0.03618734872092068,0.00675,0.991,0.00225,-0.0002050840121228248,0.012101703323423862,0.003107126053813166,0.0056666666176170095,0.3371921949088574,0.0,0.0,0.0,0.0,0.0,0.0,0.04201053642725561,0.988126814365387,publication,0.672022819519043,5.163008451461792,0.43951364951281474,0.49343324330788163,200,0.4647050643901417,1.5378831892739981,0.0770980748347938,0.4395136495128148,0.493433238863945,1130.1630548477174,mobile,0.0007315921438683143,0.002885222410732717,56.50814811182534,56.50814811182534,system,0.0,190,0.493433238863945,0.03167029362816978,meta_train_support,3,MARGO-SPLIT-v1,20,20,80,3,191,0.0,0.2,20,10,0.0005,0.0005,mrlco_first_order_mean_pseudogradient,fixed_literature_derived_defaults,0.001102814785816383,5.51407392908182e-05,0.008521780894715145,0.0004260890447357335,0.0004500353153322917,2.2501765766614473e-05,3.0,0.0,0.04474635203046479,0.3329927565110691,0.01502742781822162,,,,,,,,,,,,,,,,
0.07018764175640242,0.00675,0.991,0.00225,-0.001314845634624362,0.1220652386546135,0.0033263468119306095,0.00524999996026357,0.9838442862033844,0.0,0.0,0.0,0.0,0.0,0.0,0.0525981527230234,1.5379011631011963,publication,0.5936269760131836,5.1326916217803955,0.9425578191743633,1.059729234703991,200,0.9114561855125471,2.616545149125159,0.04319729481358081,0.9425578191743632,1.059729255363345,548.4603534698487,mobile,0.0011672008793419514,0.008496585220543668,27.42301701128817,27.42301701128817,system,0.0,191,1.059729255363345,0.056012024535880126,meta_train_support,3,MARGO-SPLIT-v1,20,20,80,3,192,0.0,0.2,20,10,0.0005,0.0005,mrlco_first_order_mean_pseudogradient,fixed_literature_derived_defaults,0.001104224869026047,5.521124345130024e-05,0.00850813734542289,0.00042540686727116084,0.0004476913813982693,2.2384569069913013e-05,3.0,0.0,0.04480156327391609,0.33341816337834024,0.015049812387291533,,,,,,,,,,,,,,,,
0.07037705641766542,0.00875,0.98575,0.0055,-0.001610583858564496,0.10814213007688522,0.010009118288871832,0.007750000028560558,0.9688363601143161,0.0,0.0,0.0,0.0,0.0,0.0,0.058388894939340644,1.630199909210205,publication,0.6751625537872314,4.86731481552124,1.0117794002744094,1.1405658950152429,200,0.9721223613887564,3.1829832643270493,0.050858134316513315,1.0117794002744096,1.1405658532679082,553.130770149231,mobile,0.0032366817501629126,0.0038022599781286485,27.656541026931325,27.656541026931325,system,0.0,192,1.1405658532679082,0.05041794359701313,meta_train_support,3,MARGO-SPLIT-v1,20,20,80,3,193,0.0,0.2,20,10,0.0005,0.0005,mrlco_first_order_mean_pseudogradient,fixed_literature_derived_defaults,0.001098503496647674,5.492517483238202e-05,0.008464053732234172,0.00042320268661172333,0.0004453717369350659,2.2268586846754118e-05,3.0,0.0,0.04485648844874847,0.33384136606495196,0.015072080974138287,,,,,,,,,,,,,,,,
0.05538801189258498,0.009,0.98875,0.00225,-0.0014503696002066135,0.025625212118029594,0.002321600047798711,0.006833333320294817,0.6188033478955427,0.0,0.0,0.0,0.0,0.0,0.0,0.06278083019270732,1.4874835014343262,publication,0.6551756858825684,5.025381565093994,0.695188343076924,0.7835560026246822,200,0.8441809334366364,2.9710036762990057,0.04147000589000527,0.6951883430769241,0.7835560080967844,1027.653969373703,mobile,0.0006058301786246015,0.01173901254102095,51.382700828188334,51.382700828188334,system,0.0,193,0.7835560080967844,0.04574350039743129,meta_train_support,3,MARGO-SPLIT-v1,20,20,80,3,194,0.0,0.2,20,10,0.0005,0.0005,mrlco_first_order_mean_pseudogradient,fixed_literature_derived_defaults,0.0010928411074896962,5.4642055374483356e-05,0.008422108273947015,0.00042110541369733134,0.00044307600633230776,2.2153800316615513e-05,3.0,0.0,0.04491113050412295,0.3342624714786493,0.015094234774454903,,,,,,,,,,,,,,,,
0.05996287458335696,0.00725,0.98875,0.004,-0.0022300188429653645,0.009223279543220997,0.0030391483208707846,0.006833333351338904,0.4365264274179935,0.0,0.0,0.0,0.0,0.0,0.0,0.06588183297507987,1.4618313312530518,publication,0.6653954982757568,5.51709771156311,0.3417503090338851,0.38564171115482165,200,0.4227863233419842,1.1157173517567571,0.0467042522795964,0.34175030903388515,0.3856417068652809,603.9464465332031,mobile,0.00025525004718531593,0.0008760062228004558,30.197320937043926,30.197320937043926,system,0.0,194,0.3856417068652809,0.040302975739723725,meta_train_support,3,MARGO-SPLIT-v1,20,20,80,3,195,0.0,0.2,20,10,0.0005,0.0005,mrlco_first_order_mean_pseudogradient,fixed_literature_derived_defaults,0.0010872367941179542,5.436183970589786e-05,0.008378917975106261,0.0004189458987552963,0.0004408038216844498,2.204019108422231e-05,3.0,0.0,0.04496549234382885,0.3346814173774046,0.015116274965539125,,,,,,,,,,,,,,,,
0.06818105224723414,0.00375,0.995,0.00125,-0.0022248371969908476,0.14776484668254852,0.001532340330201502,0.002833333270003398,1.1076198004186153,0.0,0.0,0.0,0.0,0.0,0.0,0.04741624435559058,1.3459752798080444,publication,0.6479766368865967,5.329928159713745,0.8311429120955648,0.9328035629419901,200,0.898026029770786,2.576458412222564,0.07641029398655519,0.8311429120955648,0.9328035661950708,435.1568065643311,mobile,0.00042804596152679417,0.0023881949301966425,21.757841012287432,21.757841012287432,system,0.0,195,0.9328035661950708,0.04239994163520322,meta_train_support,3,MARGO-SPLIT-v1,20,20,80,3,196,0.0,0.2,20,10,0.0005,0.0005,mrlco_first_order_mean_pseudogradient,fixed_literature_derived_defaults,0.0010816896676173523,5.4084483380865966e-05,0.008336168393600617,0.0004168084196800037,0.000438554822594223,2.192774112971113e-05,3.0,0.0,0.045019576827209716,0.3350982257970846,0.015138202706668836,,,,,,,,,,,,,,,,
0.05621776986059464,0.00325,0.995,0.00175,-0.001187965739518404,0.012736539356410503,0.0030437468019348063,0.0026666666070620224,0.4506151059021553,0.0,0.0,0.0,0.0,0.0,0.0,0.031915624075279085,1.210315465927124,publication,0.6622512340545654,5.330268859863281,0.5861314316103852,0.6600279162732476,200,0.6872686360615292,2.3500626534223557,0.029992281721206382,0.5861314316103854,0.6600279251113534,794.6654227924347,mobile,0.004760191991403166,0.02060405766350769,39.73327126005915,39.73327126005915,system,0.0,196,0.6600279251113534,0.049075634709633026,meta_train_support,3,MARGO-SPLIT-v1,20,20,80,3,197,0.0,0.2,20,10,0.0005,0.0005,mrlco_first_order_mean_pseudogradient,fixed_literature_derived_defaults,0.0010761988571218327,5.3809942856093695e-05,0.008293852817998583,0.0004146926408999385,0.0004363286559820696,2.1816432799103003e-05,3.0,0.0,0.04507338677006581,0.33551291843798453,0.01516001913946794,,,,,,,,,,,,,,,,
0.08309351194051608,0.003,0.99575,0.00125,-0.0032280543819069862,0.13971611857414246,0.001377246504065018,0.0025833333066354195,1.141687887472411,0.0,0.0,0.0,0.0,0.0,0.0,0.02615700667999721,1.0570323467254639,publication,0.6421911716461182,5.097069263458252,0.8975168494095297,1.0114508523007317,200,1.0290193900100042,3.4054868784733117,0.0498817046845943,0.89751684940953,1.0114508523233234,148.74894138336182,mobile,0.0009644538515394035,0.010798477590447067,7.437447148869548,7.437447148869548,system,0.0,197,1.0114508523233234,0.06683000287358697,meta_train_support,3,MARGO-SPLIT-v1,20,20,80,3,198,0.0,0.2,20,10,0.0005,0.0005,mrlco_first_order_mean_pseudogradient,fixed_literature_derived_defaults,0.0010723360537222943,5.361680268611141e-05,0.008285093060138773,0.0004142546530069291,0.00043412497590135206,2.170624879506769e-05,3.0,0.0,0.04512700357275192,0.33592717309099146,0.015181725388263007,,,,,,,,,,,,,,,,
0.0539225666073444,0.00425,0.99525,0.0005,-0.002804455114528537,0.05553750693798065,0.0008983563651549771,0.0024166666126499577,0.5962611218293508,0.0,0.0,0.0,0.0,0.0,0.0,0.025472591787618702,1.0154701471328735,publication,0.6679961681365967,5.380111455917358,0.5887655347186294,0.6617289228541631,200,0.7159910053818157,2.055035612313077,0.02763380849501118,0.5887655347186296,0.6617289298027754,857.5933211135864,mobile,0.003226738083938088,0.011065996708337977,42.87966733372422,42.87966733372422,system,0.0,198,0.6617289298027754,0.04179991799058179,meta_train_support,3,MARGO-SPLIT-v1,20,20,80,3,199,0.0,0.2,20,10,0.0005,0.0005,mrlco_first_order_mean_pseudogradient,fixed_literature_derived_defaults,0.0010669474303367551,5.3347371516840325e-05,0.008243459426670739,0.00041217297133355757,0.00043194344335913424,2.159717216795691e-05,3.0,0.0,0.04518035094426876,0.336339346062325,0.015203322560430964,,,,,,,,,,,,,,,,
0.06184796206926352,0.005,0.994,0.001,-0.00119778944645077,0.03281501308083534,0.0014353303974417033,0.0035833332532395922,0.6501119494438171,0.0,0.0,0.0,0.0,0.0,0.0,0.024367036595178852,1.0474175214767456,publication,0.6365134716033936,5.399155855178833,0.8286505748675929,0.9328558478690684,200,0.8843338346239751,2.31351686315611,0.05215349973877892,0.828650574867593,0.932855840921402,655.8167612838745,mobile,0.0008946531141976353,0.0032297431979330183,32.79083662133414,32.79083662133414,system,0.0,199,0.932855840921402,0.04823948908607041,meta_train_support,3,MARGO-SPLIT-v1,20,20,80,3,200,0.0,0.2,20,10,0.0005,0.0005,mrlco_first_order_mean_pseudogradient,fixed_literature_derived_defaults,0.0010616126931850714,5.3080634659252723e-05,0.008202242129537385,0.00041011210647684537,0.0004297837261423386,2.148918630711684e-05,3.0,0.0,0.045233431578928014,0.33674945816880186,0.01522481174673808,,,,,,,,,,,,,,,,
0.06194147525820991,0.00325,0.99575,0.001,-0.0021363841369748116,0.021660897880792618,0.0008290126068340933,0.0024166666126499573,0.5182971100012461,0.0,0.0,0.0,0.0,0.0,0.0,0.024356543007243884,1.1751333475112915,publication,0.6901319026947021,5.440896511077881,0.5122310657284502,0.5761369382980774,200,0.621223719603028,1.7509128842502832,0.03068556636571884,0.5122310657284501,0.5761369293928147,840.3102871131897,mobile,0.0028177406344799057,0.012318370916932619,42.015512054104946,42.015512054104946,system,0.0,200,0.5761369293928147,0.047631486648133395,meta_train_support,3,MARGO-SPLIT-v1,20,20,80,3,201,0.0,0.2,20,10,0.0005,0.0005,mrlco_first_order_mean_pseudogradient,fixed_literature_derived_defaults,0.0010563310379950958,5.281655189975226e-05,0.008161434954763567,0.000408071747738159,0.0004276454986490931,2.1382274932453885e-05,3.0,0.0,0.045286248130827766,0.33715752991654,0.015246194021670535,-0.10298825309311004,-0.09439876883786241,0.09439876883786241,0.0,0.175,0.025,0.02375,0.975,0.975,0.0,validation/automotive_lexicographic_v1,automotive_lexicographic_v1,a3bd00d5108237acdb706f561212b5d840bac151f48b5250a61c573d9c9ffb6c,783212830.0,0.09439876883786241,1.0
0.06301162738086809,0.005,0.99375,0.00125,-0.0047034951858222485,0.004124923143535852,0.0019245558815631132,0.004083333304151893,0.334387836481134,0.0,0.0,0.0,0.0,0.0,0.0,0.03643788183612973,1.1939023733139038,publication,0.6430776119232178,5.208371162414551,0.274240280822781,0.3073244930415967,200,0.4511670064566203,1.4629952206742018,0.04381232091691345,0.27424028082278096,0.3073244931921363,258.91971727371214,mobile,0.001805501144900224,0.01211332027439316,12.945985366178848,12.945985366178848,system,0.0,201,0.3073244931921363,0.0450523609646772,meta_train_support,3,MARGO-SPLIT-v1,20,20,80,3,202,0.0,0.2,20,10,0.0005,0.0005,mrlco_first_order_mean_pseudogradient,fixed_literature_derived_defaults,0.0010511016764208627,5.2555083821043125e-05,0.008121031811423153,0.0004060515905711659,0.00042552844172508766,2.127642208625373e-05,3.0,0.0,0.04533880321464881,0.3375635815071112,0.015267470443756788,,,,,,,,,,,,,,,,
0.05283148799660849,0.00625,0.99275,0.001,-0.00045457304804585874,0.005714807193726301,0.0023296523553957135,0.004583333292976022,0.3723678576449553,0.0,0.0,0.0,0.0,0.0,0.0,0.0355366908101485,1.366404414176941,publication,0.6562981605529785,5.286961555480957,0.24157964160447912,0.27118482498242885,200,0.33826012077057166,1.072833395563066,0.039705366536509246,0.24157964160447915,0.27118482379242775,692.6771922302246,mobile,0.0006370938921725419,0.0018143890581826863,34.633860263114386,34.633860263114386,system,0.0,202,0.27118482379242775,0.041161795767086166,meta_train_support,3,MARGO-SPLIT-v1,20,20,80,3,203,0.0,0.2,20,10,0.0005,0.0005,mrlco_first_order_mean_pseudogradient,fixed_literature_derived_defaults,0.0010459238356503166,5.229619178251377e-05,0.00808102672860826,0.0004040513364303999,0.00042343224250476703,2.1171612125238035e-05,3.0,0.0,0.04539109940643132,0.3379676328435416,0.015288642055882026,,,,,,,,,,,,,,,,
0.05688394195572688,0.00475,0.994,0.00125,-0.0004813777923118323,0.012046078220009804,0.0028532189132723334,0.0036666665847102805,0.6930932375291984,0.0,0.0,0.0,0.0,0.0,0.0,0.031165628301177965,1.3995261192321777,publication,0.6452360153198242,5.334437847137451,0.7448778961595311,0.8395218387136992,200,0.7659945298379819,2.40796129219234,0.0633295850129798,0.744877896159531,0.8395218734443187,893.790550441742,mobile,0.0006170694415032935,0.001335439499174619,44.6895255157894,44.6895255157894,system,0.0,203,0.8395218734443187,0.04601793597127025,meta_train_support,3,MARGO-SPLIT-v1,20,20,80,3,204,0.0,0.2,20,10,0.0005,0.0005,mrlco_first_order_mean_pseudogradient,fixed_literature_derived_defaults,0.0010407967580245798,5.203983790123129e-05,0.008041413852487632,0.0004020706926243789,0.0004213565942571947,2.106782971286053e-05,3.0,0.0,0.045443139244332555,0.33836970353616597,0.015309709885594887,,,,,,,,,,,,,,,,
0.04888095380726857,0.00325,0.9955,0.00125,-0.0015441325958818197,0.010525896213948727,0.0014120219243939879,0.002749999969576796,0.46226971944173184,0.0,0.0,0.0,0.0,0.0,0.0,0.030439104823271865,1.360945224761963,publication,0.6761982440948486,5.086729288101196,0.5741926844706239,0.6464608724137361,200,0.8350611864132922,2.597614766797051,0.06278071124688722,0.5741926844706239,0.6464608865976333,1002.4132506942749,mobile,0.0013847954723737136,0.003634158162977406,50.12066325294806,50.12066325294806,system,0.0,204,0.6464608865976333,0.03853434284109154,meta_train_support,3,MARGO-SPLIT-v1,20,20,80,3,205,0.0,0.2,20,10,0.0005,0.0005,mrlco_first_order_mean_pseudogradient,fixed_literature_derived_defaults,0.0010357197006683624,5.178598503342152e-05,0.008002187443451107,0.0004001093721725524,0.00041930119623642784,2.0965059811821687e-05,3.0,0.0,0.045494925229365976,0.3387698129083385,0.015330674945406709,,,,,,,,,,,,,,,,
0.06684747139812836,0.0055,0.993,0.0015,0.0003690213488880545,0.02882370539009571,0.0020218867534519324,0.003916666625688473,0.8595930150399604,0.0,0.0,0.0,0.0,0.0,0.0,0.028866760882458927,1.3626372814178467,publication,0.6277194023132324,4.8996076583862305,0.8117456368582785,0.9155854712011569,200,0.6547603150807157,1.7293536076322198,0.03269629240003269,0.8117456368582786,0.9155854675360025,751.4842859840393,mobile,0.0001122360522178466,0.0006221750898788341,37.57421250533631,37.57421250533631,system,0.0,205,0.9155854675360025,0.04887507719315805,meta_train_support,3,MARGO-SPLIT-v1,20,20,80,3,206,0.0,0.2,20,10,0.0005,0.0005,mrlco_first_order_mean_pseudogradient,fixed_literature_derived_defaults,0.0010306919351311373,5.153459675655975e-05,0.007963341873337266,0.0003981670936668569,0.000417265753536251,2.0863287676812364e-05,3.0,0.0,0.045546459826122536,0.3391679800020054,0.015351538233083521,,,,,,,,,,,,,,,,
0.06455779849714696,0.005,0.994,0.001,-0.0007397802546620369,0.01865975931286812,0.0008901393222610446,0.0032499999273568393,0.5897946820904811,0.0,0.0,0.0,0.0,0.0,0.0,0.032941411814649796,1.2887262105941772,publication,0.5370936393737793,5.078478813171387,0.6605459847661375,0.7449237746269136,200,0.8464188264934367,2.155624841339886,0.035819210577756166,0.6605459847661375,0.7449237569980324,287.83482891082764,mobile,0.00039800727650717764,0.0012172676981685028,14.391740744602135,14.391740744602135,system,0.0,206,0.7449237569980324,0.04546236711518171,meta_train_support,3,MARGO-SPLIT-v1,20,20,80,3,207,0.0,0.2,20,10,0.0005,0.0005,mrlco_first_order_mean_pseudogradient,fixed_literature_derived_defaults,0.0010257127470387163,5.1285637351933255e-05,0.007924871622741435,0.0003962435811370457,0.0004152499769491194,2.076249884745522e-05,3.0,0.0,0.04559774546347447,0.3395642235831424,0.015372300731930976,,,,,,,,,,,,,,,,
0.04172233508635634,0.00475,0.994,0.00125,-0.0004147153231315315,0.00417808722704649,0.0014504871187758302,0.0034166666058202586,0.2958181492984294,0.0,0.0,0.0,0.0,0.0,0.0,0.035499648304771717,1.3112235069274902,publication,0.6511988639831543,5.64103627204895,0.21021644016196703,0.2349266816754607,200,0.32524237520070454,1.1174379212316126,0.02950063068419695,0.21021644016196697,0.23492668719030918,272.8127899551392,mobile,0.0011782629460261732,0.001714230523329583,13.640639363240503,13.640639363240503,system,0.0,207,0.23492668719030918,0.031030660832888267,meta_train_support,3,MARGO-SPLIT-v1,20,20,80,3,208,0.0,0.2,20,10,0.0005,0.0005,mrlco_first_order_mean_pseudogradient,fixed_literature_derived_defaults,0.0010207814357548763,5.103907178774514e-05,0.00788677127840133,0.0003943385639200714,0.0004132535828291717,2.0662679141457765e-05,3.0,0.0,0.045648784535262214,0.3399585621470625,0.015392963411072434,,,,,,,,,,,,,,,,
0.059142848221660514,0.00425,0.9955,0.00025,-0.0020614545792341232,0.018287183716893196,0.0011167862943760082,0.0024999999441206455,0.520463731015722,0.0,0.0,0.0,0.0,0.0,0.0,0.0246746861566378,1.2194597721099854,publication,0.5635151863098145,3.4344868659973145,0.4053606704292062,0.45496412969565425,200,0.4755253631009866,1.2862039259634912,0.05650684057036415,0.4053606704292062,0.4549641387164593,519.0217828941345,mobile,0.0010633918336444604,0.002419638145335192,25.951087314366077,25.951087314366077,system,0.0,208,0.4549641387164593,0.041654927227356885,meta_train_support,3,MARGO-SPLIT-v1,20,20,80,3,209,0.0,0.2,20,10,0.0005,0.0005,mrlco_first_order_mean_pseudogradient,fixed_literature_derived_defaults,0.0010158973140526998,5.079486570263442e-05,0.007849035530657784,0.0003924517765329094,0.00041127629295917566,2.056381464795795e-05,3.0,0.0,0.04569957940096485,0.3403510139235954,0.015413527225720392,,,,,,,,,,,,,,,,
0.06159676239285696,0.0035,0.99625,0.00025,-0.0018238355405628681,0.12194562703371048,0.0007997306863065511,0.001999999955296517,1.0781044273326796,0.0,0.0,0.0,0.0,0.0,0.0,0.01960368012087572,1.3061244487762451,publication,0.5492351055145264,5.227845907211304,1.0357283468480505,1.1659282006148715,200,1.0823476510326098,3.1572659704834223,0.04660462262108922,1.0357283468480507,1.1659282282926142,441.5484016227722,mobile,0.0007426336823476228,0.001852240174756614,22.077420219347122,22.077420219347122,system,0.0,209,1.1659282282926142,0.048446365867575815,meta_train_support,3,MARGO-SPLIT-v1,20,20,80,3,210,0.0,0.2,20,10,0.0005,0.0005,mrlco_first_order_mean_pseudogradient,fixed_literature_derived_defaults,0.001011059707795306,5.055298538976516e-05,0.007811659170987985,0.0003905829585493792,0.00040931783442127483,2.046589172106407e-05,3.0,0.0,0.045750132386354614,0.3407415968821448,0.015433993117441456,,,,,,,,,,,,,,,,
0.06654719067460355,0.0025,0.9975,0.0,-0.0019894693978130817,0.010093656368553638,0.000629611502146569,0.001333333303531011,0.7004795506596566,0.0,0.0,0.0,0.0,0.0,0.0,0.01880885841011754,1.3424913883209229,publication,0.6257307529449463,5.149977922439575,0.6043357133269991,0.6799483112060262,200,0.6699078883441871,1.805074334377423,0.019140468211844563,0.6043357133269992,0.6799482862651348,328.12696142196654,mobile,0.0015669241452996832,0.00463181589093413,16.406347612632356,16.406347612632356,system,0.0,210,0.6799482862651348,0.048540338370047176,meta_train_support,3,MARGO-SPLIT-v1,20,20,80,3,211,0.0,0.2,20,10,0.0005,0.0005,mrlco_first_order_mean_pseudogradient,fixed_literature_derived_defaults,0.0010062679556256601,5.031339778128335e-05,0.007774637089608895,0.0003887318544804619,0.00040737793947141093,2.0368896973569847e-05,3.0,0.0,0.0458004457841359,0.34113032873662524,0.015454362014415026,,,,,,,,,,,,,,,,
0.06750999463799909,0.004,0.99525,0.00075,-0.001053231186233461,0.09895698726177216,0.0011143698815918887,0.002749999954054753,0.7926787005737425,0.0,0.0,0.0,0.0,0.0,0.0,0.01982529025803596,1.3348935842514038,publication,0.6082055568695068,4.97295618057251,0.6321682310415646,0.7129991993280419,200,1.2373072333451467,3.9971955167129636,0.04068807535804808,0.6321682310415646,0.7129991522245109,269.2425754070282,mobile,0.0005109076438697271,0.000765991016180138,13.46212970605743,13.46212970605743,system,0.0,211,0.7129991522245109,0.055012110934209886,meta_train_support,3,MARGO-SPLIT-v1,20,20,80,3,212,0.0,0.2,20,10,0.0005,0.0005,mrlco_first_order_mean_pseudogradient,fixed_literature_derived_defaults,0.0010015214086651616,5.007607043325951e-05,0.007737964273148476,0.0003868982136574495,0.0004054563454173005,2.0272817270865565e-05,3.0,0.0,0.04585052185456916,0.3415172269502827,0.015474634831685891,,,,,,,,,,,,,,,,
0.05758281956606852,0.002,0.99775,0.00025,-0.002345783868804574,0.010717565193772316,0.0005313390090708007,0.0010833333091189465,0.5213920777042708,0.0,0.0,0.0,0.0,0.0,0.0,0.019431954419769477,1.3756307363510132,publication,0.6957597732543945,5.1330060958862305,0.5726072613793174,0.6441076973239979,200,0.6874014778544681,1.7766410653712228,0.05862239676571335,0.5726072613793172,0.6441076869517565,380.94027782440185,mobile,0.0010233256978769054,0.002330929785366967,19.047013148311486,19.047013148311486,system,0.0,212,0.6441076869517565,0.04702248186562412,meta_train_support,3,MARGO-SPLIT-v1,20,20,80,3,213,0.0,0.2,20,10,0.0005,0.0005,mrlco_first_order_mean_pseudogradient,fixed_literature_derived_defaults,0.0009968194302207242,4.984097151103373e-05,0.007701635802382521,0.0003850817901191461,0.0004035527944998484,2.017763972499316e-05,3.0,0.0,0.04590036282608019,0.34190230874040184,0.015494812471410884,,,,,,,,,,,,,,,,
0.06317240887490941,0.00275,0.997,0.00025,-0.0016373655525967479,0.026721598580479622,0.0003202889728887234,0.0014166666350016992,0.8589728139340878,0.0,0.0,0.0,0.0,0.0,0.0,0.020671403015930637,1.4900165796279907,publication,0.6407878398895264,5.146503210067749,0.7234217067615057,0.8134080805083795,200,0.9214352328226441,2.8905798019841313,0.04015965576400049,0.7234217067615057,0.8134080778062344,642.7807047843933,mobile,0.002733992907507487,0.004392136926900767,32.139033853678995,32.139033853678995,system,0.0,213,0.8134080778062344,0.05293181172774558,meta_train_support,3,MARGO-SPLIT-v1,20,20,80,3,214,0.0,0.2,20,10,0.0005,0.0005,mrlco_first_order_mean_pseudogradient,fixed_literature_derived_defaults,0.0009921613955000666,4.9608069775004815e-05,0.007665646850034939,0.000383282342501734,0.0004016670337778865,2.0083351688893886e-05,3.0,0.0,0.045949970895855195,0.3422855910829036,0.015514895823099778,,,,,,,,,,,,,,,,
0.06199968599004849,0.00325,0.996,0.00075,-0.00019514636369422078,0.024519596248865128,0.004290247686393181,0.0024166666126499577,0.9059306448946396,0.0,0.0,0.0,0.0,0.0,0.0,0.01999021645339218,1.5870026350021362,publication,0.5525326728820801,3.287679433822632,0.9154145261041338,1.0340100748684926,200,1.0154546606686998,3.182723928242922,0.041118387918686494,0.915414526104134,1.0340100620500743,886.5260542488098,mobile,0.00039106088279605494,0.0005001071553831864,44.326303980346076,44.326303980346076,system,0.0,214,1.0340100620500743,0.04968153884359748,meta_train_support,3,MARGO-SPLIT-v1,20,20,80,3,215,0.0,0.2,20,10,0.0005,0.0005,mrlco_first_order_mean_pseudogradient,fixed_literature_derived_defaults,0.0009875466913349502,4.937733456674559e-05,0.007629992678639427,0.00038149963393196984,0.0003997988150161289,1.9989940750806887e-05,3.0,0.0,0.04599934823042194,0.34266709071683554,0.015534885763850585,,,,,,,,,,,,,,,,
0.06845199961519996,0.004,0.99475,0.00125,-0.0008483883575536311,0.03212480992078781,0.0025074041748666784,0.002999999948466818,0.8156926019738119,0.0,0.0,0.0,0.0,0.0,0.0,0.02627782062941598,1.502388596534729,publication,0.648979663848877,5.190864086151123,0.7008221000018092,0.7910589694885494,200,0.8471967726775379,2.3642434244975448,0.05713435119832866,0.7008221000018093,0.7910589921101928,375.3478356933594,mobile,0.0003546896912439069,0.005288487522949796,18.76739241139374,18.76739241139374,system,0.0,215,0.7910589921101928,0.050835277622581734,meta_train_support,3,MARGO-SPLIT-v1,20,20,80,3,216,0.0,0.2,20,10,0.0005,0.0005,mrlco_first_order_mean_pseudogradient,fixed_literature_derived_defaults,0.00098381495576793,4.9190747788398215e-05,0.007600932671580754,0.00038004663357904533,0.0003979478945762394,1.989739472881176e-05,3.0,0.0,0.04604853897821034,0.3430471373504146,0.015554783158579397,,,,,,,,,,,,,,,,
0.06853122669814125,0.00425,0.99475,0.001,-0.000982224359177053,0.13110266625881195,0.001425639946954978,0.0033333332898716136,1.2728139448910951,0.0,0.0,0.0,0.0,0.0,0.0,0.021402559234225602,1.4829249382019043,publication,0.6236617565155029,5.211207866668701,1.173369067496431,1.3227755816983153,200,1.4077669051573962,4.498324826359749,0.06190941454769927,1.1733690674964312,1.3227756142616272,699.1102811527252,mobile,0.0007001074478873299,0.000872928903527436,34.95551523290384,34.95551523290384,system,0.0,216,1.3227756142616272,0.057091862755623876,meta_train_support,3,MARGO-SPLIT-v1,20,20,80,3,217,0.0,0.2,20,10,0.0005,0.0005,mrlco_first_order_mean_pseudogradient,fixed_literature_derived_defaults,0.0009834932252445025,4.9174661262224584e-05,0.007580672417321072,0.00037903362086605386,0.0003961140333109111,1.980570166554632e-05,3.0,0.0,0.046097713639472564,0.34342617097128064,0.015574588860244943,,,,,,,,,,,,,,,,
0.07366571777528479,0.00525,0.99425,0.0005,-0.00047328713117167354,0.021173836663365364,0.004021063692228684,0.003416666590298216,0.7873902256290118,0.0,0.0,0.0,0.0,0.0,0.0,0.03050219766834095,1.6115219593048096,publication,0.6859214305877686,5.224351406097412,0.5745337208211982,0.6487761110403517,200,0.7577160089870125,2.2830380517989397,0.05191568750888109,0.5745337208211984,0.6487760857865215,136.44039457321168,mobile,0.000794221047758582,0.0014244225515210646,6.82201973872038,6.82201973872038,system,0.0,217,0.6487760857865215,0.05612308712702461,meta_train_support,3,MARGO-SPLIT-v1,20,20,80,3,218,0.0,0.2,20,10,0.0005,0.0005,mrlco_first_order_mean_pseudogradient,fixed_literature_derived_defaults,0.0009789817884314543,4.894908942157383e-05,0.007545898690636113,0.0003772949345318133,0.00039429699646086107,1.9714849823042335e-05,3.0,0.0,0.04614666272889414,0.34380346590581246,0.015594303710067986,,,,,,,,,,,,,,,,
0.06475343449554918,0.005,0.9935,0.0015,-0.0006009311182424426,0.06517042964696884,0.0011500730374943184,0.0031666665958861506,0.8945340250929199,0.0,0.0,0.0,0.0,0.0,0.0,0.0323897947863691,1.5540879964828491,publication,0.6239686012268066,5.423460006713867,0.9138736453224537,1.030382707278813,200,1.2756634312017772,4.291608525440097,0.041231669136323035,0.9138736453224536,1.0303827444650233,300.3105221557617,mobile,0.0003957174149101799,0.0008571769245227883,15.015526500326835,15.015526500326835,system,0.0,218,1.0303827444650233,0.04547642141172879,meta_train_support,3,MARGO-SPLIT-v1,20,20,80,3,219,0.0,0.2,20,10,0.0005,0.0005,mrlco_first_order_mean_pseudogradient,fixed_literature_derived_defaults,0.0009745115519545983,4.8725577597732994e-05,0.007511442532231382,0.00037557212661154527,0.0003924965535546471,1.962482767773298e-05,3.0,0.0,0.04619538830649187,0.344179038032424,0.015613928537745719,,,,,,,,,,,,,,,,
0.06512874245140457,0.004,0.99525,0.00075,-0.0011882609687745571,0.02215106226503849,0.0025890015291461545,0.002833333270003398,0.6866429907580217,0.0,0.0,0.0,0.0,0.0,0.0,0.02946306107261459,1.581931710243225,publication,0.6487319469451904,5.222454309463501,0.6168612155954972,0.6954562621883088,200,0.8608749713164959,2.930730629712343,0.03425908177450765,0.6168612155954972,0.6954562647268177,414.57203453063966,mobile,0.0011128018729046815,0.0019945045789140897,20.728601398706235,20.728601398706235,system,0.0,219,0.6954562647268177,0.05048962744485509,meta_train_support,3,MARGO-SPLIT-v1,20,20,80,3,220,0.0,0.2,20,10,0.0005,0.0005,mrlco_first_order_mean_pseudogradient,fixed_literature_derived_defaults,0.0009754946962702551,4.877473481351008e-05,0.007496628266835131,0.0003748314133417696,0.00039071247831121684,1.9535623915559186e-05,3.0,0.0,0.04624416304130538,0.34455386944576577,0.015633464161661278,,,,,,,,,,,,,,,,
0.08147936316053994,0.00425,0.99575,0.0,-0.0012236025650054216,0.06538131833076477,0.0015209372951602517,0.0015833332979430753,0.9607602177808682,0.0,0.0,0.0,0.0,0.0,0.0,0.027349560393989333,1.5637915134429932,publication,0.62843918800354,4.552069187164307,0.7459125388150127,0.8412565241725679,200,0.6754092924964504,2.339188912883401,0.04467773420037702,0.7459125388150131,0.8412565343081951,526.0790857505798,mobile,0.002335690033184693,0.0033466736542408647,26.30395456044007,26.30395456044007,system,0.0,220,0.8412565343081951,0.057930753015324174,meta_train_support,3,MARGO-SPLIT-v1,20,20,80,3,221,0.0,0.2,20,10,0.0005,0.0005,mrlco_first_order_mean_pseudogradient,fixed_literature_derived_defaults,0.000971080693119711,4.855403465598568e-05,0.007475033711231257,0.0003737516855615852,0.00038894454854510274,1.9447227427256408e-05,3.0,0.0,0.046292717075961366,0.34492762113132736,0.015652911389088534,,,,,,,,,,,,,,,,
0.06315698134502402,0.00325,0.99625,0.0005,-0.0027502994053065777,0.042874064296483994,0.002700784744974764,0.0018333332923551402,0.8570070143789053,0.0,0.0,0.0,0.0,0.0,0.0,0.025249122897179475,1.4965509176254272,publication,0.6560750007629395,5.234033584594727,0.7734221524769889,0.8707988899364136,200,0.6170868169892912,1.7627139315009117,0.05284816859057173,0.773422152476989,0.8707988940179348,757.008273973465,mobile,0.007864642265970462,0.009261512016179448,37.850410932925335,37.850410932925335,system,0.0,221,0.8707988940179348,0.047491938021717514,meta_train_support,3,MARGO-SPLIT-v1,20,20,80,3,222,0.0,0.2,20,10,0.0005,0.0005,mrlco_first_order_mean_pseudogradient,fixed_literature_derived_defaults,0.0009679248610814698,4.839624305407603e-05,0.0074483037875670965,0.00037241518937836116,0.0003871925460741789,1.935962730370902e-05,3.0,0.0,0.04634111331901544,0.3453000363207057,0.015672271016392243,,,,,,,,,,,,,,,,
0.07240918685990003,0.00575,0.9935,0.00075,-0.0014507253654301167,0.045766882598400116,0.00254972875234832,0.0037499999317030116,0.9854050188014905,0.0,0.0,0.0,0.0,0.0,0.0,0.02812815609051183,1.5164198875427246,publication,0.6733803749084473,5.0647947788238525,0.8870522947423406,0.9990886417896309,200,0.8015958057524802,2.0725032508198638,0.016369315160318365,0.8870522947423407,0.9990886537637561,394.5773486614227,mobile,0.0011409351149567113,0.005105310589148898,19.728867346857218,19.728867346857218,system,0.0,222,0.9990886537637561,0.04815234567858452,meta_train_support,3,MARGO-SPLIT-v1,20,20,80,3,223,0.0,0.2,20,10,0.0005,0.0005,mrlco_first_order_mean_pseudogradient,fixed_literature_derived_defaults,0.000963584390852405,4.817921954262255e-05,0.007414903322151997,0.0003707451661075778,0.00038545625662990006,1.927281283149382e-05,3.0,0.0,0.046389292538558065,0.3456707814868133,0.015691543829223737,,,,,,,,,,,,,,,,
0.07867669887535035,0.00775,0.9915,0.00075,-0.0008466246072202921,0.239434614777565,0.0017646728225736651,0.004416666567946474,1.6057112835347653,0.0,0.0,0.0,0.0,0.0,0.0,0.03754932646263908,1.5446382761001587,publication,0.6586697101593018,5.095309734344482,1.1914749519349255,1.3435849422911996,200,1.2070564630156913,4.1426474545150995,0.026695637148804963,1.1914749519349255,1.343584953704849,460.69444705963133,mobile,0.0013852490336392026,0.0027625236417740257,23.03472394587343,23.03472394587343,system,0.0,223,1.343584953704849,0.052872349644603654,meta_train_support,3,MARGO-SPLIT-v1,20,20,80,3,224,0.0,0.2,20,10,0.0005,0.0005,mrlco_first_order_mean_pseudogradient,fixed_literature_derived_defaults,0.0009592826748218139,4.796413374109215e-05,0.0073818010751781045,0.0003690900537589026,0.0003837354697699451,1.9186773488496373e-05,3.0,0.0,0.04643725667229916,0.3460398715405722,0.015710730602712233,,,,,,,,,,,,,,,,
0.05504667636908826,0.00575,0.99425,0.0,-0.0011463756673038006,0.03132317215204239,0.005955812263438058,0.0033333332898716136,0.7849064972251654,0.0,0.0,0.0,0.0,0.0,0.0,0.03170478354882495,1.4762753248214722,publication,0.6502475738525391,4.8827831745147705,0.8772338964108991,0.9877338605497243,200,0.9994474316695873,3.2554156373953447,0.051841983455233276,0.8772338964108991,0.987733883485198,905.8787598609924,mobile,0.0010516222728353326,0.004456705316204486,45.293936828014964,45.293936828014964,system,0.0,224,0.987733883485198,0.04371369426751962,meta_train_support,3,MARGO-SPLIT-v1,20,20,80,3,225,0.0,0.2,20,10,0.0005,0.0005,mrlco_first_order_mean_pseudogradient,fixed_literature_derived_defaults,0.0009550191962670502,4.775095981335298e-05,0.007348993070399536,0.00036744965351998005,0.0003820299787931898,1.9101498939660955e-05,3.0,0.0,0.04648500763211251,0.3464073211940922,0.015729832101651894,,,,,,,,,,,,,,,,
0.07885995455084113,0.00625,0.993,0.00075,-0.0020301504991948605,0.013746032491326332,0.0036728072704894053,0.004166666589056452,0.662901783362031,0.0,0.0,0.0,0.0,0.0,0.0,0.040252434919111485,1.7058794498443604,publication,0.6891047954559326,5.45534610748291,0.5721627107507574,0.6444077410643513,200,0.7098629978918894,1.8428408429026604,0.07993654266465455,0.5721627107507573,0.6444077346473932,119.97471168518067,mobile,0.0021885574119573942,0.0030571545581710895,5.998735703334315,5.998735703334315,system,0.0,225,0.6444077346473932,0.057796723626054064,meta_train_support,3,MARGO-SPLIT-v1,20,20,80,3,226,0.0,0.2,20,10,0.0005,0.0005,mrlco_first_order_mean_pseudogradient,fixed_literature_derived_defaults,0.0009507934476110013,4.753967238055323e-05,0.00731647540194644,0.0003658237700973066,0.00038033958065693675,1.901697903284802e-05,3.0,0.0,0.04653254730449306,0.3467731449641895,0.015748849080684742,,,,,,,,,,,,,,,,
0.049288758584499916,0.00725,0.992,0.00075,-0.00021833126083947718,0.012368815019726753,0.0020791082618932437,0.004333333298563957,0.5328457354257504,0.0,0.0,0.0,0.0,0.0,0.0,0.0356421192249933,1.6897088289260864,publication,0.6137552261352539,3.7463443279266357,0.3747444402234416,0.4198116041292815,200,0.5279760172554281,1.5336158983409405,0.02673188311746344,0.37474444022344156,0.41981159629300235,574.6652502250671,mobile,0.0015503998546768372,0.0029876490305731896,28.7332636517899,28.7332636517899,system,0.0,226,0.41981159629300235,0.04159686555745806,meta_train_support,3,MARGO-SPLIT-v1,20,20,80,3,227,0.0,0.2,20,10,0.0005,0.0005,mrlco_first_order_mean_pseudogradient,fixed_literature_derived_defaults,0.0009466049302206445,4.7330246511032015e-05,0.00728424423277487,0.00036421221163873696,0.0003786640758963335,1.8933203794816583e-05,3.0,0.0,0.046579877551004095,0.3471373571758282,0.01576778228447956,,,,,,,,,,,,,,,,
0.07428784278560698,0.00725,0.99125,0.0015,-0.0014248202787712216,0.03117438033223152,0.0034831014122270664,0.005333333307256301,0.9411118624111017,0.0,0.0,0.0,0.0,0.0,0.0,0.041491116018998075,1.6664016246795654,publication,0.6551201343536377,5.0853636264801025,0.8659481620880407,0.9765808153399849,200,0.7141635436960387,2.235575644299388,0.04181544203311205,0.8659481620880408,0.976580805554986,261.96177074432376,mobile,0.00021105737528545558,0.0003326350892464152,13.098088948841083,13.098088948841083,system,0.0,227,0.976580805554986,0.055360669224226965,meta_train_support,3,MARGO-SPLIT-v1,20,20,80,3,228,0.0,0.2,20,10,0.0005,0.0005,mrlco_first_order_mean_pseudogradient,fixed_literature_derived_defaults,0.0009424531542109049,4.7122657710542415e-05,0.007252295793157436,0.00036261478965787797,0.00037700326854591104,1.8850163427296812e-05,3.0,0.0,0.04662700020871464,0.3474999719654861,0.015786632447906856,,,,,,,,,,,,,,,,
0.05559575650255764,0.0095,0.989,0.0015,-0.0018354183994233608,0.0043950933031737804,0.003354641299423141,0.006083333274970451,0.2930356302609046,0.0,0.0,0.0,0.0,0.0,0.0,0.04956932908326308,1.5090186595916748,publication,0.7331364154815674,4.695300102233887,0.17455271398501246,0.19460664237096353,200,0.325803919692205,1.1627737954258919,0.002388289198279381,0.17455271398501243,0.19460664660669863,161.2046203994751,mobile,0.0017496132267506468,0.0028707731661907353,8.060230892525912,8.060230892525912,system,0.0,228,0.19460664660669863,0.04725834845656797,meta_train_support,3,MARGO-SPLIT-v1,20,20,80,3,229,0.0,0.2,20,10,0.0005,0.0005,mrlco_first_order_mean_pseudogradient,fixed_literature_derived_defaults,0.000938337638253652,4.6916881912682784e-05,0.007220626379213517,0.00036103131896070284,0.0003753569660631778,1.876784830315975e-05,3.0,0.0,0.04667391709062732,0.3478610032844468,0.015805400296210016,,,,,,,,,,,,,,,,
0.05503829945393476,0.00775,0.9915,0.00075,-0.001965923234820366,0.0059704165905714035,0.002955079751609446,0.008333333271245162,0.3942184663688143,0.0,0.0,0.0,0.0,0.0,0.0,0.04608187898018323,1.2741585969924927,publication,0.6657726764678955,4.811907768249512,0.31027929503522267,0.3477085137566246,200,0.5487153445761249,1.7373721646144986,0.04514096192724537,0.3102792950352227,0.34770850704982875,217.15441039085388,mobile,0.0004604666609150208,0.0007377287677141149,10.85771970170363,10.85771970170363,system,0.0,229,0.34770850704982875,0.03904094810964351,meta_train_support,3,MARGO-SPLIT-v1,20,20,80,3,230,0.0,0.2,20,10,0.0005,0.0005,mrlco_first_order_mean_pseudogradient,fixed_literature_derived_defaults,0.0009342579093916796,4.6712895469584736e-05,0.007189232351477806,0.0003594616175738863,0.00037372497925420743,1.8686248962711954e-05,3.0,0.0,0.046720629986096905,0.3482204649020207,0.015824086545172728,,,,,,,,,,,,,,,,
0.06099518075348852,0.00725,0.992,0.00075,-0.005197663325816393,0.024740133434534073,0.0026634833428990606,0.008249999877686301,0.7526208565880855,0.0,0.0,0.0,0.0,0.0,0.0,0.03489150790242872,1.28297758102417,publication,0.5676555633544922,5.288474082946777,0.6657028713959948,0.747646193385417,200,0.656058750987311,1.6668389486148953,0.05384879513439955,0.6657028713959947,0.7476461977697909,783.9187867736816,mobile,0.0015864410585315952,0.003283375170111902,39.195938134893616,39.195938134893616,system,0.0,230,0.7476461977697909,0.04375086081094814,meta_train_support,3,MARGO-SPLIT-v1,20,20,80,3,231,0.0,0.2,20,10,0.0005,0.0005,mrlco_first_order_mean_pseudogradient,fixed_literature_derived_defaults,0.0009302135028575164,4.651067514287871e-05,0.007158110133506041,0.0003579055066753045,0.0003721071222011589,1.8605356110059507e-05,3.0,0.0,0.046767140661239784,0.348578370408696,0.015842691901282787,,,,,,,,,,,,,,,,
0.05389551702810028,0.00625,0.9925,0.00125,-0.005167041439563036,0.07421480864286423,0.002245054357975581,0.010833333541328708,0.9530959215015173,0.0,0.0,0.0,0.0,0.0,0.0,0.03446528536497256,1.1770458221435547,publication,0.664339542388916,5.2440290451049805,0.8704143606183689,0.9786284995367168,200,0.8190280710157345,2.269437249749899,0.04886056622490287,0.8704143606183689,0.9786284660175443,779.962803401947,mobile,0.000828854485907181,0.00203824756805924,38.99814237335341,38.99814237335341,system,0.0,231,0.9786284660175443,0.036087214264430206,meta_train_support,3,MARGO-SPLIT-v1,20,20,80,3,232,0.0,0.2,20,10,0.0005,0.0005,mrlco_first_order_mean_pseudogradient,fixed_literature_derived_defaults,0.0009262039618969238,4.631019809484688e-05,0.007127256210516791,0.0003563628105258121,0.0003705032121916712,1.8525160609583063e-05,3.0,0.0,0.04681345085933463,0.3489347332192218,0.01586121706189237,,,,,,,,,,,,,,,,
0.04736161300309437,0.007,0.99225,0.00075,-0.0022748878691345453,0.06793250888586044,0.0029003106941502205,0.004583333292976022,0.6294404309242965,0.0,0.0,0.0,0.0,0.0,0.0,0.032029521365728605,1.181740164756775,publication,0.6089291572570801,5.215713977813721,0.5226916623545008,0.5877484299169737,200,0.8569764475059118,2.9173028403893113,0.03377341821033042,0.5226916623545008,0.5877484319731593,562.6805711364746,mobile,0.0037671923805661957,0.0048797809021509445,28.134028497669515,28.134028497669515,system,0.0,232,0.5877484319731593,0.037209680396184344,meta_train_support,3,MARGO-SPLIT-v1,20,20,80,3,233,0.0,0.2,20,10,0.0005,0.0005,mrlco_first_order_mean_pseudogradient,fixed_literature_derived_defaults,0.0009222288375969369,4.611144187984667e-05,0.007096667128068221,0.00035483335640340563,0.000368913069650076,1.84456534825031e-05,3.0,0.0,0.04685956230121448,0.3492895665756252,0.015879662715374873,,,,,,,,,,,,,,,,
0.0568715467964645,0.00675,0.9925,0.00075,-0.005124551709741354,0.04344703629612923,0.0012872756871729508,0.003916666703298688,0.7732107692708572,0.0,0.0,0.0,0.0,0.0,0.0,0.03832065178664367,1.3435813188552856,publication,0.6383635997772217,4.796627759933472,0.7427817177808197,0.8370511348118725,200,0.7752105663216052,2.5303633734583855,0.021125760667018767,0.7427817177808198,0.8370511399302631,530.8395438957215,mobile,0.004671023971922341,0.005867440663567091,26.54197656486199,26.54197656486199,system,0.0,233,0.8370511399302631,0.04258836908517829,meta_train_support,3,MARGO-SPLIT-v1,20,20,80,3,234,0.0,0.2,20,10,0.0005,0.0005,mrlco_first_order_mean_pseudogradient,fixed_literature_derived_defaults,0.0009182876887183176,4.5914384435914724e-05,0.007066339490768785,0.00035331697453844235,0.00036733651807037486,1.8366825903518014e-05,3.0,0.0,0.04690547668565039,0.34964288355016365,0.01589802954127839,,,,,,,,,,,,,,,,
0.04233579889577403,0.0075,0.9925,0.0,-0.0022036146838217974,0.014739708974957466,0.0022720593891155734,0.004499999930461248,0.49692006409168243,0.0,0.0,0.0,0.0,0.0,0.0,0.036155752410313456,1.4891467094421387,publication,0.5659685134887695,3.3532283306121826,0.41761544413588325,0.468262425763387,200,0.48562179241204645,1.3606352431233972,0.019281301632872783,0.41761544413588325,0.4682624283991754,1130.580531539917,mobile,0.011306695665851709,0.011783924164088255,56.52902765784578,56.52902765784578,system,0.0,234,0.4682624283991754,0.032883767683762645,meta_train_support,3,MARGO-SPLIT-v1,20,20,80,3,235,0.0,0.2,20,10,0.0005,0.0005,mrlco_first_order_mean_pseudogradient,fixed_literature_derived_defaults,0.0009143800815322821,4.571900407661367e-05,0.007036269961020832,0.00035181349805102347,0.0003657733839509264,1.828866919754632e-05,3.0,0.0,0.046951195689727006,0.3499946970482147,0.015916318210475938,,,,,,,,,,,,,,,,
0.06015050125880979,0.014,0.98525,0.00075,0.0006728680455125868,0.0043004779145121574,0.002989296620338185,0.007583333303531012,0.36742759371797246,0.0,0.0,0.0,0.0,0.0,0.0,0.06252366610497659,0.9397879242897034,publication,0.6503310203552246,4.972883224487305,0.2936950026000258,0.329084663078429,200,0.3130672403509032,0.8223845586762764,0.05005642837204505,0.2936950026000259,0.3290846600010991,455.11254859924315,mobile,0.00147986847974379,0.0021092149879850977,22.755628457351655,22.755628457351655,system,0.0,235,0.3290846600010991,0.048566192742968056,meta_train_support,3,MARGO-SPLIT-v1,20,20,80,3,236,0.0,0.2,20,10,0.0005,0.0005,mrlco_first_order_mean_pseudogradient,fixed_literature_derived_defaults,0.0009105055896613827,4.552527948306628e-05,0.007006455257796167,0.0003503227628898209,0.0003642234967307954,1.8211174836538224e-05,3.0,0.0,0.04699672096921007,0.3503450198111045,0.015934529385312476,,,,,,,,,,,,,,,,
0.05327757929107322,0.01825,0.9815,0.00025,0.0006668315036222339,0.0122348852455616,0.005820958491434188,0.009166666694606345,0.5995977270106474,0.0,0.0,0.0,0.0,0.0,0.0,0.07015548346125518,1.6413301229476929,publication,0.6667187213897705,5.138231039047241,0.40795609315519876,0.45882316019669817,200,0.6267334460025049,2.0303119849413633,0.04026651952881366,0.40795609315519876,0.4588231441751123,371.21863328933716,mobile,0.0009429860530267154,0.0016016986681214602,18.560930954471942,18.560930954471942,system,0.0,236,0.4588231441751123,0.036697963522241625,meta_train_support,3,MARGO-SPLIT-v1,20,20,80,3,237,0.0,0.2,20,10,0.0005,0.0005,mrlco_first_order_mean_pseudogradient,fixed_literature_derived_defaults,0.0009066637939244148,4.5333189696218634e-05,0.006976892155442597,0.0003488446077721252,0.0003626866887277119,1.8134334436384347e-05,3.0,0.0,0.04704205415890629,0.3506938644188766,0.01595266371974886,,,,,,,,,,,,,,,,
0.0488526467577663,0.01525,0.984,0.00075,-0.0012326787691563368,0.01290822308510542,0.00448589331220622,0.008249999908730387,0.5813546352088452,0.0,0.0,0.0,0.0,0.0,0.0,0.06757442108019436,1.5549253225326538,publication,0.6526408195495605,5.105567216873169,0.6432945936430099,0.723857716543298,200,0.8043544746031545,2.1024384973570704,0.04998296179110184,0.6432945936430098,0.7238577235862613,898.0925322341919,mobile,0.0014928886168776943,0.0021035437195538274,44.90462459685845,44.90462459685845,system,0.0,237,0.7238577235862613,0.04128865845417204,meta_train_support,3,MARGO-SPLIT-v1,20,20,80,3,238,0.0,0.2,20,10,0.0005,0.0005,mrlco_first_order_mean_pseudogradient,fixed_literature_derived_defaults,0.0009049248785826462,4.5246243929132623e-05,0.0069638760875403,0.0003481938043770061,0.00036116279507759545,1.805813975387996e-05,3.0,0.0,0.04708730040283542,0.35104205822325363,0.01597072185950274,,,,,,,,,,,,,,,,
0.04933896816786042,0.0155,0.98375,0.00075,-0.0037387493066489697,0.007019927725195885,0.00584119599176726,0.012916666610787313,0.44986017892758057,0.0,0.0,0.0,0.0,0.0,0.0,0.07909484222343907,1.3568040132522583,publication,0.6698336601257324,5.3506128787994385,0.3582665387506113,0.40320813974974956,200,0.6357329539508743,2.0676458533853292,0.031581263392581604,0.3582665387506113,0.403208137601614,491.00002353668214,mobile,0.00045159827982306256,0.000601702752499494,24.550000828270075,24.550000828270075,system,0.0,238,0.403208137601614,0.043999805210136494,meta_train_support,3,MARGO-SPLIT-v1,20,20,80,3,239,0.0,0.2,20,10,0.0005,0.0005,mrlco_first_order_mean_pseudogradient,fixed_literature_derived_defaults,0.0009011385820195388,4.505692910097836e-05,0.006934738530688667,0.0003467369265344189,0.0003596516536755971,1.798258268377942e-05,3.0,0.0,0.0471323573319364,0.35138879514978805,0.01598870444218652,,,,,,,,,,,,,,,,
0.07285144422347661,0.017,0.98225,0.00075,-0.00018076527339871973,0.07569464296102524,0.009232070393045435,0.009249999948466817,1.120641320074598,0.0,0.0,0.0,0.0,0.0,0.0,0.07042155376239415,1.4008188247680664,publication,0.6165556907653809,5.089578866958618,0.9331527874266439,1.053420897318556,200,0.8811686446004866,2.6503893323242664,0.05083333363290876,0.9331527874266439,1.0534208868257702,737.7235503101349,mobile,0.005728344403091685,0.010940727721549453,36.88617755993499,36.88617755993499,system,0.0,239,1.0534208868257702,0.05547420254248378,meta_train_support,3,MARGO-SPLIT-v1,20,20,80,3,240,0.0,0.2,20,10,0.0005,0.0005,mrlco_first_order_mean_pseudogradient,fixed_literature_derived_defaults,0.0009028252707065517,4.514126353533099e-05,0.006934881467934327,0.00034674407339674307,0.00035815310511861547,1.790765525593041e-05,3.0,0.0,0.04717749859547173,0.3517355392231848,0.01600661209744245,,,,,,,,,,,,,,,,
0.04912612912638288,0.014,0.9855,0.0005,0.000945083680562675,0.0079311802983284,0.006398967343147888,0.015333333332091572,0.557185543080171,0.0,0.0,0.0,0.0,0.0,0.0,0.060800410080621495,1.3257017135620117,publication,0.6527724266052246,5.139420747756958,0.3558781484532696,0.39910005721307246,200,0.5332472926790863,1.6296582389622927,0.03035732451826334,0.35587814845326965,0.39910006697289646,353.64889835357667,mobile,0.0005735290749208423,0.00202755747334874,17.6824453955394,17.6824453955394,system,0.0,240,0.39910006697289646,0.03322265463675039,meta_train_support,3,MARGO-SPLIT-v1,20,20,80,3,241,0.0,0.2,20,10,0.0005,0.0005,mrlco_first_order_mean_pseudogradient,fixed_literature_derived_defaults,0.0008990791077575619,4.495395538788027e-05,0.006906106026158666,0.000345305301307941,0.0003566669926492436,1.783334963246369e-05,3.0,0.0,0.04722245255085961,0.35208084452449273,0.016024445447074914,,,,,,,,,,,,,,,,
0.050583818061735494,0.006,0.99375,0.00025,-0.00472915917634964,0.05705408751964569,0.002103328071946938,0.0035833332532395914,0.7714064047982295,0.0,0.0,0.0,0.0,0.0,0.0,0.04671611356622485,1.2712520360946655,publication,0.5917303562164307,5.290651082992554,0.75501173050753,0.8486246872688753,200,1.0110390444125035,3.5196942621842027,0.042162789090070873,0.7550117305075298,0.848624695148319,535.6930069160461,mobile,0.0027479383897432027,0.0039047909704663947,26.78465172128495,26.78465172128495,system,0.0,241,0.848624695148319,0.04667144142051392,meta_train_support,3,MARGO-SPLIT-v1,20,20,80,3,242,0.0,0.2,20,10,0.0005,0.0005,mrlco_first_order_mean_pseudogradient,fixed_literature_derived_defaults,0.0009101562265995712,4.550781132997561e-05,0.00692407228909871,0.00034620361445492076,0.00035519316210110626,1.7759658105055698e-05,3.0,0.0,0.04726796036218959,0.35242704813894765,0.01604220510517997,,,,,,,,,,,,,,,,
0.05012452539845881,0.00325,0.99575,0.001,-0.0031619949731975794,0.0031219946686178446,0.0009606447437287594,0.0024166666126499573,0.2003176954264442,0.0,0.0,0.0,0.0,0.0,0.0,0.037887969671073884,0.5033326745033264,publication,0.5703086853027344,4.8143229484558105,0.14909267881026766,0.16627572487256656,200,0.17735520573807964,0.6132235906261485,0.029366334740188904,0.14909267881026766,0.16627573177218438,693.0704316902161,mobile,0.002646301363814534,0.003573762738208583,34.65352082801716,34.65352082801716,system,0.0,242,0.16627573177218438,0.041736497483547554,meta_train_support,3,MARGO-SPLIT-v1,20,20,80,3,243,0.0,0.2,20,10,0.0005,0.0005,mrlco_first_order_mean_pseudogradient,fixed_literature_derived_defaults,0.0009064107277246758,4.532053638623551e-05,0.006895578164452213,0.00034477890822259827,0.0003537314618455461,1.768657309227789e-05,3.0,0.0,0.047313280898575824,0.35277182704717025,0.016059891678272247,,,,,,,,,,,,,,,,
0.0779053139304286,0.00475,0.995,0.00025,-0.0029695513658225536,0.08051272481679916,0.0006012251714859455,0.0023333332811792695,0.983740152666966,0.0,0.0,0.0,0.0,0.0,0.0,0.028942137476383422,1.3821308612823486,publication,0.6108489036560059,5.07026481628418,0.93419836802041,1.0539261599573349,200,1.1937578239895854,3.801973346620798,0.019834352104226127,0.9341983680204102,1.0539261283911765,554.1295294952392,mobile,0.00161467234414587,0.0030049162449635623,27.70647630850918,27.70647630850918,system,0.0,243,1.0539261283911765,0.055166102995638386,meta_train_support,3,MARGO-SPLIT-v1,20,20,80,3,244,0.0,0.2,20,10,0.0005,0.0005,mrlco_first_order_mean_pseudogradient,fixed_literature_derived_defaults,0.0009026959296602304,4.513479648301372e-05,0.006867317598204459,0.00034336587991024015,0.0003522817427396218,1.761408713698079e-05,3.0,0.0,0.04735841569505884,0.3531151929270805,0.016077505765409228,,,,,,,,,,,,,,,,
0.05929433380125674,0.003,0.9965,0.0005,-0.002028408693149686,0.0091785229742527,0.0006907090055686165,0.0019999999552965165,0.4868723827103773,0.0,0.0,0.0,0.0,0.0,0.0,0.02578029896080775,1.4498339891433716,publication,0.6642942428588867,5.3757476806640625,0.39391072216394835,0.44436777133530997,200,0.4437331551613534,1.387546092737466,0.059922364103840664,0.39391072216394835,0.4443677645921707,908.3065652275086,mobile,0.000808512130892631,0.0012123096399270718,45.41533006929597,45.41533006929597,system,0.0,244,0.4443677645921707,0.04469745266753255,meta_train_support,3,MARGO-SPLIT-v1,20,20,80,3,245,0.0,0.2,20,10,0.0005,0.0005,mrlco_first_order_mean_pseudogradient,fixed_literature_derived_defaults,0.0008990114564779438,4.495057282389442e-05,0.006839287730456685,0.00034196438652284167,0.0003508438580753784,1.754219290376821e-05,3.0,0.0,0.04740336626788273,0.35345715731360333,0.016095047958312996,,,,,,,,,,,,,,,,
0.060027312338964925,0.005,0.995,0.0,-0.0028258825186640024,0.01265639252960682,0.0018413905323238094,0.0029166666014740863,0.5579789828509092,0.0,0.0,0.0,0.0,0.0,0.0,0.024618690600334336,1.6087929010391235,publication,0.662438154220581,4.9685750007629395,0.3953425425680058,0.4450252440840632,200,0.5868061556630622,1.5662263026461005,0.04099847840552683,0.39534254256800583,0.4450252330303192,186.69170497894288,mobile,0.0016169492930956308,0.0028566341241309046,9.334585021704045,9.334585021704045,system,0.0,245,0.4450252330303192,0.04836689641807968,meta_train_support,3,MARGO-SPLIT-v1,20,20,80,3,246,0.0,0.2,20,10,0.0005,0.0005,mrlco_first_order_mean_pseudogradient,fixed_literature_derived_defaults,0.0008953569383621798,4.47678469181062e-05,0.006811485747812552,0.0003405742873906492,0.00034941766353035656,1.7470883176516627e-05,3.0,0.0,0.04744813411480084,0.353797731600994,0.016112518841489513,,,,,,,,,,,,,,,,
0.04671517086175439,0.00525,0.99475,0.0,-0.0029876460321247578,0.006372865755110979,0.0020969971918778658,0.0034166665902982153,0.38303680755198005,0.0,0.0,0.0,0.0,0.0,0.0,0.028425354727046666,1.5297468900680542,publication,0.5567610263824463,5.3915393352508545,0.25621436035895084,0.28685505252549776,200,0.42143945150034906,1.465530657209456,0.04392016874044202,0.25621436035895095,0.2868550427444279,220.95876824378968,mobile,0.00268256167560006,0.00426659401401188,11.04793872889247,11.04793872889247,system,0.0,246,0.2868550427444279,0.03766108836772633,meta_train_support,3,MARGO-SPLIT-v1,20,20,80,3,247,0.0,0.2,20,10,0.0005,0.0005,mrlco_first_order_mean_pseudogradient,fixed_literature_derived_defaults,0.0008923278872099627,4.461639436049991e-05,0.006791492479669544,0.00033957462398348515,0.00034800301711930244,1.7400150855963886e-05,3.0,0.0,0.04749275050916134,0.35413730622497747,0.016129918992345477,,,,,,,,,,,,,,,,
0.0731574582679331,0.00525,0.99425,0.0005,-0.004085527267307043,0.017024707049131393,0.005115810502320528,0.003749999916180969,0.633518121143182,0.0,0.0,0.0,0.0,0.0,0.0,0.030673758240231844,1.5619349479675293,publication,0.6209893226623535,5.353616714477539,0.6526162802255889,0.7355699814492255,200,0.8407003197502438,2.414929511025548,0.034920536971185356,0.6526162802255892,0.7355699943378567,199.47072449684143,mobile,0.002469904820177012,0.003399440461164471,9.973535256540384,9.973535256540384,system,0.0,247,0.7355699943378567,0.05878498924215332,meta_train_support,3,MARGO-SPLIT-v1,20,20,80,3,248,0.0,0.2,20,10,0.0005,0.0005,mrlco_first_order_mean_pseudogradient,fixed_literature_derived_defaults,0.0008900197337050643,4.4500986685250266e-05,0.006774769909242474,0.00033873849546212087,0.00034659977914704723,1.7329988957353465e-05,3.0,0.0,0.04753725149584659,0.3544760447204396,0.01614724898130283,,,,,,,,,,,,,,,,
0.0678003506896785,0.00925,0.99025,0.0005,-0.003566731931641698,0.04001378268003464,0.0034359143884406264,0.0055833332551022356,0.8945686193803946,0.0,0.0,0.0,0.0,0.0,0.0,0.03438057735334425,1.499376654624939,publication,0.4889235496520996,3.3478596210479736,0.7421935388270788,0.8347156122471756,200,0.7943049038661004,2.0794672451447695,0.04939785826104526,0.7421935388270786,0.8347156056389212,438.2365856552124,mobile,0.0031016926452047187,0.010915908193605479,21.911831497499065,21.911831497499065,system,0.0,248,0.8347156056389212,0.056830652729438054,meta_train_support,3,MARGO-SPLIT-v1,20,20,80,3,249,0.0,0.2,20,10,0.0005,0.0005,mrlco_first_order_mean_pseudogradient,fixed_literature_derived_defaults,0.0008879223580517021,4.439611790258563e-05,0.006759639543206039,0.00033798197716028433,0.00034520781216252093,1.7260390608127285e-05,3.0,0.0,0.047581647613749174,0.35481402669759987,0.016164509371910957,,,,,,,,,,,,,,,,
0.04800709682793487,0.00625,0.99375,0.0,-0.0015318419318646193,0.02200631983578205,0.0027063714616209233,0.003249999973922968,0.5710895009338856,0.0,0.0,0.0,0.0,0.0,0.0,0.03372975371234572,1.3158996105194092,publication,0.5690736770629883,5.072186708450317,0.5434891034208178,0.6103303615879849,200,0.6819822019864302,2.289137198589742,0.02980119246058166,0.543489103420818,0.6103303604759276,938.4820418739318,mobile,0.007798629379325659,0.010908988764055385,46.924100984997786,46.924100984997786,system,0.0,249,0.6103303604759276,0.03613159816778205,meta_train_support,3,MARGO-SPLIT-v1,20,20,80,3,250,0.0,0.2,20,10,0.0005,0.0005,mrlco_first_order_mean_pseudogradient,fixed_literature_derived_defaults,0.0008843706686194954,4.421853343097165e-05,0.006732600985033215,0.00033663004925166273,0.00034382698091387084,1.719134904569486e-05,3.0,0.0,0.047625866147180146,0.35515065674685153,0.016181700720956652,,,,,,,,,,,,,,,,
0.07419463771600449,0.0155,0.98375,0.00075,-0.0035837250761687756,0.2086658477783203,0.003404707958785972,0.01200000011983017,1.6256923370063305,0.0,0.0,0.0,0.0,0.0,0.0,0.05758235415446085,1.436995029449463,publication,0.6401453018188477,4.860781192779541,1.2082395430562816,1.3638144839703454,200,1.1542230194876304,3.599484348669648,0.10703154587827157,1.2082395430562816,1.3638144901394844,592.359010848999,mobile,0.0008093149353409489,0.0011117325339478077,29.617949785533792,29.617949785533792,system,0.0,250,1.3638144901394844,0.051456160733626743,meta_train_support,3,MARGO-SPLIT-v1,20,20,80,3,251,0.0,0.2,20,10,0.0005,0.0005,mrlco_first_order_mean_pseudogradient,fixed_literature_derived_defaults,0.0008808472795014894,4.4042363975073384e-05,0.006705777873539058,0.0003352888936769549,0.00034245715230465224,1.712285761523366e-05,3.0,0.0,0.04766990851115522,0.3554859456405285,0.016198823578571886,-0.11434965927410783,-0.11167755386694249,0.11167755386694249,0.05,0.225,0.075,0.05125,0.975,0.975,0.0,validation/automotive_lexicographic_v1,automotive_lexicographic_v1,a3bd00d5108237acdb706f561212b5d840bac151f48b5250a61c573d9c9ffb6c,652330001.0,0.11167755386694249,0.0
0.04996348202962666,0.01525,0.984,0.00075,-0.00316135142929852,0.026873569935560226,0.007166751183103769,0.01433333304400245,0.6736009926535188,0.0,0.0,0.0,0.0,0.0,0.0,0.055198685762543304,1.4199073314666748,publication,0.5785808563232422,4.811807870864868,0.7861791536378522,0.8844618384940987,200,0.7732047767828558,2.7143294659326784,0.0654388417606242,0.7861791536378522,0.8844618432223796,729.5531307601929,mobile,0.005868357959301281,0.005868357959301281,36.47765829463614,36.47765829463614,system,0.0,251,0.8844618432223796,0.04010249438386216,meta_train_support,3,MARGO-SPLIT-v1,20,20,80,3,252,0.0,0.2,20,10,0.0005,0.0005,mrlco_first_order_mean_pseudogradient,fixed_literature_derived_defaults,0.0008773518537891819,4.386759268945606e-05,0.006679167643882157,0.00033395838219413276,0.00034109819535106233,1.7054909767551946e-05,3.0,0.0,0.047713776103844675,0.3558199040227226,0.016215878488339438,,,,,,,,,,,,,,,,
0.06180622473037463,0.01425,0.98525,0.0005,-0.00028694720822386444,0.11510524898767471,0.006434928843130667,0.019750000163912772,0.8777834145973126,0.0,0.0,0.0,0.0,0.0,0.0,0.06355448267897983,1.3337328433990479,publication,0.656574010848999,5.587066888809204,0.5992771249715161,0.672651634212525,200,0.9292684671972821,2.661048366688192,-0.026072575303260237,0.5992771249715162,0.6726516441581771,271.5531241416931,mobile,0.002773751418326681,0.004575866243206118,13.577656568880172,13.577656568880172,system,0.0,252,0.6726516441581771,0.05204125823683306,meta_train_support,3,MARGO-SPLIT-v1,20,20,80,3,253,0.0,0.2,20,10,0.0005,0.0005,mrlco_first_order_mean_pseudogradient,fixed_literature_derived_defaults,0.000880348740246209,4.401743701230865e-05,0.006678651954276233,0.0003339325977138041,0.0003397499811401886,1.6987499057010552e-05,3.0,0.0,0.047757793540856984,0.3561538366204364,0.01623286598739645,,,,,,,,,,,,,,,,
0.05925129025988035,0.02025,0.97875,0.001,0.0005277988966554403,0.1292906105518341,0.008895714775280793,0.016250000226621826,1.1787106106678644,0.0,0.0,0.0,0.0,0.0,0.0,0.07402830378987926,1.5792263746261597,publication,0.6637067794799805,4.539653062820435,0.9619143583226193,1.0817878014689268,200,0.8417389195802908,2.502436734153889,0.03304178442340344,0.9619143583226192,1.0817878122627735,662.9229584121704,mobile,0.0013245941166868296,0.010043752875655242,33.14615096866372,33.14615096866372,system,0.0,253,1.0817878122627735,0.040494240950753435,meta_train_support,3,MARGO-SPLIT-v1,20,20,80,3,254,0.0,0.2,20,10,0.0005,0.0005,mrlco_first_order_mean_pseudogradient,fixed_literature_derived_defaults,0.0008786258487190886,4.393129243595445e-05,0.006659219047901807,0.0003329609523951005,0.00033841238278924297,1.692061913946205e-05,3.0,0.0,0.04780172483329294,0.3564867975728315,0.01624978660653591,,,,,,,,,,,,,,,,
0.05231602826780327,0.0175,0.98175,0.00075,4.56096458947286e-05,0.1882074922323227,0.005500179188675248,0.012833333310360712,0.9946165516972545,0.0,0.0,0.0,0.0,0.0,0.0,0.06829613101801703,1.538159728050232,publication,0.6301026344299316,5.187168121337891,0.6492642138670665,0.7285335330877206,200,0.9152642388671275,3.2363339131698012,0.03562479902757332,0.6492642138670663,0.7285335293412208,536.1136059284211,mobile,0.0010433246575682804,0.0020549519486585733,26.805679357162454,26.805679357162454,system,0.0,254,0.7285335293412208,0.045355170276280124,meta_train_support,3,MARGO-SPLIT-v1,20,20,80,3,255,0.0,0.2,20,10,0.0005,0.0005,mrlco_first_order_mean_pseudogradient,fixed_literature_derived_defaults,0.0008800838361631139,4.400419180815296e-05,0.00665109865964406,0.0003325549329821764,0.00033708527540575575,1.6854263770287037e-05,3.0,0.0,0.04784572902510109,0.3568193525058137,0.016266640870306198,,,,,,,,,,,,,,,,
0.051446715896125504,0.015,0.9835,0.0015,-0.003968917764723301,0.045453768223524094,0.009306473430478943,0.010583333345130088,0.6942025606830914,0.0,0.0,0.0,0.0,0.0,0.0,0.0663047287754396,1.5411616563796997,publication,0.6173696517944336,5.129682540893555,0.7363875393585141,0.8283393471172894,200,0.730459433036777,2.2503036111593246,0.053182523624855094,0.7363875393585142,0.8283393450081349,1052.7945066833497,mobile,0.003132817940754187,0.0036753762093786006,52.6397265047472,52.6397265047472,system,0.0,255,0.8283393450081349,0.034723884940264564,meta_train_support,3,MARGO-SPLIT-v1,20,20,80,3,256,0.0,0.2,20,10,0.0005,0.0005,mrlco_first_order_mean_pseudogradient,fixed_literature_derived_defaults,0.0008766460086781018,4.383230043390751e-05,0.006625117805504826,0.0003312558902752172,0.00033576853604870197,1.6788426802433892e-05,3.0,0.0,0.047889561325535,0.3571506083960889,0.01628342929710863,,,,,,,,,,,,,,,,
0.07294238749438967,0.015,0.98425,0.00075,-0.007755112834274769,0.06513766199350357,0.007399816069907199,0.03183333373938997,0.8840996040652195,0.0,0.0,0.0,0.0,0.0,0.0,0.06433910352229195,1.6078674793243408,publication,0.6315724849700928,4.845355272293091,0.6783585543740195,0.7644206323250182,200,0.9807377266998896,3.1820342959836125,0.05067164066713303,0.6783585543740195,0.7644206209667027,260.59960163116455,mobile,0.004354708870519186,0.007056126956697217,13.029980575720195,13.029980575720195,system,0.0,256,0.7644206209667027,0.05747447516682062,meta_train_support,3,MARGO-SPLIT-v1,20,20,80,3,257,0.0,0.2,20,10,0.0005,0.0005,mrlco_first_order_mean_pseudogradient,fixed_literature_derived_defaults,0.0008732349347143738,4.366174673571532e-05,0.006599339137000916,0.0003299669568500585,0.00033446204369053583,1.6723102184527938e-05,3.0,0.0,0.047933223072270714,0.357480575352939,0.01630015239929316,,,,,,,,,,,,,,,,
0.06892819072631759,0.015,0.9845,0.0005,-0.005066875834017992,0.05823906883597374,0.0038122132444793045,0.01583333347613613,0.8342613004148006,0.0,0.0,0.0,0.0,0.0,0.0,0.06338495185664139,1.5415998697280884,publication,0.6263995170593262,5.242135763168335,0.75222523262848,0.8463081356313341,200,0.9161920088002616,3.217849454842508,0.08158806146821007,0.75222523262848,0.8463081558793784,624.1748019886016,mobile,0.01028901284190179,0.010879069328964423,31.208741728444558,31.208741728444558,system,0.0,257,0.8463081558793784,0.05434428542572272,meta_train_support,3,MARGO-SPLIT-v1,20,20,80,3,258,0.0,0.2,20,10,0.0005,0.0005,mrlco_first_order_mean_pseudogradient,fixed_literature_derived_defaults,0.0008750928128717327,4.3754640643586806e-05,0.006591006078735279,0.0003295503039367764,0.0003331656791801074,1.665828395900487e-05,3.0,0.0,0.0479769777129143,0.35781012565687575,0.016316810683252164,,,,,,,,,,,,,,,,
0.05427011354553809,0.0165,0.9825,0.001,-0.005910099949687719,0.0565863698720932,0.00725545571767725,0.018166666477918626,0.781863503654798,0.0,0.0,0.0,0.0,0.0,0.0,0.0648931309477285,1.4212790727615356,publication,0.5858075618743896,5.223607778549194,0.7047589730012029,0.7947901049327993,200,0.8326540920950503,2.925858764210716,0.027352699245966505,0.7047589730012027,0.7947901014145464,767.0271650600433,mobile,0.002876394149134283,0.0040061783269130825,38.35135797014757,38.35135797014757,system,0.0,258,0.7947901014145464,0.04656812573510363,meta_train_support,3,MARGO-SPLIT-v1,20,20,80,3,259,0.0,0.2,20,10,0.0005,0.0005,mrlco_first_order_mean_pseudogradient,fixed_literature_derived_defaults,0.0008717140761424982,4.3585703807122456e-05,0.006565558178817382,0.00032827790894085496,0.000331879325206439,1.659396626032053e-05,3.0,0.0,0.048020563416721423,0.3581384035658166,0.016333404649512485,,,,,,,,,,,,,,,,
0.056239852618799435,0.01325,0.98625,0.0005,-0.010514880530536175,0.033475883305072784,0.009639237731850396,0.04583333325572312,0.5674514250208934,0.0,0.0,0.0,0.0,0.0,0.0,0.06689636603757637,0.9711040258407593,publication,0.6243011951446533,4.087867259979248,0.483947044739338,0.5434592004579053,200,0.7184828486927989,2.2708750404417515,0.015824862418412522,0.483947044739338,0.5434592046774924,613.9205437088012,mobile,0.008207256783599983,0.011847524576868572,30.696027433831,30.696027433831,system,0.0,259,0.5434592046774924,0.05135763988374972,meta_train_support,3,MARGO-SPLIT-v1,20,20,80,3,260,0.0,0.2,20,10,0.0005,0.0005,mrlco_first_order_mean_pseudogradient,fixed_literature_derived_defaults,0.0008683613296957963,4.3418066484786355e-05,0.006540306031975776,0.00032701530159878756,0.00033060286626333737,1.65301433131676e-05,3.0,0.0,0.04806398148320621,0.3584654188674154,0.016349934792825652,,,,,,,,,,,,,,,,
0.08708662113327817,0.04525,0.952,0.00275,0.0007965309196151793,0.18768310546875,0.01528615980253865,0.050999999884516,2.0145633451640608,0.0,0.0,0.0,0.0,0.0,0.0,0.12140837169720813,1.330534815788269,publication,0.5949552059173584,4.233488082885742,1.4057862889150294,1.5814986926990968,200,0.9111408197835196,2.777011944912374,0.05506831465754658,1.4057862889150294,1.5814987238496543,186.02211660385132,mobile,0.00043121562654635596,0.0009573186527508853,9.30110564479608,9.30110564479608,system,0.0,260,1.5814987238496543,0.05617169143890148,meta_train_support,3,MARGO-SPLIT-v1,20,20,80,3,261,0.0,0.2,20,10,0.0005,0.0005,mrlco_first_order_mean_pseudogradient,fixed_literature_derived_defaults,0.0008650342747927472,4.325171373963793e-05,0.006515247388175103,0.00032576236940873304,0.0003293361886148188,1.6466809430740886e-05,3.0,0.0,0.04810723319694585,0.35879118123682413,0.016366401602256393,,,,,,,,,,,,,,,,
0.05838904865912009,0.0425,0.954,0.0035,0.0023739913012832403,0.11742382496595383,0.014140642423687195,0.03966666680450241,1.4635031015922626,0.0,0.0,0.0,0.0,0.0,0.0,0.1176483367081567,1.375373125076294,publication,0.525022029876709,4.905643939971924,0.9869307342675196,1.1105590724344347,200,0.8636018099041569,2.396777955815196,0.04831868421752006,0.9869307342675198,1.1105590764246882,563.1557649421692,mobile,0.002262421676296705,0.005432103227455262,28.157787870543338,28.157787870543338,system,0.0,261,1.1105590764246882,0.04330026731646207,meta_train_support,3,MARGO-SPLIT-v1,20,20,80,3,262,0.0,0.2,20,10,0.0005,0.0005,mrlco_first_order_mean_pseudogradient,fixed_literature_derived_defaults,0.000865877856915509,4.329389284577628e-05,0.0065076180080432915,0.0003253809004021835,0.00032807918026132713,1.6403959013065045e-05,3.0,0.0,0.048150527089791624,0.3591165621372263,0.01638280556126946,,,,,,,,,,,,,,,,
0.0505514674976336,0.04475,0.95325,0.002,0.0020033784676343203,0.02042115479707718,0.018506765994243328,0.0584166668045024,0.7302605385581653,0.0,0.0,0.0,0.0,0.0,0.0,0.12406687087155333,1.493916392326355,publication,0.5970635414123535,5.15723729133606,0.643575966458318,0.7224014397176143,200,0.7982361849897592,2.386425406381022,0.018506543136027176,0.6435759664583182,0.7224014209676534,745.5988119888306,mobile,0.002464509279190311,0.002958655074878991,37.279939585221264,37.279939585221264,system,0.0,262,0.7224014209676534,0.03712777576190912,meta_train_support,3,MARGO-SPLIT-v1,20,20,80,3,263,0.0,0.2,20,10,0.0005,0.0005,mrlco_first_order_mean_pseudogradient,fixed_literature_derived_defaults,0.0008625855456724842,4.3129277283622536e-05,0.006482874213335903,0.00032414371066680214,0.00032683173090672135,1.6341586545336184e-05,3.0,0.0,0.04819365636707525,0.3594407058478931,0.016399147147814794,,,,,,,,,,,,,,,,
0.0666272380515184,0.0635,0.933,0.0035,0.011680162511765957,0.011427861638367176,0.02408507772100469,0.09366666662196318,0.9936846179266772,0.0,0.0,0.0,0.0,0.0,0.0,0.14165528479833311,1.6120421886444092,publication,0.6449451446533203,4.769523620605469,0.6938315270542279,0.7811135965834183,200,0.8368615418287144,1.9995016464963555,0.048755251002148725,0.6938315270542279,0.7811136128008366,270.2556938743591,mobile,0.0013125377145232924,0.0035996639975780687,13.512785291227416,13.512785291227416,system,0.0,263,0.7811136128008366,0.04719949937970523,meta_train_support,3,MARGO-SPLIT-v1,20,20,80,3,264,0.0,0.2,20,10,0.0005,0.0005,mrlco_first_order_mean_pseudogradient,fixed_literature_derived_defaults,0.0008593181761813005,4.2965908809061704e-05,0.0064583178716187215,0.00032291589358091066,0.00032559373192601404,1.6279686596301635e-05,3.0,0.0,0.04823662227588431,0.359763621741474,0.016415426834411096,,,,,,,,,,,,,,,,
0.049066843234329395,0.056,0.94125,0.00275,0.008204441517591476,0.03564607724547386,0.008557223652799924,0.05924999971563617,1.190677276502053,0.0,0.0,0.0,0.0,0.0,0.0,0.13025503240657207,1.7050390243530273,publication,0.6618309020996094,5.192619562149048,0.9457787039363234,1.066787122042806,200,1.0760764541356989,3.295604010228999,0.08011717681074515,0.9457787039363235,1.066787105128169,697.7316103935242,mobile,0.0031723951797186785,0.0064550717918961335,34.88658007258427,34.88658007258427,system,0.0,264,1.066787105128169,0.03958933856938435,meta_train_support,3,MARGO-SPLIT-v1,20,20,80,3,265,0.0,0.2,20,10,0.0005,0.0005,mrlco_first_order_mean_pseudogradient,fixed_literature_derived_defaults,0.0008573540949035574,4.286770474518087e-05,0.006441740761580167,0.00032208703807901085,0.0003243650763338404,1.6218253816691758e-05,3.0,0.0,0.04827948998062949,0.36008570877955304,0.016431645088227788,,,,,,,,,,,,,,,,
0.05979009732686931,0.049,0.94825,0.00275,0.0009676364134065807,0.011963075026869774,0.010682504670694471,0.0692500004544854,0.6481220372021199,0.0,0.0,0.0,0.0,0.0,0.0,0.13579812526301518,1.5934189558029175,publication,0.6532979011535645,5.139091491699219,0.2824885331399996,0.31699028930972417,200,0.5023086447241792,1.7622159011662006,0.016718859202228487,0.28248853313999966,0.3169902843236923,516.7659051036835,mobile,0.010757973889546066,0.011551278954036575,25.8382952203888,25.8382952203888,system,0.0,265,0.3169902843236923,0.04429522613187649,meta_train_support,3,MARGO-SPLIT-v1,20,20,80,3,266,0.0,0.2,20,10,0.0005,0.0005,mrlco_first_order_mean_pseudogradient,fixed_literature_derived_defaults,0.0008541309592084313,4.270654796042356e-05,0.00641752369104791,0.00032087618455239886,0.000323145658753638,1.6157282937682982e-05,3.0,0.0,0.04832219652858991,0.36040658496410544,0.01644780237116547,,,,,,,,,,,,,,,,
0.0625674913744606,0.068,0.929,0.003,0.00881672091782093,0.10734125971794128,0.014224341668887064,0.0879999998025596,1.4030026376247406,0.0,0.0,0.0,0.0,0.0,0.0,0.14624165657414084,1.5601526498794556,publication,0.6197714805603027,4.875986337661743,0.8763007963007684,0.9847218689136207,200,1.062056040307114,3.0868873009458184,0.03075702686328441,0.8763007963007684,0.9847218424268067,346.4598743915558,mobile,0.0018459977058680288,0.0025676465014190433,17.322993802887257,17.322993802887257,system,0.0,266,0.9847218424268067,0.048632204510224035,meta_train_support,3,MARGO-SPLIT-v1,20,20,80,3,267,0.0,0.2,20,10,0.0005,0.0005,mrlco_first_order_mean_pseudogradient,fixed_literature_derived_defaults,0.0008509319668518454,4.2546598342595165e-05,0.006393488021793049,0.0003196744010896535,0.0003219353753875195,1.6096768769374714e-05,3.0,0.0,0.04836474312693251,0.3607262593651951,0.016463899139934846,,,,,,,,,,,,,,,,
0.06276404428059963,0.0655,0.93225,0.00225,0.0034573280718177557,0.01253452803939581,0.01523482461149494,0.07233333385859925,0.8496303817878166,0.0,0.0,0.0,0.0,0.0,0.0,0.14263955227575453,1.5723154544830322,publication,0.5677447319030762,5.039574861526489,0.6260361695107781,0.7039614528343009,200,0.6046646176212921,1.6471414156258106,0.07337848112365464,0.6260361695107781,0.7039614402502775,343.280974445343,mobile,0.011566271583132438,0.013897877341114388,17.164049258880144,17.164049258880144,system,0.0,267,0.7039614402502775,0.046052998843098596,meta_train_support,3,MARGO-SPLIT-v1,20,20,80,3,268,0.0,0.2,20,10,0.0005,0.0005,mrlco_first_order_mean_pseudogradient,fixed_literature_derived_defaults,0.0008477568475725475,4.2387842378630025e-05,0.006369631723204269,0.00031848158616021305,0.0003207341239868198,1.6036706199342582e-05,3.0,0.0,0.04840713096931114,0.3610447409513553,0.016479935846134188,,,,,,,,,,,,,,,,
0.054633136654022155,0.04525,0.95125,0.0035,0.0032673871610313654,0.010900664143264294,0.0239666172148039,0.07124999997516472,0.8188383686045807,0.0,0.0,0.0,0.0,0.0,0.0,0.12501512704257223,1.4988598823547363,publication,0.657667875289917,5.036559343338013,0.5526483036951603,0.6223895776605058,200,0.6708805642883842,2.071052693296224,0.048434578347951174,0.5526483036951604,0.6223895419947802,742.1871710586548,mobile,0.015473732078862556,0.02097053985101928,37.10935861758744,37.10935861758744,system,0.0,268,0.6223895419947802,0.04879247141297759,meta_train_support,3,MARGO-SPLIT-v1,20,20,80,3,269,0.0,0.2,20,10,0.0005,0.0005,mrlco_first_order_mean_pseudogradient,fixed_literature_derived_defaults,0.0008446053351280398,4.223026675639896e-05,0.00634595279486522,0.00031729763974325254,0.00031954180382330003,1.5977090191163917e-05,3.0,0.0,0.04844936123606754,0.36136203859109856,0.016495912936325352,,,,,,,,,,,,,,,,
0.05811565364231795,0.062,0.93475,0.00325,-0.0001188348323921673,0.11293315887451172,0.020659372247367476,0.09866666787614424,1.1492774041990441,0.0,0.0,0.0,0.0,0.0,0.0,0.1406355866560332,1.2654988765716553,publication,0.6104371547698975,5.3899219036102295,0.8804376689057688,0.9918624488810684,200,1.2767208013865265,4.110291780903935,0.024791923904558644,0.8804376689057687,0.9918624783214182,608.2934678649902,mobile,0.07075055062874167,0.12327636744596354,30.41467418340065,30.41467418340065,system,0.0,269,0.9918624783214182,0.047809620917558734,meta_train_support,3,MARGO-SPLIT-v1,20,20,80,3,270,0.0,0.2,20,10,0.0005,0.0005,mrlco_first_order_mean_pseudogradient,fixed_literature_derived_defaults,0.0008414771672201582,4.207385836101085e-05,0.006322449265995349,0.0003161224632997617,0.0003183583156609915,1.5917915783050796e-05,3.0,0.0,0.04849143509442855,0.3616781610543983,0.016511830852108403,,,,,,,,,,,,,,,,
0.05861554106866176,0.05025,0.948,0.00175,0.0005789442220702767,0.07896503806114197,0.015557412558700887,0.04749999968335033,1.0323074703415234,0.0,0.0,0.0,0.0,0.0,0.0,0.13630326175414081,1.319082260131836,publication,0.5797326564788818,3.3707664012908936,0.6920453198076256,0.7786320980820528,200,0.9261621892651006,2.78580504283309,0.05234151805052534,0.6920453198076256,0.7786320921964943,581.8167622852326,mobile,0.007250288699610782,0.008690764961448293,29.090838953596645,29.090838953596645,system,0.0,270,0.7786320921964943,0.04736685601501545,meta_train_support,3,MARGO-SPLIT-v1,20,20,80,3,271,0.0,0.2,20,10,0.0005,0.0005,mrlco_first_order_mean_pseudogradient,fixed_literature_derived_defaults,0.0008383720854222978,4.191860427111421e-05,0.006299119194903115,0.00031495595974517787,0.0003171835617286631,1.58591780864345e-05,3.0,0.0,0.04853335369869966,0.3619931170141435,0.016527690030194837,,,,,,,,,,,,,,,,
0.06131780143157802,0.06025,0.93875,0.001,0.0006268631550483406,0.03807778283953667,0.015228618109055486,0.09800000054140887,0.8281600984434287,0.0,0.0,0.0,0.0,0.0,0.0,0.15401412552990196,1.3405485153198242,publication,0.6135768890380859,5.147179365158081,0.5484073647985147,0.616861201585416,200,0.7118933163884195,2.113113173865713,0.009763123467564583,0.5484073647985148,0.6168611962394789,269.54644196510316,mobile,0.005806688251295254,0.007987050221288317,13.477322431156647,13.477322431156647,system,0.0,271,0.6168611962394789,0.048465991547924754,meta_train_support,3,MARGO-SPLIT-v1,20,20,80,3,272,0.0,0.2,20,10,0.0005,0.0005,mrlco_first_order_mean_pseudogradient,fixed_literature_derived_defaults,0.0008352898351082453,4.176449175541386e-05,0.006275960668451265,0.0003137980334225743,0.000316017445692896,1.5800872284643663e-05,3.0,0.0,0.048575118190455076,0.36230691504756607,0.01654349090247948,,,,,,,,,,,,,,,,
0.05284887201566398,0.05875,0.9395,0.00175,0.001155560719780624,0.012869042344391346,0.01620280263014138,0.06341666650647917,0.6703721766670545,0.0,0.0,0.0,0.0,0.0,0.0,0.14549070533211445,1.4008443355560303,publication,0.645733118057251,5.115628957748413,0.639058165546255,0.7212482065788572,200,0.7062295764747862,2.315739466343075,0.03749606158817187,0.639058165546255,0.7212481963075698,724.3487313270568,mobile,0.0034440891181630423,0.004289850740440149,36.2174377340042,36.2174377340042,system,0.0,272,0.7212481963075698,0.04082623925878355,meta_train_support,3,MARGO-SPLIT-v1,20,20,80,3,273,0.0,0.2,20,10,0.0005,0.0005,mrlco_first_order_mean_pseudogradient,fixed_literature_derived_defaults,0.0008322301653825741,4.161150826913207e-05,0.006252971801533861,0.00031264859007668067,0.00031485987263174986,1.5742993631585878e-05,3.0,0.0,0.04861672969872421,0.36261956363764275,0.016559233896111067,,,,,,,,,,,,,,,,
0.055023098381024836,0.0625,0.93575,0.00175,0.00032459464273415506,0.02038896083831787,0.012508239434100687,0.06991666660954554,0.5580705391863983,0.0,0.0,0.0,0.0,0.0,0.0,0.1631305170780098,1.4705898761749268,publication,0.6486272811889648,5.424561262130737,0.3076699047735113,0.34410437020207607,200,0.6322691170640347,2.191564191132784,0.03345733672904316,0.3076699047735114,0.34410437090322377,153.58107689857482,mobile,0.0035433320452456997,0.004430298616621012,7.679053613730015,7.679053613730015,system,0.0,273,0.34410437090322377,0.044357189775701474,meta_train_support,3,MARGO-SPLIT-v1,20,20,80,3,274,0.0,0.2,20,10,0.0005,0.0005,mrlco_first_order_mean_pseudogradient,fixed_literature_derived_defaults,0.0008291928290125646,4.145964145062936e-05,0.00623015073656476,0.0003115075368282372,0.0003137107490090062,1.568553745045012e-05,3.0,0.0,0.04865818934017484,0.362931071174471,0.016574919433561517,,,,,,,,,,,,,,,,
0.05437676609382468,0.0535,0.94475,0.00175,-0.002266864525154233,0.0060566808097064495,0.017822464043274523,0.07966666681071125,0.5527934913833936,0.0,0.0,0.0,0.0,0.0,0.0,0.14950035491395214,1.4298944473266602,publication,0.6579515933990479,5.293050527572632,0.44015082036120085,0.49414088955745683,200,0.636025372221618,1.8858076117176097,0.03019042369851377,0.4401508203612009,0.4941408995259553,890.4126980018616,mobile,0.0031553521677629565,0.0037578996847706077,44.520635568269654,44.520635568269654,system,0.0,274,0.4941408995259553,0.04377803535626544,meta_train_support,3,MARGO-SPLIT-v1,20,20,80,3,275,0.0,0.2,20,10,0.0005,0.0005,mrlco_first_order_mean_pseudogradient,fixed_literature_derived_defaults,0.0008261775823616099,4.130887911808073e-05,0.006207495642977252,0.00031037478214884784,0.0003125699826489735,1.562849913244735e-05,3.0,0.0,0.04869949821929292,0.36324144595661984,0.016590547932693964,,,,,,,,,,,,,,,,
0.052804074229629426,0.052,0.946,0.002,-0.00013715308159589767,0.00772872706875205,0.016563902989340327,0.06458333320915698,0.654420888548096,0.0,0.0,0.0,0.0,0.0,0.0,0.1504522571025401,1.5063949823379517,publication,0.5772745609283447,3.449262857437134,0.5949883811187955,0.670573364114498,200,0.7535600687407911,1.8186065233312547,0.029543240110797342,0.5949883811187955,0.67057337814942,461.7019850063324,mobile,0.0022022013886794744,0.003760748772835237,23.08510052959772,23.08510052959772,system,0.0,275,0.67057337814942,0.039139749569448774,meta_train_support,3,MARGO-SPLIT-v1,20,20,80,3,276,0.0,0.2,20,10,0.0005,0.0005,mrlco_first_order_mean_pseudogradient,fixed_literature_derived_defaults,0.0008231841853240679,4.1159209266200536e-05,0.0061850047167345806,0.0003092502358367222,0.00031143748271183954,1.5571874135592717e-05,3.0,0.0,0.04874065742855912,0.36355069619245656,0.016606119806829557,,,,,,,,,,,,,,,,
0.07893795554384005,0.059,0.9375,0.0035,-0.0007898331969045103,0.027933446690440178,0.01413514004428483,0.05416666672875484,1.0113513863335053,0.0,0.0,0.0,0.0,0.0,0.0,0.15105636270127829,1.6318798065185547,publication,0.5723602771759033,4.495106935501099,0.8638645295496212,0.972734057064772,200,0.7561929615365246,1.8510507345199585,0.03412652159749996,0.8638645295496212,0.972734053619206,156.6805599975586,mobile,0.001093969941792238,0.0018778437177276502,7.834027694467828,7.834027694467828,system,0.0,276,0.972734053619206,0.05497016201261507,meta_train_support,3,MARGO-SPLIT-v1,20,20,80,3,277,0.0,0.2,20,10,0.0005,0.0005,mrlco_first_order_mean_pseudogradient,fixed_literature_derived_defaults,0.000820212401261526,4.101062006307832e-05,0.006162676179851062,0.00030813380899252785,0.0003103131596695585,1.55156579834774e-05,3.0,0.0,0.0487816680486222,0.3638588300014491,0.016621635464813034,,,,,,,,,,,,,,,,
0.05492634463234286,0.0365,0.96225,0.00125,-0.00030295347096398473,0.008376732468605042,0.008661947935858432,0.04191666624198357,0.44244929601748784,0.0,0.0,0.0,0.0,0.0,0.0,0.1220899362395854,1.5113327503204346,publication,0.5272891521453857,5.128996849060059,0.32242652443608805,0.3623087198177927,200,0.3511580570332463,0.9837546730414033,0.05705583766757627,0.322426524436088,0.3623087186180055,763.4996109771729,mobile,0.008548593545462384,0.010173790541151067,38.17498125970891,38.17498125970891,system,0.0,277,0.3623087186180055,0.04444892048616583,meta_train_support,3,MARGO-SPLIT-v1,20,20,80,3,278,0.0,0.2,20,10,0.0005,0.0005,mrlco_first_order_mean_pseudogradient,fixed_literature_derived_defaults,0.0008172619969404414,4.086309984702163e-05,0.00614050827992354,0.000307025413996187,0.00030919692528225796,1.545984626411326e-05,3.0,0.0,0.04882253114846922,0.36416585541544527,0.016637095311077148,,,,,,,,,,,,,,,,
0.06681458779543915,0.04,0.95725,0.00275,-0.0018383736023679376,0.018389414995908737,0.009224245464429261,0.05008333337803681,0.7866896650443473,0.0,0.0,0.0,0.0,0.0,0.0,0.12157412894758814,1.6104340553283691,publication,0.6555025577545166,5.3357789516448975,0.6461786299241286,0.7270418349654756,200,0.80872645644017,2.2404695822042413,0.040227906487416476,0.6461786299241286,0.7270418051630259,215.51984972953795,mobile,0.0032374728949940033,0.003992291258940175,10.77599249118284,10.77599249118284,system,0.0,278,0.7270418051630259,0.05462498619557234,meta_train_support,3,MARGO-SPLIT-v1,20,20,80,3,279,0.0,0.2,20,10,0.0005,0.0005,mrlco_first_order_mean_pseudogradient,fixed_literature_derived_defaults,0.0008148489190880821,4.074244595440174e-05,0.006121941783369227,0.00030609708916845557,0.0003080886925751531,1.5404434628756708e-05,3.0,0.0,0.04886327359442362,0.3644719525046137,0.016652499745705904,,,,,,,,,,,,,,,,
0.0628435563683607,0.03375,0.96375,0.0025,0.0026752979028970003,0.05842450633645058,0.011561228591017426,0.02683333296639224,0.8942144674559435,0.0,0.0,0.0,0.0,0.0,0.0,0.1097186099128322,1.5473660230636597,publication,0.6364288330078125,5.344804525375366,0.6348265742571055,0.7139233491564301,200,0.9823331171596127,3.2811237417627126,0.03662403317866847,0.6348265742571055,0.713923379201442,319.999732837677,mobile,0.0019928253366090364,0.002936264564300485,15.99998542177399,15.99998542177399,system,0.0,279,0.713923379201442,0.04753535154206743,meta_train_support,3,MARGO-SPLIT-v1,20,20,80,3,280,0.0,0.2,20,10,0.0005,0.0005,mrlco_first_order_mean_pseudogradient,fixed_literature_derived_defaults,0.0008119387443770532,4.059693721885499e-05,0.0061000777055714795,0.00030500388527859856,0.0003069883758159561,1.5349418790798486e-05,3.0,0.0,0.048903870531642475,0.3647769563898923,0.016667849164496703,,,,,,,,,,,,,,,,
0.05562478644906617,0.023,0.97575,0.00125,-0.004132536705583334,0.1026381179690361,0.010914246195655628,0.035583333438262345,0.9159400095542273,0.0,0.0,0.0,0.0,0.0,0.0,0.08614910980553891,1.4428452253341675,publication,0.6046288013458252,5.265787363052368,0.766131020206407,0.8616837104726983,200,1.0490167684088578,3.515716635622084,0.03445097992516821,0.766131020206407,0.861683696322143,974.1214900875092,mobile,0.021882424894026302,0.02265871780345942,48.7060722198252,48.7060722198252,system,0.0,280,0.861683696322143,0.045715230278095015,meta_train_support,3,MARGO-SPLIT-v1,20,20,80,3,281,0.0,0.2,20,10,0.0005,0.0005,mrlco_first_order_mean_pseudogradient,fixed_literature_derived_defaults,0.0008095884060061195,4.047942030030449e-05,0.0060908918875107205,0.00030454459437551096,0.00030589589049276767,1.5294794524639554e-05,3.0,0.0,0.04894434995194278,0.36508150098426784,0.016683143959021342,,,,,,,,,,,,,,,,
0.04686159017529145,0.0245,0.97425,0.00125,0.0032052912283688784,0.0037960559129714966,0.005348192176703985,0.019833333200464646,0.4065071030209462,0.0,0.0,0.0,0.0,0.0,0.0,0.09094025791607108,1.4080488681793213,publication,0.6387460231781006,5.4146082401275635,0.30044550710754686,0.3378913749271305,200,0.35674052594091854,1.0010153902694583,0.03500002939472324,0.3004455071075468,0.3378913780860603,609.7619888114929,mobile,0.001422135128494309,0.0026910686973688883,30.488100102687053,30.488100102687053,system,0.0,281,0.3378913780860603,0.033371667657559896,meta_train_support,3,MARGO-SPLIT-v1,20,20,80,3,282,0.0,0.2,20,10,0.0005,0.0005,mrlco_first_order_mean_pseudogradient,fixed_literature_derived_defaults,0.0008067175251337574,4.033587625668772e-05,0.0060692929801082,0.000303464649005436,0.0003048111532924387,1.5240557664622512e-05,3.0,0.0,0.04898468582819947,0.3653849656332733,0.016698384516685965,,,,,,,,,,,,,,,,
0.046184024462912594,0.015,0.98425,0.00075,-0.005582149606198072,0.011111477389931679,0.005422321963123976,0.02250000002483527,0.43479866137107204,0.0,0.0,0.0,0.0,0.0,0.0,0.08073956974185746,1.485168695449829,publication,0.6424281597137451,4.433436393737793,0.5518580473097299,0.6190824551676315,200,0.7198174186497094,2.492467704694718,0.04729370429413393,0.5518580473097299,0.6190824503079057,1028.2687533187866,mobile,0.011125405273317622,0.01332968904676924,51.41343434345393,51.41343434345393,system,0.0,282,0.6190824503079057,0.03893617496523658,meta_train_support,3,MARGO-SPLIT-v1,20,20,80,3,283,0.0,0.2,20,10,0.0005,0.0005,mrlco_first_order_mean_pseudogradient,fixed_literature_derived_defaults,0.000803866933172154,4.019334665860547e-05,0.006047846715160821,0.00030239233575801716,0.0003037340820793912,1.5186704103969939e-05,3.0,0.0,0.04902487917485807,0.3656873579690313,0.016713571220789935,,,,,,,,,,,,,,,,
0.04337492652925653,0.02325,0.97625,0.0005,-0.0015023663872852921,0.006796104833483696,0.009150300722103565,0.02149999993853271,0.33279979079961775,0.0,0.0,0.0,0.0,0.0,0.0,0.08523679110106418,1.3652492761611938,publication,0.6517510414123535,4.62969708442688,0.3817594847889979,0.42917538140303807,200,0.4565435725654786,1.3108815534505993,0.04434888396644965,0.3817594847889979,0.42917539454996584,392.9351081085205,mobile,0.006627709316108966,0.007063531377330943,19.64675449197742,19.64675449197742,system,0.0,283,0.42917539454996584,0.0417850416473772,meta_train_support,3,MARGO-SPLIT-v1,20,20,80,3,284,0.0,0.2,20,10,0.0005,0.0005,mrlco_first_order_mean_pseudogradient,fixed_literature_derived_defaults,0.0008010364158018296,4.0051820790094894e-05,0.006032374393940087,0.0003016187196970277,0.0003026645958748863,1.5133229793743569e-05,3.0,0.0,0.04906493099564817,0.3659889766887283,0.01672870445058368,,,,,,,,,,,,,,,,
0.06104175899550781,0.01675,0.98325,0.0,-0.008790645748376846,0.02640446089208126,0.004710330147160373,0.021833333279937504,0.6573272741089266,0.0,0.0,0.0,0.0,0.0,0.0,0.07090755322483075,1.4641435146331787,publication,0.6222591400146484,5.2257914543151855,0.7716192057421626,0.8673515590577153,200,0.9267496128141277,3.123980887234211,0.05991142796119675,0.7716192057421625,0.8673515453934669,1012.4857144546509,mobile,0.031047714035936397,0.037572208089012904,50.62428645237553,50.62428645237553,system,0.0,284,0.8673515453934669,0.059646985263990614,meta_train_support,3,MARGO-SPLIT-v1,20,20,80,3,285,0.0,0.2,20,10,0.0005,0.0005,mrlco_first_order_mean_pseudogradient,fixed_literature_derived_defaults,0.0008036285373328041,4.01814268666395e-05,0.006045129593121172,0.00030225647965603786,0.00030160261483672883,1.5080130741838144e-05,3.0,0.0,0.04910511242251481,0.36629123316838436,0.016743784581325517,,,,,,,,,,,,,,,,
0.07524854945745615,0.02225,0.97675,0.001,-0.002825382864102721,0.010609174147248268,0.004260726655290151,0.023333333370586233,0.6282138371219238,0.0,0.0,0.0,0.0,0.0,0.0,0.08529730160735732,1.3862977027893066,publication,0.4738595485687256,4.957038640975952,0.4823469254052094,0.5425007083293713,200,0.6333887308846239,1.9113720208406448,0.025161798010230996,0.4823469254052094,0.5425007067341358,194.55877630233763,mobile,0.004978239958995065,0.00654966493569758,9.727939327957094,9.727939327957094,system,0.0,285,0.5425007067341358,0.07176445805453478,meta_train_support,3,MARGO-SPLIT-v1,20,20,80,3,286,0.0,0.2,20,10,0.0005,0.0005,mrlco_first_order_mean_pseudogradient,fixed_literature_derived_defaults,0.000809554150657735,4.0477707532883545e-05,0.006095885564838416,0.0003047942782419266,0.0003005480602393976,1.5027403011968338e-05,3.0,0.0,0.04914559013004769,0.3665960274466263,0.016758811984337485,,,,,,,,,,,,,,,,
0.05224851312007102,0.01875,0.981,0.00025,-0.004694958217442036,0.007004747167229652,0.006728694145567715,0.02299999992052714,0.4134166307747364,0.0,0.0,0.0,0.0,0.0,0.0,0.07958191366714015,1.4971479177474976,publication,0.658505916595459,5.494377136230469,0.41062707208237015,0.4603548998435144,200,0.6248496653963453,1.9589649941772223,-0.010329569224268198,0.41062707208237015,0.460354904839769,337.17926622390746,mobile,0.003145142121425705,0.006404384920615363,16.858962808416656,16.858962808416656,system,0.0,286,0.460354904839769,0.04905499117459382,meta_train_support,3,MARGO-SPLIT-v1,20,20,80,3,287,0.0,0.2,20,10,0.0005,0.0005,mrlco_first_order_mean_pseudogradient,fixed_literature_derived_defaults,0.0008067334044881958,4.033667022441262e-05,0.006074645545448735,0.00030373227727242824,0.0002995008544545913,1.4975042722728538e-05,3.0,0.0,0.0491859268002721,0.3668997597238987,0.016773787027060214,,,,,,,,,,,,,,,,
0.07313880952210712,0.0235,0.97575,0.00075,-0.0006578322499990463,0.0980684906244278,0.009548002683247129,0.018333333373690645,1.1401100538671014,0.0,0.0,0.0,0.0,0.0,0.0,0.08050464557339411,1.5223617553710938,publication,0.6575748920440674,5.295684576034546,1.0235616397815972,1.152860258142573,200,1.0927851094110683,3.128838591859676,0.04939448328514118,1.0235616397815974,1.152860263865441,576.9588059234619,mobile,0.023847618481896947,0.023847618481896947,28.847942548036873,28.847942548036873,system,0.0,287,1.152860263865441,0.048865006431125846,meta_train_support,3,MARGO-SPLIT-v1,20,20,80,3,288,0.0,0.2,20,10,0.0005,0.0005,mrlco_first_order_mean_pseudogradient,fixed_literature_derived_defaults,0.0008039322468337229,4.019661234168359e-05,0.006053553026193705,0.0003026776513097018,0.00029846092093217954,1.4923046046607519e-05,3.0,0.0,0.04922612341261379,0.3672024373752084,0.01678871007310682,,,,,,,,,,,,,,,,
0.053724693968099244,0.02175,0.9775,0.00075,-0.001424546935595572,0.028478974476456642,0.007051415881142021,0.031000000129764275,0.7759797384341558,0.0,0.0,0.0,0.0,0.0,0.0,0.0787181496498632,1.524512529373169,publication,0.6143229007720947,5.301666259765625,0.7529606416023285,0.8470871242964131,200,0.7655588416705957,2.411556290462613,0.04010649523115717,0.7529606416023286,0.8470871280506254,602.622172203064,mobile,0.005451668297706524,0.006094230056305,30.131108179735655,30.131108179735655,system,0.0,288,0.8470871280506254,0.043508328264572835,meta_train_support,3,MARGO-SPLIT-v1,20,20,80,3,289,0.0,0.2,20,10,0.0005,0.0005,mrlco_first_order_mean_pseudogradient,fixed_literature_derived_defaults,0.0008012833950001347,4.0064169750005096e-05,0.006039810173801997,0.0003019905086901198,0.00029742818418154916,1.4871409209075981e-05,3.0,0.0,0.04926618758236379,0.36750442788389853,0.016803581482315897,,,,,,,,,,,,,,,,
0.057811488849698243,0.023,0.97625,0.00075,-0.003598093520849943,0.022097600623965263,0.005728917177960587,0.026500000059604643,0.6460988856852056,0.0,0.0,0.0,0.0,0.0,0.0,0.08670003634883516,1.5657527446746826,publication,0.5853743553161621,3.4861197471618652,0.6230435766767958,0.6996389476437526,200,0.776045063353718,2.0879765892168507,0.03260969714028761,0.6230435766767958,0.6996389431133866,254.17464873313904,mobile,0.003706262888791712,0.003925620593039499,12.708732054008726,12.708732054008726,system,0.0,289,0.6996389431133866,0.04682652728990269,meta_train_support,3,MARGO-SPLIT-v1,20,20,80,3,290,0.0,0.2,20,10,0.0005,0.0005,mrlco_first_order_mean_pseudogradient,fixed_literature_derived_defaults,0.0008001539951401346,4.000769975700397e-05,0.006033452499087427,0.0003016726249543966,0.00029640256975333693,1.4820128487667145e-05,3.0,0.0,0.049306195282120796,0.36780610050885293,0.016818401610803564,,,,,,,,,,,,,,,,
0.06524798770964313,0.0275,0.97175,0.00075,-0.00037463847547769547,0.019646696746349335,0.009449640655172214,0.027499999959642685,0.5496927457551161,0.0,0.0,0.0,0.0,0.0,0.0,0.08966797909072272,1.5079866647720337,publication,0.6217718124389648,5.347001791000366,0.6013589578012851,0.6774292716772515,200,0.6868409986764755,1.8420243649743497,0.023874746984802186,0.6013589578012851,0.6774292655661702,545.7376929759979,mobile,0.0014141977681861439,0.006374610079155188,27.286884349927917,27.286884349927917,system,0.0,290,0.6774292655661702,0.04903977916961317,meta_train_support,3,MARGO-SPLIT-v1,20,20,80,3,291,0.0,0.2,20,10,0.0005,0.0005,mrlco_first_order_mean_pseudogradient,fixed_literature_derived_defaults,0.0007974043250537424,3.9870216252686774e-05,0.006012718985344859,0.00030063594926726944,0.0002953840042215385,1.4769200211078165e-05,3.0,0.0,0.04934606549837348,0.3681067364581202,0.016833170811014642,,,,,,,,,,,,,,,,
0.04451166127515959,0.03075,0.968,0.00125,0.0016150807496160269,0.0821746438741684,0.008606746703541527,0.03183333335133891,0.7641287402560314,0.0,0.0,0.0,0.0,0.0,0.0,0.09448604616554732,1.6346683502197266,publication,0.5738170146942139,5.206831932067871,0.6051087028442033,0.6812311747487911,200,0.8757473141951673,2.8506405097432435,0.04475074235233478,0.6051087028442034,0.6812311684526503,880.9505068206787,mobile,0.005052281392137805,0.005374948229128342,44.047523527462936,44.047523527462936,system,0.0,291,0.6812311684526503,0.034902341703763634,meta_train_support,3,MARGO-SPLIT-v1,20,20,80,3,292,0.0,0.2,20,10,0.0005,0.0005,mrlco_first_order_mean_pseudogradient,fixed_literature_derived_defaults,0.0007946734883241064,3.973367441620357e-05,0.00599212748197039,0.00029960637409853774,0.0002943724151659853,1.47186207582993e-05,3.0,0.0,0.049385799172789686,0.36840634283221874,0.01684788943177294,,,,,,,,,,,,,,,,
0.05045295520190709,0.0255,0.9745,0.0,-0.004185260273516178,0.02897688001394272,0.010476087282101313,0.03141666675607364,0.676354285205404,0.0,0.0,0.0,0.0,0.0,0.0,0.10035342851860886,1.6208446025848389,publication,0.6568241119384766,4.645794153213501,0.6411634813346461,0.7231868215673785,200,0.9079341358716585,3.1011284114792943,0.05422459772671573,0.641163481334646,0.7231868224032223,972.016514492035,mobile,0.0006262420441144046,0.0014747118852839031,48.600824624009064,48.600824624009064,system,0.0,292,0.7231868224032223,0.0409692705857285,meta_train_support,3,MARGO-SPLIT-v1,20,20,80,3,293,0.0,0.2,20,10,0.0005,0.0005,mrlco_first_order_mean_pseudogradient,fixed_literature_derived_defaults,0.0007919612921182221,3.95980646059127e-05,0.005971676534932948,0.00029858382674663453,0.0002933677311551799,1.4668386557760427e-05,3.0,0.0,0.0494253972373956,0.36870492665896537,0.016862557818330702,,,,,,,,,,,,,,,,
0.043629076378915055,0.0295,0.97025,0.00025,-0.001150590251199901,0.009776949882507324,0.007097259324897701,0.023166666893909376,0.5439804233610628,0.0,0.0,0.0,0.0,0.0,0.0,0.09201411887904608,1.6082913875579834,publication,0.6708691120147705,4.845880031585693,0.4438450638113525,0.5009537252319569,200,0.5032029879633189,1.705285883974284,0.03390470383601496,0.4438450638113526,0.5009537392109632,1395.9780185508728,mobile,0.0013334424377013515,0.0019610778791255027,69.79889997157095,69.79889997157095,system,0.0,293,0.5009537392109632,0.03383261416397808,meta_train_support,3,MARGO-SPLIT-v1,20,20,80,3,294,0.0,0.2,20,10,0.0005,0.0005,mrlco_first_order_mean_pseudogradient,fixed_literature_derived_defaults,0.0007892675462266635,3.946337731133148e-05,0.005951364709984197,0.00029756823549920153,0.000292369881729482,1.4618494086474088e-05,3.0,0.0,0.04946486061470693,0.36900249489446457,0.016877176312417176,,,,,,,,,,,,,,,,
0.07393989754439781,0.02775,0.97225,0.0,-0.001597625552676618,0.08644463121891022,0.008898405435805518,0.026500000152736902,0.8907161912570396,0.0,0.0,0.0,0.0,0.0,0.0,0.08905178148766366,1.4513896703720093,publication,0.6634738445281982,5.253743886947632,0.8460683498759382,0.9551739666226058,200,1.2839941975100166,4.54602937027812,0.03558691357829957,0.846068349875938,0.9551739948801696,232.93300245285033,mobile,0.0012908030399426378,0.001853905046715356,11.646649508541955,11.646649508541955,system,0.0,294,0.9551739948801696,0.05756604945853486,meta_train_support,3,MARGO-SPLIT-v1,20,20,80,3,295,0.0,0.2,20,10,0.0005,0.0005,mrlco_first_order_mean_pseudogradient,fixed_literature_derived_defaults,0.0007935066831084465,3.9675334155421516e-05,0.005953507996058671,0.00029767539980291025,0.0002913787973846363,1.456893986923058e-05,3.0,0.0,0.04950453594886235,0.3693001702942675,0.016891745252286407,,,,,,,,,,,,,,,,
0.05852379234448718,0.02,0.98,0.0,-0.0007126847631298006,0.07378962635993958,0.0056503919341291,0.02991666706899802,0.972927660122514,0.0,0.0,0.0,0.0,0.0,0.0,0.07310178031959365,1.465057611465454,publication,0.6758871078491211,4.943371534347534,0.7988614423537941,0.8980976619466674,200,0.8277175929612488,2.215038994792849,0.027670461786328815,0.7988614423537942,0.8980976598709822,619.7475546455383,mobile,0.0012030407611295683,0.0012030407611295683,30.987378774965876,30.987378774965876,system,0.0,295,0.8980976598709822,0.041494251177112196,meta_train_support,3,MARGO-SPLIT-v1,20,20,80,3,296,0.0,0.2,20,10,0.0005,0.0005,mrlco_first_order_mean_pseudogradient,fixed_literature_derived_defaults,0.0007908259172871342,3.9541295864357895e-05,0.005933394793369283,0.00029666973966846477,0.00029039440955563417,1.4519720477782633e-05,3.0,0.0,0.04954407724472671,0.36959684003393595,0.01690626497276419,,,,,,,,,,,,,,,,
0.06149769096583137,0.01725,0.9825,0.00025,-0.002626578789204359,0.01846284233033657,0.008077501299946258,0.027166666695848107,0.8760786924511195,0.0,0.0,0.0,0.0,0.0,0.0,0.06728677160774756,1.3770272731781006,publication,0.6396458148956299,5.25464940071106,0.7110507158110476,0.8000509121723371,200,0.7345128434108847,1.766149622388184,0.026610416709445417,0.7110507158110477,0.8000509087461978,277.08313449859617,mobile,0.004924395765042721,0.004924395765042721,13.854156606485793,13.854156606485793,system,0.0,296,0.8000509087461978,0.046010215608678434,meta_train_support,3,MARGO-SPLIT-v1,20,20,80,3,297,0.0,0.2,20,10,0.0005,0.0005,mrlco_first_order_mean_pseudogradient,fixed_literature_derived_defaults,0.0007881632037609149,3.940816018804805e-05,0.005913417033122249,0.00029567085165610463,0.00028941665060090135,1.447083253004397e-05,3.0,0.0,0.04958348540491476,0.36989251088559205,0.016920735805294233,,,,,,,,,,,,,,,,
0.07267925305455683,0.01925,0.9805,0.00025,-0.004777609836310148,0.013038253411650658,0.006270349180946747,0.018333333327124515,0.749982226639986,0.0,0.0,0.0,0.0,0.0,0.0,0.0628652312674961,1.322549819946289,publication,0.6428537368774414,5.09142804145813,0.769289303498186,0.8674365707632387,200,0.5906576979370813,1.9739040713757277,0.06080523030686891,0.769289303498186,0.867436565309763,708.6914605998993,mobile,0.005170854533438848,0.005288240632926366,35.43457146789782,35.43457146789782,system,0.0,297,0.867436565309763,0.05265878824654635,meta_train_support,3,MARGO-SPLIT-v1,20,20,80,3,298,0.0,0.2,20,10,0.0005,0.0005,mrlco_first_order_mean_pseudogradient,fixed_literature_derived_defaults,0.0007855183607952742,3.9275918039760604e-05,0.005895138233379299,0.00029475691166896967,0.0002884454537868044,1.4422272689339904e-05,3.0,0.0,0.04962276132295452,0.370187267797261,0.016935158077983573,,,,,,,,,,,,,,,,
0.03422643686960798,0.00875,0.991,0.00025,-0.006242929957807064,0.00305556901730597,0.004654654365731403,0.027833333564922215,0.27147354707121846,0.0,0.0,0.0,0.0,0.0,0.0,0.048169099693420044,0.5647932887077332,publication,0.653947114944458,4.410100698471069,0.2284443200772573,0.2556825341596414,200,0.22513525529427542,0.7085625206818804,0.03181085649703164,0.2284443200772573,0.25568252716213463,1402.006575984955,mobile,0.018527664605995132,0.019232756115992396,70.10032384231971,70.10032384231971,system,0.0,298,0.25568252716213463,0.03008661688388191,meta_train_support,3,MARGO-SPLIT-v1,20,20,80,3,299,0.0,0.2,20,10,0.0005,0.0005,mrlco_first_order_mean_pseudogradient,fixed_literature_derived_defaults,0.0007828912090869288,3.91445604543475e-05,0.005875422051996759,0.00029377110259981576,0.00028748075327246725,1.4374037663623246e-05,3.0,0.0,0.049661905883408866,0.37048103889986084,0.016949532115647196,,,,,,,,,,,,,,,,
0.0547586024958714,0.01775,0.98175,0.0005,-0.005754536017775536,0.007312457542866468,0.008504952511672551,0.04033333387536307,0.5439455372591814,0.0,0.0,0.0,0.0,0.0,0.0,0.06645084262692622,1.3638743162155151,publication,0.641054630279541,5.246410608291626,0.41524065876510363,0.46731431919655736,200,0.4379108088332218,1.1803467681165785,0.04860243177972734,0.41524065876510374,0.46731431087479,600.8600855445861,mobile,0.00236942808643029,0.016205243647097044,30.043002480402052,30.043002480402052,system,0.0,299,0.46731431087479,0.03886231587098508,meta_train_support,3,MARGO-SPLIT-v1,20,20,80,3,300,0.0,0.2,20,10,0.0005,0.0005,mrlco_first_order_mean_pseudogradient,fixed_literature_derived_defaults,0.0007802815717233057,3.901407858616229e-05,0.005855837311823437,0.00029279186559116877,0.00028652248409489237,1.4326124204745716e-05,3.0,0.0,0.04970091996199503,0.370773830765452,0.016963858239851942,,,,,,,,,,,,,,,,
0.051546806225060506,0.0175,0.98225,0.00025,-0.009942839853465557,0.007112749386578798,0.013859723671339452,0.044250000081956384,0.5330814977486928,0.0,0.0,0.0,0.0,0.0,0.0,0.06966211035201945,1.426458716392517,publication,0.6691262722015381,5.3125739097595215,0.600786640468098,0.6753375051014109,200,0.6601983657562466,1.9098426839336753,0.03810323020366013,0.600786640468098,0.6753375082463026,979.1526794242859,mobile,0.011373632998391725,0.012796975363363867,48.95763459039546,48.95763459039546,system,0.0,300,0.6753375082463026,0.04467954859167502,meta_train_support,3,MARGO-SPLIT-v1,20,20,80,3,301,0.0,0.2,20,10,0.0005,0.0005,mrlco_first_order_mean_pseudogradient,fixed_literature_derived_defaults,0.0007783044166222179,3.891522083111082e-05,0.005851341613294611,0.0002925670806647185,0.0002855705821543778,1.4278529107718957e-05,3.0,0.0,0.04973983518282614,0.3710663978461167,0.01697813676895966,-0.10169842716971766,-0.09959423431717374,0.09959423431717374,0.05,0.175,0.075,0.0475,0.975,0.975,0.0,validation/automotive_lexicographic_v1,automotive_lexicographic_v1,a3bd00d5108237acdb706f561212b5d840bac151f48b5250a61c573d9c9ffb6c,72477621.0,0.09959423431717374,0.0
0.08774308575608605,0.03675,0.962,0.00125,0.0009791288757696748,0.06859059631824493,0.009170299414593805,0.022416666491578023,1.2890803008029859,0.0,0.0,0.0,0.0,0.0,0.0,0.10096717987965542,1.4155091047286987,publication,0.615769624710083,4.540926218032837,1.034467847913638,1.1668277223457972,200,0.8580770498324065,2.527427602559328,0.032852653552254196,1.034467847913638,1.1668277461640537,237.44717712402343,mobile,0.0008715905522973537,0.0008715905522973537,11.872358556678176,11.872358556678176,system,0.0,301,1.1668277461640537,0.05794611167505913,meta_train_support,3,MARGO-SPLIT-v1,20,20,80,3,302,0.0,0.2,20,10,0.0005,0.0005,mrlco_first_order_mean_pseudogradient,fixed_literature_derived_defaults,0.0007757272496797603,3.878636248398626e-05,0.005831966309939331,0.0002915983154969659,0.0002846249842002242,1.4231249210010233e-05,3.0,0.0,0.049778621545310126,0.3713579961616137,0.01699236801816967,,,,,,,,,,,,,,,,
0.05467488246142558,0.03625,0.9635,0.00025,0.0008448592270724475,0.007549220696091652,0.009673880890477448,0.03766666737695535,0.651630221058925,0.0,0.0,0.0,0.0,0.0,0.0,0.10451711734131265,1.3953157663345337,publication,0.6467621326446533,5.304531574249268,0.5138232663730791,0.5783100164899406,200,0.6101623664644272,1.7323734108358622,0.04227428117883392,0.513823266373079,0.5783100238069891,731.736050491333,mobile,0.007362779782296293,0.007383779942939789,36.58680145112476,36.58680145112476,system,0.0,302,0.5783100238069891,0.038747821280660615,meta_train_support,3,MARGO-SPLIT-v1,20,20,80,3,303,0.0,0.2,20,10,0.0005,0.0005,mrlco_first_order_mean_pseudogradient,fixed_literature_derived_defaults,0.0007731670937402231,3.865835468701284e-05,0.005812718896375174,0.0002906359448187623,0.00028368562781672514,1.4184281390834663e-05,3.0,0.0,0.04981727989999714,0.37164863210643245,0.017006552299560506,,,,,,,,,,,,,,,,
0.03926613591639832,0.03,0.96975,0.00025,-0.00242201192304492,0.0778636783361435,0.010628796182572842,0.035666666676600775,0.6398817300796508,0.0,0.0,0.0,0.0,0.0,0.0,0.10121052628214261,1.099932074546814,publication,0.589972972869873,5.072625398635864,0.4944995080029163,0.5547123446264959,200,0.6300320248904507,2.276550001697615,0.05809907559887506,0.4944995080029164,0.5547123339027167,1236.564628677368,mobile,0.003746020932570945,0.003746020932570945,61.82823406322658,61.82823406322658,system,0.0,303,0.5547123339027167,0.03307916048657041,meta_train_support,3,MARGO-SPLIT-v1,20,20,80,3,304,0.0,0.2,20,10,0.0005,0.0005,mrlco_first_order_mean_pseudogradient,fixed_literature_derived_defaults,0.0007706237809318671,3.853118904659225e-05,0.005793598110531835,0.0002896799055265853,0.00028275245140943326,1.4137622570471742e-05,3.0,0.0,0.04985581108904373,0.37193831201195904,0.017020689922130978,,,,,,,,,,,,,,,,
0.06756470147821386,0.04225,0.9575,0.00025,0.002062734914943576,0.03173520416021347,0.007662490255582572,0.03433333334202567,0.6896913128594557,0.0,0.0,0.0,0.0,0.0,0.0,0.114932044631113,1.4110761880874634,publication,0.6630828380584717,4.933065176010132,0.5209860270995555,0.5865859634887601,200,0.7529143616911681,2.137678544037044,0.018352442129980773,0.5209860270995555,0.5865859563555569,459.48774748802185,mobile,0.004524857897428334,0.004741601587663366,22.97438705423508,22.97438705423508,system,0.0,304,0.5865859563555569,0.05307434217755661,meta_train_support,3,MARGO-SPLIT-v1,20,20,80,3,305,0.0,0.2,20,10,0.0005,0.0005,mrlco_first_order_mean_pseudogradient,fixed_literature_derived_defaults,0.0007680971455845495,3.84048572792256e-05,0.0057746027068907475,0.0002887301353445282,0.00028182539419169744,1.4091269709585325e-05,3.0,0.0,0.049894215946322956,0.37222704214730357,0.017034781191840563,,,,,,,,,,,,,,,,
0.06435310126222867,0.03975,0.96,0.00025,-0.0020209262147545815,0.03328492492437363,0.008659407042432577,0.0364999996808668,0.7333109398682912,0.0,0.0,0.0,0.0,0.0,0.0,0.11639448778279264,1.4497909545898438,publication,0.6196563243865967,3.4564833641052246,0.7773865320928485,0.8764670758922876,200,0.9899720421239461,2.7116230847314,0.052861647796817124,0.7773865320928486,0.8764670947752893,270.85772233963013,mobile,0.0016449564995046758,0.001782223844070455,13.542885361152694,13.542885361152694,system,0.0,305,0.8764670947752893,0.048024631642120855,meta_train_support,3,MARGO-SPLIT-v1,20,20,80,3,306,0.0,0.2,20,10,0.0005,0.0005,mrlco_first_order_mean_pseudogradient,fixed_literature_derived_defaults,0.0007655870241937504,3.8279351209688506e-05,0.005755731456214634,0.00028778657281075537,0.0002809043961714631,1.4045219808574844e-05,3.0,0.0,0.049932495297532645,0.3725148287201143,0.017048826411649138,,,,,,,,,,,,,,,,
0.06905487898922533,0.03525,0.96425,0.0005,-0.003512058174237609,0.04380146786570549,0.0078372225475808,0.025666666651765514,0.8150899099806945,0.0,0.0,0.0,0.0,0.0,0.0,0.10805238394898764,1.4074833393096924,publication,0.6199419498443604,5.18410062789917,0.6487893763079222,0.7293744994295411,200,0.7547761128533443,2.476081587956287,0.04735131259076297,0.6487893763079222,0.7293744756653905,564.1231341266632,mobile,0.0014039177243020532,0.0022815884845165794,28.20615875015077,28.20615875015077,system,0.0,306,0.7293744756653905,0.052817169367275624,meta_train_support,3,MARGO-SPLIT-v1,20,20,80,3,307,0.0,0.2,20,10,0.0005,0.0005,mrlco_first_order_mean_pseudogradient,fixed_literature_derived_defaults,0.0007644873498948365,3.82243674947394e-05,0.005746690070440641,0.00028733450352202983,0.0002799893981383313,1.3999469906916112e-05,3.0,0.0,0.049970719665027384,0.37280216322363635,0.017062825881556054,,,,,,,,,,,,,,,,
0.05563830936438674,0.03275,0.967,0.00025,-0.00029400145285762846,0.013753329403698444,0.00928757961106991,0.03783333341901501,0.7531775873154402,0.0,0.0,0.0,0.0,0.0,0.0,0.0931117882456504,1.3662339448928833,publication,0.6587245464324951,4.597440004348755,0.8122379858070599,0.9144205372814281,200,0.46389048489449,1.7415641183033586,0.02918461045192089,0.81223798580706,0.9144205382745713,1189.393484992981,mobile,0.005808789221155103,0.006219406839672773,59.4696753778166,59.4696753778166,system,0.0,307,0.9144205382745713,0.03658823614000344,meta_train_support,3,MARGO-SPLIT-v1,20,20,80,3,308,0.0,0.2,20,10,0.0005,0.0005,mrlco_first_order_mean_pseudogradient,fixed_literature_derived_defaults,0.0007620052481094637,3.8100262405471597e-05,0.005728031985796353,0.00028640159928983167,0.0002790803416508692,1.3954017082543763e-05,3.0,0.0,0.050008819927432856,0.3730885648229262,0.017076779898638598,,,,,,,,,,,,,,,,
0.060416542968286094,0.03075,0.96875,0.0005,0.0008653361583128572,0.016671394929289818,0.008138797951202528,0.0198333335109055,0.7598180751005809,0.0,0.0,0.0,0.0,0.0,0.0,0.08661366517891236,1.4261046648025513,publication,0.6125867366790771,5.047327756881714,0.6942296627095402,0.7838425428326081,200,0.7554969155844623,2.18387171626091,0.05679667490767315,0.6942296627095402,0.7838425463438035,924.0479862785339,mobile,0.00289740620164958,0.003069620108446523,46.20239973219135,46.20239973219135,system,0.0,308,0.7838425463438035,0.04501265936222651,meta_train_support,3,MARGO-SPLIT-v1,20,20,80,3,309,0.0,0.2,20,10,0.0005,0.0005,mrlco_first_order_mean_pseudogradient,fixed_literature_derived_defaults,0.0007649969237728107,3.824984618863714e-05,0.005735001020858033,0.0002867500510428944,0.00027817716902416733,1.39088584512094e-05,3.0,0.0,0.05004706977362149,0.3733753148739691,0.017090688757089807,,,,,,,,,,,,,,,,
0.06804192418551483,0.0205,0.97925,0.00025,-0.004618606064468622,0.029398661106824875,0.008913635551774253,0.03825000013845663,0.6468471949299176,0.0,0.0,0.0,0.0,0.0,0.0,0.07648750845820569,1.3216177225112915,publication,0.5846066474914551,3.398385524749756,0.4818896375817943,0.5423194974225953,200,0.7171823937343921,2.3475437127053738,0.028739983950799797,0.48188963758179426,0.5423195203766227,609.4833475780487,mobile,0.010216128552100603,0.01087271499775893,30.47416861861766,30.47416861861766,system,0.0,309,0.5423195203766227,0.04766855025900302,meta_train_support,3,MARGO-SPLIT-v1,20,20,80,3,310,0.0,0.2,20,10,0.0005,0.0005,mrlco_first_order_mean_pseudogradient,fixed_literature_derived_defaults,0.0007625291917606403,3.8126459588033734e-05,0.005717889072406128,0.00028589445362031674,0.00027727982331763777,1.3863991165881384e-05,3.0,0.0,0.05008519623320953,0.3736612093275894,0.01710455274825569,,,,,,,,,,,,,,,,
0.05812365812883914,0.0245,0.97525,0.00025,-0.0011550338240340352,0.037846121937036514,0.006851638252070795,0.02483333358541131,0.8793781944861015,0.0,0.0,0.0,0.0,0.0,0.0,0.07979812068179495,1.3983393907546997,publication,0.6090126037597656,4.771044969558716,0.9020906417689144,1.0180121495558705,200,0.8451364027317897,2.624930593185127,0.04309958565863781,0.9020906417689142,1.0180121563374995,691.4453605651855,mobile,0.0012269631835583076,0.0012269631835583076,34.57226971856826,34.57226971856826,system,0.0,310,1.0180121563374995,0.041242566407558565,meta_train_support,3,MARGO-SPLIT-v1,20,20,80,3,311,0.0,0.2,20,10,0.0005,0.0005,mrlco_first_order_mean_pseudogradient,fixed_literature_derived_defaults,0.0007600773294077122,3.8003866470383285e-05,0.005699503576996463,0.00028497517884984447,0.0002763882483230473,1.381941241615156e-05,3.0,0.0,0.05012320009967991,0.37394618450643924,0.01711837216067184,,,,,,,,,,,,,,,,
0.08070961816571112,0.02325,0.976,0.00075,-0.001010715845040977,0.0175920482724905,0.008500789812145134,0.01849999981932342,0.9022377505898476,0.0,0.0,0.0,0.0,0.0,0.0,0.07482292189668342,1.4216545820236206,publication,0.6575396060943604,4.5794103145599365,0.7113375604551851,0.8017024290869631,200,0.8340578824698509,2.362205168697983,0.051187729433877394,0.7113375604551851,0.8017024421319365,293.0185062408447,mobile,0.014890725693185503,0.0150175174620235,14.650925519295143,14.650925519295143,system,0.0,311,0.8017024421319365,0.059897903809488236,meta_train_support,3,MARGO-SPLIT-v1,20,20,80,3,312,0.0,0.2,20,10,0.0005,0.0005,mrlco_first_order_mean_pseudogradient,fixed_literature_derived_defaults,0.0007576411841211491,3.788205920605969e-05,0.0056812359373266015,0.0002840617968663528,0.0002755023885527811,1.377511942763851e-05,3.0,0.0,0.05016108215888597,0.3742302463033056,0.01713214728009948,,,,,,,,,,,,,,,,
0.040804749092645455,0.02175,0.978,0.00025,0.0003738861414603889,0.007348799612373114,0.006931850661446031,0.01433333313713471,0.5167880135277907,0.0,0.0,0.0,0.0,0.0,0.0,0.06910478224618033,1.4450629949569702,publication,0.5686557292938232,3.3594346046447754,0.5164196052045774,0.58083391334716,200,0.614821259095425,2.001843616599217,0.048386238544480875,0.5164196052045774,0.5808339257352054,702.6726719284057,mobile,0.0003788753227653209,0.0003889156935951382,35.13363358919373,35.13363358919373,system,0.0,312,0.5808339257352054,0.032979602292992426,meta_train_support,3,MARGO-SPLIT-v1,20,20,80,3,313,0.0,0.2,20,10,0.0005,0.0005,mrlco_first_order_mean_pseudogradient,fixed_literature_derived_defaults,0.0007552206052581421,3.77610302629075e-05,0.005663085023788817,0.0002831542511894658,0.00027462218922833133,1.3731109461415092e-05,3.0,0.0,0.05019884318914888,0.37451340055449506,0.017145878389560894,,,,,,,,,,,,,,,,
0.055983983193745354,0.0235,0.9765,0.0,-0.00018244952661916614,0.025435244664549828,0.006823405795148575,0.018916666849205892,0.7429439544677735,0.0,0.0,0.0,0.0,0.0,0.0,0.07385939219904296,1.4805790185928345,publication,0.5637404918670654,3.353553533554077,0.9216848571747519,1.0383035158270832,200,1.044105994851072,2.8655916294083,0.01933228934649378,0.9216848571747519,1.038303477037698,572.6886277770996,mobile,0.0009092504387660252,0.0012560040634379765,28.634430121887707,28.634430121887707,system,0.0,313,1.038303477037698,0.041221943706941974,meta_train_support,3,MARGO-SPLIT-v1,20,20,80,3,314,0.0,0.2,20,10,0.0005,0.0005,mrlco_first_order_mean_pseudogradient,fixed_literature_derived_defaults,0.0007528154440948997,3.76407722047431e-05,0.0056450497211652855,0.00028225248605828757,0.00027374759626900544,1.3687379813449863e-05,3.0,0.0,0.05023648396135362,0.37479565304055334,0.017159565769374344,,,,,,,,,,,,,,,,
0.05475373493232506,0.0145,0.9855,0.0,-0.0010622052941471338,0.010567567311227322,0.0032827137586233833,0.00641666663189729,0.7117332577705382,0.0,0.0,0.0,0.0,0.0,0.0,0.05929000146964011,1.6136975288391113,publication,0.5663702487945557,4.941676616668701,0.6241971300095824,0.7017621416029578,200,0.6702692558534133,1.7440103059634566,0.04762266424950212,0.6241971300095825,0.7017621378228068,1044.831416053772,mobile,0.006776355536362182,0.006776355536362182,52.24157226684761,52.24157226684761,system,0.0,314,0.7017621378228068,0.04167407158959793,meta_train_support,3,MARGO-SPLIT-v1,20,20,80,3,315,0.0,0.2,20,10,0.0005,0.0005,mrlco_first_order_mean_pseudogradient,fixed_literature_derived_defaults,0.0007504255537961858,3.752127768980734e-05,0.005627128928399682,0.00028135644641996693,0.0002728785562808499,1.3643927814041557e-05,3.0,0.0,0.05027400523904343,0.3750770094869733,0.017173209697188385,,,,,,,,,,,,,,,,
0.03668858902596818,0.00975,0.99025,0.0,-0.00205637002363801,0.02180050127208233,0.002395523430338168,0.005499999970197678,0.5283171004305284,0.0,0.0,0.0,0.0,0.0,0.0,0.049594369480756864,1.1422500610351562,publication,0.6022279262542725,5.297491788864136,0.5334363410316579,0.5993480439743144,200,0.7603670090146785,2.4641184848733246,0.025084351625991985,0.533436341031658,0.5993480262719095,905.7523589324951,mobile,0.0008687433747151843,0.0008687433747151843,45.28761714333165,45.28761714333165,system,0.0,315,0.5993480262719095,0.02904131143567393,meta_train_support,3,MARGO-SPLIT-v1,20,20,80,3,316,0.0,0.2,20,10,0.0005,0.0005,mrlco_first_order_mean_pseudogradient,fixed_literature_derived_defaults,0.0007480507893854383,3.740253946927369e-05,0.005609321558373101,0.00028046607791865075,0.0002720150165457839,1.360075082728826e-05,3.0,0.0,0.0503114077785127,0.37535747556489196,0.017186810448015673,,,,,,,,,,,,,,,,
0.05809241229102321,0.0125,0.987,0.0005,-0.001081389025785029,0.022454656660556793,0.001987004512920976,0.006749999988824129,0.7499061049272616,0.0,0.0,0.0,0.0,0.0,0.0,0.054655508061608196,1.6371650695800781,publication,0.6548435688018799,4.9737653732299805,0.7368273711197072,0.8296216114847812,200,0.8030447303738648,2.7421335838735104,0.03882932337000966,0.7368273711197072,0.8296215945295989,847.3624071788788,mobile,0.00040273073971898237,0.00040273073971898237,42.36812061840842,42.36812061840842,system,0.0,316,0.8296215945295989,0.03701584740076825,meta_train_support,3,MARGO-SPLIT-v1,20,20,80,3,317,0.0,0.2,20,10,0.0005,0.0005,mrlco_first_order_mean_pseudogradient,fixed_literature_derived_defaults,0.0007456910077154527,3.728455038577022e-05,0.005591626537684227,0.0002795813268842151,0.00027115692501093915,1.355784625054618e-05,3.0,0.0,0.05034869232889847,0.3756370568917762,0.01720036829426622,,,,,,,,,,,,,,,,
0.06683728295081358,0.013,0.987,0.0,-0.0017878665821626782,0.014608406461775303,0.003753463506776218,0.007749999950950344,0.5972940720617771,0.0,0.0,0.0,0.0,0.0,0.0,0.04583312416078575,1.5559186935424805,publication,0.6143267154693604,5.238714694976807,0.6176448703711109,0.6957054149688338,200,0.6714953231627808,1.7916148509830236,0.05824212625157088,0.617644870371111,0.6957054336741567,472.8905873584747,mobile,0.0006348702776441612,0.0006477201486058511,23.64452838372089,23.64452838372089,system,0.0,317,0.6957054336741567,0.04571597158580433,meta_train_support,3,MARGO-SPLIT-v1,20,20,80,3,318,0.0,0.2,20,10,0.0005,0.0005,mrlco_first_order_mean_pseudogradient,fixed_literature_derived_defaults,0.0007433460674396179,3.716730337197799e-05,0.005574042806433647,0.00027870214032166274,0.00027030423027820034,1.351521151390922e-05,3.0,0.0,0.05038585963227045,0.37591575903209784,0.01721388350578013,,,,,,,,,,,,,,,,
0.05529607248562968,0.0065,0.9935,0.0,-0.0027190230321139097,0.007761296816170216,0.0036357281627336603,0.004083333273107807,0.36688074270884197,0.0,0.0,0.0,0.0,0.0,0.0,0.03285023644181806,1.030625581741333,publication,0.6051769256591797,5.443641662597656,0.3373703703241678,0.3777893779323131,200,0.4263792765678514,1.5454988912679255,0.06756990862777457,0.3373703703241678,0.3777893966808915,549.9172014427185,mobile,0.0013138836838146458,0.00142530454732113,27.49585956180536,27.49585956180536,system,0.0,318,0.3777893966808915,0.040545867549646564,meta_train_support,3,MARGO-SPLIT-v1,20,20,80,3,319,0.0,0.2,20,10,0.0005,0.0005,mrlco_first_order_mean_pseudogradient,fixed_literature_derived_defaults,0.0007410158289836943,3.7050791449187714e-05,0.005556569318012225,0.00027782846590063137,0.00026945688159394265,1.3472844079695512e-05,3.0,0.0,0.05042291042371964,0.37619358749799847,0.017227356349859824,,,,,,,,,,,,,,,,
0.06851666807317255,0.0085,0.99125,0.00025,-0.004355757497251034,0.021257072687149048,0.002001205529086292,0.006333333207294345,0.7773370874424776,0.0,0.0,0.0,0.0,0.0,0.0,0.042565186775438905,1.5258804559707642,publication,0.6710052490234375,4.905629873275757,0.8736569008647538,0.9837402320616093,200,0.9028878678773574,2.4594009704887867,0.04743450621026568,0.8736569008647537,0.9837402540259064,244.82089186668395,mobile,0.0012713543489699974,0.0014799775681936063,12.241044714370018,12.241044714370018,system,0.0,319,0.9837402540259064,0.05127083479051801,meta_train_support,3,MARGO-SPLIT-v1,20,20,80,3,320,0.0,0.2,20,10,0.0005,0.0005,mrlco_first_order_mean_pseudogradient,fixed_literature_derived_defaults,0.0007387001545181203,3.693500772590508e-05,0.005539205038893437,0.0002769602519446801,0.0002686148288389616,1.3430741441947808e-05,3.0,0.0,0.05045984543144554,0.37647054774994315,0.017240787091301772,,,,,,,,,,,,,,,,
0.07609501738473365,0.0105,0.9895,0.0,-0.0029783614445477724,0.07963408529758453,0.001935320302633651,0.005416666592160861,1.1548754516988993,0.0,0.0,0.0,0.0,0.0,0.0,0.043632732496976266,1.5320736169815063,publication,0.6022391319274902,5.0102763175964355,1.0041357725218598,1.13154219770935,200,0.8415157771519133,2.4249900393188,0.036611039424315095,1.0041357725218596,1.1315422098711132,579.6761908531189,mobile,0.0025041917835473444,0.005763170042583678,28.98380719215423,28.98380719215423,system,0.0,320,1.1315422098711132,0.049642206843283,meta_train_support,3,MARGO-SPLIT-v1,20,20,80,3,321,0.0,0.2,20,10,0.0005,0.0005,mrlco_first_order_mean_pseudogradient,fixed_literature_derived_defaults,0.0007381475279346461,3.6907376396728975e-05,0.005532676581184657,0.0002766338290592363,0.000267778022518591,1.3388901125930414e-05,3.0,0.0,0.05049675280784227,0.3767471815790024,0.017254175992427703,,,,,,,,,,,,,,,,
0.050662281581958735,0.00825,0.991,0.00075,-0.0027040166314691305,0.011358327232301235,0.001442296796055113,0.00441666659899056,0.5092319608355562,0.0,0.0,0.0,0.0,0.0,0.0,0.038372962158545715,1.5346789360046387,publication,0.6407513618469238,5.307672023773193,0.5861200108134684,0.6580654391467032,200,0.7069547818172425,2.369888258166611,0.0395542056648992,0.5861200108134683,0.6580654210783541,651.0084590530396,mobile,0.0009014864899174187,0.0009100946794546048,32.550423883825964,32.550423883825964,system,0.0,321,0.6580654210783541,0.039552898295265884,meta_train_support,3,MARGO-SPLIT-v1,20,20,80,3,322,0.0,0.2,20,10,0.0005,0.0005,mrlco_first_order_mean_pseudogradient,fixed_literature_derived_defaults,0.0007358551443075198,3.6792757215374505e-05,0.0055154943557772515,0.0002757747177888903,0.00026694641375300533,1.3347320687650405e-05,3.0,0.0,0.050533545565057646,0.3770229562967913,0.017267523313115353,,,,,,,,,,,,,,,,
0.0742462786582198,0.014,0.98525,0.00075,0.0015815893420949578,0.0047701518051326275,0.002874295482615707,0.008749999928598602,0.5081497995803754,0.0,0.0,0.0,0.0,0.0,0.0,0.05420246184696118,1.6023781299591064,publication,0.6486630439758301,5.36536979675293,0.29957721926283054,0.335790147203661,200,0.5038028902054131,1.5124179916456342,0.04676797240972519,0.2995772192628306,0.33579015294089914,72.14811166763306,mobile,0.0002298723073841697,0.0002298723073841697,3.6074054187757643,3.6074054187757643,system,0.0,322,0.33579015294089914,0.056440298776901904,meta_train_support,3,MARGO-SPLIT-v1,20,20,80,3,323,0.0,0.2,20,10,0.0005,0.0005,mrlco_first_order_mean_pseudogradient,fixed_literature_derived_defaults,0.0007335769550062582,3.6678847750312715e-05,0.005498418521858436,0.0002749209260929364,0.0002661199542677019,1.3305997713385781e-05,3.0,0.0,0.05057022441280796,0.3772978772228842,0.01728082931082874,,,,,,,,,,,,,,,,
0.06632157585804843,0.01525,0.9845,0.00025,-0.0010942777153104544,0.05725064501166344,0.002450491124394224,0.007416666671633719,1.082446489855647,0.0,0.0,0.0,0.0,0.0,0.0,0.05661058320636472,1.6968966722488403,publication,0.6436264514923096,5.058199167251587,0.8105753704029053,0.9152996071983216,200,0.9904034851922758,3.3433969453908503,0.010944255744107068,0.8105753704029052,0.9152996160229668,243.09342357635498,mobile,0.000629655962415995,0.000909656918527136,12.154671093828977,12.154671093828977,system,0.0,323,0.9152996160229668,0.05598167505812729,meta_train_support,3,MARGO-SPLIT-v1,20,20,80,3,324,0.0,0.2,20,10,0.0005,0.0005,mrlco_first_order_mean_pseudogradient,fixed_literature_derived_defaults,0.0007313128286019179,3.656564143009883e-05,0.005481448094321837,0.00027407240471610805,0.0002652985963841596,1.3264929819206683e-05,3.0,0.0,0.05060679005423806,0.3775719496276003,0.017294094240647945,,,,,,,,,,,,,,,,
0.06498057328377986,0.014,0.986,0.0,-0.0025644951965659857,0.023894021287560463,0.00261598312232915,0.011583333400388559,0.8093250185251236,0.0,0.0,0.0,0.0,0.0,0.0,0.05545736716468029,1.6755876541137695,publication,0.6384232044219971,5.2671215534210205,0.6962846199413636,0.7854531758572921,200,0.7361499603331066,2.0095443731406704,0.08068403252400458,0.6962846199413637,0.7854531881958247,375.09283170700076,mobile,0.002751254664168518,0.002837946971901149,18.75464011304449,18.75464011304449,system,0.0,324,0.7854531881958247,0.05520456905623458,meta_train_support,3,MARGO-SPLIT-v1,20,20,80,3,325,0.0,0.2,20,10,0.0005,0.0005,mrlco_first_order_mean_pseudogradient,fixed_literature_derived_defaults,0.0007295928547696886,3.647964273848642e-05,0.005467297268111581,0.0002733648634055674,0.0002644822930106699,1.3224114650534774e-05,3.0,0.0,0.050643269696976544,0.3778453144910059,0.01730731835529848,,,,,,,,,,,,,,,,
0.05915871787339041,0.00875,0.991,0.00025,-0.004586315248161554,0.0078573077917099,0.0022408989947962253,0.010833333463718495,0.48837464166184263,0.0,0.0,0.0,0.0,0.0,0.0,0.04636117689636518,1.6247750520706177,publication,0.6505343914031982,5.259785413742065,0.48505665231718936,0.5457466603539797,200,0.5783485397211227,1.6990688014775515,0.04134671969222836,0.4850566523171894,0.5457466480322182,686.5306548309326,mobile,0.005713446352477749,0.00578815057330608,34.326534786067846,34.326534786067846,system,0.0,325,0.5457466480322182,0.04656293009557278,meta_train_support,3,MARGO-SPLIT-v1,20,20,80,3,326,0.0,0.2,20,10,0.0005,0.0005,mrlco_first_order_mean_pseudogradient,fixed_literature_derived_defaults,0.000727354839877757,3.636774199388543e-05,0.005450526417595901,0.0002725263208798179,0.00026367099763333654,1.3183549881667922e-05,3.0,0.0,0.05067963743897043,0.3781178408118857,0.017320501905180148,,,,,,,,,,,,,,,,
0.05208890669322277,0.016,0.984,0.0,-0.0005242491024546325,0.023702863603830338,0.0035118954591780494,0.008749999975164732,0.616077675546209,0.0,0.0,0.0,0.0,0.0,0.0,0.046693233015167826,1.5267452001571655,publication,0.6013460159301758,4.515745401382446,0.6891295291358509,0.7763131314178463,200,0.8929800327137599,2.7306270512053743,0.037705462382291444,0.689129529135851,0.7763131235539913,710.9962969589234,mobile,0.0003725953204098038,0.0003725953204098038,35.54981642912226,35.54981642912226,system,0.0,326,0.7763131235539913,0.03623752592539018,meta_train_support,3,MARGO-SPLIT-v1,20,20,80,3,327,0.0,0.2,20,10,0.0005,0.0005,mrlco_first_order_mean_pseudogradient,fixed_literature_derived_defaults,0.000725130513150302,3.6256525657515914e-05,0.005433858141089491,0.00027169290705447713,0.0002628646643072407,1.31432332153604e-05,3.0,0.0,0.050715893964627945,0.3783895337189402,0.01733364513839551,,,,,,,,,,,,,,,,
0.05497557258688497,0.00925,0.99075,0.0,-0.0036987848579883575,0.005797598976641893,0.0028818913124818357,0.006083333259448409,0.46152556265393896,0.0,0.0,0.0,0.0,0.0,0.0,0.04516635772783133,1.4861260652542114,publication,0.647824764251709,5.460728406906128,0.33879681144016927,0.3799885127336165,200,0.435929215656425,1.509144388139248,0.0465488329064101,0.3387968114401692,0.3799885170534253,669.7619285964965,mobile,0.002377757926467703,0.002651334876213482,33.48809748839337,33.48809748839337,system,0.0,327,0.3799885170534253,0.04273681923465993,meta_train_support,3,MARGO-SPLIT-v1,20,20,80,3,328,0.0,0.2,20,10,0.0005,0.0005,mrlco_first_order_mean_pseudogradient,fixed_literature_derived_defaults,0.0007229197493906975,3.614598746953801e-05,0.0054172915004154385,0.00027086457502079053,0.0002620632476477674,1.3103162382389205e-05,3.0,0.0,0.05075203995209748,0.378660398293961,0.017346748300777898,,,,,,,,,,,,,,,,
0.07619835477013967,0.0115,0.98825,0.00025,-0.005106551572680473,0.13771085441112518,0.0035352361640358745,0.0057499999646097415,1.0428393146644035,0.0,0.0,0.0,0.0,0.0,0.0,0.05886201831090605,1.392160177230835,publication,0.65281081199646,4.7114832401275635,0.9142953432684812,1.0289283098018631,200,1.3681755494451913,3.9005999537184834,0.01819303655065596,0.9142953432684809,1.0289283400215208,360.5279574012756,mobile,0.003549026811175681,0.0038128449027107943,18.026397650600156,18.026397650600156,system,0.0,328,1.0289283400215208,0.06123370202734999,meta_train_support,3,MARGO-SPLIT-v1,20,20,80,3,329,0.0,0.2,20,10,0.0005,0.0005,mrlco_first_order_mean_pseudogradient,fixed_literature_derived_defaults,0.0007249741850821553,3.6248709254109446e-05,0.005414211054781874,0.00027071055273908406,0.0002612667028220903,1.3063335141103027e-05,3.0,0.0,0.05078828866135159,0.37893110884670006,0.017359811635919,,,,,,,,,,,,,,,,
0.06201185648925608,0.02075,0.97925,0.0,-0.004357680678367615,0.1518627107143402,0.007808923616539688,0.00958333342957,1.1167329911142587,0.0,0.0,0.0,0.0,0.0,0.0,0.07626135653301018,1.4527397155761719,publication,0.6633737087249756,4.390606880187988,0.9463802530242345,1.0652178968730004,200,0.9084921347459912,2.6557996226474643,0.04401031658926513,0.9463802530242342,1.0652178999409079,320.08742567062376,mobile,0.0013075916350297498,0.0013075916350297498,16.004371551227454,16.004371551227454,system,0.0,329,1.0652178999409079,0.04388037984091024,meta_train_support,3,MARGO-SPLIT-v1,20,20,80,3,330,0.0,0.2,20,10,0.0005,0.0005,mrlco_first_order_mean_pseudogradient,fixed_literature_derived_defaults,0.0007227772936122094,3.6138864680609895e-05,0.005397804354615869,0.0002698902177307727,0.00026047498554081125,1.3023749277040614e-05,3.0,0.0,0.0508244275260322,0.37920099906443083,0.01737283538519604,,,,,,,,,,,,,,,,
0.05403224554568743,0.01675,0.9825,0.00075,-0.00431752298027277,0.12574924528598785,0.009960427756171458,0.01033333339728415,0.9087340580920378,0.0,0.0,0.0,0.0,0.0,0.0,0.0708162818317738,1.437817096710205,publication,0.6449534893035889,5.01343035697937,0.8107288359190202,0.9129039364155324,200,0.9588150141454443,3.022256562486291,0.030867237874190323,0.8107288359190203,0.9129039213526994,436.6928010559082,mobile,0.0014042659652924755,0.0026270278882248588,21.83464024008765,21.83464024008765,system,0.0,330,0.9129039213526994,0.03854483988783812,meta_train_support,3,MARGO-SPLIT-v1,20,20,80,3,331,0.0,0.2,20,10,0.0005,0.0005,mrlco_first_order_mean_pseudogradient,fixed_literature_derived_defaults,0.000720593676410964,3.602968382054872e-05,0.005381496788589839,0.00026907483942950616,0.0002596880520497514,1.2984402602486678e-05,3.0,0.0,0.05086045720985275,0.37947007390386034,0.017385819787798528,,,,,,,,,,,,,,,,
0.05579048505882371,0.0235,0.976,0.0005,-0.005868085194379091,0.016379615291953087,0.004508173452632036,0.016333333573614557,0.5296269747118155,0.0,0.0,0.0,0.0,0.0,0.0,0.08417398648805871,1.4359323978424072,publication,0.6523611545562744,5.418671131134033,0.49545665343343176,0.5580428946607935,200,0.6423177225767794,2.119086413644254,0.03351092214870732,0.49545665343343187,0.5580428854189813,589.0578448486328,mobile,0.004736788525996303,0.00525203875790854,29.452889852378508,29.452889852378508,system,0.0,331,0.5580428854189813,0.04274009826724342,meta_train_support,3,MARGO-SPLIT-v1,20,20,80,3,332,0.0,0.2,20,10,0.0005,0.0005,mrlco_first_order_mean_pseudogradient,fixed_literature_derived_defaults,0.0007184232135302081,3.592116067650808e-05,0.005365714280365493,0.0002682857140182682,0.0002589058591218907,1.2945292956093729e-05,3.0,0.0,0.05089637837052926,0.3797383596178786,0.017398765080754622,,,,,,,,,,,,,,,,
0.053964197035609465,0.0305,0.969,0.0005,-0.00286636920645833,0.027311313897371292,0.010175068659979539,0.02000000000310441,0.42264348181585465,0.0,0.0,0.0,0.0,0.0,0.0,0.10464288363325074,1.5342470407485962,publication,0.6681411266326904,5.111974477767944,0.44837162865518515,0.5033410611110958,200,0.6780484228226706,2.1705003632232547,0.054359967762138695,0.4483716286551851,0.5033410778269172,281.3645456981659,mobile,0.000733254948093581,0.0011945492656085964,14.068226441973996,14.068226441973996,system,0.0,332,0.5033410778269172,0.04224690828692916,meta_train_support,3,MARGO-SPLIT-v1,20,20,80,3,333,0.0,0.2,20,10,0.0005,0.0005,mrlco_first_order_mean_pseudogradient,fixed_literature_derived_defaults,0.0007162657864625498,3.581328932313055e-05,0.005349601024268299,0.000267480051213409,0.0002581283640494526,1.290641820247268e-05,3.0,0.0,0.05093219165985239,0.380005839669092,0.017411671498957094,,,,,,,,,,,,,,,,
0.05819337724232896,0.028,0.97125,0.00075,-0.003464754670858383,0.018441887572407722,0.012858496255163726,0.026749999960884452,0.5335975946237643,0.0,0.0,0.0,0.0,0.0,0.0,0.08649563802624521,1.4738587141036987,publication,0.677173376083374,5.338646411895752,0.5007497191165632,0.5647879184324119,200,0.5495457140644066,1.7159564103931189,0.046366047841729596,0.5007497191165632,0.5647879216447472,893.7925860595703,mobile,0.0008835276132263715,0.0008835276132263715,44.689629253435484,44.689629253435484,system,0.0,333,0.5647879216447472,0.04271114061302345,meta_train_support,3,MARGO-SPLIT-v1,20,20,80,3,334,0.0,0.2,20,10,0.0005,0.0005,mrlco_first_order_mean_pseudogradient,fixed_literature_derived_defaults,0.0007141212781198475,3.570606390599501e-05,0.005333584254734561,0.000266679212736709,0.0002573555246361309,1.2867776231807737e-05,3.0,0.0,0.050967897723758385,0.3802725188818287,0.017424539275188902,,,,,,,,,,,,,,,,
0.06090213095989905,0.028,0.97125,0.00075,-0.0046378993429243565,0.019562097266316414,0.0064545375046388175,0.016833333376174174,0.5462339778741201,0.0,0.0,0.0,0.0,0.0,0.0,0.10268875180926179,1.5143738985061646,publication,0.6604206562042236,4.301204204559326,0.5787499722125672,0.6519115869171219,200,0.6837808470212733,2.3288203217089176,0.034007620764896274,0.5787499722125673,0.6519115898199379,1003.0476244258881,mobile,0.0018691428860123462,0.001936887812524609,50.152383191621404,50.152383191621404,system,0.0,334,0.6519115898199379,0.046104926587503446,meta_train_support,3,MARGO-SPLIT-v1,20,20,80,3,335,0.0,0.2,20,10,0.0005,0.0005,mrlco_first_order_mean_pseudogradient,fixed_literature_derived_defaults,0.0007119895728120271,3.559947864060359e-05,0.005317663107705503,0.0002658831553852825,0.00025658729918945583,1.282936495947129e-05,3.0,0.0,0.05100349720239899,0.380538402037214,0.017437368640148374,,,,,,,,,,,,,,,,
0.06777730057000043,0.0485,0.95075,0.00075,-0.0022246292792260647,0.11397106200456619,0.01521757929585874,0.026916666670391953,1.3182275784512363,0.0,0.0,0.0,0.0,0.0,0.0,0.1300498071565861,1.4458452463150024,publication,0.6208980083465576,4.958959102630615,1.0841945073835817,1.22231139717318,200,0.8564287811704919,2.121910854242742,0.027265330019872636,1.0841945073835815,1.2223114225454628,334.68342739105225,mobile,0.0013274534786488596,0.004730513778301872,16.73417097627923,16.73417097627923,system,0.0,335,1.2223114225454628,0.04772041221731124,meta_train_support,3,MARGO-SPLIT-v1,20,20,80,3,336,0.0,0.2,20,10,0.0005,0.0005,mrlco_first_order_mean_pseudogradient,fixed_literature_derived_defaults,0.0007107755699333979,3.553877849667153e-05,0.005307480944587099,0.00026537404722937197,0.00025582364651329675,1.2791182325666561e-05,3.0,0.0,0.05103903598089566,0.3808037760844434,0.01745015982247404,,,,,,,,,,,,,,,,
0.0664567901832544,0.038,0.962,0.0,-0.002375800861045718,0.04428953304886818,0.0073805346003306726,0.020999999825532238,0.5076385350277026,0.0,0.0,0.0,0.0,0.0,0.0,0.1252259411914946,1.3162903785705566,publication,0.6618392467498779,5.450685739517212,0.40348847370617646,0.4537632573858082,200,1.1383414122112858,3.914159963838756,0.021362261148169637,0.4034884737061765,0.4537632759753615,169.93470086097716,mobile,0.0029040294280849584,0.0032338328757480954,8.49673498315978,8.49673498315978,system,0.0,336,0.4537632759753615,0.05089746539557277,meta_train_support,3,MARGO-SPLIT-v1,20,20,80,3,337,0.0,0.2,20,10,0.0005,0.0005,mrlco_first_order_mean_pseudogradient,fixed_literature_derived_defaults,0.0007086664436131207,3.543332218065853e-05,0.0052917317429711135,0.0002645865871485631,0.0002550645259004977,1.275322629502515e-05,3.0,0.0,0.05107446930307632,0.38106836267159194,0.017462913048769065,,,,,,,,,,,,,,,,
0.060609023895977346,0.03125,0.968,0.00075,-0.0014158411649987102,0.005232758354395628,0.007803393205783019,0.020249999811251963,0.43485395908355706,0.0,0.0,0.0,0.0,0.0,0.0,0.10933105646649376,1.4060689210891724,publication,0.5467343330383301,4.922442674636841,0.38634960288014386,0.4325973802161752,200,0.5382572667941061,1.6580772009911016,0.03503764042397961,0.38634960288014375,0.43259738355875016,249.71552825927733,mobile,0.0022102451424209323,0.0038708348878833242,12.485776400670453,12.485776400670453,system,0.0,337,0.43259738355875016,0.045478084212237195,meta_train_support,3,MARGO-SPLIT-v1,20,20,80,3,338,0.0,0.2,20,10,0.0005,0.0005,mrlco_first_order_mean_pseudogradient,fixed_literature_derived_defaults,0.0007065697973302416,3.5328489866509605e-05,0.0052760757318972345,0.0002638037865948517,0.0002543098971256441,1.2715494856280901e-05,3.0,0.0,0.05110979779294283,0.3813321664581868,0.017475628543625346,,,,,,,,,,,,,,,,
0.06422528991703709,0.024,0.97525,0.00075,-0.0023199222050607204,0.0064430562779307365,0.00803642679626743,0.01425000000745058,0.4619626099864641,0.0,0.0,0.0,0.0,0.0,0.0,0.09208402287105068,1.3682202100753784,publication,0.6857693195343018,4.6147620677948,0.44056094042234245,0.4962569421523949,200,0.5930335402462644,1.8402135642245412,0.033429155620979145,0.4405609404223424,0.49625693071633575,308.224567565918,mobile,0.003952403667105141,0.003952403667105141,15.411228804255181,15.411228804255181,system,0.0,338,0.49625693071633575,0.04966633418127857,meta_train_support,3,MARGO-SPLIT-v1,20,20,80,3,339,0.0,0.2,20,10,0.0005,0.0005,mrlco_first_order_mean_pseudogradient,fixed_literature_derived_defaults,0.0007044855206419518,3.522427603210032e-05,0.005260512086670399,0.0002630256043335,0.00025355972043795787,1.267798602189868e-05,3.0,0.0,0.05114502206897493,0.3815951920625203,0.017488306529647245,,,,,,,,,,,,,,,,
0.04933345096429891,0.0225,0.97725,0.00025,-0.0024628303945064545,0.025546038523316383,0.007395753623374426,0.01883333285028736,0.46210888884961604,0.0,0.0,0.0,0.0,0.0,0.0,0.07672630953686058,1.0645067691802979,publication,0.6538491249084473,5.396499872207642,0.5391063478185327,0.6049771504556156,200,0.7071196009274552,2.489187160448637,0.07714675832539797,0.5391063478185327,0.6049771563708782,477.14512177467344,mobile,0.007495945663082873,0.007495945663082873,23.857256286595387,23.857256286595387,system,0.0,339,0.6049771563708782,0.041439825803784594,meta_train_support,3,MARGO-SPLIT-v1,20,20,80,3,340,0.0,0.2,20,10,0.0005,0.0005,mrlco_first_order_mean_pseudogradient,fixed_literature_derived_defaults,0.0007024135044047696,3.512067522024043e-05,0.005245039992297839,0.000262251999614882,0.0002528139565543168,1.2640697827717012e-05,3.0,0.0,0.05118014274419517,0.3818574440621352,0.017500947227474962,,,,,,,,,,,,,,,,
0.06925265569198809,0.02125,0.9785,0.00025,-0.004875343758612871,0.017943954095244408,0.005046516434231306,0.01983333338672916,0.5194233510022362,0.0,0.0,0.0,0.0,0.0,0.0,0.07421568438484545,1.3406647443771362,publication,0.5390300750732422,5.665860414505005,0.4495673384200521,0.5072189190026325,200,0.8205436257703593,2.7607925017364323,0.005217930942308158,0.44956733842005203,0.5072189245093613,161.44204047203064,mobile,0.007332354473079474,0.007959186354463054,8.072101957623659,8.072101957623659,system,0.0,340,0.5072189245093613,0.0693025736901798,meta_train_support,3,MARGO-SPLIT-v1,20,20,80,3,341,0.0,0.2,20,10,0.0005,0.0005,mrlco_first_order_mean_pseudogradient,fixed_literature_derived_defaults,0.0007093574862550671,3.54678743127515e-05,0.005278220822449721,0.00026391104112249986,0.00025207256665239796,1.2603628332618494e-05,3.0,0.0,0.05121561061850792,0.3821213551032577,0.01751355085580758,,,,,,,,,,,,,,,,
0.04818218970818941,0.01475,0.98475,0.0005,-0.007050754502415657,0.18116454780101776,0.003637489959146478,0.008166666701436042,1.0559279498954612,0.0,0.0,0.0,0.0,0.0,0.0,0.05814103269113961,1.2805711030960083,publication,0.5894279479980469,4.619617223739624,0.8634869077253673,0.9718152189096145,200,1.1570071028008497,3.2608892486896366,0.04106001660693437,0.8634869077253672,0.9718151946179568,667.6743419075012,mobile,0.007394879224898573,0.008856909569629224,33.38371798958499,33.38371798958499,system,0.0,341,0.9718151946179568,0.050811185311890876,meta_train_support,3,MARGO-SPLIT-v1,20,20,80,3,342,0.0,0.2,20,10,0.0005,0.0005,mrlco_first_order_mean_pseudogradient,fixed_literature_derived_defaults,0.0007072833415584149,3.536416707792395e-05,0.005286921536228698,0.000264346076811417,0.00025133551236394065,1.2566775618196718e-05,3.0,0.0,0.051250974785585844,0.3823857011800691,0.017526117631425777,,,,,,,,,,,,,,,,
0.05325016181094753,0.018,0.98175,0.00025,-0.005997808184474707,0.28035038709640503,0.0035691336898404794,0.01508333308932682,1.3235473064084848,0.0,0.0,0.0,0.0,0.0,0.0,0.06804860533561205,1.3116074800491333,publication,0.6262929439544678,5.2014312744140625,1.1892431171417455,1.3437170799558225,200,1.6534987568043453,4.5934432204812765,0.04955233394866809,1.1892431171417457,1.3437170695886016,586.8461479759217,mobile,0.005572860410264268,0.006645931321755486,29.342308001101273,29.342308001101273,system,0.0,342,1.3437170695886016,0.05069299066360456,meta_train_support,3,MARGO-SPLIT-v1,20,20,80,3,343,0.0,0.2,20,10,0.0005,0.0005,mrlco_first_order_mean_pseudogradient,fixed_literature_derived_defaults,0.0007156414494572101,3.578207247285914e-05,0.005305229634255369,0.0002652614817127419,0.00025060275576812744,1.2530137788405865e-05,3.0,0.0,0.0512867568580587,0.38265096266178183,0.017538647769214183,,,,,,,,,,,,,,,,
0.07157188487622913,0.0245,0.97475,0.00075,-0.00975178461521864,0.014333912171423435,0.005542107995521898,0.03116666635808845,0.7030243594199419,0.0,0.0,0.0,0.0,0.0,0.0,0.09054011158091563,1.5488872528076172,publication,0.635871410369873,5.145919322967529,0.769029690166075,0.8637458603171398,200,0.7983380531052948,2.1342274621129036,0.07747553731314838,0.7690296901660753,0.8637458667904139,315.76183756828306,mobile,0.007807574667243154,0.011953785583045065,15.788092174130812,15.788092174130812,system,0.0,343,0.8637458667904139,0.07388890405981201,meta_train_support,3,MARGO-SPLIT-v1,20,20,80,3,344,0.0,0.2,20,10,0.0005,0.0005,mrlco_first_order_mean_pseudogradient,fixed_literature_derived_defaults,0.0007207968171682366,3.6039840858412275e-05,0.005345560996823772,0.00026727804984116865,0.00024987425938508055,1.2493712969255388e-05,3.0,0.0,0.051322796698917116,0.382918240711623,0.01755114148218344,,,,,,,,,,,,,,,,
0.04535147337685631,0.021,0.97825,0.00075,-0.0025331631768494844,0.017422623932361603,0.0066844292262734,0.012916666781529784,0.5804171743492286,0.0,0.0,0.0,0.0,0.0,0.0,0.07348960233100149,1.6279056072235107,publication,0.6784064769744873,3.912919044494629,0.6670728759463412,0.7503884842913613,200,0.7194735435947047,2.196965612238273,0.04369252541800961,0.6670728759463412,0.7503884965740144,1025.1764944267272,mobile,0.017897350862487005,0.01902579084240409,51.25882753395757,51.25882753395757,system,0.0,344,0.7503884965740144,0.04011801602127257,meta_train_support,3,MARGO-SPLIT-v1,20,20,80,3,345,0.0,0.2,20,10,0.0005,0.0005,mrlco_first_order_mean_pseudogradient,fixed_literature_derived_defaults,0.000718707551031517,3.5935377551574166e-05,0.005330546995986652,0.000266527349799317,0.0002491499861694716,1.245749930847348e-05,3.0,0.0,0.05135873207646869,0.3831847680614223,0.017563598981491912,,,,,,,,,,,,,,,,
0.07040032219813531,0.031,0.968,0.001,-0.0005874333437532187,0.010459503158926964,0.006958566315976593,0.024333333068837726,0.6767905949304501,0.0,0.0,0.0,0.0,0.0,0.0,0.09738878566866442,1.8446420431137085,publication,0.6783428192138672,4.27225399017334,0.8201797767960383,0.9238213789700239,200,0.9326043278263224,2.554015291389078,0.048639461369020864,0.8201797767960383,0.9238213805481792,495.7904589653015,mobile,0.00031358088061651747,0.00031358088061651747,24.789521077914927,24.789521077914927,system,0.0,345,0.9238213805481792,0.05552607767853591,meta_train_support,3,MARGO-SPLIT-v1,20,20,80,3,346,0.0,0.2,20,10,0.0005,0.0005,mrlco_first_order_mean_pseudogradient,fixed_literature_derived_defaults,0.0007166303615776687,3.5831518078885405e-05,0.0053151407907959395,0.00026575703953979346,0.0002484298995042419,1.2421494975212166e-05,3.0,0.0,0.051394563594547575,0.3834505251009621,0.017576020476467124,,,,,,,,,,,,,,,,
0.06278694866992365,0.03225,0.96725,0.0005,0.003073095576837659,0.03953453153371811,0.0031467741365001226,0.014333333447575572,1.0341868804146848,0.0,0.0,0.0,0.0,0.0,0.0,0.09366366700875423,1.9321045875549316,publication,0.6632733345031738,3.521394968032837,0.6028375255683356,0.6789701267416194,200,0.5510015279534384,1.6074620708823204,0.04683647083584219,0.6028375255683357,0.6789701237715781,472.49459199905397,mobile,0.00278052437510084,0.003191721176313919,23.62472970119034,23.62472970119034,system,0.0,346,0.6789701237715781,0.0472276272062086,meta_train_support,3,MARGO-SPLIT-v1,20,20,80,3,347,0.0,0.2,20,10,0.0005,0.0005,mrlco_first_order_mean_pseudogradient,fixed_literature_derived_defaults,0.0007145651443973296,3.5728257219869164e-05,0.005299823382176931,0.00026499116910883025,0.00024771396319443143,1.2385698159721181e-05,3.0,0.0,0.051430291851767444,0.38371551627007094,0.017588406174626845,,,,,,,,,,,,,,,,
0.05976153806573257,0.02875,0.97125,0.0,0.0008841389208100736,0.18436473608016968,0.006581591082795056,0.019583333392317097,1.1167488435904187,0.0,0.0,0.0,0.0,0.0,0.0,0.0915111926399206,1.7536017894744873,publication,0.5934226512908936,4.449012517929077,0.6946333853851888,0.7825698720519721,200,1.2059337264973367,4.260116279125214,0.02671708690468222,0.694633385385189,0.782569861318916,729.7377443218231,mobile,0.005029853885552821,0.005641700277671429,36.48688636592662,36.48688636592662,system,0.0,347,0.782569861318916,0.04972825937190157,meta_train_support,3,MARGO-SPLIT-v1,20,20,80,3,348,0.0,0.2,20,10,0.0005,0.0005,mrlco_first_order_mean_pseudogradient,fixed_literature_derived_defaults,0.0007125117962812454,3.562558981406311e-05,0.005284986590466029,0.0002642493295232917,0.0002470021414611141,1.2350107073056532e-05,3.0,0.0,0.05146591744158151,0.38397976559959424,0.0176007562816999,,,,,,,,,,,,,,,,
0.05983256938972291,0.028,0.971,0.001,7.310968794627115e-05,0.014019561000168324,0.004964558948995546,0.015500000088165206,0.6454597246522704,0.0,0.0,0.0,0.0,0.0,0.0,0.0878587172768749,1.792730450630188,publication,0.6653480529785156,5.173843860626221,0.6535737416570734,0.7360428381357269,200,0.7274462186097025,1.7973688123747706,0.055069452624593396,0.6535737416570735,0.7360428350977599,442.67562798500063,mobile,0.00043038830684560397,0.00043890140073549736,22.13377995488318,22.13377995488318,system,0.0,348,0.7360428350977599,0.04267798189090495,meta_train_support,3,MARGO-SPLIT-v1,20,20,80,3,349,0.0,0.2,20,10,0.0005,0.0005,mrlco_first_order_mean_pseudogradient,fixed_literature_derived_defaults,0.0007104702152030756,3.552351076015203e-05,0.0052698433624131175,0.00026349216812066034,0.00024629439893543756,1.2314719946771718e-05,3.0,0.0,0.05150144095234166,0.3842432577677149,0.017613071001646673,,,,,,,,,,,,,,,,
0.03560243474866237,0.01425,0.9855,0.00025,-0.0035808354150503874,0.00573731679469347,0.004572379690701686,0.015416666694606345,0.36165067863961065,0.0,0.0,0.0,0.0,0.0,0.0,0.0593370451718991,0.8667246103286743,publication,0.6379241943359375,4.73432183265686,0.48680146391678014,0.5476837032341882,200,0.5560557105056962,1.7282488756463863,0.027909517695661634,0.4868014639167802,0.547683712542057,1354.97714509964,mobile,0.004069063407617901,0.004367590124537694,67.74886002471426,67.74886002471426,system,0.0,349,0.547683712542057,0.03254507987378927,meta_train_support,3,MARGO-SPLIT-v1,20,20,80,3,350,0.0,0.2,20,10,0.0005,0.0005,mrlco_first_order_mean_pseudogradient,fixed_literature_derived_defaults,0.0007084673280255784,3.542336640127708e-05,0.005256327214025268,0.0002628163607012457,0.0002455907006527649,1.2279535032636707e-05,3.0,0.0,0.051536864318742936,0.38450607412841614,0.01762535053667931,,,,,,,,,,,,,,,,
0.05810393948840729,0.016,0.9835,0.0005,-0.003869525156915188,0.005947632249444723,0.006132016804379721,0.014166666644935808,0.32430065112809336,0.0,0.0,0.0,0.0,0.0,0.0,0.06331252286114569,1.4396370649337769,publication,0.6665809154510498,5.511078119277954,0.2203891049924279,0.24722663994962205,200,0.32248977828385944,1.049716068431735,0.03046930188429542,0.2203891049924279,0.2472266418207437,429.0637892723083,mobile,0.007012592799598756,0.00766254763938284,21.45318962019797,21.45318962019797,system,0.0,350,0.2472266418207437,0.04612983860185853,meta_train_support,3,MARGO-SPLIT-v1,20,20,80,3,351,0.0,0.2,20,10,0.0005,0.0005,mrlco_first_order_mean_pseudogradient,fixed_literature_derived_defaults,0.0007064489025896081,3.532244512947924e-05,0.005241351922817219,0.00026206759614083586,0.00024489101204691653,1.2244550602346499e-05,3.0,0.0,0.051572186763872416,0.384768141724557,0.017637595087281657,-0.1036363566962174,-0.09057491788130684,0.09057491788130684,0.0,0.175,0.125,0.03375,0.975,0.975,0.0,validation/automotive_lexicographic_v1,automotive_lexicographic_v1,a3bd00d5108237acdb706f561212b5d840bac151f48b5250a61c573d9c9ffb6c,196371420.0,0.09057491788130684,1.0
0.07440037370888927,0.01925,0.9795,0.00125,-0.0026220327708870173,0.033787693828344345,0.005580193934535297,0.011083333287388088,0.793871846422553,0.0,0.0,0.0,0.0,0.0,0.0,0.0747834839690267,1.4372103214263916,publication,0.6522586345672607,4.832472801208496,0.7129658705934259,0.804254454642678,200,0.8450524950903856,2.4572144923731685,0.02728809879045002,0.7129658705934259,0.8042544480599463,159.06696424484252,mobile,0.0025251391933562408,0.0031859518919052,7.953348241761888,7.953348241761888,system,0.0,351,0.8042544480599463,0.054583246663745665,meta_train_support,3,MARGO-SPLIT-v1,20,20,80,3,352,0.0,0.2,20,10,0.0005,0.0005,mrlco_first_order_mean_pseudogradient,fixed_literature_derived_defaults,0.0007044419454799786,3.5222097273995834e-05,0.005226461718491034,0.00026132308592452524,0.00024419529894451053,1.2209764947226226e-05,3.0,0.0,0.05160740886114641,0.3850294648104815,0.017649804852228883,,,,,,,,,,,,,,,,
0.04598351694583602,0.0165,0.9835,0.0,-0.001808796776458621,0.006425364874303341,0.005514463605504716,0.011333333297322194,0.4321925388028224,0.0,0.0,0.0,0.0,0.0,0.0,0.06235815277243566,1.363067865371704,publication,0.6829643249511719,5.258961915969849,0.3536647227970156,0.3966889590134087,200,0.46170448186046353,1.6023196168243885,0.060225829598493874,0.35366472279701555,0.39668896615505217,754.8804846763611,mobile,0.0021482870699009683,0.0021482870699009683,37.74402580579458,37.74402580579458,system,0.0,352,0.39668896615505217,0.04061691945164055,meta_train_support,3,MARGO-SPLIT-v1,20,20,80,3,353,0.0,0.2,20,10,0.0005,0.0005,mrlco_first_order_mean_pseudogradient,fixed_literature_derived_defaults,0.0007024463592321599,3.5122317961606975e-05,0.005211655877928737,0.0002605827938964578,0.00024350352755939862,1.2175176377970942e-05,3.0,0.0,0.05164253117910802,0.38529004760437796,0.017661980028606854,,,,,,,,,,,,,,,,
0.050948125312329416,0.0135,0.9855,0.001,-0.006991742178797722,0.005376494489610195,0.004287774953021047,0.0154166667877386,0.4615928679704666,0.0,0.0,0.0,0.0,0.0,0.0,0.06738494070756774,1.3012295961380005,publication,0.6784384250640869,5.164536476135254,0.3534812153565159,0.3986753499672341,200,0.5536542518774361,1.825379628688097,0.04833553748903796,0.3534812153565159,0.39867535384371877,356.43200092315675,mobile,0.004294954023156734,0.005467586804992033,17.821599662920605,17.821599662920605,system,0.0,353,0.39867535384371877,0.03861276906660629,meta_train_support,3,MARGO-SPLIT-v1,20,20,80,3,354,0.0,0.2,20,10,0.0005,0.0005,mrlco_first_order_mean_pseudogradient,fixed_literature_derived_defaults,0.0007004620474829165,3.5023102374145965e-05,0.0051969336861831745,0.0002598466843091729,0.00024281566448719691,1.2140783224361129e-05,3.0,0.0,0.051677554281482165,0.38554989428868713,0.017674120811831215,,,,,,,,,,,,,,,,
0.06456915267328775,0.022,0.97775,0.00025,-0.00464464770630002,0.14943629503250122,0.004425608176582803,0.02399999999130766,1.0131518273303906,0.0,0.0,0.0,0.0,0.0,0.0,0.08215248953495867,1.2520208358764648,publication,0.669980525970459,3.9481406211853027,0.8080096902743774,0.9118159587565242,200,1.3492316520176868,3.598060978576541,0.02539570617955178,0.8080096902743774,0.9118159632757306,270.9573531532288,mobile,0.0070750165866005675,0.007531369283968351,13.547867471437687,13.547867471437687,system,0.0,354,0.9118159632757306,0.05358756290878022,meta_train_support,3,MARGO-SPLIT-v1,20,20,80,3,355,0.0,0.2,20,10,0.0005,0.0005,mrlco_first_order_mean_pseudogradient,fixed_literature_derived_defaults,0.0006991867828784461,3.495933914392235e-05,0.005185006012505332,0.0002592503006252911,0.00024213167669990906,1.2106583834995549e-05,3.0,0.0,0.05171251362062609,0.3858091445893124,0.01768622739566621,,,,,,,,,,,,,,,,
0.06041491603921739,0.02425,0.975,0.00075,0.0001368816156173125,0.00431367801502347,0.005837552744196727,0.013249999796971678,0.2849052506809434,0.0,0.0,0.0,0.0,0.0,0.0,0.08905685410409483,1.2640005350112915,publication,0.6845989227294922,5.362761497497559,0.26777451285537907,0.3009868147567613,200,0.5916215256469086,2.0454212483018637,0.019662967300973833,0.26777451285537907,0.30098682673648,365.78472257614135,mobile,0.00250569935907678,0.003067786515667495,18.28923764256931,18.28923764256931,system,0.0,355,0.30098682673648,0.0485090369302283,meta_train_support,3,MARGO-SPLIT-v1,20,20,80,3,356,0.0,0.2,20,10,0.0005,0.0005,mrlco_first_order_mean_pseudogradient,fixed_literature_derived_defaults,0.0006972227750613718,3.486113875306868e-05,0.005170441388874699,0.0002585220694437118,0.00024145153154063963,1.2072576577031036e-05,3.0,0.0,0.051747374759379156,0.38606766665875614,0.01769829997224324,,,,,,,,,,,,,,,,
0.05263186201544713,0.029,0.97025,0.00075,-0.0018778110388666391,0.005399769637733698,0.00793192172423005,0.025250000289330877,0.4015499570717414,0.0,0.0,0.0,0.0,0.0,0.0,0.1007715262520895,1.38481867313385,publication,0.7056119441986084,5.4340949058532715,0.37524462349958,0.4212410963889124,200,0.4761023541348353,1.4611365438904613,0.054828335327329114,0.37524462349957993,0.4212410875596106,602.9459532928466,mobile,0.0024164376714301645,0.052052836410586945,30.147299535677362,30.147299535677362,system,0.0,356,0.4212410875596106,0.040554739678592064,meta_train_support,3,MARGO-SPLIT-v1,20,20,80,3,357,0.0,0.2,20,10,0.0005,0.0005,mrlco_first_order_mean_pseudogradient,fixed_literature_derived_defaults,0.000695269770089211,3.476348850445926e-05,0.00515595835977421,0.0002577979179886891,0.00024077519671839695,1.2038759835918816e-05,3.0,0.0,0.051782138247883615,0.3863254645767448,0.01771033873207916,,,,,,,,,,,,,,,,
0.052145089017291125,0.02925,0.96925,0.0015,-0.004499913193285465,0.006718771532177925,0.008651031840903064,0.026416666433215143,0.46684103459119797,0.0,0.0,0.0,0.0,0.0,0.0,0.10670511309595629,1.3724523782730103,publication,0.7044577598571777,5.210180997848511,0.43041036406391137,0.4844774547220095,200,0.6154859677930989,1.9428589195013046,0.0557477795809973,0.4304103640639115,0.48447742633521557,828.6714492702484,mobile,0.00199744640515582,0.0027781707032628455,41.43357262138509,41.43357262138509,system,0.0,357,0.48447742633521557,0.04058828795161853,meta_train_support,3,MARGO-SPLIT-v1,20,20,80,3,358,0.0,0.2,20,10,0.0005,0.0005,mrlco_first_order_mean_pseudogradient,fixed_literature_derived_defaults,0.000693327675759353,3.4666383787969324e-05,0.005141556241450818,0.0002570778120725148,0.00024010264030298244,1.2005132015147774e-05,3.0,0.0,0.051816804631671584,0.38658254238881734,0.017722343864094308,,,,,,,,,,,,,,,,
0.05051466889229646,0.0425,0.95675,0.00075,0.0013252745848149061,0.209608256816864,0.009783483363571575,0.030166666613270842,1.1579803528885044,0.0,0.0,0.0,0.0,0.0,0.0,0.12264948136640581,1.3115381002426147,publication,0.6927657127380371,5.035398721694946,0.9224587301001809,1.035637248996245,200,1.054891386913154,3.5564918676391244,0.04982141585787758,0.922458730100181,1.0356372399814426,570.2738101577759,mobile,0.0011477006477642864,0.0011477006477642864,28.51368986217785,28.51368986217785,system,0.0,358,1.0356372399814426,0.04019111435374069,meta_train_support,3,MARGO-SPLIT-v1,20,20,80,3,359,0.0,0.2,20,10,0.0005,0.0005,mrlco_first_order_mean_pseudogradient,fixed_literature_derived_defaults,0.0006939984423782831,3.4699922118915094e-05,0.005136331788767661,0.00025681658943838004,0.00023943383071996577,1.1971691535998114e-05,3.0,0.0,0.0518515045537905,0.3868393589782557,0.017734315555630306,,,,,,,,,,,,,,,,
0.044777113109935984,0.03425,0.965,0.00075,0.0014063497073948383,0.030680792406201363,0.007622316398192196,0.03699999988699952,0.8522434274976453,0.0,0.0,0.0,0.0,0.0,0.0,0.10503325858527807,1.4511592388153076,publication,0.6855649948120117,5.247795581817627,0.9083738663117019,1.0236994288068035,200,1.1157151807898273,3.2497161913197488,0.053605588949722005,0.9083738663117018,1.0236994162015618,871.7770376586914,mobile,0.0008485577918998923,0.0008886433259941025,43.588853450140014,43.588853450140014,system,0.0,359,1.0236994162015618,0.03632833842148497,meta_train_support,3,MARGO-SPLIT-v1,20,20,80,3,360,0.0,0.2,20,10,0.0005,0.0005,mrlco_first_order_mean_pseudogradient,fixed_literature_derived_defaults,0.0006920706689272323,3.4603533446364576e-05,0.005122064200465528,0.00025610321002328407,0.00023876873674574364,1.1938436837288097e-05,3.0,0.0,0.051886108087236864,0.387095462188279,0.017746253992467594,,,,,,,,,,,,,,,,
0.04248255166289986,0.026,0.97325,0.00075,-0.0021578939631581306,0.023886341601610184,0.006556933905812912,0.02108333325013518,0.6229363371928534,0.0,0.0,0.0,0.0,0.0,0.0,0.09734700145753253,1.4881707429885864,publication,0.6962456703186035,4.958423852920532,0.7346972382525259,0.8273412855991773,200,1.09092546498648,3.6247050976380706,0.02878659902489744,0.7346972382525258,0.8273412960860879,876.4903580856324,mobile,0.0202555669338719,0.0202555669338719,43.82451978527429,43.82451978527429,system,0.0,360,0.8273412960860879,0.039535584256299716,meta_train_support,3,MARGO-SPLIT-v1,20,20,80,3,361,0.0,0.2,20,10,0.0005,0.0005,mrlco_first_order_mean_pseudogradient,fixed_literature_derived_defaults,0.0006937109139725615,3.4685545698624753e-05,0.0051253987817930675,0.00025626993908967055,0.00023810732750268064,1.1905366375134646e-05,3.0,0.0,0.05192079363293549,0.3873517321273687,0.01775815935884273,,,,,,,,,,,,,,,,
0.06954397367109934,0.03375,0.96525,0.001,-0.0024711384903639555,0.09664379060268402,0.004923321386498476,0.022916666682188707,1.1048099988450608,0.0,0.0,0.0,0.0,0.0,0.0,0.09770790891380017,1.5442628860473633,publication,0.6624929904937744,5.192572355270386,0.9937444137449137,1.1203073768530885,200,1.1030461695460987,3.514503501355648,0.0322016638237983,0.9937444137449137,1.1203073788806797,554.2432354640961,mobile,0.0030060711930608667,0.003279896447610274,27.712162635438677,27.712162635438677,system,0.0,361,1.1203073788806797,0.05045779353580914,meta_train_support,3,MARGO-SPLIT-v1,20,20,80,3,362,0.0,0.2,20,10,0.0005,0.0005,mrlco_first_order_mean_pseudogradient,fixed_literature_derived_defaults,0.0006917945854809246,3.4589729274045466e-05,0.005114934609840101,0.00025574673049200136,0.0002374495724543307,1.1872478622717425e-05,3.0,0.0,0.051955383362209534,0.3876074788578607,0.017770031837465446,,,,,,,,,,,,,,,,
0.05315032449041125,0.02375,0.97625,0.0,-5.258671808405779e-05,0.0089539410546422,0.00254004987461182,0.011666666592160861,0.5393167978773514,0.0,0.0,0.0,0.0,0.0,0.0,0.08213756026752066,1.610396385192871,publication,0.6726975440979004,5.185827255249023,0.38464849653371486,0.43285641079026393,200,0.5548907409084628,1.3493388621136546,0.03543328936211765,0.38464849653371497,0.4328563985414803,258.79895904541013,mobile,0.0008269819409731645,0.0009498459720690597,12.939948504098869,12.939948504098869,system,0.0,362,0.4328563985414803,0.040307162492042636,meta_train_support,3,MARGO-SPLIT-v1,20,20,80,3,363,0.0,0.2,20,10,0.0005,0.0005,mrlco_first_order_mean_pseudogradient,fixed_literature_derived_defaults,0.0006898888152729883,3.449444076365077e-05,0.005100843880887373,0.0002550421940443748,0.0002367954414007375,1.1839772070035975e-05,3.0,0.0,0.051989877802973185,0.38786252105190505,0.017781871609535482,,,,,,,,,,,,,,,,
0.05331755728200486,0.01875,0.981,0.00025,-0.0038285155314952135,0.016137508675456047,0.0036806723151433596,0.010750000039115548,0.5505619009335836,0.0,0.0,0.0,0.0,0.0,0.0,0.06706482629144257,1.5114690065383911,publication,0.6770977973937988,3.6385622024536133,0.5003421284047405,0.5633923209127534,200,0.671900517527997,2.2690002592280507,0.05229671564302407,0.5003421284047403,0.5633923176676034,760.2823629283905,mobile,0.008957193751581454,0.008957193751581454,38.014116332619935,38.014116332619935,system,0.0,363,0.5633923176676034,0.03774208320994628,meta_train_support,3,MARGO-SPLIT-v1,20,20,80,3,364,0.0,0.2,20,10,0.0005,0.0005,mrlco_first_order_mean_pseudogradient,fixed_literature_derived_defaults,0.0006879935163299306,3.4399675816497444e-05,0.005086830573522298,0.00025434152867609416,0.0002361449044738124,1.1807245223691143e-05,3.0,0.0,0.05202427747878968,0.38811686258058115,0.017793678854759173,,,,,,,,,,,,,,,,
0.03795237691755024,0.01125,0.98825,0.0005,-0.001203406136482954,0.009605472907423973,0.0018300726569577819,0.00716666664617757,0.42150832073142136,0.0,0.0,0.0,0.0,0.0,0.0,0.05057329564696359,1.080615758895874,publication,0.6796777248382568,5.006955146789551,0.3845014169113176,0.4320220664988665,200,0.312989167569186,0.794701213540975,0.03686956331512192,0.3845014169113177,0.4320220541208982,881.4751178741456,mobile,0.009534596283834938,0.013811312734706043,44.07375843879494,44.07375843879494,system,0.0,364,0.4320220541208982,0.03195592557272744,meta_train_support,3,MARGO-SPLIT-v1,20,20,80,3,365,0.0,0.2,20,10,0.0005,0.0005,mrlco_first_order_mean_pseudogradient,fixed_literature_derived_defaults,0.0006861086025865609,3.430543012932635e-05,0.0050728940514030586,0.000253644702570166,0.00023549793213278826,1.1774896606638746e-05,3.0,0.0,0.05205858290891901,0.3883705072831513,0.017805453751365812,,,,,,,,,,,,,,,,
0.07706666502171046,0.012,0.98775,0.00025,-0.00484367785975337,0.08050445467233658,0.0016832375752225443,0.004166666620100537,0.9330674361437559,0.0,0.0,0.0,0.0,0.0,0.0,0.05425392148042445,1.36152982711792,publication,0.6963901519775391,5.474950790405273,0.7439744966256994,0.8390667639978528,200,0.9875192040703936,2.6226302264258265,0.01684748093248345,0.7439744966256995,0.8390667673852295,134.8506978225708,mobile,0.0020641949569563446,0.0034230788186863565,6.7425346496193574,6.7425346496193574,system,0.0,365,0.8390667673852295,0.05939492588457637,meta_train_support,3,MARGO-SPLIT-v1,20,20,80,3,366,0.0,0.2,20,10,0.0005,0.0005,mrlco_first_order_mean_pseudogradient,fixed_literature_derived_defaults,0.0006846901535454131,3.423450767726932e-05,0.005067598169456674,0.0002533799084728505,0.00023485449515974784,1.1742724757988349e-05,3.0,0.0,0.05209281741659628,0.38862388719162416,0.0178171964761238,,,,,,,,,,,,,,,,
0.07534422599123794,0.0145,0.9845,0.001,-0.006634396500885487,0.008329061791300774,0.003066853798615436,0.009416666720062495,0.6096314358214536,0.0,0.0,0.0,0.0,0.0,0.0,0.05244576681411604,1.229396104812622,publication,0.644982099533081,5.250871658325195,0.5823976389153038,0.6561222526048368,200,0.628133696910734,1.9249869810882956,0.058408267359482124,0.5823976389153042,0.6561222348921001,201.59577847480773,mobile,0.006680155549509095,0.008341995336574209,10.079789063340927,10.079789063340927,system,0.0,366,0.6561222348921001,0.06703586938897733,meta_train_support,3,MARGO-SPLIT-v1,20,20,80,3,367,0.0,0.2,20,10,0.0005,0.0005,mrlco_first_order_mean_pseudogradient,fixed_literature_derived_defaults,0.0006884051845630761,3.4420259228153116e-05,0.005091837291740286,0.0002545918645870393,0.00023421456465522536,1.1710728232760398e-05,3.0,0.0,0.05212723767582443,0.3888784790562112,0.01782890720435656,,,,,,,,,,,,,,,,
0.05921040990441099,0.01,0.98875,0.00125,-0.001843652338720858,0.024171888828277588,0.0015798500506207346,0.0058333332184702155,0.5776808905104795,0.0,0.0,0.0,0.0,0.0,0.0,0.043312590264738174,1.2012863159179688,publication,0.6413121223449707,5.263556003570557,0.5008389347879981,0.5651045987223733,200,0.7294888451398788,2.3259798530489206,0.056327762082219124,0.5008389347879982,0.5651045763865113,345.7960306549072,mobile,0.0010039680166065738,0.0010039680166065738,17.289802135636247,17.289802135636247,system,0.0,367,0.5651045763865113,0.04876286229774092,meta_train_support,3,MARGO-SPLIT-v1,20,20,80,3,368,0.0,0.2,20,10,0.0005,0.0005,mrlco_first_order_mean_pseudogradient,fixed_literature_derived_defaults,0.0006877114342701186,3.4385571713507757e-05,0.005086059222285275,0.0002543029611142833,0.00023357811203387964,1.1678905601695405e-05,3.0,0.0,0.05216162324753794,0.3891327820173255,0.017840586109958256,,,,,,,,,,,,,,,,
0.05451307078125801,0.01125,0.9885,0.00025,-0.0027831564657390118,0.0056443908251821995,0.002333010921574896,0.006916666574155292,0.42864585506419345,0.0,0.0,0.0,0.0,0.0,0.0,0.04006187909128872,1.2187864780426025,publication,0.6381657123565674,3.3985443115234375,0.4898259155760165,0.5498383942748478,200,0.5132057116542404,1.6031222576275468,0.00933026141137816,0.4898259155760167,0.5498383871419356,1033.2880709457397,mobile,0.0043548634475912675,0.004854064166632584,51.6644048533798,51.6644048533798,system,0.0,368,0.5498383871419356,0.04577394573013986,meta_train_support,3,MARGO-SPLIT-v1,20,20,80,3,369,0.0,0.2,20,10,0.0005,0.0005,mrlco_first_order_mean_pseudogradient,fixed_literature_derived_defaults,0.0006858477176460804,3.4292385882303544e-05,0.005082967126940726,0.00025414835634701705,0.0002329451090202377,1.1647255451011085e-05,3.0,0.0,0.05219591563342024,0.3893869303736725,0.017852233365409267,,,,,,,,,,,,,,,,
0.05887277037503742,0.00925,0.9895,0.00125,-0.001967961434274912,0.012238144874572754,0.003488305016890081,0.005583333239580194,0.4252535969018937,0.0,0.0,0.0,0.0,0.0,0.0,0.04426791963506131,1.202781081199646,publication,0.6408193111419678,5.006474018096924,0.44032039275922313,0.49548980344210575,200,0.7206010509312134,2.15011183405295,0.03879294585203752,0.4403203927592232,0.4954898273944855,322.9698533153534,mobile,0.0015938834337869054,0.002588064386386906,16.148494092185643,16.148494092185643,system,0.0,369,0.4954898273944855,0.050213567454851164,meta_train_support,3,MARGO-SPLIT-v1,20,20,80,3,370,0.0,0.2,20,10,0.0005,0.0005,mrlco_first_order_mean_pseudogradient,fixed_literature_derived_defaults,0.0006839940751659559,3.419970375830028e-05,0.005069229377948994,0.00025346146889743126,0.00023231552764450732,1.1615776382225412e-05,3.0,0.0,0.05223011533717854,0.38964039184256993,0.017863849141791493,,,,,,,,,,,,,,,,
0.05429145275821283,0.0095,0.9905,0.0,-0.003283580532297492,0.03177618235349655,0.0030014696290360616,0.004750000002483527,0.6325494388739268,0.0,0.0,0.0,0.0,0.0,0.0,0.04799462707023546,1.2626630067825317,publication,0.6639485359191895,5.284929037094116,0.6415562261043167,0.7255301588717703,200,0.9924449941587254,2.44728909060359,0.03737903939327225,0.641556226104317,0.7255301613360643,201.43469480514526,mobile,0.0008358498462069396,0.0014408513856327746,10.071735088759997,10.071735088759997,system,0.0,370,0.7255301613360643,0.044434229011807984,meta_train_support,3,MARGO-SPLIT-v1,20,20,80,3,371,0.0,0.2,20,10,0.0005,0.0005,mrlco_first_order_mean_pseudogradient,fixed_literature_derived_defaults,0.0006821504253676649,3.4107521268381125e-05,0.005055565686903309,0.0002527782843451676,0.00023168934023845743,1.1584467011924171e-05,3.0,0.0,0.052264222858446924,0.3898931701269151,0.017875433608803417,,,,,,,,,,,,,,,,
0.06101471191441865,0.00975,0.99,0.00025,-0.00273546832613647,0.008684411644935608,0.002150814831054504,0.005833333342646558,0.5439566576232512,0.0,0.0,0.0,0.0,0.0,0.0,0.046765847942153216,1.32668936252594,publication,0.6676075458526611,3.7890625,0.5845240415226711,0.656893655284266,200,0.7147271178532666,2.079811696894467,0.025979338024626486,0.5845240415226712,0.6568936659861356,476.15559089660644,mobile,0.0011651230075566197,0.001584902223825184,23.807777932135778,23.807777932135778,system,0.0,371,0.6568936659861356,0.047727498404693126,meta_train_support,3,MARGO-SPLIT-v1,20,20,80,3,372,0.0,0.2,20,10,0.0005,0.0005,mrlco_first_order_mean_pseudogradient,fixed_literature_derived_defaults,0.0006803166876650636,3.4015834383255283e-05,0.0050419754565621715,0.0002520987728281132,0.00023106651943136482,1.1553325971566664e-05,3.0,0.0,0.05229823869283018,0.3901452688997432,0.017886986934774984,,,,,,,,,,,,,,,,
0.044684994162307264,0.007,0.99275,0.00025,-0.002398753073066473,0.029766058549284935,0.0036593841404586177,0.004333333251997828,0.49692265481377645,0.0,0.0,0.0,0.0,0.0,0.0,0.039060480164856214,1.4181339740753174,publication,0.6490511894226074,4.773454666137695,0.5851166867793707,0.6572367154388985,200,0.7776042266043963,2.2292835644911975,0.041817538789473474,0.5851166867793707,0.65723673613742,614.7383075714112,mobile,0.0010527581881064766,0.0013606393743908873,30.736913317140925,30.736913317140925,system,0.0,372,0.65723673613742,0.03666970303426762,meta_train_support,3,MARGO-SPLIT-v1,20,20,80,3,373,0.0,0.2,20,10,0.0005,0.0005,mrlco_first_order_mean_pseudogradient,fixed_literature_derived_defaults,0.0006788740099550465,3.394370049775164e-05,0.005030986642366874,0.0002515493321183504,0.00023044703814602602,1.1522351907301831e-05,3.0,0.0,0.05233218239332793,0.39039681823186156,0.017898509286682285,,,,,,,,,,,,,,,,
0.05105398425653701,0.0075,0.992,0.0005,-0.001998950494453311,0.008412771858274937,0.0013112017778136456,0.005166666628792882,0.510399815812707,0.0,0.0,0.0,0.0,0.0,0.0,0.04352043177941968,1.511081576347351,publication,0.6260926723480225,5.228749990463257,0.49168963813454125,0.5524375772217536,200,0.6300325814080345,1.74882823927328,0.06068009091541171,0.49168963813454114,0.55243755903095,295.3142763519287,mobile,0.0006427819561434393,0.0018425681109134587,14.76571371071737,14.76571371071737,system,0.0,373,0.55243755903095,0.03842324679358201,meta_train_support,3,MARGO-SPLIT-v1,20,20,80,3,374,0.0,0.2,20,10,0.0005,0.0005,mrlco_first_order_mean_pseudogradient,fixed_literature_derived_defaults,0.0006770588388054341,3.385294194026972e-05,0.0050175348064247175,0.00025087674032125973,0.00022983086959483344,1.1491543479742738e-05,3.0,0.0,0.0523660353352682,0.3906476949721828,0.017910000830162028,,,,,,,,,,,,,,,,
0.05595105766174792,0.00825,0.99125,0.0005,-0.0026537845842540264,0.011548503302037716,0.0042844831169986716,0.01066666644377013,0.5582667921980222,0.0,0.0,0.0,0.0,0.0,0.0,0.04597100337954859,1.5246288776397705,publication,0.663416862487793,4.860467433929443,0.5286455958997611,0.594155941598583,200,0.6911899546709497,1.9759250460192561,0.05210730782710016,0.5286455958997612,0.5941559381224215,537.1379059791565,mobile,0.0005306554304036303,0.0007155157477827206,26.856895989820828,26.856895989820828,system,0.0,374,0.5941559381224215,0.04048222378292125,meta_train_support,3,MARGO-SPLIT-v1,20,20,80,3,375,0.0,0.2,20,10,0.0005,0.0005,mrlco_first_order_mean_pseudogradient,fixed_literature_derived_defaults,0.0006752533485686196,3.376266742843165e-05,0.005004154713607585,0.00025020773568035226,0.0002292179872759139,1.1460899363796573e-05,3.0,0.0,0.05239979800269663,0.3908979027078632,0.017921461729525825,,,,,,,,,,,,,,,,
0.041327065955881315,0.00475,0.995,0.00025,-0.0031621395610272884,0.004858480300754309,0.0012350419229430068,0.0031666666424522796,0.3516065021355947,0.0,0.0,0.0,0.0,0.0,0.0,0.033527119988296356,1.4133223295211792,publication,0.6819961071014404,4.3850626945495605,0.3457670020428275,0.38835809561722273,200,0.5815091507817469,1.7649331795983016,0.03350192785728723,0.34576700204282756,0.3883580975420773,406.0685662269592,mobile,0.003370378232893605,0.005080523511815811,20.30342950153003,20.30342950153003,system,0.0,375,0.3883580975420773,0.03703710106801324,meta_train_support,3,MARGO-SPLIT-v1,20,20,80,3,376,0.0,0.2,20,10,0.0005,0.0005,mrlco_first_order_mean_pseudogradient,fixed_literature_derived_defaults,0.0006738777648950267,3.369388824474989e-05,0.0050060779086125995,0.0002503038954306258,0.00022860836496932903,1.1430418248466884e-05,3.0,0.0,0.05243349189094138,0.3911482066032938,0.01793289214777429,,,,,,,,,,,,,,,,
0.05690516572153823,0.0085,0.991,0.0005,-0.0027300838846713305,0.004548176657408476,0.001515241374878921,0.009583333103607098,0.33708892539143565,0.0,0.0,0.0,0.0,0.0,0.0,0.045510925600666635,1.4998911619186401,publication,0.6515541076660156,5.704086542129517,0.29477378978968366,0.3302805468258157,200,0.39982827302933277,1.3726885457290336,0.02051581267733127,0.2947737897896837,0.3302805404830724,446.2909510707855,mobile,0.0008831486801721689,0.001095918497618749,22.314548706053838,22.314548706053838,system,0.0,376,0.3302805404830724,0.045099256311976636,meta_train_support,3,MARGO-SPLIT-v1,20,20,80,3,377,0.0,0.2,20,10,0.0005,0.0005,mrlco_first_order_mean_pseudogradient,fixed_literature_derived_defaults,0.0006720902907175863,3.360451453587876e-05,0.004992799187369595,0.00024963995936849726,0.0002280019767333361,1.1400098836666234e-05,3.0,0.0,0.05246709640547726,0.3913978465626623,0.017944292246610958,,,,,,,,,,,,,,,,
0.04850752099393567,0.01075,0.989,0.00025,-0.0028204668778926134,0.02249895967543125,0.0018175400285789089,0.004083333273107807,0.6074469064672787,0.0,0.0,0.0,0.0,0.0,0.0,0.04697786593443479,1.494603157043457,publication,0.6876847743988037,4.676844358444214,0.6510076091276502,0.7337826285459595,200,0.6780748307626077,1.7634712252765894,0.0527884581242688,0.6510076091276502,0.7337825956568121,683.6190902709961,mobile,0.0038306004125906105,0.004163034753919347,34.180954745433134,34.180954745433134,system,0.0,377,0.7337825956568121,0.03931504835127016,meta_train_support,3,MARGO-SPLIT-v1,20,20,80,3,378,0.0,0.2,20,10,0.0005,0.0005,mrlco_first_order_mean_pseudogradient,fixed_literature_derived_defaults,0.0006703122740754762,3.351561370377315e-05,0.004979590723910945,0.00024897953619557045,0.00022739879690070823,1.1369939845035787e-05,3.0,0.0,0.052500612019181034,0.39164682609885787,0.017955662186455994,,,,,,,,,,,,,,,,
0.07609913083584459,0.02325,0.97575,0.001,-0.002670088317245245,0.010998938232660294,0.007439358768567672,0.01350000003973643,0.7707547043760618,0.0,0.0,0.0,0.0,0.0,0.0,0.07888894591125341,1.4791370630264282,publication,0.6752059459686279,4.704788446426392,1.0518451647233789,1.1850987945606994,200,0.7013261984443223,2.1122588803991675,0.02697431336855516,1.0518451647233789,1.185098773362115,571.2084880065918,mobile,0.0025472742534479835,0.0028979427867950654,28.56042397279673,28.56042397279673,system,0.0,378,1.185098773362115,0.05758204073581022,meta_train_support,3,MARGO-SPLIT-v1,20,20,80,3,379,0.0,0.2,20,10,0.0005,0.0005,mrlco_first_order_mean_pseudogradient,fixed_literature_derived_defaults,0.0006688875102461326,3.344437551230928e-05,0.004976992563743696,0.0002488496281871644,0.0002267988000751127,1.133994000375449e-05,3.0,0.0,0.05253405639469334,0.39189567572704503,0.017967002126459748,,,,,,,,,,,,,,,,
0.04815172040175803,0.01825,0.9815,0.00025,-0.0012205943930894136,0.011943562887609005,0.0026465471617636164,0.009500000004967053,0.5831763697167237,0.0,0.0,0.0,0.0,0.0,0.0,0.058331505377107365,1.489488959312439,publication,0.6860649585723877,5.145253896713257,0.7028891406046184,0.7907945738709986,200,0.5866260218346938,1.578514185268432,0.04940356011502445,0.7028891406046184,0.7907945967465639,1407.2974804115295,mobile,0.003602398345551523,0.004302769683823634,70.36487698024273,70.36487698024273,system,0.0,379,0.7907945967465639,0.041373364446349786,meta_train_support,3,MARGO-SPLIT-v1,20,20,80,3,380,0.0,0.2,20,10,0.0005,0.0005,mrlco_first_order_mean_pseudogradient,fixed_literature_derived_defaults,0.0006671272799560113,3.3356363997802396e-05,0.004963895214891739,0.00024819476074461333,0.0002262019611275466,1.1310098056376006e-05,3.0,0.0,0.052567412758691145,0.39214387048778965,0.017978312224516124,,,,,,,,,,,,,,,,
0.06610197172264295,0.02275,0.976,0.00125,-0.0013000697363168001,0.007055089343339205,0.004298222029077199,0.012333333290492495,0.4004483496149381,0.0,0.0,0.0,0.0,0.0,0.0,0.07913265393114019,1.448287844657898,publication,0.6722869873046875,5.012346267700195,0.42753829801190746,0.4791924098247273,200,0.5372788045602136,1.6127937419805676,0.048190774279646575,0.42753829801190746,0.4791924240067601,624.1591009521485,mobile,0.0019090148605463116,0.0025637777514810082,31.207957597860364,31.207957597860364,system,0.0,380,0.4791924240067601,0.04744772497997812,meta_train_support,3,MARGO-SPLIT-v1,20,20,80,3,381,0.0,0.2,20,10,0.0005,0.0005,mrlco_first_order_mean_pseudogradient,fixed_literature_derived_defaults,0.0006653762897199062,3.32688144859955e-05,0.004950866618527194,0.0002475433309263586,0.00022560825519282865,1.1280412759641367e-05,3.0,0.0,0.05260068157317714,0.392391413818716,0.017989592637275766,,,,,,,,,,,,,,,,
0.06332012256568327,0.02875,0.96975,0.0015,-0.0020902128890156746,0.009146464057266712,0.011007380539861819,0.02000000017384688,0.49909273212154714,0.0,0.0,0.0,0.0,0.0,0.0,0.09575319017118211,1.4996857643127441,publication,0.6894271373748779,4.302753925323486,0.6028235904367398,0.6774800624705677,200,0.6404162447120244,1.9533296581357718,0.025396179989911616,0.6028235904367399,0.6774800625443459,507.6226428413391,mobile,0.0016906891853567957,0.002114439754467669,25.38113196155036,25.38113196155036,system,0.0,381,0.6774800625443459,0.048845631345028534,meta_train_support,3,MARGO-SPLIT-v1,20,20,80,3,382,0.0,0.2,20,10,0.0005,0.0005,mrlco_first_order_mean_pseudogradient,fixed_literature_derived_defaults,0.0006636344669719484,3.318172334859648e-05,0.00493790623470906,0.00024689531173544,0.00022501765766614584,1.1250882883308971e-05,3.0,0.0,0.05263386329652574,0.39263830913045145,0.018000843520159075,,,,,,,,,,,,,,,,
0.07110672622599634,0.03225,0.96725,0.0005,-0.002932973438873887,0.0153921227902174,0.013246291016306106,0.02400000005339583,0.47646574433892974,0.0,0.0,0.0,0.0,0.0,0.0,0.10544416216029819,1.4639848470687866,publication,0.6129105091094971,4.643829107284546,0.5135741071088665,0.5787766804944215,200,0.6551667418629731,1.7744048424065113,0.044488703686511144,0.5135741071088666,0.578776693623513,554.268811340332,mobile,0.0033978805299879327,0.0037678418590714924,27.71344184735572,27.71344184735572,system,0.0,382,0.578776693623513,0.05390286215815271,meta_train_support,3,MARGO-SPLIT-v1,20,20,80,3,383,0.0,0.2,20,10,0.0005,0.0005,mrlco_first_order_mean_pseudogradient,fixed_literature_derived_defaults,0.0006619017399041364,3.3095086995206524e-05,0.004925013529135407,0.0002462506764567829,0.0002244301441996546,1.1221507209981108e-05,3.0,0.0,0.052666958383520944,0.39288455980690823,0.018012065027369056,,,,,,,,,,,,,,,,
0.05960633653503229,0.03775,0.9605,0.00175,-0.002821495523676276,0.10317181050777435,0.009829714238488427,0.02091666669584811,0.8991942353546619,0.0,0.0,0.0,0.0,0.0,0.0,0.11001236393968136,1.4281928539276123,publication,0.6628828048706055,5.123793840408325,0.8227702469891193,0.9260006433824673,200,1.1151682953241404,3.5927336048334837,0.02965686225797981,0.8227702469891192,0.9260006603877992,289.0042999458313,mobile,0.001965138608116965,0.0022073314540324686,14.450213928029452,14.450213928029452,system,0.0,383,0.9260006603877992,0.04541513598088235,meta_train_support,3,MARGO-SPLIT-v1,20,20,80,3,384,0.0,0.2,20,10,0.0005,0.0005,mrlco_first_order_mean_pseudogradient,fixed_literature_derived_defaults,0.0006601780374564694,3.300890187282052e-05,0.00491218797306995,0.0002456093986534791,0.00022384569069913466,1.1192284534958241e-05,3.0,0.0,0.052699967285393765,0.3931301692055617,0.018023257311904014,,,,,,,,,,,,,,,,
0.053262124979834125,0.03975,0.9595,0.00075,-0.0007274983800016344,0.1080118715763092,0.009961255585464337,0.02083333319363495,0.8361283347010613,0.0,0.0,0.0,0.0,0.0,0.0,0.10576736641416665,1.4343434572219849,publication,0.5891852378845215,4.979218244552612,0.6283448520426982,0.7050781088971053,200,0.8250673069881467,2.747238663956523,0.04330445756204426,0.6283448520426982,0.7050781015306711,544.2101243400574,mobile,0.001344784598390006,0.002720601837040353,27.21050498998022,27.21050498998022,system,0.0,384,0.7050781015306711,0.03605069705188817,meta_train_support,3,MARGO-SPLIT-v1,20,20,80,3,385,0.0,0.2,20,10,0.0005,0.0005,mrlco_first_order_mean_pseudogradient,fixed_literature_derived_defaults,0.0006584632893072319,3.292316446536214e-05,0.004899429043269768,0.00024497145216351157,0.00022326427332069535,1.1163213666034316e-05,3.0,0.0,0.05273289044985913,0.3933751406577252,0.018034420525570048,,,,,,,,,,,,,,,,
0.05233306401128679,0.025,0.97475,0.00025,-0.004226215183734894,0.005206279922276735,0.006469087077615163,0.023833333343888326,0.37505144750078523,0.0,0.0,0.0,0.0,0.0,0.0,0.09495286055027849,1.3560912609100342,publication,0.6295032501220703,4.9289774894714355,0.4515271100846015,0.508231398229218,200,0.6075065982355785,1.9930383889004588,0.05095567583339289,0.4515271100846016,0.5082313980534673,617.4290386581421,mobile,0.01790152110396299,0.018208719657358235,30.871451865946614,30.871451865946614,system,0.0,385,0.5082313980534673,0.04477725063461512,meta_train_support,3,MARGO-SPLIT-v1,20,20,80,3,386,0.0,0.2,20,10,0.0005,0.0005,mrlco_first_order_mean_pseudogradient,fixed_literature_derived_defaults,0.0006567574258634308,3.2837871293170395e-05,0.004886736221914148,0.00024433681109570227,0.00022268586846753294,1.1134293423375324e-05,3.0,0.0,0.0527657283211523,0.3936194774688209,0.018045554818993424,,,,,,,,,,,,,,,,
0.05886194584361472,0.03975,0.95825,0.002,-0.0026280011516064405,0.007056830450892448,0.008701864672669521,0.031333333486691116,0.4505356786151727,0.0,0.0,0.0,0.0,0.0,0.0,0.1034770708190042,1.3742738962173462,publication,0.6740095615386963,5.347229719161987,0.42805702630705783,0.4814214318266438,200,0.6721545474626994,1.875156335067004,0.03755447002367873,0.42805702630705766,0.4814214340783656,159.8630269622803,mobile,0.005300160804535979,0.006355704997537213,7.993151720490411,7.993151720490411,system,0.0,386,0.4814214340783656,0.04482002754794676,meta_train_support,3,MARGO-SPLIT-v1,20,20,80,3,387,0.0,0.2,20,10,0.0005,0.0005,mrlco_first_order_mean_pseudogradient,fixed_literature_derived_defaults,0.0006550603782513806,3.2753018912569376e-05,0.004874108996534524,0.00024370544982671438,0.00022211045278673828,1.1105522639335424e-05,3.0,0.0,0.052798481340064866,0.39386318291864764,0.01805666034163276,,,,,,,,,,,,,,,,
0.07176162465060022,0.048,0.951,0.001,-0.0033299161586910486,0.013681629672646523,0.012464571239737172,0.05266666690198084,0.7894625465075176,0.0,0.0,0.0,0.0,0.0,0.0,0.12026593692857576,1.4836845397949219,publication,0.6664423942565918,4.939434766769409,1.1711901884804854,1.3230354893267213,200,0.8517036967369319,2.9008179819211364,0.03899558776174672,1.1711901884804854,1.3230354981683194,615.6568227005005,mobile,0.01379831286770581,0.015095642649394113,30.782839931458657,30.782839931458657,system,0.0,387,1.3230354981683194,0.058227779710943624,meta_train_support,3,MARGO-SPLIT-v1,20,20,80,3,388,0.0,0.2,20,10,0.0005,0.0005,mrlco_first_order_mean_pseudogradient,fixed_literature_derived_defaults,0.0006533720783074337,3.266860391536869e-05,0.004861546859945518,0.00024307734299727768,0.00022153800316615388,1.1076900158307756e-05,3.0,0.0,0.052831149943980235,0.3941062602616449,0.018067737241791067,,,,,,,,,,,,,,,,
0.03897832758539503,0.02975,0.97,0.00025,-0.003277798416092992,0.00320678623393178,0.00953343512956053,0.031083333057661856,0.27810738316426675,0.0,0.0,0.0,0.0,0.0,0.0,0.09779135053562497,1.4920260906219482,publication,0.6675374507904053,5.506814479827881,0.3067377045876776,0.3440759555884506,200,0.4446149974034499,1.4949064475949854,0.02775283383380156,0.3067377045876776,0.34407595930621027,630.0931809043884,mobile,0.003425905776223822,0.005685860622199978,31.50466152438979,31.50466152438979,system,0.0,388,0.34407595930621027,0.03298784209965273,meta_train_support,3,MARGO-SPLIT-v1,20,20,80,3,389,0.0,0.2,20,10,0.0005,0.0005,mrlco_first_order_mean_pseudogradient,fixed_literature_derived_defaults,0.0006516924585688542,3.2584622928440166e-05,0.004849049310177021,0.0002424524655088578,0.00022096849673127947,1.1048424836564846e-05,3.0,0.0,0.052863734566908675,0.39434871272715377,0.01807878566662763,,,,,,,,,,,,,,,,
0.05516935901747022,0.03925,0.95975,0.001,0.0026929944287985563,0.05995818227529526,0.0067474697522508596,0.03358333323461314,0.7770384222269058,0.0,0.0,0.0,0.0,0.0,0.0,0.11664136602018176,1.4282848834991455,publication,0.6480927467346191,4.730161666870117,0.5079962858028696,0.5711136464243828,200,0.7278166582655018,2.1729245027527213,-0.0008710085967322811,0.5079962858028696,0.5711136554117547,504.2751073074341,mobile,0.0035790373101170147,0.005052606611315352,25.213755982356478,25.213755982356478,system,0.0,389,0.5711136554117547,0.04360499027280538,meta_train_support,3,MARGO-SPLIT-v1,20,20,80,3,390,0.0,0.2,20,10,0.0005,0.0005,mrlco_first_order_mean_pseudogradient,fixed_literature_derived_defaults,0.0006516745650373495,3.2583728251864286e-05,0.004845902023410947,0.0002422951011705199,0.0002204019108422249,1.102009554211289e-05,3.0,0.0,0.05289631829516054,0.3945910078283243,0.018089805762169744,,,,,,,,,,,,,,,,
0.07443052928703804,0.04925,0.94925,0.0015,-0.0014815725153312087,0.00883641466498375,0.00889112372872963,0.04333333295459549,0.6888113478819529,0.0,0.0,0.0,0.0,0.0,0.0,0.13202967585793152,1.4039671421051025,publication,0.693875789642334,4.374126434326172,0.5580789629001015,0.6285957221676653,200,0.5620622230146828,1.4689382361248136,0.030296315235318616,0.5580789629001014,0.6285957267507911,590.5184163570405,mobile,0.00225584080524768,0.0028063443221341493,29.52592215464058,29.52592215464058,system,0.0,390,0.6285957267507911,0.04825411623981558,meta_train_support,3,MARGO-SPLIT-v1,20,20,80,3,391,0.0,0.2,20,10,0.0005,0.0005,mrlco_first_order_mean_pseudogradient,fixed_literature_derived_defaults,0.0006500078781702462,3.2500393908514724e-05,0.004833508412097875,0.000241675420604881,0.00021983822309071024,1.0991911154535627e-05,3.0,0.0,0.052928818689069054,0.3948326832489292,0.01810079767332428,,,,,,,,,,,,,,,,
0.046959787030206465,0.0425,0.957,0.0005,0.00018144678324460983,0.02298278547823429,0.010480051604099571,0.038083333056420095,0.6167320931951205,0.0,0.0,0.0,0.0,0.0,0.0,0.12005901512929262,1.479293704032898,publication,0.6841127872467041,4.1342058181762695,0.5812629226285313,0.653436915942002,200,0.9179899434173184,2.572686734609306,0.041584862425224856,0.5812629226285314,0.6534369150362909,780.9982816791535,mobile,0.018689762267020005,0.01920865894977479,39.04991425962112,39.04991425962112,system,0.0,391,0.6534369150362909,0.04044360442929071,meta_train_support,3,MARGO-SPLIT-v1,20,20,80,3,392,0.0,0.2,20,10,0.0005,0.0005,mrlco_first_order_mean_pseudogradient,fixed_literature_derived_defaults,0.000648349694807567,3.241748474037964e-05,0.0048211780334955845,0.0002410589016748066,0.0002192774112971115,1.0963870564855566e-05,3.0,0.0,0.052961236173809434,0.395073742150604,0.018111761543889136,,,,,,,,,,,,,,,,
0.05913999540239597,0.0465,0.95275,0.00075,0.0011888508452102542,0.025209981948137283,0.012558954317743579,0.06591666719565789,0.7209643724064032,0.0,0.0,0.0,0.0,0.0,0.0,0.12943854002270028,1.375655174255371,publication,0.6760835647583008,5.301274061203003,0.5444460184175949,0.6127135328949589,200,0.7265415349938232,1.9186931909061968,0.000983583857305348,0.544446018417595,0.6127135308925062,416.2182368659973,mobile,0.010776468663514314,0.011592054433794465,20.810912134006948,20.810912134006948,system,0.0,392,0.6127135308925062,0.04988373645939099,meta_train_support,3,MARGO-SPLIT-v1,20,20,80,3,393,0.0,0.2,20,10,0.0005,0.0005,mrlco_first_order_mean_pseudogradient,fixed_literature_derived_defaults,0.0006466999500370644,3.233499750185387e-05,0.004808910404911626,0.0002404455202456024,0.00021871945350755142,1.0935972675377853e-05,3.0,0.0,0.05299357117131129,0.3953141876708496,0.018122697516564513,,,,,,,,,,,,,,,,
0.065735403865751,0.04575,0.953,0.00125,-0.0019265874288976192,0.02243269793689251,0.015874474020286775,0.047916666883975265,0.9028049927204848,0.0,0.0,0.0,0.0,0.0,0.0,0.116227549235336,1.502637267112732,publication,0.5671498775482178,3.1935274600982666,1.009160494658694,1.137363368950464,200,0.9427831239501232,3.31567446840927,0.05379243366769515,1.0091604946586943,1.1373633748665453,925.7990147018432,mobile,0.008580033488497141,0.013329544708651506,46.28995128435109,46.28995128435109,system,0.0,393,1.1373633748665453,0.04916548661673039,meta_train_support,3,MARGO-SPLIT-v1,20,20,80,3,394,0.0,0.2,20,10,0.0005,0.0005,mrlco_first_order_mean_pseudogradient,fixed_literature_derived_defaults,0.0006469205480426955,3.2346027402131716e-05,0.004811376397903391,0.00024056881989514833,0.0002181643279910348,1.0908216399551501e-05,3.0,0.0,0.05302591719871342,0.39555475649074473,0.018133605732964065,,,,,,,,,,,,,,,,
0.06248541741788668,0.05325,0.9465,0.00025,0.0029042004607617855,0.004945052787661552,0.007289312874975926,0.04024999972122411,0.5453925540049871,0.0,0.0,0.0,0.0,0.0,0.0,0.12576159802694553,1.458080530166626,publication,0.68039870262146,5.227233648300171,0.5057017948539191,0.5677090352714731,200,0.6801410924471668,1.8684824765659869,0.04013263743399875,0.5057017948539191,0.5677090192213654,466.5709942817688,mobile,0.002714364182073917,0.004329476624465011,23.32855084951605,23.32855084951605,system,0.0,394,0.5677090192213654,0.051106692457469176,meta_train_support,3,MARGO-SPLIT-v1,20,20,80,3,395,0.0,0.2,20,10,0.0005,0.0005,mrlco_first_order_mean_pseudogradient,fixed_literature_derived_defaults,0.0006455923773624904,3.2279618868126525e-05,0.004805251258730037,0.00024026256293652182,0.0002176120132366271,1.0880600661830608e-05,3.0,0.0,0.053058196817581546,0.39579501905368125,0.018144486333625896,,,,,,,,,,,,,,,,
0.05364855021797503,0.03425,0.9645,0.00125,-0.0016823040787130594,0.042700815945863724,0.009332810734243444,0.038916666743656,0.6650229178369045,0.0,0.0,0.0,0.0,0.0,0.0,0.1113748274175766,1.485069751739502,publication,0.6752512454986572,5.236056089401245,0.5364131431081813,0.6031145041214768,200,0.7202864229805234,2.386181505396962,0.048645612099790014,0.5364131431081814,0.6031144895590842,1015.848300819397,mobile,0.017368055145896382,0.017623540415320053,50.79241866078873,50.79241866078873,system,0.0,395,0.6031144895590842,0.04462607789244881,meta_train_support,3,MARGO-SPLIT-v1,20,20,80,3,396,0.0,0.2,20,10,0.0005,0.0005,mrlco_first_order_mean_pseudogradient,fixed_literature_derived_defaults,0.000643962093581272,3.21981046790612e-05,0.004793116785854456,0.00023965583929269618,0.00021706248795067603,1.085312439753211e-05,3.0,0.0,0.05309039492226061,0.39603467489297395,0.018155339458023428,,,,,,,,,,,,,,,,
0.06976377195736347,0.039,0.9595,0.0015,0.0015321242390200496,0.0046629831194877625,0.0054906991271612545,0.023000000293056173,0.42038712836802006,0.0,0.0,0.0,0.0,0.0,0.0,0.11249390246091182,1.5556586980819702,publication,0.6278493404388428,5.565460920333862,0.32767779264860164,0.36820773062536316,200,0.5088681577374126,1.7979333000257611,0.0325602520024404,0.32767779264860175,0.3682077421247959,320.97012561798095,mobile,0.005298234298649434,0.0054195256191836684,16.04850643447445,16.04850643447445,system,0.0,396,0.3682077421247959,0.057737029136114885,meta_train_support,3,MARGO-SPLIT-v1,20,20,80,3,397,0.0,0.2,20,10,0.0005,0.0005,mrlco_first_order_mean_pseudogradient,fixed_literature_derived_defaults,0.0006452740765071298,3.226370382535676e-05,0.004796020718648744,0.00023980103593246316,0.00021651573105407483,1.0825786552703942e-05,3.0,0.0,0.053122658626085964,0.3962744759289064,0.01816616524457613,,,,,,,,,,,,,,,,
0.04921334470314204,0.03525,0.9635,0.00125,-0.0009351496119052172,0.004301916342228651,0.006335627764929086,0.0306666665400068,0.3606436555584272,0.0,0.0,0.0,0.0,0.0,0.0,0.11148006515388151,1.5093986988067627,publication,0.6564240455627441,4.769989252090454,0.380273966631207,0.4269642557647603,200,0.5393905898685771,1.6661456688307226,0.039483447530074045,0.38027396663120694,0.42696424992755055,260.83084623336794,mobile,0.003311386141253389,0.003655343374281495,13.041542626313674,13.041542626313674,system,0.0,397,0.42696424992755055,0.04052740346815724,meta_train_support,3,MARGO-SPLIT-v1,20,20,80,3,398,0.0,0.2,20,10,0.0005,0.0005,mrlco_first_order_mean_pseudogradient,fixed_literature_derived_defaults,0.0006449634685599263,3.224817342799974e-05,0.004797368170586878,0.00023986840852935343,0.00021597172167956712,1.0798586083979322e-05,3.0,0.0,0.053154906799513964,0.39651434433743576,0.01817696383066011,,,,,,,,,,,,,,,,
0.07033218679595535,0.03325,0.966,0.00075,-0.004295617341995239,0.007552089169621468,0.00576277255313471,0.03591666690384348,0.5427940984567007,0.0,0.0,0.0,0.0,0.0,0.0,0.10513468609428547,1.4561759233474731,publication,0.6778030395507812,4.986242294311523,0.5432752999471471,0.6106621248716693,200,0.580299431624409,1.9529391061514616,0.047947690181899816,0.5432752999471471,0.6106621112674475,250.43810688972474,mobile,0.007420114164950748,0.007509080404165369,12.521904963259479,12.521904963259479,system,0.0,398,0.6106621112674475,0.06655925673677535,meta_train_support,3,MARGO-SPLIT-v1,20,20,80,3,399,0.0,0.2,20,10,0.0005,0.0005,mrlco_first_order_mean_pseudogradient,fixed_literature_derived_defaults,0.0006469237344586911,3.2346186722931325e-05,0.004820117672395207,0.00024100588361974928,0.000215430439169092,1.0771521958455321e-05,3.0,0.0,0.053187252986236895,0.3967553502210555,0.018187735352618566,,,,,,,,,,,,,,,,
0.06129158566887625,0.0375,0.96225,0.00025,-0.0017982444260269403,0.051315829157829285,0.008411997389824438,0.048083333314086,0.869679272050659,0.0,0.0,0.0,0.0,0.0,0.0,0.1074793493449412,1.3160523176193237,publication,0.6423401832580566,4.405351400375366,0.9196154128082198,1.034918057310424,200,0.9828373367427623,2.9978539561852813,0.055363103572744876,0.9196154128082199,1.0349180186726152,381.616507320404,mobile,0.002358133594175537,0.0027977631226153497,19.080825701509852,19.080825701509852,system,0.0,399,1.0349180186726152,0.04834931240674511,meta_train_support,3,MARGO-SPLIT-v1,20,20,80,3,400,0.0,0.2,20,10,0.0005,0.0005,mrlco_first_order_mean_pseudogradient,fixed_literature_derived_defaults,0.0006453064251225444,3.226532125612941e-05,0.004808067378214219,0.00024040336891073544,0.0002148918630711693,1.0744593153557552e-05,3.0,0.0,0.053219518307493024,0.39699575358996625,0.018198479945772124,,,,,,,,,,,,,,,,
0.0828005776238901,0.033,0.96625,0.00075,-0.0012481487356126308,0.03012087196111679,0.011707427942504487,0.03183333296328783,0.7962430333097776,0.0,0.0,0.0,0.0,0.0,0.0,0.09802843115591062,1.4346946477890015,publication,0.6727383136749268,4.6700119972229,0.7895315497770118,0.8889113933579939,200,0.9748478781807589,2.9452383904717863,0.058221009909175336,0.7895315497770117,0.8889113855175674,634.7844789409637,mobile,0.0018456846861867463,0.0021091498357319795,31.739226992115583,31.739226992115583,system,0.0,400,0.8889113855175674,0.06312742706273525,meta_train_support,3,MARGO-SPLIT-v1,20,20,80,3,401,0.0,0.2,20,10,0.0005,0.0005,mrlco_first_order_mean_pseudogradient,fixed_literature_derived_defaults,0.0006436971821671266,3.2184859108358443e-05,0.004796077185251091,0.0002398038592625329,0.00021435597313832348,1.0717798656915273e-05,3.0,0.0,0.05325170316660138,0.3972355574492288,0.01820919774442904,-0.09696095846964056,-0.1033360173296102,0.1033360173296102,0.0,0.15,0.025,0.01875,0.975,0.975,0.0,validation/automotive_lexicographic_v1,automotive_lexicographic_v1,a3bd00d5108237acdb706f561212b5d840bac151f48b5250a61c573d9c9ffb6c,35664298.0,0.1033360173296102,1.0
0.06045376468438829,0.03775,0.9615,0.00075,-0.0012390208430588245,0.017448944970965385,0.012651186321939654,0.03666666693364581,0.5671602054188649,0.0,0.0,0.0,0.0,0.0,0.0,0.10573153359480644,1.4166747331619263,publication,0.6699297428131104,5.366060018539429,0.6341866331446561,0.7157598081369769,200,0.8021643148716906,2.224908330477774,0.039512375587946735,0.6341866331446562,0.7157597929611802,356.1296381759644,mobile,0.002070043324211806,0.0038688836239982177,17.80648263254636,17.80648263254636,system,0.0,401,0.7157597929611802,0.045871791897603556,meta_train_support,3,MARGO-SPLIT-v1,20,20,80,3,402,0.0,0.2,20,10,0.0005,0.0005,mrlco_first_order_mean_pseudogradient,fixed_literature_derived_defaults,0.0006420959453955665,3.210479726977605e-05,0.0047841466449892725,0.00023920733224946922,0.00021382274932454654,1.0691137466226075e-05,3.0,0.0,0.05328380796387116,0.39747476478147825,0.018219888881895265,,,,,,,,,,,,,,,,
0.06169563234619106,0.03475,0.96475,0.0005,-0.0024897088296711445,0.04601864516735077,0.009726995004651446,0.05033333310857415,0.7833947689582905,0.0,0.0,0.0,0.0,0.0,0.0,0.1043152144899934,1.4720795154571533,publication,0.45769572257995605,3.376847743988037,0.632099875807417,0.7110915150996152,200,0.6991437200536953,2.2293479775544256,0.05115351898712106,0.632099875807417,0.7110915197432042,542.9919929695129,mobile,0.00971576551606499,0.010346939779624389,27.149597065252404,27.149597065252404,system,0.0,402,0.7110915197432042,0.047122829615789834,meta_train_support,3,MARGO-SPLIT-v1,20,20,80,3,403,0.0,0.2,20,10,0.0005,0.0005,mrlco_first_order_mean_pseudogradient,fixed_literature_derived_defaults,0.0006405026552084807,3.202513276042568e-05,0.004772275313363989,0.00023861376566819414,0.0002132921717827983,1.0664608589141394e-05,3.0,0.0,0.053315833096631585,0.39771337854714645,0.018230553490484407,,,,,,,,,,,,,,,,
0.06848434312473303,0.03675,0.9625,0.00075,-0.001594246830791235,0.021362168714404106,0.009771732318525513,0.03099999944679439,0.789194673175613,0.0,0.0,0.0,0.0,0.0,0.0,0.11170638577549855,1.4692116975784302,publication,0.5739877223968506,5.045661449432373,0.6757426041048055,0.7618842542369384,200,0.9609176612433793,3.043903449550271,-0.005134420178364962,0.6757426041048055,0.7618842518888413,217.28033915519714,mobile,0.001226331731310712,0.0015333936386515235,10.864017145308441,10.864017145308441,system,0.0,403,0.7618842518888413,0.04657922015229577,meta_train_support,3,MARGO-SPLIT-v1,20,20,80,3,404,0.0,0.2,20,10,0.0005,0.0005,mrlco_first_order_mean_pseudogradient,fixed_literature_derived_defaults,0.0006389172525965786,3.194586262982718e-05,0.004760462750707147,0.0002380231375353481,0.00021276422086254383,1.0638211043127732e-05,3.0,0.0,0.05334777895926141,0.3979514016846818,0.018241191701527534,,,,,,,,,,,,,,,,
0.06032363815156512,0.04325,0.95625,0.0005,0.005146353971213102,0.007241999730467796,0.008759706331572185,0.02808333334202568,0.6474794608851274,0.0,0.0,0.0,0.0,0.0,0.0,0.10815327223514676,1.4211004972457886,publication,0.6465458869934082,4.882399559020996,0.5782378368694532,0.6497173780074081,200,0.6579207696299066,1.9303979659453034,0.04332511191023514,0.5782378368694532,0.6497173744812608,439.2105901145935,mobile,0.0015130701891730041,0.009259317443571509,21.96053012363093,21.96053012363093,system,0.0,404,0.6497173744812608,0.042966620996757944,meta_train_support,3,MARGO-SPLIT-v1,20,20,80,3,405,0.0,0.2,20,10,0.0005,0.0005,mrlco_first_order_mean_pseudogradient,fixed_literature_derived_defaults,0.0006373396791333771,3.1866983956671535e-05,0.004748708521693055,0.0002374354260846756,0.00021223887710732767,1.061194385536604e-05,3.0,0.0,0.05337964594321808,0.39818883711076647,0.0182518036453829,,,,,,,,,,,,,,,,
0.07918574000360165,0.03425,0.965,0.00075,-0.002170237712562084,0.029795615002512932,0.006338951876387,0.03533333322654168,0.6933352054407199,0.0,0.0,0.0,0.0,0.0,0.0,0.10633831847842161,1.5149431228637695,publication,0.6655044555664062,4.997676372528076,0.5889364095273958,0.6617964900701554,200,0.9326427672517643,2.371261464431882,0.015086541417986155,0.5889364095273958,0.661796476081945,121.90402226448059,mobile,0.0033778938241641626,0.0043085320148317785,6.095201274862453,6.095201274862453,system,0.0,405,0.661796476081945,0.07575793960503248,meta_train_support,3,MARGO-SPLIT-v1,20,20,80,3,406,0.0,0.2,20,10,0.0005,0.0005,mrlco_first_order_mean_pseudogradient,fixed_literature_derived_defaults,0.0006472130174292528,3.2360650871463004e-05,0.004791076681304955,0.00023955383406526476,0.00021171612125238352,1.0585806062619885e-05,3.0,0.0,0.053412006594089546,0.39842839094483173,0.01826238945144552,,,,,,,,,,,,,,,,
0.05329005407315222,0.0325,0.96725,0.00025,-0.001392578356899321,0.017616309225559235,0.005883306167864552,0.025250000103066363,0.5424412333716948,0.0,0.0,0.0,0.0,0.0,0.0,0.09754907399382244,1.4948394298553467,publication,0.6030926704406738,5.175994157791138,0.4866303887110493,0.5471466274760314,200,0.7847891744609212,2.6500375633477233,0.05000261325039901,0.48663038871104936,0.5471466261707246,387.2538631629944,mobile,0.0010180569493144804,0.005058543409856119,19.362693672711625,19.362693672711625,system,0.0,406,0.5471466261707246,0.041688432001025566,meta_train_support,3,MARGO-SPLIT-v1,20,20,80,3,407,0.0,0.2,20,10,0.0005,0.0005,mrlco_first_order_mean_pseudogradient,fixed_literature_derived_defaults,0.0006456228134552252,3.228114067276022e-05,0.004779304994127302,0.00023896524970634658,0.00021119593422227938,1.0559796711114011e-05,3.0,0.0,0.05344428773476231,0.3986673561945381,0.018272949248156634,,,,,,,,,,,,,,,,
0.04049304183066339,0.02525,0.97425,0.0005,-0.003915104083716869,0.014042939059436321,0.007822339582101753,0.037666666538765034,0.43501962472995126,0.0,0.0,0.0,0.0,0.0,0.0,0.08247435186208966,1.104819416999817,publication,0.6495664119720459,4.659142732620239,0.3795107017771482,0.425256004959665,200,0.46880480007487685,1.1782289696857333,0.045138255634810776,0.3795107017771482,0.4252559986338019,845.0308048057556,mobile,0.0035651807064241525,0.004114290611698732,42.25153869565149,42.25153869565149,system,0.0,407,0.4252559986338019,0.03396737479968988,meta_train_support,3,MARGO-SPLIT-v1,20,20,80,3,408,0.0,0.2,20,10,0.0005,0.0005,mrlco_first_order_mean_pseudogradient,fixed_literature_derived_defaults,0.0006440404045987173,3.220202022993779e-05,0.004767591011298559,0.00023837955056493776,0.00021067829712859734,1.0533914856430265e-05,3.0,0.0,0.053476489754992244,0.398905735745103,0.018283483163013065,,,,,,,,,,,,,,,,
0.05932477219951969,0.02,0.979,0.001,-0.004064506385475397,0.0054349531419575214,0.004336478776531294,0.015333333238959312,0.3823913709570964,0.0,0.0,0.0,0.0,0.0,0.0,0.07606610995660797,1.4695940017700195,publication,0.6670982837677002,5.412480115890503,0.32689787732787434,0.36567339257358983,200,0.5204048932399742,1.5922890786314383,0.04552942607551813,0.3268978773278743,0.3656734023429453,555.0690078353882,mobile,0.0024019723694832552,0.0035418640116219534,27.753450822611875,27.753450822611875,system,0.0,408,0.3656734023429453,0.052802973562502055,meta_train_support,3,MARGO-SPLIT-v1,20,20,80,3,409,0.0,0.2,20,10,0.0005,0.0005,mrlco_first_order_mean_pseudogradient,fixed_literature_derived_defaults,0.0006425661051620374,3.212830525810284e-05,0.00477095519439047,0.0002385477597195429,0.0002101631912676472,1.050815956338269e-05,3.0,0.0,0.05350861806025035,0.39914428350482256,0.018293991322576447,,,,,,,,,,,,,,,,
0.05918063355671521,0.025,0.97375,0.00125,-0.00019648022134788334,0.08284039050340652,0.004742770127874489,0.01841666664307316,0.8842309969166914,0.0,0.0,0.0,0.0,0.0,0.0,0.07294527925319481,1.5139400959014893,publication,0.5961432456970215,5.09687614440918,0.7306381022993835,0.822560602130252,200,1.032832350687881,2.5879357224330306,0.01910951593890786,0.7306381022993833,0.8225605601165443,571.7045051002502,mobile,0.009428971971483562,0.012756616370688796,28.58522684881369,28.58522684881369,system,0.0,409,0.8225605601165443,0.047808304203206496,meta_train_support,3,MARGO-SPLIT-v1,20,20,80,3,410,0.0,0.2,20,10,0.0005,0.0005,mrlco_first_order_mean_pseudogradient,fixed_literature_derived_defaults,0.0006409988707592032,3.204994353796231e-05,0.004759318718306591,0.00023796593591535187,0.00020994847995027438,1.0497423997512384e-05,3.0,0.0,0.05354066800378831,0.3993822494407379,0.01830448874657396,,,,,,,,,,,,,,,,
0.07362766968874622,0.023,0.97625,0.00075,-0.004887745250016451,0.0185556598007679,0.004184534859571916,0.024750000052154063,0.8871408820152282,0.0,0.0,0.0,0.0,0.0,0.0,0.07279117380900361,1.560164213180542,publication,0.6415693759918213,4.954599380493164,0.9342585621833871,1.052292121794635,200,0.4956453464216394,1.7754567475058138,0.05398603336652741,0.9342585621833871,1.0522921039909123,586.1978598213195,mobile,0.008527421958301447,0.009186459575514193,29.309893017404214,29.309893017404214,system,0.0,410,1.0522921039909123,0.05192767891383076,meta_train_support,3,MARGO-SPLIT-v1,20,20,80,3,411,0.0,0.2,20,10,0.0005,0.0005,mrlco_first_order_mean_pseudogradient,fixed_literature_derived_defaults,0.0006412582643250666,3.206291321625199e-05,0.0047591795674143495,0.00023795897837070035,0.00020943765639808393,1.0471882819905465e-05,3.0,0.0,0.05357273091700456,0.3996202084191086,0.018314960629393865,,,,,,,,,,,,,,,,
0.042199356936136925,0.01325,0.986,0.00075,-0.000777530251070857,0.011618467979133129,0.002224619137511278,0.0066666665797432256,0.417252263923486,0.0,0.0,0.0,0.0,0.0,0.0,0.05404914527953115,1.4395878314971924,publication,0.6346731185913086,4.862552165985107,0.42111957029222097,0.4745507926271239,200,0.5556505109291219,1.8742588981986046,0.030817453749477863,0.42111957029222113,0.4745507828425616,1051.2617858314513,mobile,0.004467121883254324,0.0058840545037675395,52.56308999029699,52.56308999029699,system,0.0,411,0.4745507828425616,0.03146343518408489,meta_train_support,3,MARGO-SPLIT-v1,20,20,80,3,412,0.0,0.2,20,10,0.0005,0.0005,mrlco_first_order_mean_pseudogradient,fixed_literature_derived_defaults,0.0006397018122271902,3.198509061135696e-05,0.004747628160697325,0.00023738140803486463,0.000208929312571875,1.044646562859547e-05,3.0,0.0,0.05360471600761592,0.3998575898271435,0.01832540709502246,,,,,,,,,,,,,,,,
0.05228632999022712,0.013,0.98625,0.00075,-0.0037481479812413454,0.0071313935332000256,0.0032762447624312086,0.012416666684051354,0.38327558127542327,0.0,0.0,0.0,0.0,0.0,0.0,0.04868587579161429,1.4398269653320312,publication,0.6370649337768555,5.532736778259277,0.40122237290189505,0.45123268823546825,200,0.5616317442718942,2.034158561262302,0.047244739485904574,0.401222372901895,0.4512327001988888,809.4178777122497,mobile,0.0040818237827096445,0.0040818237827096445,40.47089327388829,40.47089327388829,system,0.0,412,0.4512327001988888,0.04197357060549626,meta_train_support,3,MARGO-SPLIT-v1,20,20,80,3,413,0.0,0.2,20,10,0.0005,0.0005,mrlco_first_order_mean_pseudogradient,fixed_literature_derived_defaults,0.0006381528974276087,3.1907644871383145e-05,0.004736132692995878,0.000236806634649811,0.00020842343045911015,1.0421171522955602e-05,3.0,0.0,0.0536366236524873,0.4000943964617933,0.018335828266545416,,,,,,,,,,,,,,,,
0.06945464336009896,0.01325,0.9865,0.00025,-0.008021627552807331,0.0056756529957056046,0.004863031663990113,0.028249999523783726,0.438950372984012,0.0,0.0,0.0,0.0,0.0,0.0,0.05664666723241113,1.384763240814209,publication,0.6656272411346436,5.409501075744629,0.4542627654789482,0.5101841978802986,200,0.5717737162023658,1.634386503137648,0.04360860935412347,0.45426276547894817,0.5101841987296939,653.9601761054993,mobile,0.02109996221126604,0.021765144820278613,32.69800847549222,32.69800847549222,system,0.0,413,0.5101841987296939,0.04874577428727179,meta_train_support,3,MARGO-SPLIT-v1,20,20,80,3,414,0.0,0.2,20,10,0.0005,0.0005,mrlco_first_order_mean_pseudogradient,fixed_literature_derived_defaults,0.0006366114653082183,3.183057326541089e-05,0.004724692758954825,0.000236234637947752,0.0002079199922212862,1.039599961106391e-05,3.0,0.0,0.05366845422575271,0.40033063109974104,0.01834622426615648,,,,,,,,,,,,,,,,
0.07229063860186283,0.02375,0.9755,0.00075,-0.0030108497012406588,0.11286766827106476,0.006501412981500228,0.028083333295459544,1.0085280368725458,0.0,0.0,0.0,0.0,0.0,0.0,0.08136728696528128,1.4122605323791504,publication,0.6064238548278809,4.928090572357178,0.9269093705276318,1.0440515601959441,200,0.8539431724530158,2.4953587213531137,0.0571707368362695,0.9269093705276321,1.0440515912882984,241.47503091812135,mobile,0.0012441559663360648,0.001253200694566517,12.073751032342486,12.073751032342486,system,0.0,414,1.0440515912882984,0.05069660407772464,meta_train_support,3,MARGO-SPLIT-v1,20,20,80,3,415,0.0,0.2,20,10,0.0005,0.0005,mrlco_first_order_mean_pseudogradient,fixed_literature_derived_defaults,0.0006350774617773551,3.175387308886751e-05,0.004713307957126018,0.00023566539785629947,0.00020741898019183735,1.0370949009592262e-05,3.0,0.0,0.05370020809884158,0.40056629649759734,0.018356595215166072,,,,,,,,,,,,,,,,
0.05859479347160816,0.02125,0.978,0.00075,-0.003388569690287113,0.022137077525258064,0.004237033874960616,0.021083333250135186,0.48050502873957157,0.0,0.0,0.0,0.0,0.0,0.0,0.07720040509351128,1.31381094455719,publication,0.6742923259735107,4.922891616821289,0.44297572633221904,0.498371551160526,200,0.6508424562076014,1.9460373958572745,0.024289459106512368,0.4429757263322191,0.498371546138078,433.40810905456544,mobile,0.0027133149555280405,0.0035961290244924398,21.67040638860112,21.67040638860112,system,0.0,415,0.498371546138078,0.04606409365394983,meta_train_support,3,MARGO-SPLIT-v1,20,20,80,3,416,0.0,0.2,20,10,0.0005,0.0005,mrlco_first_order_mean_pseudogradient,fixed_literature_derived_defaults,0.0006335508332634673,3.1677541663173436e-05,0.004701977889921389,0.00023509889449607746,0.0002069203768740685,1.034601884370226e-05,3.0,0.0,0.05373188564050475,0.4008013953920934,0.018366941234009775,,,,,,,,,,,,,,,,
0.05164865211130717,0.0225,0.97725,0.00025,-0.0018544469494372606,0.07252967357635498,0.005276022286852822,0.021833333574856322,0.6891232493023077,0.0,0.0,0.0,0.0,0.0,0.0,0.08406508217883199,1.3830615282058716,publication,0.6460950374603271,5.076030731201172,0.6050788424794831,0.681670015872005,200,0.8478740527480833,2.8149522421881557,0.04776036849943921,0.6050788424794832,0.6816700409352779,1005.6616607761383,mobile,0.0020019788264327527,0.004486531746493282,50.28308449896587,50.28308449896587,system,0.0,416,0.6816700409352779,0.03802523639125573,meta_train_support,3,MARGO-SPLIT-v1,20,20,80,3,417,0.0,0.2,20,10,0.0005,0.0005,mrlco_first_order_mean_pseudogradient,fixed_literature_derived_defaults,0.0006320315267088786,3.1601576335443804e-05,0.004690702163566661,0.00023453510817833534,0.0002064241649391187,1.0321208246955038e-05,3.0,0.0,0.0537634872168402,0.40103593050027175,0.01837726244225673,,,,,,,,,,,,,,,,
0.05082514271085239,0.03275,0.967,0.00025,-0.0017838712083175778,0.0418487973511219,0.0057635059677219646,0.028166666689018405,0.583171022310853,0.0,0.0,0.0,0.0,0.0,0.0,0.10629591539070644,1.367225170135498,publication,0.6800258159637451,5.43330979347229,0.6923780638157763,0.7799751837445001,200,1.0219905044094915,3.0616433545947075,0.03612024178255524,0.6923780638157762,0.7799751799181104,422.8728793334961,mobile,0.001571337377460169,0.0017967109255708636,21.14364398810252,21.14364398810252,system,0.0,417,0.7799751799181104,0.04203599009637838,meta_train_support,3,MARGO-SPLIT-v1,20,20,80,3,418,0.0,0.2,20,10,0.0005,0.0005,mrlco_first_order_mean_pseudogradient,fixed_literature_derived_defaults,0.0006325626238581692,3.1628131192909525e-05,0.004686567132298658,0.00023432835661491014,0.00020593032722395334,1.0296516361196772e-05,3.0,0.0,0.05379511534803311,0.40127025885688666,0.018387558958617926,,,,,,,,,,,,,,,,
0.04473790263788935,0.04175,0.95675,0.0015,-0.002455631736665964,0.060211632400751114,0.008625589718576522,0.028249999663482107,0.5518208318700393,0.0,0.0,0.0,0.0,0.0,0.0,0.11687972388226144,1.2999742031097412,publication,0.6353588104248047,5.18447732925415,0.6296705951783015,0.7077274639243342,200,0.850109190090276,2.9533991208299994,0.027975022443570197,0.6296705951783015,0.7077274603582918,725.0066613769532,mobile,0.0017270687329804303,0.0019871489611100785,36.25033071107428,36.25033071107428,system,0.0,418,0.7077274603582918,0.03601917539218471,meta_train_support,3,MARGO-SPLIT-v1,20,20,80,3,419,0.0,0.2,20,10,0.0005,0.0005,mrlco_first_order_mean_pseudogradient,fixed_literature_derived_defaults,0.0006310529278585077,3.155264639292249e-05,0.004675382007877898,0.0002337691003939102,0.00020543884672938543,1.027194233646847e-05,3.0,0.0,0.05382666799442603,0.4015040279572806,0.018397830900954395,,,,,,,,,,,,,,,,
0.08618491827305128,0.0545,0.945,0.0005,-0.0030597858130931854,0.07393434643745422,0.0075939225770222645,0.04425000047000746,0.8283287826925516,0.0,0.0,0.0,0.0,0.0,0.0,0.13876172134148124,1.4152789115905762,publication,0.5719575881958008,5.192829847335815,0.7228080777648691,0.8178705968085705,200,1.0514067726922087,3.112802889198065,0.029227414081105962,0.7228080777648691,0.8178705873154104,169.84341758728027,mobile,0.0022478983563874863,0.0040627762705223855,8.492170723022479,8.492170723022479,system,0.0,419,0.8178705873154104,0.06121745880686952,meta_train_support,3,MARGO-SPLIT-v1,20,20,80,3,420,0.0,0.2,20,10,0.0005,0.0005,mrlco_first_order_mean_pseudogradient,fixed_literature_derived_defaults,0.0006295504208874159,3.147752104436935e-05,0.004664250145954379,0.000233212507297742,0.000204949706618125,1.024748533090536e-05,3.0,0.0,0.0538581455154704,0.4017372404645783,0.0184080783862853,,,,,,,,,,,,,,,,
0.052478769672367184,0.0465,0.9535,0.0,0.00070210947887972,0.011925380676984787,0.008724526416820786,0.04358333324392637,0.4773673960318169,0.0,0.0,0.0,0.0,0.0,0.0,0.12483068485461943,1.5493160486221313,publication,0.6729843616485596,5.601815938949585,0.37401763861049814,0.4191841302963803,200,0.5878847073970586,1.773758345283568,0.02460655382310506,0.37401763861049825,0.4191841256991029,371.76806142807004,mobile,0.0027745886457046258,0.0037526374075496616,18.58840518519327,18.58840518519327,system,0.0,420,0.4191841256991029,0.040016310129071184,meta_train_support,3,MARGO-SPLIT-v1,20,20,80,3,421,0.0,0.2,20,10,0.0005,0.0005,mrlco_first_order_mean_pseudogradient,fixed_literature_derived_defaults,0.0006280550517166621,3.140275258583375e-05,0.004653171166985366,0.00023265855834925242,0.0002044628902128563,1.0223144510643212e-05,3.0,0.0,0.05388954826805623,0.40196989902292757,0.018418301530795943,,,,,,,,,,,,,,,,
0.05476405331727034,0.056,0.943,0.001,-0.0019859031308442354,0.020469827577471733,0.00991072724573314,0.05699999981249372,0.6578450349469979,0.0,0.0,0.0,0.0,0.0,0.0,0.13395735535496897,1.5485224723815918,publication,0.6757831573486328,5.24241304397583,0.7209443322381057,0.8112511432974133,200,0.7442573304780542,2.5116292536258698,0.06500296664307825,0.7209443322381057,0.811251146234572,784.0548769283295,mobile,0.0014981636211188277,0.0016827030169128429,39.20274226073068,39.20274226073068,system,0.0,421,0.811251146234572,0.04340799149944302,meta_train_support,3,MARGO-SPLIT-v1,20,20,80,3,422,0.0,0.2,20,10,0.0005,0.0005,mrlco_first_order_mean_pseudogradient,fixed_literature_derived_defaults,0.0006298994469765713,3.149497234882642e-05,0.0046555908221604676,0.00023277954110800803,0.00020397838099434242,1.019891904971773e-05,3.0,0.0,0.05392104324040506,0.4022026785640356,0.01842850044984566,,,,,,,,,,,,,,,,
0.04581486830451621,0.03725,0.96175,0.001,-0.0014247136423364282,0.003009430132806301,0.009041725153413912,0.04058333315576116,0.31322367054720723,0.0,0.0,0.0,0.0,0.0,0.0,0.11297489151873848,1.5357959270477295,publication,0.7206618785858154,5.249366998672485,0.28344022047563283,0.31818821845064577,200,0.35356929667017456,1.2925223733764142,0.03181458229664714,0.28344022047563283,0.3181882084533572,1225.7332431125642,mobile,0.0022410000754918293,0.002758467307133375,61.286661740924735,61.286661740924735,system,0.0,422,0.3181882084533572,0.03711220427244665,meta_train_support,3,MARGO-SPLIT-v1,20,20,80,3,423,0.0,0.2,20,10,0.0005,0.0005,mrlco_first_order_mean_pseudogradient,fixed_literature_derived_defaults,0.000628410322988447,3.14205161494191e-05,0.004644584697285384,0.0002322292348642674,0.00020349616259955673,1.0174808129977814e-05,3.0,0.0,0.05395246375655448,0.40243490779889984,0.01843867525797564,,,,,,,,,,,,,,,,
0.056166010037665914,0.05225,0.94725,0.0005,0.0007178280502557755,0.026070982217788696,0.01344996081897989,0.046916666564842065,0.6522786808510621,0.0,0.0,0.0,0.0,0.0,0.0,0.1302641403286179,1.6100331544876099,publication,0.6540267467498779,4.542510509490967,0.8772411991587916,0.9880464439088974,200,0.8283490105676108,2.4727030657231808,0.04385308515338693,0.8772411991587917,0.9880464416742325,422.9424569892883,mobile,0.000849042885517179,0.0008619888075985586,21.147122867289976,21.147122867289976,system,0.0,423,0.9880464416742325,0.04647645283076753,meta_train_support,3,MARGO-SPLIT-v1,20,20,80,3,424,0.0,0.2,20,10,0.0005,0.0005,mrlco_first_order_mean_pseudogradient,fixed_literature_derived_defaults,0.000626928223170078,3.134641115850462e-05,0.004633630488093673,0.00023168152440466994,0.00020301621881984078,1.0150810940991878e-05,3.0,0.0,0.05398381016771298,0.4026665893233045,0.01844882606891663,,,,,,,,,,,,,,,,
0.06527893360073875,0.04875,0.94925,0.002,-0.0015309355221688747,0.03253854438662529,0.01066720630042255,0.0350833330458651,0.6313817540804545,0.0,0.0,0.0,0.0,0.0,0.0,0.11996786837824218,1.5645272731781006,publication,0.6501827239990234,4.506980657577515,0.6041239392948815,0.6793526718901558,200,0.6735087629815386,2.2957824897021055,0.030025764339370653,0.6041239392948815,0.6793526586331428,593.314393825531,mobile,0.0011808744897480147,0.0013984288434372174,29.66572151179462,29.66572151179462,system,0.0,424,0.6793526586331428,0.04430623082066118,meta_train_support,3,MARGO-SPLIT-v1,20,20,80,3,425,0.0,0.2,20,10,0.0005,0.0005,mrlco_first_order_mean_pseudogradient,fixed_literature_derived_defaults,0.0006254530979390897,3.1272654896954966e-05,0.0046227278281216885,0.00023113639140609488,0.00020253853359908822,1.0126926679954185e-05,3.0,0.0,0.05401508282260994,0.4028977257147106,0.018458952995596585,,,,,,,,,,,,,,,,
0.05491466693112597,0.04225,0.9565,0.00125,-0.0025134950410574675,0.08709287643432617,0.006766236705395083,0.03125000006208817,0.9096880242228508,0.0,0.0,0.0,0.0,0.0,0.0,0.11189296776045791,1.4917471408843994,publication,0.6808371543884277,5.2388832569122314,0.9148551508313861,1.0293565023172926,200,1.093388640873007,3.1999571807682514,0.0332962684967697,0.9148551508313864,1.029356508757919,336.4933468055725,mobile,0.0031773666579768597,0.0036360855221873544,16.824667764378475,16.824667764378475,system,0.0,425,1.029356508757919,0.038922555353856365,meta_train_support,3,MARGO-SPLIT-v1,20,20,80,3,426,0.0,0.2,20,10,0.0005,0.0005,mrlco_first_order_mean_pseudogradient,fixed_literature_derived_defaults,0.0006239848981786692,3.1199244908936e-05,0.004611876354346754,0.00023059381771733944,0.0002020630910319542,1.0103154551598104e-05,3.0,0.0,0.054046282067518873,0.40312831953242795,0.018469056150148183,,,,,,,,,,,,,,,,
0.051906752114025435,0.03275,0.96675,0.0005,0.0003767531889025122,0.1202232614159584,0.004928199097048491,0.02350000023531417,0.7560523206988969,0.0,0.0,0.0,0.0,0.0,0.0,0.09475395561222157,1.4508717060089111,publication,0.6754515171051025,4.622279405593872,0.6461642434899152,0.7256961826431507,200,0.8615419447088657,2.6886601562146097,0.052105715265497565,0.6461642434899152,0.7256961846351624,455.7237679767609,mobile,0.0015318834859469996,0.001919409894186823,22.786187177960013,22.786187177960013,system,0.0,426,0.7256961846351624,0.04357535372554167,meta_train_support,3,MARGO-SPLIT-v1,20,20,80,3,427,0.0,0.2,20,10,0.0005,0.0005,mrlco_first_order_mean_pseudogradient,fixed_literature_derived_defaults,0.0006240213385093193,3.12010669254667e-05,0.004606825623978717,0.00023034128119892028,0.00020158987536209014,1.0079493768105907e-05,3.0,0.0,0.05407748313444434,0.40335866081362687,0.01847913564391629,,,,,,,,,,,,,,,,
0.056413645390124764,0.022,0.97725,0.00075,-0.0014371635625138879,0.002306537237018347,0.004074093105252056,0.016083333315327762,0.33159504905343057,0.0,0.0,0.0,0.0,0.0,0.0,0.08261982819076882,1.440609097480774,publication,0.653527021408081,5.669075965881348,0.25209009354771866,0.28176498719978554,200,0.41579989578973786,1.5048356000334024,0.033504042963613756,0.25209009354771855,0.2817649863474071,518.3636712169647,mobile,0.0012347469129421447,0.0012347469129421447,25.918183316618837,25.918183316618837,system,0.0,427,0.2817649863474071,0.04696795440226031,meta_train_support,3,MARGO-SPLIT-v1,20,20,80,3,428,0.0,0.2,20,10,0.0005,0.0005,mrlco_first_order_mean_pseudogradient,fixed_literature_derived_defaults,0.0006225633447277555,3.1128167236389725e-05,0.004596062012707739,0.0002298031006353618,0.00020111887098040303,1.0055943549018564e-05,3.0,0.0,0.05410861130168073,0.40358846391426223,0.018489191587465308,,,,,,,,,,,,,,,,
0.0418056591021954,0.01675,0.98275,0.0005,-0.001633724314160645,0.0037405588664114475,0.0034787344319435454,0.014333333152656755,0.33359541818499566,0.0,0.0,0.0,0.0,0.0,0.0,0.07535820260633316,1.3911478519439697,publication,0.6791284084320068,5.4769673347473145,0.37375745514333497,0.41957347323761496,200,0.5622870243109634,1.5737880229135044,0.01787593298649881,0.37375745514333486,0.41957346122711897,509.0457726860046,mobile,0.0016239337946545344,0.00245790965247467,25.452288052163514,25.452288052163514,system,0.0,428,0.41957346122711897,0.030488685405597734,meta_train_support,3,MARGO-SPLIT-v1,20,20,80,3,429,0.0,0.2,20,10,0.0005,0.0005,mrlco_first_order_mean_pseudogradient,fixed_literature_derived_defaults,0.0006211121481199985,3.105560740600255e-05,0.004585348581442686,0.00022926742907214415,0.00020065006242333915,1.0032503121166353e-05,3.0,0.0,0.05413966690908673,0.4038177313433344,0.018499224090586474,,,,,,,,,,,,,,,,
0.048264684302577424,0.02325,0.97625,0.0005,0.00038847103132866323,0.012543978169560432,0.0047468759391146404,0.015083333384245631,0.5181144782652458,0.0,0.0,0.0,0.0,0.0,0.0,0.07845375075051789,1.4852780103683472,publication,0.6650137901306152,5.504663467407227,0.5221266867979475,0.5868772788896695,200,0.7804145499583073,2.6346489898860455,0.018519291275879368,0.5221266867979477,0.5868772789556533,527.8418824768066,mobile,0.0011294810923292208,0.0026036026981243123,26.392093447774432,26.392093447774432,system,0.0,429,0.5868772789556533,0.035727020055007816,meta_train_support,3,MARGO-SPLIT-v1,20,20,80,3,430,0.0,0.2,20,10,0.0005,0.0005,mrlco_first_order_mean_pseudogradient,fixed_literature_derived_defaults,0.0006196677012639055,3.0983385063194924e-05,0.004574684980090493,0.00022873424900454742,0.00020018343437119187,1.0009171718561305e-05,3.0,0.0,0.05417065029414993,0.4040464655923389,0.018509233262305035,,,,,,,,,,,,,,,,
0.06488872384230826,0.02,0.979,0.001,-0.001033302047289908,0.007102319970726967,0.011804857490642463,0.021333333244547246,0.46313408749798934,0.0,0.0,0.0,0.0,0.0,0.0,0.07625720594592376,1.4607492685317993,publication,0.6694910526275635,4.788844347000122,0.3973528456844754,0.44702168948384496,200,0.5504485457834863,1.6261930596083403,0.04917737439427583,0.3973528456844754,0.44702169483527543,175.40976835250854,mobile,0.0007916725970660372,0.0018159050078168345,8.770488516326031,8.770488516326031,system,0.0,430,0.44702169483527543,0.047744337775337514,meta_train_support,3,MARGO-SPLIT-v1,20,20,80,3,431,0.0,0.2,20,10,0.0005,0.0005,mrlco_first_order_mean_pseudogradient,fixed_literature_derived_defaults,0.0006182299571774463,3.0911497858873704e-05,0.004564070861807221,0.00022820354309038837,0.0001997189716464327,9.98594858232088e-06,3.0,0.0,0.0542015617920088,0.4042746691354293,0.018519219210887356,,,,,,,,,,,,,,,,
0.04582212909078558,0.01675,0.983,0.00025,-0.0009840886341407895,0.014455664902925491,0.0035805550396617036,0.009916666600232323,0.45077370765308533,0.0,0.0,0.0,0.0,0.0,0.0,0.05716418062640556,1.3733733892440796,publication,0.5942623615264893,4.963282823562622,0.5150025792950729,0.5782413182757893,200,0.6714422503636598,2.3944075470790267,0.027207004401134327,0.5150025792950726,0.5782413387857378,1266.966913175583,mobile,0.009066578264765156,0.009066578264765156,63.34834798354563,63.34834798354563,system,0.0,431,0.5782413387857378,0.034471719629565356,meta_train_support,3,MARGO-SPLIT-v1,20,20,80,3,432,0.0,0.2,20,10,0.0005,0.0005,mrlco_first_order_mean_pseudogradient,fixed_literature_derived_defaults,0.0006167988693136096,3.0839943465678366e-05,0.004553505882960445,0.000227675294148022,0.00019925665921206596,9.962832960602047e-06,3.0,0.0,0.05423240173547448,0.40450234442957733,0.018529182043847958,,,,,,,,,,,,,,,,
0.07495720915257402,0.0155,0.98375,0.00075,-0.003077642759308219,0.021251751109957695,0.0055616838450077925,0.016666666868453223,0.5347205659995478,0.0,0.0,0.0,0.0,0.0,0.0,0.06072243547338775,1.3800932168960571,publication,0.6638624668121338,5.055812358856201,0.6008455685522669,0.6763464250569814,200,0.7337790090769806,2.132695585489273,0.045144749514292926,0.6008455685522669,0.6763464515283704,483.18088311195373,mobile,0.0011947386451927901,0.002177086353904106,24.15904453865171,24.15904453865171,system,0.0,432,0.6763464515283704,0.05804759635686971,meta_train_support,3,MARGO-SPLIT-v1,20,20,80,3,433,0.0,0.2,20,10,0.0005,0.0005,mrlco_first_order_mean_pseudogradient,fixed_literature_derived_defaults,0.0006162002398609438,3.081001199304462e-05,0.004554550397223288,0.00022772751986116502,0.00019879648217000577,9.939824108500667e-06,3.0,0.0,0.054263211747467524,0.4047300719494385,0.01853912186795646,,,,,,,,,,,,,,,,
0.058515307863025015,0.01425,0.98525,0.0005,-0.005775677040219307,0.12693695724010468,0.0028776885697728476,0.01808333348793288,0.8416204941769443,0.0,0.0,0.0,0.0,0.0,0.0,0.054705887028488394,1.4090957641601562,publication,0.5600430965423584,5.292644739151001,0.7848616507573607,0.8830802113172831,200,0.8971949330681446,2.625396861694753,0.055219923378899693,0.7848616507573606,0.8830802287906409,722.2118183135987,mobile,0.0013135078814714698,0.001407460931365452,36.110589986269055,36.110589986269055,system,0.0,433,0.8830802287906409,0.03831340243711409,meta_train_support,3,MARGO-SPLIT-v1,20,20,80,3,434,0.0,0.2,20,10,0.0005,0.0005,mrlco_first_order_mean_pseudogradient,fixed_literature_derived_defaults,0.0006147804236400662,3.0739021182002446e-05,0.004544056041469317,0.00022720280207344512,0.0001983384257594758,9.916921287975167e-06,3.0,0.0,0.054293950768649527,0.40495727475151194,0.018549038789244434,,,,,,,,,,,,,,,,
0.07573830469862408,0.01425,0.9855,0.00025,-0.003280474804341793,0.020422223955392838,0.0029880418500397355,0.012833333325882754,0.6095122138038277,0.0,0.0,0.0,0.0,0.0,0.0,0.05183205312805602,1.4864397048950195,publication,0.6489713191986084,5.343228816986084,0.6076416836960049,0.6833809488860425,200,0.6149111037686817,1.486459114588797,0.054207485052756965,0.6076416836960051,0.68338095581159,239.61962621688843,mobile,0.0030307307851243598,0.0032085198361331436,11.980981961953018,11.980981961953018,system,0.0,434,0.68338095581159,0.06462456648396789,meta_train_support,3,MARGO-SPLIT-v1,20,20,80,3,435,0.0,0.2,20,10,0.0005,0.0005,mrlco_first_order_mean_pseudogradient,fixed_literature_derived_defaults,0.0006134135629469385,3.067067814734731e-05,0.004543021961333218,0.0002271510980666469,0.00019788247535543102,9.894123767770213e-06,3.0,0.0,0.054324621446796874,0.4051844258495786,0.018558932913012204,,,,,,,,,,,,,,,,
0.044203878136650686,0.00525,0.99425,0.0005,-0.002399071352556348,0.018940716981887817,0.0020771689135320537,0.0037499999472250544,0.3858478241910538,0.0,0.0,0.0,0.0,0.0,0.0,0.03367988905051916,1.0037604570388794,publication,0.661470890045166,5.064254999160767,0.5043701803797254,0.5668468472988024,200,0.4998056897832972,1.4282798231579363,0.06104785151546821,0.5043701803797254,0.5668468452803791,1395.9645226287842,mobile,0.002012004624747112,0.005668921401522333,69.79823000846555,69.79823000846555,system,0.0,435,0.5668468452803791,0.03748884682676962,meta_train_support,3,MARGO-SPLIT-v1,20,20,80,3,436,0.0,0.2,20,10,0.0005,0.0005,mrlco_first_order_mean_pseudogradient,fixed_literature_derived_defaults,0.000612006651105317,3.060033255526673e-05,0.004532602186192546,0.00022663010930962235,0.00019742861646700115,9.87143082335079e-06,3.0,0.0,0.05435522177935214,0.4054110559588882,0.018568804343835555,,,,,,,,,,,,,,,,
0.07706283079888908,0.0135,0.9865,0.0,-0.0021923654712736607,0.009802945889532566,0.003370794533596684,0.007416666687155763,0.5145171767721574,0.0,0.0,0.0,0.0,0.0,0.0,0.05573687380592543,1.5491890907287598,publication,0.648651123046875,4.511976957321167,0.6332817308124928,0.7144400228065205,200,0.742545983560218,2.379668690264225,0.042723762104287744,0.6332817308124928,0.7144400328211487,285.68132551193236,mobile,0.0010297011523248394,0.002205674074302637,14.284067515222354,14.284067515222354,system,0.0,436,0.7144400328211487,0.05655536514906268,meta_train_support,3,MARGO-SPLIT-v1,20,20,80,3,437,0.0,0.2,20,10,0.0005,0.0005,mrlco_first_order_mean_pseudogradient,fixed_literature_derived_defaults,0.0006106061782194925,3.0530308910974024e-05,0.004522230098809954,0.00022611150494050714,0.00019697683473595537,9.84884173679812e-06,3.0,0.0,0.054385752088263115,0.4056371674638287,0.018578653185572353,,,,,,,,,,,,,,,,
0.06398976686843838,0.011,0.98825,0.00075,-0.0013048268156126142,0.008429634384810925,0.0018797380054214347,0.006500000009934108,0.4073535993074377,0.0,0.0,0.0,0.0,0.0,0.0,0.048113232296506686,1.60112726688385,publication,0.5949447154998779,5.600490093231201,0.4061758470695795,0.4572141808502784,200,0.7533921849885544,2.0532219540327787,0.04183514876058325,0.40617584706957954,0.4572141856327653,174.62592529296876,mobile,0.0006718116231557856,0.0009714446950741562,8.731296761365629,8.731296761365629,system,0.0,437,0.4572141856327653,0.047102748545605665,meta_train_support,3,MARGO-SPLIT-v1,20,20,80,3,438,0.0,0.2,20,10,0.0005,0.0005,mrlco_first_order_mean_pseudogradient,fixed_literature_derived_defaults,0.000609212100187028,3.046060500935116e-05,0.004511905372556963,0.00022559526862786505,0.00019652711593518834,9.826355796761083e-06,3.0,0.0,0.054416212693272466,0.4058627627324566,0.018588479541369114,,,,,,,,,,,,,,,,
0.07397007494366079,0.01625,0.983,0.00075,-0.0008473952766507864,0.09336087852716446,0.003910384276726594,0.008583333296701311,0.9152808186908563,0.0,0.0,0.0,0.0,0.0,0.0,0.049803280616987584,1.6058143377304077,publication,0.6183910369873047,4.681947708129883,0.8908899102393005,1.004702341723314,200,1.1014535049322691,3.554413976147771,0.04486615356290713,0.8908899102393006,1.0047022851929068,446.0257417011261,mobile,0.0007374363217645028,0.0007374363217645028,22.301288461480212,22.301288461480212,system,0.0,438,1.0047022851929068,0.05582981538577816,meta_train_support,3,MARGO-SPLIT-v1,20,20,80,3,439,0.0,0.2,20,10,0.0005,0.0005,mrlco_first_order_mean_pseudogradient,fixed_literature_derived_defaults,0.0006084977285128745,3.042488642564234e-05,0.004504376647160999,0.00022521883235804285,0.00019607944596722665,9.803972298362551e-06,3.0,0.0,0.05444663757969811,0.4060879815648146,0.018598283513667477,,,,,,,,,,,,,,,,
0.04419748241863279,0.0075,0.99175,0.00075,-0.0024290913715958595,0.05004532262682915,0.0016644915827081757,0.004333333314085999,0.771439792215824,0.0,0.0,0.0,0.0,0.0,0.0,0.03566671472213543,1.6292319297790527,publication,0.55379319190979,5.0376877784729,0.7924938255027735,0.8932082525212297,200,0.9335407006313586,3.1685315808281302,0.03944630204932764,0.7924938255027734,0.8932082687877119,1313.4572701072693,mobile,0.000829028690680836,0.008469485760656328,65.67286267164883,65.67286267164883,system,0.0,439,0.8932082687877119,0.03698625372085844,meta_train_support,3,MARGO-SPLIT-v1,20,20,80,3,440,0.0,0.2,20,10,0.0005,0.0005,mrlco_first_order_mean_pseudogradient,fixed_literature_derived_defaults,0.0006071147791298907,3.035573895649596e-05,0.004494139427508361,0.0002247069713754435,0.00019563381086275567,9.781690543136934e-06,3.0,0.0,0.054476993318654604,0.40631268853619007,0.018608065204210614,,,,,,,,,,,,,,,,
0.05691531643249757,0.0095,0.98975,0.00075,-0.0009479349828325212,0.005397346802055836,0.004651024537209499,0.006333333315948644,0.37229987792670727,0.0,0.0,0.0,0.0,0.0,0.0,0.039928220640778334,1.506962537765503,publication,0.6652851104736328,5.4001994132995605,0.33924870309410865,0.3811199507134734,200,0.6538600156051355,2.241492436733097,0.0422584215993993,0.3392487030941086,0.3811199535802007,220.26216264724732,mobile,0.0009744899843699873,0.001734254648783922,11.013107879401403,11.013107879401403,system,0.0,440,0.3811199535802007,0.04838872485076923,meta_train_support,3,MARGO-SPLIT-v1,20,20,80,3,441,0.0,0.2,20,10,0.0005,0.0005,mrlco_first_order_mean_pseudogradient,fixed_literature_derived_defaults,0.0006057381016261949,3.0286905081312876e-05,0.004483948635155734,0.00022419743175777773,0.00019519019677916667,9.75950983895732e-06,3.0,0.0,0.05450728022373592,0.40653688596794785,0.01861782471404957,,,,,,,,,,,,,,,,
0.05615152982778414,0.0105,0.98925,0.00025,0.0003689606091938913,0.00777933606877923,0.00214714720025313,0.00499999993480742,0.6031772819658121,0.0,0.0,0.0,0.0,0.0,0.0,0.040121135714228276,1.6896519660949707,publication,0.4676671028137207,5.406094551086426,0.6426442815951242,0.7226941352184804,200,0.6891576770347522,1.927015052177012,0.05815801746211946,0.6426442815951241,0.7226941276714206,513.500326385498,mobile,0.00016808117536611214,0.00016808117536611214,25.675016964967384,25.675016964967384,system,0.0,441,0.7226941276714206,0.03894457656960576,meta_train_support,3,MARGO-SPLIT-v1,20,20,80,3,442,0.0,0.2,20,10,0.0005,0.0005,mrlco_first_order_mean_pseudogradient,fixed_literature_derived_defaults,0.0006043676534324704,3.021838267162208e-05,0.004473803954985698,0.00022369019774926002,0.0001947485899991233,9.73742949995568e-06,3.0,0.0,0.05453749860640754,0.4067605761656971,0.018627562143549527,,,,,,,,,,,,,,,,
0.0530205205095549,0.00625,0.99375,0.0,-0.001886339276097715,0.007395334076136351,0.0014696052569272903,0.0039166666101664305,0.4171178730825583,0.0,0.0,0.0,0.0,0.0,0.0,0.035596470752360436,1.592664361000061,publication,0.6641051769256592,5.349398612976074,0.5070299471383727,0.5705236747267008,200,0.5296890124950824,1.382683040574193,0.03917232097592205,0.5070299471383726,0.5705236837826669,1128.6287977981567,mobile,0.0007107725487918438,0.0009813939729952789,56.43143778601585,56.43143778601585,system,0.0,442,0.5705236837826669,0.037288405326329765,meta_train_support,3,MARGO-SPLIT-v1,20,20,80,3,443,0.0,0.2,20,10,0.0005,0.0005,mrlco_first_order_mean_pseudogradient,fixed_literature_derived_defaults,0.000603003392363774,3.0150169618187173e-05,0.004463705074726137,0.00022318525373632436,0.00019430897692914785,9.715448846456948e-06,3.0,0.0,0.054567648776025726,0.40698376141943343,0.018637277592395984,,,,,,,,,,,,,,,,
0.07267080609810694,0.01375,0.986,0.00025,3.5161214327672496e-05,0.024409856647253036,0.0018210874894672695,0.007833333251376947,0.7469907751927772,0.0,0.0,0.0,0.0,0.0,0.0,0.046041781045658745,1.6373740434646606,publication,0.6807756423950195,5.146100759506226,0.8748717490168642,0.9869119715224951,200,1.0524217120012915,3.032424407079816,0.023206826735986397,0.8748717490168643,0.9869120111875236,405.3745673751831,mobile,0.0011692615017571458,0.001584551731920844,20.26872659667745,20.26872659667745,system,0.0,443,0.9869120111875236,0.055348630885393116,meta_train_support,3,MARGO-SPLIT-v1,20,20,80,3,444,0.0,0.2,20,10,0.0005,0.0005,mrlco_first_order_mean_pseudogradient,fixed_literature_derived_defaults,0.000601645276615207,3.008226383076351e-05,0.004453651684918195,0.00022268258424590348,0.00019387134409822634,9.693567204909631e-06,3.0,0.0,0.05459773103985649,0.40720644400367934,0.018646971159600893,,,,,,,,,,,,,,,,
0.05725969986081151,0.00725,0.9925,0.00025,-0.0024414730723947287,0.006572166923433542,0.0017581296689286319,0.004416666630034646,0.5127740234136582,0.0,0.0,0.0,0.0,0.0,0.0,0.035953061269228676,1.6473768949508667,publication,0.670724630355835,4.993083477020264,0.52359558524594,0.589050437245387,200,0.7045768937163124,1.7447772724553943,-0.025289307319326326,0.5235955852459401,0.5890504242479802,389.15351011276243,mobile,0.003459364661022737,0.006720308386531382,19.457675994912492,19.457675994912492,system,0.0,444,0.5890504242479802,0.046895027932643246,meta_train_support,3,MARGO-SPLIT-v1,20,20,80,3,445,0.0,0.2,20,10,0.0005,0.0005,mrlco_first_order_mean_pseudogradient,fixed_literature_derived_defaults,0.0006002932647576447,3.00146632378831e-05,0.004443643478884671,0.00022218217394420758,0.0001934356781564326,9.671783907823361e-06,3.0,0.0,0.05462774570309437,0.40742862617762354,0.018656642943508717,,,,,,,,,,,,,,,,
0.0668437204732628,0.011,0.989,0.0,-0.0016685338923707604,0.009540382772684097,0.0015079820543026775,0.005499999923631549,0.5101717180882891,0.0,0.0,0.0,0.0,0.0,0.0,0.04187819704186738,1.501520037651062,publication,0.6201388835906982,4.665037393569946,0.4781400701393488,0.5381121342874394,200,0.6034545568874996,1.8942815568298101,-0.0075337603921070695,0.4781400701393488,0.5381121404469014,233.75832620620727,mobile,0.002295078589108286,0.004765441600458321,11.687916262133076,11.687916262133076,system,0.0,445,0.5381121404469014,0.04645355991025233,meta_train_support,3,MARGO-SPLIT-v1,20,20,80,3,446,0.0,0.2,20,10,0.0005,0.0005,mrlco_first_order_mean_pseudogradient,fixed_literature_derived_defaults,0.0005989473157335245,2.9947365786674174e-05,0.004433680152698832,0.000221684007634948,0.00019300196587357062,9.650098293678688e-06,3.0,0.0,0.05465769306888105,0.4076503101852585,0.018666293041802395,,,,,,,,,,,,,,,,
0.06498279776314349,0.013,0.98675,0.00025,-0.0018480665748938918,0.1656818985939026,0.0021135519981423084,0.007166666584089399,1.2988839462399482,0.0,0.0,0.0,0.0,0.0,0.0,0.04527684442944276,1.5851494073867798,publication,0.6269006729125977,5.03148341178894,1.0619195693174288,1.1971320549929079,200,0.9899355041429213,2.9437016919255257,0.03938229026971385,1.0619195693174288,1.1971320623718202,347.5173168563843,mobile,0.00034799009544496216,0.002260044452418031,17.375865537537333,17.375865537537333,system,0.0,446,1.1971320623718202,0.053265580740183005,meta_train_support,3,MARGO-SPLIT-v1,20,20,80,3,447,0.0,0.2,20,10,0.0005,0.0005,mrlco_first_order_mean_pseudogradient,fixed_literature_derived_defaults,0.0005976073888526889,2.9880369442632226e-05,0.004423761405153643,0.00022118807025767184,0.00019257019413783556,9.628509706892385e-06,3.0,0.0,0.05468757343832368,0.40787149825551616,0.018675921551509288,,,,,,,,,,,,,,,,
0.053381391209468845,0.00875,0.99125,0.0,-0.001294159097597003,0.044181033968925476,0.0030977864017283233,0.005166666597748796,0.4822875219086805,0.0,0.0,0.0,0.0,0.0,0.0,0.03864396689615763,1.4599595069885254,publication,0.5485196113586426,5.317099094390869,0.37305895230093666,0.4196230686396939,200,0.7457731233204361,2.509197348728776,-0.04857929016361595,0.3730589523009368,0.4196230569668114,515.641138010025,mobile,0.0026143813688545986,0.004571721208990629,25.782059457131957,25.782059457131957,system,0.0,447,0.4196230569668114,0.04237926066840633,meta_train_support,3,MARGO-SPLIT-v1,20,20,80,3,448,0.0,0.2,20,10,0.0005,0.0005,mrlco_first_order_mean_pseudogradient,fixed_literature_derived_defaults,0.0005962734437882856,2.9813672189411833e-05,0.004413886937731426,0.00022069434688659628,0.00019214034995449218,9.607017497723774e-06,3.0,0.0,0.05471738711051309,0.40809219260240276,0.01868552856900701,,,,,,,,,,,,,,,,
0.08323637750793648,0.02375,0.97525,0.001,-0.0008084716973826289,0.0604020319879055,0.005721258651222646,0.012249999850367507,0.9525482904165982,0.0,0.0,0.0,0.0,0.0,0.0,0.06712858530654613,1.5270137786865234,publication,0.6517002582550049,5.132379770278931,0.9658658520326523,1.0867444001049444,200,0.8977469543597948,2.600443121045828,0.048896137392148376,0.9658658520326522,1.0867443711869418,201.14790744781493,mobile,0.00056087418534818,0.00056087418534818,10.05739553060268,10.05739553060268,system,0.0,448,1.0867443711869418,0.055923646431907476,meta_train_support,3,MARGO-SPLIT-v1,20,20,80,3,449,0.0,0.2,20,10,0.0005,0.0005,mrlco_first_order_mean_pseudogradient,fixed_literature_derived_defaults,0.0005949454405727214,2.9747272028639304e-05,0.004404056454573895,0.00022020282272872116,0.00019171242044457127,9.585621022229623e-06,3.0,0.0,0.05474713438254173,0.4083123954251315,0.01869511419002924,,,,,,,,,,,,,,,,
0.05893536526147377,0.01625,0.98275,0.001,-0.0007724066381342709,0.08564857393503189,0.004558581565316898,0.007333333371207118,0.8791535958647728,0.0,0.0,0.0,0.0,0.0,0.0,0.05375447903763924,1.6146763563156128,publication,0.6419939994812012,5.163372039794922,0.734059900940953,0.8243813640959706,200,0.8652385366694618,2.5110224718227983,0.05534051849099342,0.734059900940953,0.8243813650682569,473.7920862197876,mobile,0.0011849170670803657,0.002179755432741841,23.689606497244835,23.689606497244835,system,0.0,449,0.8243813650682569,0.04313826843320692,meta_train_support,3,MARGO-SPLIT-v1,20,20,80,3,450,0.0,0.2,20,10,0.0005,0.0005,mrlco_first_order_mean_pseudogradient,fixed_literature_derived_defaults,0.0005936233395936709,2.9681166979683704e-05,0.00439426966245262,0.00021971348312260774,0.00019128639284358333,9.56431964218088e-06,3.0,0.0,0.054776815549521414,0.4085321089082541,0.018704678509671422,,,,,,,,,,,,,,,,
0.07397378143153965,0.0235,0.976,0.0005,-0.0015010726638138294,0.058894410729408264,0.0074933662955193854,0.01658333297818899,1.011497745414575,0.0,0.0,0.0,0.0,0.0,0.0,0.06672757669459373,1.6626659631729126,publication,0.5968000888824463,3.2011773586273193,1.1213760678296352,1.2642609514435754,200,1.028074154358027,3.4689504224807024,0.05867706175195053,1.1213760678296352,1.2642609489709138,752.3288240814209,mobile,5.965785704410816e-05,5.965785704410816e-05,37.61643816025668,37.61643816025668,system,0.0,450,1.2642609489709138,0.04854320657813039,meta_train_support,3,MARGO-SPLIT-v1,20,20,80,3,451,0.0,0.2,20,10,0.0005,0.0005,mrlco_first_order_mean_pseudogradient,fixed_literature_derived_defaults,0.0005923071015901373,2.961535507950419e-05,0.004384526270739864,0.00021922631353699096,0.00019086225450024944,9.543112725014097e-06,3.0,0.0,0.05480643090460092,0.4087513352217911,0.018714221622396436,-0.10991974987052773,-0.08640621193663979,0.08640621193663979,0.0,0.075,0.05,0.01125,0.975,0.975,0.0,validation/automotive_lexicographic_v1,automotive_lexicographic_v1,a3bd00d5108237acdb706f561212b5d840bac151f48b5250a61c573d9c9ffb6c,16543285.0,0.08640621193663979,1.0
0.058451771450883885,0.011,0.988,0.001,-0.0030781207606196404,0.005034902598708868,0.0032337166902531556,0.011833333239580194,0.39220858179032797,0.0,0.0,0.0,0.0,0.0,0.0,0.055100648882314265,1.6428372859954834,publication,0.6204161643981934,5.540559768676758,0.3698126102491628,0.41399114631577505,200,0.5199335213126874,1.573636371656903,0.041480064301140374,0.36981261024916284,0.41399114651605484,241.9422539615631,mobile,0.0016814265527702573,0.015247433295693951,12.09711302353123,12.09711302353123,system,0.0,451,0.41399114651605484,0.05106941641544905,meta_train_support,3,MARGO-SPLIT-v1,20,20,80,3,452,0.0,0.2,20,10,0.0005,0.0005,mrlco_first_order_mean_pseudogradient,fixed_literature_derived_defaults,0.0005909966876485661,2.9549834382427975e-05,0.004375107447803859,0.00021875537239018916,0.00019043999287524888,9.521999643762047e-06,3.0,0.0,0.054835980738983346,0.40897009059418127,0.018723743622040198,,,,,,,,,,,,,,,,
0.0806418785246253,0.02075,0.9785,0.00075,0.00023163753212429583,0.013149325735867023,0.004200664234425252,0.01641666661016643,0.7098518724863728,0.0,0.0,0.0,0.0,0.0,0.0,0.06182600748611634,1.7810876369476318,publication,0.6019370555877686,4.903809070587158,0.6889000264311866,0.7760564067372616,200,0.8806866317471971,2.225763908587396,0.04340998001862317,0.6889000264311866,0.7760563881322742,114.3368914604187,mobile,0.0006676204854731024,0.001106608213868528,5.716844667086375,5.716844667086375,system,0.0,452,0.7760563881322742,0.05764607570038142,meta_train_support,3,MARGO-SPLIT-v1,20,20,80,3,453,0.0,0.2,20,10,0.0005,0.0005,mrlco_first_order_mean_pseudogradient,fixed_literature_derived_defaults,0.0005896920591990109,2.948460295994909e-05,0.004365449373967647,0.00021827246869837724,0.00019001959553998344,9.500979776998209e-06,3.0,0.0,0.054865465341943295,0.40918836306287965,0.018733244601817196,,,,,,,,,,,,,,,,
0.07057073569449086,0.01475,0.98425,0.001,-0.0009847102919593453,0.037062983959913254,0.0028281702972359807,0.008916666544973851,0.9553554800028603,0.0,0.0,0.0,0.0,0.0,0.0,0.05337789975279701,1.747841715812683,publication,0.5762274265289307,5.101146936416626,0.9325591841579951,1.0518553945717577,200,0.772188656506801,2.657334180548787,0.048265327408444136,0.9325591841579953,1.0518554013036192,1023.2108061981202,mobile,0.00033450827492621983,0.001515004252559584,51.16054055029064,51.16054055029064,system,0.0,453,1.0518554013036192,0.04498879795983586,meta_train_support,3,MARGO-SPLIT-v1,20,20,80,3,454,0.0,0.2,20,10,0.0005,0.0005,mrlco_first_order_mean_pseudogradient,fixed_literature_derived_defaults,0.0005883931780113478,2.94196589005688e-05,0.0043558338467122116,0.00021779169233560047,0.00018960105017535792,9.480052508767378e-06,3.0,0.0,0.054894885000843864,0.40940615475521525,0.018742724654325964,,,,,,,,,,,,,,,,
0.07498365802551468,0.01525,0.98375,0.001,-0.00010765340994112194,0.012155856937170029,0.005814136441525383,0.009416666595886154,0.7558773728708428,0.0,0.0,0.0,0.0,0.0,0.0,0.050783559881470555,1.721919298171997,publication,0.5674793720245361,5.110279321670532,0.7675837026143497,0.8653796527484701,200,0.7176881087696297,1.7045285990461707,0.03435242141949857,0.7675837026143498,0.8653796730563045,400.86875769615176,mobile,0.000961282005820585,0.0013808654471537602,20.043437670761865,20.043437670761865,system,0.0,454,0.8653796730563045,0.05097202117772129,meta_train_support,3,MARGO-SPLIT-v1,20,20,80,3,455,0.0,0.2,20,10,0.0005,0.0005,mrlco_first_order_mean_pseudogradient,fixed_literature_derived_defaults,0.0005871000061915426,2.9355000309580492e-05,0.004346260585510646,0.0002173130292755232,0.00018918434457057692,9.459217228530159e-06,3.0,0.0,0.054924240001153445,0.40962346778449077,0.018752183871554494,,,,,,,,,,,,,,,,
0.06492403385708477,0.0105,0.9885,0.001,-0.0030099789146333933,0.1962338536977768,0.0020612602426145566,0.007083333283662796,1.3339876147607963,0.0,0.0,0.0,0.0,0.0,0.0,0.04798965915698252,1.6783119440078735,publication,0.6484410762786865,4.841503620147705,1.1050472161034464,1.2480242158429247,200,1.133187268338307,3.299399451352656,0.06124012750842667,1.1050472161034461,1.2480242302641273,507.38883640289305,mobile,0.0013974921471615255,0.001957482483095675,25.36944419319853,25.36944419319853,system,0.0,455,1.2480242302641273,0.050212372311103246,meta_train_support,3,MARGO-SPLIT-v1,20,20,80,3,456,0.0,0.2,20,10,0.0005,0.0005,mrlco_first_order_mean_pseudogradient,fixed_literature_derived_defaults,0.0005858125061779647,2.92906253088962e-05,0.00433755601295725,0.00021687780064788553,0.00018876946662195723,9.438473331097041e-06,3.0,0.0,0.05495353062646234,0.40984034558513865,0.01876162234488559,,,,,,,,,,,,,,,,
0.07210587739480565,0.014,0.9855,0.0005,-0.003087832825258374,0.015936849638819695,0.00503684500096521,0.013750000220413009,0.7474510196596383,0.0,0.0,0.0,0.0,0.0,0.0,0.048377426811895004,1.680307388305664,publication,0.6494529247283936,5.301535129547119,0.754493857218381,0.8512437820065588,200,0.7733308957456269,2.0670090848580003,0.04900742415338755,0.7544938572183812,0.8512437672913075,630.8405901432037,mobile,0.001661688840813878,0.00236524341900561,31.542030736169973,31.542030736169973,system,0.0,456,0.8512437672913075,0.04681874479215527,meta_train_support,3,MARGO-SPLIT-v1,20,20,80,3,457,0.0,0.2,20,10,0.0005,0.0005,mrlco_first_order_mean_pseudogradient,fixed_literature_derived_defaults,0.0005845306407377504,2.922653203688702e-05,0.004328064643125834,0.00021640323215627033,0.00018835640433175602,9.41782021658677e-06,3.0,0.0,0.05498275715849923,0.4100567488172949,0.018771040165102178,,,,,,,,,,,,,,,,
0.05880330671363058,0.0115,0.98775,0.00075,-0.002394187031313777,0.045820727944374084,0.002946007928509668,0.009249999808768433,0.6645455146208405,0.0,0.0,0.0,0.0,0.0,0.0,0.04264961138664973,1.5921604633331299,publication,0.6350657939910889,4.612140655517578,0.7327899806052267,0.8245886536207672,200,0.9586300436892792,3.1326951710507274,0.055292724313403596,0.7327899806052265,0.8245886472985149,407.3608996391296,mobile,0.0012734289680374094,0.006507201018548795,20.36804492107938,20.36804492107938,system,0.0,457,0.8245886472985149,0.04718085064238872,meta_train_support,3,MARGO-SPLIT-v1,20,20,80,3,458,0.0,0.2,20,10,0.0005,0.0005,mrlco_first_order_mean_pseudogradient,fixed_literature_derived_defaults,0.0005832543729632138,2.9162718648161057e-05,0.004318614720324249,0.00021593073601622326,0.00018794514580701418,9.397257290350014e-06,3.0,0.0,0.05501191987714739,0.41027267955331115,0.018780437422392528,,,,,,,,,,,,,,,,
0.06425710878793423,0.01425,0.985,0.00075,-0.003261443693190813,0.337240070104599,0.002314853163746496,0.011416666535660624,1.5044175547858079,0.0,0.0,0.0,0.0,0.0,0.0,0.05876453358167564,1.5939500331878662,publication,0.6563489437103271,5.268807888031006,1.3096333685216277,1.4796512355775484,200,1.5487895133733727,4.447369897738099,0.029759696422843263,1.3096333685216277,1.4796512769442052,312.9663931274414,mobile,0.0019124974811918522,0.0022241576642204916,15.648319882838742,15.648319882838742,system,0.0,458,1.4796512769442052,0.04633190686958724,meta_train_support,3,MARGO-SPLIT-v1,20,20,80,3,459,0.0,0.2,20,10,0.0005,0.0005,mrlco_first_order_mean_pseudogradient,fixed_literature_derived_defaults,0.0005819836662683049,2.909918331341771e-05,0.004309205973656876,0.00021546029868285688,0.00018753567925841502,9.376783962920798e-06,3.0,0.0,0.05504101906046081,0.410488139851994,0.01878981420635545,,,,,,,,,,,,,,,,
0.07395106862254489,0.0175,0.98125,0.00125,-0.0016487139509990811,0.06515399366617203,0.002996462374358089,0.010249999972681206,0.8509881789485613,0.0,0.0,0.0,0.0,0.0,0.0,0.0578916432467967,1.5806467533111572,publication,0.659066915512085,5.11081600189209,1.0659364554351123,1.1986473859945546,200,0.8404784174138272,3.1425681998953223,0.017903164960443974,1.0659364554351127,1.1986473646666855,748.0086010265351,mobile,0.00100679651513619,0.0013385898984119792,37.400432182182925,37.400432182182925,system,0.0,459,1.1986473646666855,0.05098059599722104,meta_train_support,3,MARGO-SPLIT-v1,20,20,80,3,460,0.0,0.2,20,10,0.0005,0.0005,mrlco_first_order_mean_pseudogradient,fixed_literature_derived_defaults,0.0005807184843851129,2.9035924219253384e-05,0.004299838134583709,0.00021499190672918944,0.0001871279929991576,9.35639964995752e-06,3.0,0.0,0.05507005498468006,0.4107031317587232,0.018799170606005406,,,,,,,,,,,,,,,,
0.06221792749413078,0.0145,0.9845,0.001,-0.0031676371581852436,0.007673167157918215,0.003284923691050305,0.012750000165154537,0.4421024538576603,0.0,0.0,0.0,0.0,0.0,0.0,0.053751078430092365,1.623486042022705,publication,0.6675617694854736,5.2382495403289795,0.6089128660272614,0.6864877695979521,200,0.5748501863441566,1.5171924531459808,0.029117799465893768,0.6089128660272615,0.6864877829141914,753.5675317001343,mobile,0.0009601965598202134,0.0069946542595096485,37.678378318164775,37.678378318164775,system,0.0,460,0.6864877829141914,0.04595077206389316,meta_train_support,3,MARGO-SPLIT-v1,20,20,80,3,461,0.0,0.2,20,10,0.0005,0.0005,mrlco_first_order_mean_pseudogradient,fixed_literature_derived_defaults,0.0005794587913604163,2.8972939568022715e-05,0.004290510936894807,0.0002145255468447571,0.0001867220754438449,9.336103772190907e-06,3.0,0.0,0.05509902792424808,0.41091765730556795,0.018808506709777597,,,,,,,,,,,,,,,,
0.05898997889074331,0.01875,0.981,0.00025,-0.000698565854690969,0.010132537223398685,0.005899645801806248,0.01424999988327424,0.48122158981859675,0.0,0.0,0.0,0.0,0.0,0.0,0.06160419003103311,1.5306674242019653,publication,0.6439270973205566,5.324281454086304,0.6610162855127458,0.7442745636939071,200,0.8366177830690186,2.627380719408393,0.062308418840984814,0.6610162855127457,0.7442745779827237,423.87743260383604,mobile,0.0006421147343148178,0.0010540499697395684,21.19387094858263,21.19387094858263,system,0.0,461,0.7442745779827237,0.045139955100727394,meta_train_support,3,MARGO-SPLIT-v1,20,20,80,3,462,0.0,0.2,20,10,0.0005,0.0005,mrlco_first_order_mean_pseudogradient,fixed_literature_derived_defaults,0.0005782045515522769,2.891022757761652e-05,0.004281224116685078,0.00021406120583422616,0.00018631791510738635,9.315895755368508e-06,3.0,0.0,0.0551279381518257,0.4111317185114022,0.018817822605532965,,,,,,,,,,,,,,,,
0.03555727638950073,0.01275,0.98675,0.0005,-0.0010674161603674293,0.011010881513357162,0.002076100800574447,0.0075833333035310105,0.4786399493614833,0.0,0.0,0.0,0.0,0.0,0.0,0.05115353930748194,1.6114342212677002,publication,0.6649692058563232,4.466830253601074,0.5331560370076787,0.5981309153324037,200,0.5679219895645538,1.4162633888772689,0.0776151783647947,0.5331560370076787,0.5981308935955166,809.872325592041,mobile,0.0004512135712951617,0.0012196055867959197,40.49361847650782,40.49361847650782,system,0.0,462,0.5981308935955166,0.026836127091141585,meta_train_support,3,MARGO-SPLIT-v1,20,20,80,3,463,0.0,0.2,20,10,0.0005,0.0005,mrlco_first_order_mean_pseudogradient,fixed_literature_derived_defaults,0.000576955729626678,2.88477864813369e-05,0.0042719774123293865,0.00021359887061644933,0.00018591550060391467,9.295775030195713e-06,3.0,0.0,0.055156785938307036,0.4113453173820186,0.01882711838056316,,,,,,,,,,,,,,,,
0.07206035783927944,0.02025,0.9795,0.00025,-0.0026055166963487864,0.01680545136332512,0.004338414103646453,0.01716666671757897,0.6742343466108045,0.0,0.0,0.0,0.0,0.0,0.0,0.07115347781409133,1.6080973148345947,publication,0.6320765018463135,5.301911115646362,0.6341591855779345,0.7135845225854428,200,0.5842107796187928,1.5927385191898793,0.04441385451355018,0.6341591855779345,0.7135845245420933,263.90403488159177,mobile,0.0006524181049504682,0.001356114196469525,13.19520186409655,13.19520186409655,system,0.0,463,0.7135845245420933,0.049448138950631465,meta_train_support,3,MARGO-SPLIT-v1,20,20,80,3,464,0.0,0.2,20,10,0.0005,0.0005,mrlco_first_order_mean_pseudogradient,fixed_literature_derived_defaults,0.0005757122905542067,2.878561452770989e-05,0.004262770564457987,0.00021313852822291146,0.0001855148206457166,9.275741032287177e-06,3.0,0.0,0.055185571552834746,0.41155845591024154,0.01883639412159545,,,,,,,,,,,,,,,,
0.061035184109186014,0.01475,0.98475,0.0005,-0.0017245884519070387,0.04201425984501839,0.002700085369603281,0.007916666660457851,0.6600084758053224,0.0,0.0,0.0,0.0,0.0,0.0,0.05835904822477657,1.571046233177185,publication,0.6260480880737305,5.299188852310181,0.9137209597659646,1.0288572586592637,200,0.9708427508169843,2.602321116719395,0.05926997539791046,0.9137209597659643,1.0288572905771434,688.5871025466919,mobile,0.0005904190465628157,0.0005904190465628157,34.42935453571999,34.42935453571999,system,0.0,464,1.0288572905771434,0.04523182880830035,meta_train_support,3,MARGO-SPLIT-v1,20,20,80,3,465,0.0,0.2,20,10,0.0005,0.0005,mrlco_first_order_mean_pseudogradient,fixed_literature_derived_defaults,0.0005744741996067783,2.872370998033974e-05,0.0042536033159322716,0.0002126801657966193,0.00018511586404217743,9.255793202107843e-06,3.0,0.0,0.055214295262815086,0.41177113607603816,0.018845649914797556,,,,,,,,,,,,,,,,
0.06371979691353459,0.0245,0.97525,0.00025,-0.0013508076081052423,0.11578783392906189,0.0062076652138784985,0.013499999791383744,0.9752340788642565,0.0,0.0,0.0,0.0,0.0,0.0,0.07501372486778268,1.5316967964172363,publication,0.6240966320037842,5.095608949661255,1.108205029650319,1.2464629972821057,200,0.8869731672244037,2.704201176064089,0.04156862321542576,1.108205029650319,1.246462978515774,390.4765513706207,mobile,0.00039457141890924364,0.00039457141890924364,19.523827506126665,19.523827506126665,system,0.0,465,1.246462978515774,0.04534310522595954,meta_train_support,3,MARGO-SPLIT-v1,20,20,80,3,466,0.0,0.2,20,10,0.0005,0.0005,mrlco_first_order_mean_pseudogradient,fixed_literature_derived_defaults,0.0005732414223544032,2.8662071117721566e-05,0.0042444754118208285,0.0002122237705910468,0.00018471861969873927,9.235930984938245e-06,3.0,0.0,0.05524295733393281,0.4119833598466292,0.018854885845782494,,,,,,,,,,,,,,,,
0.05972123265001837,0.01925,0.98,0.00075,-0.0010943964589387178,0.051946643739938736,0.003733324223503587,0.011166666696468989,0.8930830898384254,0.0,0.0,0.0,0.0,0.0,0.0,0.06595931479555332,1.640915870666504,publication,0.5207970142364502,5.165342807769775,1.0409016237959159,1.1715600527296375,200,0.8993890281924988,2.370117205195129,0.03277628545765765,1.0409016237959159,1.1715600505284964,454.68466381073,mobile,0.0008128796318875367,0.004941819645045926,22.73423419188324,22.73423419188324,system,0.0,466,1.1715600505284964,0.045655078267413954,meta_train_support,3,MARGO-SPLIT-v1,20,20,80,3,467,0.0,0.2,20,10,0.0005,0.0005,mrlco_first_order_mean_pseudogradient,fixed_literature_derived_defaults,0.0005737051298698545,2.8685256493493627e-05,0.0042432617712441735,0.00021216308856220056,0.00018432307661587257,9.216153830794716e-06,3.0,0.0,0.0552716425904263,0.4121955229351914,0.01886410199961329,,,,,,,,,,,,,,,,
0.05567350068824147,0.015,0.985,0.0,-0.0017506852746009827,0.007315668743103743,0.004709700437706488,0.008249999924252429,0.39909270666539665,0.0,0.0,0.0,0.0,0.0,0.0,0.05854509385622762,1.7021700143814087,publication,0.6624183654785156,5.377928256988525,0.49546057736894417,0.5564216054666394,200,0.6892499069075286,1.820867070928216,0.048591223428957164,0.4954605773689442,0.556421608813107,234.34091175079345,mobile,0.0005256901777044166,0.0006333509011574055,11.717045272750267,11.717045272750267,system,0.0,467,0.556421608813107,0.045114241235263336,meta_train_support,3,MARGO-SPLIT-v1,20,20,80,3,468,0.0,0.2,20,10,0.0005,0.0005,mrlco_first_order_mean_pseudogradient,fixed_literature_derived_defaults,0.0005724792642077395,2.8623963210384906e-05,0.0042341949725876685,0.00021170974862938507,0.0001839292238880609,9.196461194401623e-06,3.0,0.0,0.055300266553636686,0.4124072326838208,0.01887329846080769,,,,,,,,,,,,,,,,
0.04797910561792547,0.0105,0.98925,0.00025,-0.0008719597244635224,0.005836752243340015,0.002711350559548009,0.005583333239580194,0.345323438073198,0.0,0.0,0.0,0.0,0.0,0.0,0.04441485532388922,1.6950972080230713,publication,0.559359073638916,4.4134650230407715,0.32742546936245104,0.36793643835699186,200,0.4639916426787356,1.5022760746069252,0.008696908611455001,0.32742546936245104,0.3679364373348653,594.5036703491211,mobile,0.0008593805901291999,0.0014935845338267433,29.725186339135398,29.725186339135398,system,0.0,468,0.3679364373348653,0.0358068636996863,meta_train_support,3,MARGO-SPLIT-v1,20,20,80,3,469,0.0,0.2,20,10,0.0005,0.0005,mrlco_first_order_mean_pseudogradient,fixed_literature_derived_defaults,0.0005712586261177443,2.8562931305889383e-05,0.004225166838317759,0.00021125834191587645,0.0001835370507027985,9.176852535139335e-06,3.0,0.0,0.055328829484942575,0.41261849102573667,0.01888247531334283,,,,,,,,,,,,,,,,
0.06904360658021899,0.0175,0.982,0.0005,-0.0001508635759819299,0.03443572670221329,0.004338052065092294,0.010166666625688475,0.739052585636576,0.0,0.0,0.0,0.0,0.0,0.0,0.059848673362486705,1.7901151180267334,publication,0.5575692653656006,5.330500841140747,1.0085591470670878,1.1365028728803737,200,0.9866540224527715,2.5663343714550138,0.0374657780630514,1.0085591470670878,1.1365028965473174,389.9918292427063,mobile,0.0003107588778055873,0.00047747665314970913,19.49959131235693,19.49959131235693,system,0.0,469,1.1365028965473174,0.05526945392613662,meta_train_support,3,MARGO-SPLIT-v1,20,20,80,3,470,0.0,0.2,20,10,0.0005,0.0005,mrlco_first_order_mean_pseudogradient,fixed_literature_derived_defaults,0.0005700431822323875,2.8502159111619407e-05,0.004216177121640487,0.00021080885608204536,0.00018314654633960105,9.157327316981767e-06,3.0,0.0,0.055357331644054195,0.4128292998818187,0.018891632640659812,,,,,,,,,,,,,,,,
0.0634818486255989,0.009,0.991,0.0,-0.0029734200797975063,0.23435206711292267,0.002037158627930088,0.0063333332538604735,1.1954450725267332,0.0,0.0,0.0,0.0,0.0,0.0,0.04404138061743324,1.8044992685317993,publication,0.5613913536071777,5.236034393310547,1.0380640112296318,1.1680190838021371,200,1.3776969021836385,4.725994013249874,0.052772463619476184,1.0380640112296318,1.1680191055499016,820.027522392273,mobile,0.0004987498577594819,0.0018788404225703794,41.00137851614587,41.00137851614587,system,0.0,470,1.1680191055499016,0.051497371414548986,meta_train_support,3,MARGO-SPLIT-v1,20,20,80,3,471,0.0,0.2,20,10,0.0005,0.0005,mrlco_first_order_mean_pseudogradient,fixed_literature_derived_defaults,0.0005688328994675628,2.8441644973377367e-05,0.004207272742101135,0.0002103636371050821,0.00018275770016902866,9.13788500845128e-06,3.0,0.0,0.05538577328902757,0.4130396635189238,0.018900770525668263,,,,,,,,,,,,,,,,
0.07054549153206975,0.01125,0.98875,0.0,-0.003144883783534169,0.07384920120239258,0.0030499440676067025,0.009166666601474086,0.8391720245281855,0.0,0.0,0.0,0.0,0.0,0.0,0.047825282994906376,1.7806987762451172,publication,0.628565788269043,5.541480302810669,0.5633875106353028,0.6324659246199008,200,0.8982830536515388,2.4667042894288898,0.049613305513048545,0.5633875106353028,0.6324659127183259,154.84690918922425,mobile,0.0007503324000807656,0.0009129249177474815,7.742345185243346,7.742345185243346,system,0.0,471,0.6324659127183259,0.05265925995332726,meta_train_support,3,MARGO-SPLIT-v1,20,20,80,3,472,0.0,0.2,20,10,0.0005,0.0005,mrlco_first_order_mean_pseudogradient,fixed_literature_derived_defaults,0.0005676277450195384,2.8381387250975276e-05,0.00419835902866448,0.0002099179514332139,0.0001823705016517214,9.118525082587453e-06,3.0,0.0,0.05541415467627855,0.413249581470357,0.01890988905075085,,,,,,,,,,,,,,,,
0.06467513036352358,0.011,0.989,0.0,-0.000439720693975687,0.009682086296379566,0.002263375202892348,0.006249999953433871,0.49046919594208394,0.0,0.0,0.0,0.0,0.0,0.0,0.041315585910512265,1.6965651512145996,publication,0.6380205154418945,4.68895411491394,0.37675554352913065,0.42243901601368294,200,0.5421316907460897,1.5549170492449775,0.03654364572139457,0.3767555435291307,0.4224390209652483,175.6142008304596,mobile,0.0002116293950508052,0.0003603241544453676,8.780710497365048,8.780710497365048,system,0.0,472,0.4224390209652483,0.04686723758762211,meta_train_support,3,MARGO-SPLIT-v1,20,20,80,3,473,0.0,0.2,20,10,0.0005,0.0005,mrlco_first_order_mean_pseudogradient,fixed_literature_derived_defaults,0.0005664276863619918,2.8321384318102938e-05,0.004189483005348064,0.0002094741502673969,0.00018198494033744715,9.09924701687076e-06,3.0,0.0,0.05544247606059665,0.4134590556206244,0.01891898829776772,,,,,,,,,,,,,,,,
0.056601192162898196,0.008,0.99175,0.00025,-0.00018464446475263685,0.004914069548249245,0.0019122393817269767,0.004583333215365807,0.4796128725012143,0.0,0.0,0.0,0.0,0.0,0.0,0.0318800293519648,1.6609642505645752,publication,0.6630446910858154,5.021224021911621,0.6142516845828861,0.6921234742282831,200,0.7017439751102696,1.9205320999026299,0.03223596966563491,0.6142516845828861,0.6921234626322985,717.3068360519409,mobile,0.00017507619364280744,0.0002865135190808669,35.865340637630396,35.865340637630396,system,0.0,473,0.6921234626322985,0.04113908847471815,meta_train_support,3,MARGO-SPLIT-v1,20,20,80,3,474,0.0,0.2,20,10,0.0005,0.0005,mrlco_first_order_mean_pseudogradient,fixed_literature_derived_defaults,0.0005652326912430846,2.826163456215447e-05,0.004180644433606824,0.00020903222168033864,0.00018160100586416138,9.080050293208686e-06,3.0,0.0,0.055470737695158805,0.41366808784230474,0.01892806834806093,,,,,,,,,,,,,,,,
0.05626933514540955,0.00575,0.99425,0.0,-0.005984477698802948,0.03619517385959625,0.0015632035712163394,0.005333333338300387,0.6902762494981289,0.0,0.0,0.0,0.0,0.0,0.0,0.029949689521632576,1.4465131759643555,publication,0.5706040859222412,5.474197864532471,0.7254440540300015,0.8144109847574146,200,0.813876516494584,2.5723674222826958,0.03367198441992514,0.7254440540300015,0.8144110135361552,474.3068400001526,mobile,0.0008261513074599808,0.0009364099370517534,23.715341374048503,23.715341374048503,system,0.0,474,0.8144110135361552,0.040747149417773534,meta_train_support,3,MARGO-SPLIT-v1,20,20,80,3,475,0.0,0.2,20,10,0.0005,0.0005,mrlco_first_order_mean_pseudogradient,fixed_literature_derived_defaults,0.0005640427276825728,2.820213638413116e-05,0.004171843076904494,0.00020859215384522178,0.00018121868795707894,9.060934397852466e-06,3.0,0.0,0.055498939831542936,0.41387667999614997,0.018937129282458783,,,,,,,,,,,,,,,,
0.06499616129138074,0.00525,0.9945,0.00025,-0.0040021319873631,0.015154441818594933,0.002621578195943168,0.0033333332588275275,0.5568644552181164,0.0,0.0,0.0,0.0,0.0,0.0,0.032616785062929185,1.5471601486206055,publication,0.6175637245178223,4.96708869934082,0.6247828352625302,0.7017303289253323,200,0.6936919411202999,1.9510958888567984,0.09279658662853763,0.6247828352625303,0.7017303412035107,367.30094518661497,mobile,0.0005001699862849499,0.0005001699862849499,18.365047228850727,18.365047228850727,system,0.0,475,0.7017303412035107,0.05029145715521059,meta_train_support,3,MARGO-SPLIT-v1,20,20,80,3,476,0.0,0.2,20,10,0.0005,0.0005,mrlco_first_order_mean_pseudogradient,fixed_literature_derived_defaults,0.000562857763968954,2.814288819844718e-05,0.004163078700692509,0.00020815393503464952,0.00018083797642775735,9.041898821386674e-06,3.0,0.0,0.05552708271974138,0.4140848339311846,0.01894617118128017,,,,,,,,,,,,,,,,
0.06048858488143065,0.007,0.99275,0.00025,-0.002128591062501073,0.018426360562443733,0.001253113903476333,0.004416666661078731,0.554994152362148,0.0,0.0,0.0,0.0,0.0,0.0,0.027894677931329607,1.5010970830917358,publication,0.6608047485351562,5.463714599609375,0.6245459972253711,0.7045169975352837,200,0.8510623473996416,2.703397613891866,0.04601871297927573,0.6245459972253711,0.7045170222595334,290.6161982345581,mobile,0.0006755859664603272,0.0011853393673467972,14.530809354047861,14.530809354047861,system,0.0,476,0.7045170222595334,0.04713691189242314,meta_train_support,3,MARGO-SPLIT-v1,20,20,80,3,477,0.0,0.2,20,10,0.0005,0.0005,mrlco_first_order_mean_pseudogradient,fixed_literature_derived_defaults,0.0005616777686566501,2.8083888432832438e-05,0.004154351072389171,0.00020771755361947974,0.00018045886117319182,9.022943058659832e-06,3.0,0.0,0.055555166608174215,0.4142925514848041,0.01895519412433883,,,,,,,,,,,,,,,,
0.08422579901837286,0.01275,0.987,0.00025,-0.0020478195510804653,0.07276848703622818,0.0011106385040723882,0.006083333321536581,0.9437611853703857,0.0,0.0,0.0,0.0,0.0,0.0,0.0420648588755836,1.5796598196029663,publication,0.6673023700714111,4.886980772018433,0.8624859828478861,0.9703228640784982,200,0.9437532659415009,3.172289900481701,0.048253183835186064,0.8624859828478859,0.9703228231705725,190.24322853088378,mobile,0.0010697147227601094,0.0010697147227601094,9.512161091566316,9.512161091566316,system,0.0,477,0.9703228231705725,0.05832288297473422,meta_train_support,3,MARGO-SPLIT-v1,20,20,80,3,478,0.0,0.2,20,10,0.0005,0.0005,mrlco_first_order_mean_pseudogradient,fixed_literature_derived_defaults,0.0005605027105632261,2.8025135528159106e-05,0.0041495093935280565,0.0002074754696764214,0.00018008133217492153,9.004066608746253e-06,3.0,0.0,0.055583191743702375,0.4145000269544805,0.018964198190947575,,,,,,,,,,,,,,,,
0.049813993930013525,0.007,0.99275,0.00025,-0.002087821252644062,0.005770511459559202,0.000723227331536691,0.0037499999472250544,0.3794001746922731,0.0,0.0,0.0,0.0,0.0,0.0,0.03310774840236436,1.6117899417877197,publication,0.6603667736053467,5.182305097579956,0.5660286388221691,0.6363863365081488,200,0.6733191730744111,1.7475458588451147,0.021734749199822545,0.5660286388221692,0.636386321624741,552.5208794784546,mobile,0.0006166150655838404,0.002283317991129317,27.626042060907864,27.626042060907864,system,0.0,478,0.636386321624741,0.03965115992178318,meta_train_support,3,MARGO-SPLIT-v1,20,20,80,3,479,0.0,0.2,20,10,0.0005,0.0005,mrlco_first_order_mean_pseudogradient,fixed_literature_derived_defaults,0.0005595271083830175,2.7976355419151444e-05,0.004146365297918899,0.0002073182648959504,0.00017970537949814718,8.985268974907867e-06,3.0,0.0,0.055611168099121526,0.41470734521937647,0.018973183459922483,,,,,,,,,,,,,,,,
0.05785192052691614,0.01375,0.9855,0.00075,-0.0005652619292959571,0.007836061529815197,0.005571311176754534,0.01074999994598329,0.5253437307973703,0.0,0.0,0.0,0.0,0.0,0.0,0.04489975460984135,1.582142949104309,publication,0.6411952972412109,4.799030303955078,0.6595036262352119,0.744633775698021,200,0.9310426070345905,2.7744457768276334,0.033368244650773704,0.6595036262352119,0.7446337833814323,248.41766439437868,mobile,0.0003884184711213962,0.0003884184711213962,12.420883575625659,12.420883575625659,system,0.0,479,0.7446337833814323,0.04547249644546197,meta_train_support,3,MARGO-SPLIT-v1,20,20,80,3,480,0.0,0.2,20,10,0.0005,0.0005,mrlco_first_order_mean_pseudogradient,fixed_literature_derived_defaults,0.0005583614269072195,2.791807134536195e-05,0.004137727036881568,0.00020688635184407111,0.00017933099329085937,8.96654966454219e-06,3.0,0.0,0.05563908617046689,0.41491423157122054,0.018982150009587025,,,,,,,,,,,,,,,,
0.05715204605711551,0.00925,0.99075,0.0,-0.0027611772529780865,0.0007556991185992956,0.003260616549232509,0.00883333330663542,0.18470308085282644,0.0,0.0,0.0,0.0,0.0,0.0,0.03581525878523315,0.10861560702323914,publication,0.5939669609069824,3.648432970046997,0.07550384866140476,0.08345568522382336,200,0.02393730682308456,0.1425002996402327,0.049903181272384245,0.07550384866140475,0.08345568576827646,140.920736951828,mobile,0.001390555033157207,0.0017720267567880932,7.046036903769169,7.046036903769169,system,0.0,480,0.08345568576827646,0.046042858736407365,meta_train_support,3,MARGO-SPLIT-v1,20,20,80,3,481,0.0,0.2,20,10,0.0005,0.0005,mrlco_first_order_mean_pseudogradient,fixed_literature_derived_defaults,0.0005572005923398448,2.7860029616993964e-05,0.004129124693769548,0.00020645623468845686,0.00017895816378297815,8.947908189147619e-06,3.0,0.0,0.05566694620008388,0.415120687805909,0.018991097917776173,,,,,,,,,,,,,,,,
0.07175983117687293,0.017,0.98225,0.00075,-0.003956683911383152,0.05088965967297554,0.004327135987841757,0.009416666704540451,0.7521533735096455,0.0,0.0,0.0,0.0,0.0,0.0,0.0632733352441419,1.537881851196289,publication,0.6490013599395752,5.0308837890625,0.9587375476953278,1.080400498870513,200,1.2190652558926545,4.009793592165806,0.05980569071834907,0.958737547695328,1.0804005199670792,427.038255443573,mobile,0.0005968560937368652,0.0005968560937368652,21.35191226696819,21.35191226696819,system,0.0,481,1.0804005199670792,0.05232708208543606,meta_train_support,3,MARGO-SPLIT-v1,20,20,80,3,482,0.0,0.2,20,10,0.0005,0.0005,mrlco_first_order_mean_pseudogradient,fixed_literature_derived_defaults,0.0005560445745134136,2.780222872567073e-05,0.004120558045027287,0.00020602790225138223,0.0001785868812855031,8.929344064274869e-06,3.0,0.0,0.05569474842880955,0.4153267157081604,0.019000027261840448,,,,,,,,,,,,,,,,
0.054340319147189085,0.01375,0.98625,0.0,-0.002327428897842765,0.007425765041261911,0.0029649575049707742,0.008000000085060795,0.44563341798881684,0.0,0.0,0.0,0.0,0.0,0.0,0.049229838016509805,1.5082401037216187,publication,0.6352605819702148,5.054753065109253,0.5600845508306996,0.6301035499006684,200,0.6575527640047375,2.059112533926964,0.04880475206300616,0.5600845508306997,0.6301035479642451,992.0649450111389,mobile,0.004353349460569473,0.0048153335103867274,49.6032486520123,49.6032486520123,system,0.0,482,0.6301035479642451,0.03763770831067975,meta_train_support,3,MARGO-SPLIT-v1,20,20,80,3,483,0.0,0.2,20,10,0.0005,0.0005,mrlco_first_order_mean_pseudogradient,fixed_literature_derived_defaults,0.0005548933435102803,2.774466717551244e-05,0.004112026868950626,0.00020560134344754788,0.0001782171361896739,8.910856809485335e-06,3.0,0.0,0.055722493095985065,0.4155323170516079,0.019008938118649933,,,,,,,,,,,,,,,,
0.048569132510429644,0.0105,0.989,0.0005,-0.004302886314690113,0.06756694614887238,0.0025337356085704714,0.00933333331098159,0.5950390045841535,0.0,0.0,0.0,0.0,0.0,0.0,0.045624448009254095,1.4333796501159668,publication,0.5841405391693115,4.873477458953857,0.6618811245563243,0.7452690815432288,200,0.78615227756985,2.8561375330900773,0.05177240603370592,0.6618811245563243,0.7452690945751965,1256.9651346588134,mobile,0.00037156203686199407,0.0013503547850581418,62.84825644589757,62.84825644589757,system,0.0,483,0.7452690945751965,0.034663327405398625,meta_train_support,3,MARGO-SPLIT-v1,20,20,80,3,484,0.0,0.2,20,10,0.0005,0.0005,mrlco_first_order_mean_pseudogradient,fixed_literature_derived_defaults,0.0005537468696600524,2.768734348300439e-05,0.004103530945667671,0.00020517654728335888,0.00017784891896614153,8.892445948305988e-06,3.0,0.0,0.05575018043946807,0.4157374935988913,0.01901783056459824,,,,,,,,,,,,,,,,
0.03639230979247698,0.0105,0.98925,0.00025,-0.0010911361314356327,0.01599188894033432,0.0030870106843963185,0.01691666675421099,0.3805773121615251,0.0,0.0,0.0,0.0,0.0,0.0,0.04353379903963157,1.1675716638565063,publication,0.6490342617034912,4.572836637496948,0.5104046255704104,0.5743120539058509,200,0.5233764985124797,1.619428523350507,0.0355544357735198,0.5104046255704103,0.5743120460398495,1520.3630562019348,mobile,0.0010893319346778289,0.0037522615125534144,76.0181538757316,76.0181538757316,system,0.0,484,0.5743120460398495,0.030739970494547797,meta_train_support,3,MARGO-SPLIT-v1,20,20,80,3,485,0.0,0.2,20,10,0.0005,0.0005,mrlco_first_order_mean_pseudogradient,fixed_literature_derived_defaults,0.000552605123537042,2.7630256176851276e-05,0.004095070057119903,0.00020475350285598104,0.0001774822201641495,8.874111008208563e-06,3.0,0.0,0.05577781069564492,0.41594224710174726,0.019026704675606448,,,,,,,,,,,,,,,,
0.04480343168823208,0.02,0.98,0.0,-0.00163158995565027,0.011829131282866001,0.004195465507655171,0.018750000093132255,0.4725856216003498,0.0,0.0,0.0,0.0,0.0,0.0,0.06692722401571695,1.4918731451034546,publication,0.658153772354126,5.179064512252808,0.6965030361351562,0.783271856170104,200,0.7205814754690654,2.108329818584025,0.017559392581460997,0.6965030361351562,0.7832718810718506,787.6967999649048,mobile,0.0011350819886216245,0.0013379704151926753,39.384837101519885,39.384837101519885,system,0.0,485,0.7832718810718506,0.033711853473064865,meta_train_support,3,MARGO-SPLIT-v1,20,20,80,3,486,0.0,0.2,20,10,0.0005,0.0005,mrlco_first_order_mean_pseudogradient,fixed_literature_derived_defaults,0.0005514680759577477,2.7573403797886975e-05,0.004086643987043524,0.00020433219935217517,0.0001771170304107253,8.855851520536695e-06,3.0,0.0,0.05580538409944281,0.41614657930109944,0.019035560527126984,,,,,,,,,,,,,,,,
0.0616728475206158,0.04225,0.9575,0.00025,-0.001152734155766666,0.08946960419416428,0.008871691538661252,0.021249999726812043,0.8408444282909233,0.0,0.0,0.0,0.0,0.0,0.0,0.10405784873385375,1.5650385618209839,publication,0.6561672687530518,5.266338348388672,0.9155222031184371,1.0285010821207834,200,0.9523945789497256,3.191726580262184,0.07750623681931756,0.9155222031184372,1.028501107543707,325.6121812820435,mobile,0.0017165297047303624,0.0020450336377388677,16.280608829852117,16.280608829852117,system,0.0,486,1.028501107543707,0.05021619867024598,meta_train_support,3,MARGO-SPLIT-v1,20,20,80,3,487,0.0,0.2,20,10,0.0005,0.0005,mrlco_first_order_mean_pseudogradient,fixed_literature_derived_defaults,0.0005514448382964635,2.757224191482499e-05,0.004084411340439224,0.00020422056702196212,0.00017675334040988193,8.837667020495515e-06,3.0,0.0,0.05583295634135763,0.4163507998681214,0.01904439819414748,,,,,,,,,,,,,,,,
0.05840979501485562,0.04075,0.9585,0.00075,-0.0016374599654227495,0.01926654390990734,0.008562558462532859,0.028916666780908908,0.577379771694541,0.0,0.0,0.0,0.0,0.0,0.0,0.10519827999440964,1.578613042831421,publication,0.575380802154541,5.132028102874756,0.7045968713456148,0.7917576851087506,200,0.7660787444387208,2.271044878521934,0.047919799108058214,0.7045968713456146,0.7917576883919537,286.7544902420044,mobile,0.0009275268865020103,0.0009275268865020103,14.337724854555372,14.337724854555372,system,0.0,487,0.7917576883919537,0.042069390357884456,meta_train_support,3,MARGO-SPLIT-v1,20,20,80,3,488,0.0,0.2,20,10,0.0005,0.0005,mrlco_first_order_mean_pseudogradient,fixed_literature_derived_defaults,0.0005503148283819215,2.7515741419098516e-05,0.004076041645069472,0.00020380208225345697,0.0001763911409418289,8.819557047092669e-06,3.0,0.0,0.05586047208277673,0.41655460195037486,0.019053217751194573,,,,,,,,,,,,,,,,
0.04231964712579199,0.02025,0.97975,0.0,-0.0050730579532682896,0.06548281013965607,0.004418065141847668,0.015916666745518646,0.7217267592748006,0.0,0.0,0.0,0.0,0.0,0.0,0.0713487071766937,1.5880731344223022,publication,0.5686087608337402,4.42652153968811,0.7589945293618823,0.8545606345491978,200,0.835959326567793,2.874443332431838,0.05165629189286847,0.7589945293618823,0.854560646545142,907.093277721405,mobile,0.004728933198216736,0.0049097385485160055,45.354662851623026,45.354662851623026,system,0.0,488,0.854560646545142,0.0337761646477332,meta_train_support,3,MARGO-SPLIT-v1,20,20,80,3,489,0.0,0.2,20,10,0.0005,0.0005,mrlco_first_order_mean_pseudogradient,fixed_literature_derived_defaults,0.0005491894401848215,2.7459472009237762e-05,0.004067706181582622,0.00020338530907915153,0.00017603042286219324,8.801521143110558e-06,3.0,0.0,0.05588793155478597,0.416757987259454,0.019062019272337683,,,,,,,,,,,,,,,,
0.07099425706265412,0.039,0.96075,0.00025,-0.0015482378657907248,0.007252002600580454,0.015583045842746895,0.04683333269009988,0.44169837286074953,0.0,0.0,0.0,0.0,0.0,0.0,0.10705887747487176,1.6111037731170654,publication,0.662114143371582,5.246228933334351,0.6666854062050124,0.7516750076313837,200,0.7126148255325875,1.7927394760772586,0.03169964504195377,0.6666854062050124,0.7516749978251756,488.67208002090456,mobile,0.004885357985259007,0.00514530582773548,24.433604550286635,24.433604550286635,system,0.0,489,0.7516749978251756,0.05134885436891686,meta_train_support,3,MARGO-SPLIT-v1,20,20,80,3,490,0.0,0.2,20,10,0.0005,0.0005,mrlco_first_order_mean_pseudogradient,fixed_literature_derived_defaults,0.0005480686454089341,2.7403432270443895e-05,0.004061585064456155,0.0002030792532228265,0.00017567117710125,8.783558855061241e-06,3.0,0.0,0.05591533498705641,0.41696106651267684,0.019070802831192744,,,,,,,,,,,,,,,,
0.047354857122575325,0.0255,0.97425,0.00025,-0.0020730162505060434,0.0027122932951897383,0.005469805841615501,0.0202499997181197,0.2809748001396656,0.0,0.0,0.0,0.0,0.0,0.0,0.08611735698243746,1.0994511842727661,publication,0.6814992427825928,4.300134658813477,0.2268509911654848,0.2538435362808377,200,0.24078892238163047,0.7812558452133089,0.04873385780956596,0.2268509911654848,0.2538435404747725,609.0218085670472,mobile,0.0020989470365614074,0.012124030404178098,30.451091153948266,30.451091153948266,system,0.0,490,0.2538435404747725,0.03980753966452258,meta_train_support,3,MARGO-SPLIT-v1,20,20,80,3,491,0.0,0.2,20,10,0.0005,0.0005,mrlco_first_order_mean_pseudogradient,fixed_literature_derived_defaults,0.0005469524159885493,2.7347620799429706e-05,0.004053312997115105,0.00020266564985577107,0.0001753133946631619,8.765669733158676e-06,3.0,0.0,0.05594268260785584,0.4171637321625326,0.019079568500925903,,,,,,,,,,,,,,,,
0.06751242720289055,0.048,0.95125,0.00075,2.5241440653189784e-06,0.04249332845211029,0.013734135755415386,0.04216666620535155,0.8140891281267006,0.0,0.0,0.0,0.0,0.0,0.0,0.11391329240016575,1.5482574701309204,publication,0.5891447067260742,3.326164722442627,0.9235758938224182,1.0403931195022595,200,0.8866220628875067,2.176723756827414,0.03094464191235602,0.9235758938224181,1.0403931017871946,542.9501701927185,mobile,0.0009985296211532948,0.0011240693273662319,27.147510084501835,27.147510084501835,system,0.0,491,1.0403931017871946,0.048821569678788895,meta_train_support,3,MARGO-SPLIT-v1,20,20,80,3,492,0.0,0.2,20,10,0.0005,0.0005,mrlco_first_order_mean_pseudogradient,fixed_literature_derived_defaults,0.0005461821958993658,2.7309109794967923e-05,0.004049248102984896,0.00020246240514926184,0.00017495706662522866,8.747853331259742e-06,3.0,0.0,0.05596999171765081,0.41736619456768187,0.019088316354257163,,,,,,,,,,,,,,,,
0.05789850903967594,0.03275,0.967,0.00025,0.0015389429172500968,0.01915716752409935,0.005641579166209946,0.02408333340038856,0.7313540923098724,0.0,0.0,0.0,0.0,0.0,0.0,0.09009974341021168,1.6159911155700684,publication,0.506401538848877,4.981090545654297,0.6396073850074926,0.7207783379179454,200,0.8159830536762813,2.405779556836933,0.0498727780795889,0.6396073850074925,0.7207783411070704,491.19862253189086,mobile,0.0017625694096321013,0.0023300183683841545,24.559929522629478,24.559929522629478,system,0.0,492,0.7207783411070704,0.04389890901576969,meta_train_support,3,MARGO-SPLIT-v1,20,20,80,3,493,0.0,0.2,20,10,0.0005,0.0005,mrlco_first_order_mean_pseudogradient,fixed_literature_derived_defaults,0.0005450743212626532,2.7253716063130318e-05,0.0040410346179889835,0.00020205173089943296,0.00017460218413714503,8.730109206857295e-06,3.0,0.0,0.05599724543371394,0.4175682462985813,0.01909704646346402,,,,,,,,,,,,,,,,
0.06972749066429688,0.045,0.9545,0.0005,0.003906447906047106,0.055271875113248825,0.004818984283095537,0.032583333536361656,1.0605468980967998,0.0,0.0,0.0,0.0,0.0,0.0,0.10280134938938695,1.5538175106048584,publication,0.5954537391662598,4.602168798446655,1.1204858401110107,1.2625993377659324,200,1.0173391662282407,3.1714460442308336,0.06569419740844751,1.120485840111011,1.2625993768870831,408.85621004104615,mobile,0.0007959459209428699,0.0009166949472776886,20.442809843602205,20.442809843602205,system,0.0,493,1.2625993768870831,0.04738426731757185,meta_train_support,3,MARGO-SPLIT-v1,20,20,80,3,494,0.0,0.2,20,10,0.0005,0.0005,mrlco_first_order_mean_pseudogradient,fixed_literature_derived_defaults,0.0005439709319483563,2.7198546597419215e-05,0.004032854385968763,0.000201642719298456,0.0001742487384202682,8.712436921014255e-06,3.0,0.0,0.05602444398031136,0.41776988901787976,0.019105758900385034,,,,,,,,,,,,,,,,
0.0786548097570132,0.03725,0.9625,0.00025,-0.002634749049320817,0.01898476667702198,0.009423824727127795,0.03366666656608383,0.8337584940095744,0.0,0.0,0.0,0.0,0.0,0.0,0.10170063012239601,1.5864989757537842,publication,0.6645705699920654,5.004321336746216,0.861419365298024,0.9704855466481785,200,0.6945397229193817,2.0492140385322273,0.08796115769655444,0.8614193652980241,0.9704855436459183,606.7980250549316,mobile,0.0061881849424146205,0.0062017235950294,30.33990202749915,30.33990202749915,system,0.0,494,0.9704855436459183,0.059568901286035716,meta_train_support,3,MARGO-SPLIT-v1,20,20,80,3,495,0.0,0.2,20,10,0.0005,0.0005,mrlco_first_order_mean_pseudogradient,fixed_literature_derived_defaults,0.0005428720007727031,2.714360003863714e-05,0.0040247072053910486,0.00020123536026955824,0.00017389672076689394,8.694836038346254e-06,3.0,0.0,0.05605158758035,0.4179711243781493,0.01911445373642338,,,,,,,,,,,,,,,,
0.04283394753029225,0.0245,0.97475,0.00075,-0.0007276166579686105,0.030513962730765343,0.004116550557470571,0.014416666561737656,0.5183019826809565,0.0,0.0,0.0,0.0,0.0,0.0,0.066134043058256,1.220196008682251,publication,0.567511796951294,4.830646276473999,0.6008587352891464,0.6747552718066072,200,0.7637953239918267,2.3842796275857836,0.04022128017095383,0.6008587352891465,0.6747552717290819,832.0617051696777,mobile,0.001692870842058897,0.002247352428373669,41.60308692668511,41.60308692668511,system,0.0,495,0.6747552717290819,0.03257379558987897,meta_train_support,3,MARGO-SPLIT-v1,20,20,80,3,496,0.0,0.2,20,10,0.0005,0.0005,mrlco_first_order_mean_pseudogradient,fixed_literature_derived_defaults,0.0005417775007711452,2.7088875038557003e-05,0.004017404174653064,0.00020087020873266193,0.00017354612253954132,8.677306126976536e-06,3.0,0.0,0.056078676455388554,0.418171994586882,0.019123131042550357,,,,,,,,,,,,,,,,
0.05206170734945518,0.01725,0.98275,0.0,-0.003354005515575409,0.021007539704442024,0.006191120751418565,0.026083333526427544,0.640770282347997,0.0,0.0,0.0,0.0,0.0,0.0,0.06608546073142063,1.598012089729309,publication,0.6369025707244873,5.198103904724121,0.8082706796509904,0.9097631987165369,200,0.6586834257533001,2.0094732609577477,0.11936160858022049,0.8082706796509905,0.9097631951794029,953.174642868042,mobile,0.0009139469874794917,0.0015040520327484722,47.658728617925036,47.658728617925036,system,0.0,496,0.9097631951794029,0.039221713590069235,meta_train_support,3,MARGO-SPLIT-v1,20,20,80,3,497,0.0,0.2,20,10,0.0005,0.0005,mrlco_first_order_mean_pseudogradient,fixed_literature_derived_defaults,0.000540687405196153,2.703437025981109e-05,0.004009320866454567,0.00020046604332274454,0.00017319693517024647,8.659846758511669e-06,3.0,0.0,0.056105710825648365,0.4183724606302047,0.01913179088930887,,,,,,,,,,,,,,,,
0.06817932440893561,0.0245,0.975,0.0005,-0.003803195198997855,0.012230603955686092,0.007858958918200187,0.0302499995722125,0.6098590411245822,0.0,0.0,0.0,0.0,0.0,0.0,0.07733911012402697,1.627790927886963,publication,0.6187965869903564,5.143920421600342,0.8719477707607141,0.9822202976404515,200,0.7079104363394131,2.264949512667954,0.052419256360735744,0.8719477707607142,0.9822203115932644,499.1035494995117,mobile,0.003581711853612047,0.011614110975436392,24.955177216711135,24.955177216711135,system,0.0,497,0.9822203115932644,0.05143542613722771,meta_train_support,3,MARGO-SPLIT-v1,20,20,80,3,498,0.0,0.2,20,10,0.0005,0.0005,mrlco_first_order_mean_pseudogradient,fixed_literature_derived_defaults,0.0005396016875150361,2.6980084375752278e-05,0.004002407626605908,0.000200120381330271,0.00017284915015986445,8.642457507992973e-06,3.0,0.0,0.05613269091002412,0.418572581011535,0.019140433346816862,,,,,,,,,,,,,,,,
0.04765831745072703,0.0145,0.98475,0.00075,-0.0014447731664404273,0.004009644966572523,0.0028257701963108656,0.012249999865889549,0.3295316190769276,0.0,0.0,0.0,0.0,0.0,0.0,0.05537823896183573,1.566016435623169,publication,0.5846755504608154,4.711371660232544,0.3535589134119315,0.3964238927589031,200,0.45660364512920554,1.4538459433242679,0.0515941206831485,0.3535589134119316,0.39642390720546244,774.1318532943726,mobile,0.0031177043300336777,0.003469822892084959,38.7065931768157,38.7065931768157,system,0.0,498,0.39642390720546244,0.03635675671764488,meta_train_support,3,MARGO-SPLIT-v1,20,20,80,3,499,0.0,0.2,20,10,0.0005,0.0005,mrlco_first_order_mean_pseudogradient,fixed_literature_derived_defaults,0.0005385203214077916,2.692601607039158e-05,0.003994386769638762,0.00019971933848195178,0.00017250275907737975,8.625137953868767e-06,3.0,0.0,0.05615961692609451,0.41877230035001695,0.01914905848477073,,,,,,,,,,,,,,,,
0.06671478670518959,0.0175,0.9825,0.0,-0.005430297460407019,0.006409982219338417,0.004934243382498001,0.02674999992984036,0.44056388561924287,0.0,0.0,0.0,0.0,0.0,0.0,0.0608461149710727,1.6203502416610718,publication,0.4782569408416748,5.183633089065552,0.5833035767763124,0.6559914145859784,200,0.767767312106427,2.0504628885537386,0.021214011183474213,0.5833035767763126,0.6559914251975715,447.4825167369843,mobile,0.004272327541761092,0.00519547236289193,22.374125411122158,22.374125411122158,system,0.0,499,0.6559914251975715,0.048410072203746816,meta_train_support,3,MARGO-SPLIT-v1,20,20,80,3,500,0.0,0.2,20,10,0.0005,0.0005,mrlco_first_order_mean_pseudogradient,fixed_literature_derived_defaults,0.000537443280764976,2.6872164038245494e-05,0.003986397996099484,0.00019931989980498388,0.000172157753559225,8.607887677959669e-06,3.0,0.0,0.056186489090132755,0.41897162024982193,0.01915766637244869,,,,,,,,,,,,,,,,
